{"type": "FeatureCollection", "features": [{"type": "Feature", "properties": {"slug": "aarhus", "name": "Aarhus", "osmType": "relation", "osmId": 1784663, "source": "OpenStreetMap via Nominatim", "licence": "ODbL 1.0", "simplifiedDegrees": 0.001}, "geometry": {"type": "MultiPolygon", "coordinates": [[[[9.9485638, 56.1444462], [9.95515, 56.1406498], [9.9580893, 56.1303048], [9.9739245, 56.1279014], [9.9737087, 56.1246422], [9.9775021, 56.120977], [9.9746407, 56.1155811], [9.981852, 56.1132299], [9.9798239, 56.1111453], [9.9854257, 56.1079963], [9.992266, 56.1093909], [9.9955317, 56.1114776], [9.9962841, 56.1138297], [10.0003091, 56.1136616], [10.0083239, 56.1124244], [10.0097003, 56.1080707], [10.0188182, 56.1055796], [10.0193464, 56.101218], [10.0239756, 56.1041544], [10.0422419, 56.1043012], [10.0498193, 56.0980565], [10.0494064, 56.0967998], [10.051641, 56.0965055], [10.0504518, 56.0955718], [10.0601719, 56.0899192], [10.0597613, 56.0864437], [10.064778, 56.0842023], [10.0719369, 56.0838544], [10.0751449, 56.0815231], [10.0745867, 56.0790492], [10.0762575, 56.0772347], [10.0835375, 56.0761157], [10.0927836, 56.0707828], [10.089564, 56.064056], [10.0847712, 56.0646064], [10.0831477, 56.0585413], [10.0793235, 56.0589206], [10.079729, 56.0576767], [10.0744976, 56.055704], [10.0708999, 56.0471124], [10.0568404, 56.0454995], [10.0480344, 56.0426102], [10.0508179, 56.0397749], [10.050901, 56.0363245], [10.0589055, 56.0319038], [10.0572214, 56.0310487], [10.0585587, 56.0264452], [10.0547963, 56.021519], [10.047766, 56.0164173], [10.0479474, 56.0125724], [10.0288476, 56.009644], [10.0308686, 56.0003041], [10.0391716, 55.9996079], [10.040744, 55.9966109], [10.0444433, 55.9974299], [10.0522041, 55.9957319], [10.0642662, 56.0007219], [10.0920882, 56.004419], [10.0911037, 56.0061524], [10.0926034, 56.0092979], [10.0989101, 56.0119646], [10.1012322, 56.0078233], [10.1034426, 56.0078343], [10.1037034, 56.0100779], [10.1096312, 56.0097804], [10.1090149, 56.0064947], [10.113829, 56.0045934], [10.1271148, 56.003276], [10.1346124, 56.0043491], [10.1394751, 56.0016748], [10.145253, 56.0090646], [10.1458674, 56.0120401], [10.1507352, 56.0141322], [10.1491162, 56.0161544], [10.1505976, 56.0192986], [10.1560407, 56.0172639], [10.1575723, 56.0183548], [10.1554944, 56.0207719], [10.1560629, 56.0221981], [10.1626592, 56.015817], [10.1644631, 56.0162003], [10.1649401, 56.01933], [10.1743644, 56.0182416], [10.1820882, 56.0194455], [10.1826171, 56.0178232], [10.1906192, 56.0186683], [10.1927675, 56.0150664], [10.1945025, 56.0159057], [10.1931838, 56.019092], [10.1954545, 56.0184987], [10.1959049, 56.0137655], [10.1920994, 56.0105945], [10.1953471, 56.0060458], [10.1977403, 56.0059292], [10.2017198, 56.0065687], [10.2062394, 56.0105074], [10.2176273, 56.0117255], [10.2232492, 56.0107733], [10.2270781, 56.0122278], [10.2449876, 56.0247114], [10.2550439, 56.0264344], [10.2565972, 56.0212319], [10.2612036, 56.0224736], [10.2625203, 56.0243152], [10.266743, 56.0239913], [10.2680626, 56.0247073], [10.2666177, 56.0283077], [10.2707902, 56.0386658], [10.2712199, 56.0477385], [10.2604943, 56.0597688], [10.2579495, 56.0679553], [10.253559, 56.0744387], [10.2530889, 56.0810464], [10.2494508, 56.0836734], [10.2485353, 56.093116], [10.2392612, 56.1005013], [10.2361453, 56.1091744], [10.2298015, 56.1150453], [10.2277632, 56.1199779], [10.2159427, 56.1264001], [10.2093954, 56.135682], [10.2151897, 56.1375998], [10.2127008, 56.1374463], [10.2136665, 56.1391931], [10.2191725, 56.1391839], [10.2154301, 56.1373292], [10.2218505, 56.1398653], [10.2271975, 56.139258], [10.2549325, 56.1502528], [10.2567297, 56.1539558], [10.254533, 56.1516723], [10.2529183, 56.1520712], [10.2535419, 56.1531969], [10.2501116, 56.1518151], [10.2509201, 56.1535039], [10.2464643, 56.158064], [10.2449686, 56.1584518], [10.2460332, 56.1575446], [10.230993, 56.1490245], [10.2319547, 56.1465732], [10.2193325, 56.1416363], [10.2180954, 56.1422413], [10.2232059, 56.1463991], [10.2219173, 56.1470617], [10.2242251, 56.1502219], [10.2270831, 56.1496055], [10.2362805, 56.1553772], [10.2316489, 56.1586031], [10.2322149, 56.1594653], [10.2321833, 56.160194], [10.2313149, 56.1611138], [10.2316074, 56.1588039], [10.2259891, 56.1553496], [10.2279914, 56.1576729], [10.2263874, 56.1579789], [10.2138407, 56.1454722], [10.2163541, 56.1482123], [10.2138011, 56.1488627], [10.220581, 56.1527343], [10.2182123, 56.1524084], [10.2213214, 56.154916], [10.2227922, 56.1565156], [10.2216519, 56.1554597], [10.2220522, 56.1566348], [10.2201135, 56.1569507], [10.2147093, 56.1520477], [10.2157284, 56.153053], [10.2134069, 56.1543814], [10.2139091, 56.1583003], [10.2170578, 56.1633374], [10.2227406, 56.1671137], [10.2229944, 56.1693744], [10.224587, 56.1693047], [10.223048, 56.1697379], [10.2319256, 56.1759092], [10.2321708, 56.177861], [10.243407, 56.1874217], [10.2610872, 56.195426], [10.2807625, 56.2000395], [10.2852228, 56.2059924], [10.2910993, 56.2080158], [10.2930151, 56.2092118], [10.2875604, 56.2073763], [10.2863922, 56.2090142], [10.2894392, 56.2116594], [10.2916737, 56.2113178], [10.2920356, 56.2146114], [10.305208, 56.2254533], [10.3152162, 56.2289204], [10.3285646, 56.2308814], [10.3376335, 56.2350402], [10.3414884, 56.2418462], [10.3423931, 56.2419503], [10.343597, 56.2423604], [10.3440249, 56.2426902], [10.3442236, 56.2431341], [10.3393145, 56.2416421], [10.3385662, 56.2459954], [10.3428061, 56.2438062], [10.3434925, 56.2430144], [10.3433638, 56.2455183], [10.347593, 56.2461445], [10.3428731, 56.2484], [10.3427597, 56.2496421], [10.3481043, 56.2463255], [10.3529474, 56.2478633], [10.3463191, 56.2522069], [10.3480612, 56.2517133], [10.3470377, 56.2567351], [10.343953, 56.2603048], [10.3456602, 56.2627949], [10.3618075, 56.271995], [10.3759243, 56.2697915], [10.3890629, 56.2784285], [10.3820451, 56.285731], [10.3830033, 56.2838346], [10.3814273, 56.2856022], [10.368042, 56.2875516], [10.3344088, 56.2868957], [10.32992, 56.2912821], [10.3275908, 56.2906434], [10.3170593, 56.2934844], [10.317192, 56.2973589], [10.3068122, 56.2956498], [10.3040496, 56.2927919], [10.295912, 56.2908173], [10.2830624, 56.2894418], [10.2790362, 56.2843748], [10.2699515, 56.2810515], [10.2605523, 56.2800344], [10.2594357, 56.2848847], [10.2658592, 56.2908229], [10.266767, 56.2973141], [10.2705344, 56.2997239], [10.2687005, 56.3016142], [10.269898, 56.3045324], [10.2720231, 56.3052752], [10.2762537, 56.315629], [10.2668271, 56.317015], [10.261879, 56.3148338], [10.2569966, 56.3150326], [10.2342297, 56.3183692], [10.2339115, 56.3202895], [10.228564, 56.322957], [10.2273513, 56.3264117], [10.2233674, 56.3258168], [10.2213518, 56.3293368], [10.2186884, 56.3304745], [10.1933381, 56.3233347], [10.192168, 56.320645], [10.1879937, 56.3184549], [10.1916065, 56.3139472], [10.1883508, 56.3117011], [10.1885782, 56.3100838], [10.1762086, 56.3047209], [10.1755182, 56.3025462], [10.1677602, 56.2984456], [10.1660561, 56.2982004], [10.1622863, 56.3015782], [10.1644414, 56.3044946], [10.1499546, 56.3087761], [10.1323433, 56.3055089], [10.1291338, 56.2974124], [10.1273314, 56.2962892], [10.1280865, 56.2912209], [10.1253299, 56.2804994], [10.1297694, 56.2788444], [10.1353686, 56.26802], [10.1325256, 56.2618824], [10.1266609, 56.2623795], [10.1240327, 56.2491126], [10.127052, 56.2458604], [10.1243393, 56.2398621], [10.1247384, 56.2374618], [10.1229726, 56.2365816], [10.1247332, 56.2351177], [10.1220588, 56.2291193], [10.1224957, 56.2246542], [10.1286251, 56.2210855], [10.1165183, 56.2159678], [10.1080716, 56.2173892], [10.1040024, 56.2204092], [10.0998826, 56.2194057], [10.0835008, 56.2228706], [10.0778458, 56.2256334], [10.0774539, 56.2283527], [10.0726805, 56.2277055], [10.0736331, 56.2245316], [10.0711318, 56.223236], [10.0688494, 56.2244256], [10.0691911, 56.2258633], [10.0664222, 56.2261771], [10.0464328, 56.2246858], [10.0430269, 56.2299425], [10.0283676, 56.2317966], [10.0299723, 56.2248934], [10.0338623, 56.2225292], [10.0336817, 56.2223315], [10.030575, 56.2215343], [10.0283175, 56.2217976], [10.0330269, 56.222795], [10.0223825, 56.2230808], [10.0026463, 56.2167545], [10.002889, 56.2146942], [9.9972241, 56.215459], [9.9962208, 56.2141526], [9.9999805, 56.2074245], [9.9909139, 56.2055667], [9.9920882, 56.2038562], [9.9884139, 56.2034522], [9.9892332, 56.1999014], [9.9874218, 56.1973814], [9.9879714, 56.1956737], [9.9824029, 56.1940983], [9.9865345, 56.1895559], [9.9934052, 56.1858971], [9.9940529, 56.1846628], [9.9888124, 56.1833933], [9.9905239, 56.1805714], [9.9926177, 56.1813465], [9.9968422, 56.1787172], [9.9849013, 56.178838], [9.9823664, 56.1782377], [9.9806919, 56.174837], [9.9734721, 56.1759628], [9.9642767, 56.1727718], [9.9598765, 56.1728234], [9.9594002, 56.1713805], [9.9662815, 56.1687459], [9.9650541, 56.1675156], [9.9678804, 56.1664126], [9.9745038, 56.1594242], [9.9725462, 56.152584], [9.9703676, 56.1510928], [9.9643897, 56.1520379], [9.9485638, 56.1444462]]], [[[10.2141068, 56.1582162], [10.2165511, 56.1578617], [10.2164498, 56.1602076], [10.2180661, 56.1610745], [10.2218876, 56.1592986], [10.2216632, 56.1603674], [10.2260622, 56.1614462], [10.2222433, 56.1633366], [10.2242169, 56.1644197], [10.229138, 56.1617008], [10.2266842, 56.1645504], [10.2300619, 56.1641361], [10.2260166, 56.1653979], [10.2293685, 56.1671973], [10.2256978, 56.1696344], [10.2236235, 56.1673556], [10.2244438, 56.1664703], [10.216841, 56.1628045], [10.2141068, 56.1582162]]], [[[10.2150919, 56.1387845], [10.2162321, 56.1382771], [10.2162096, 56.1386691], [10.2150919, 56.1387845]]], [[[10.216932, 56.1582601], [10.2185168, 56.1575605], [10.2202951, 56.1582915], [10.2174211, 56.1596705], [10.216932, 56.1582601]]], [[[10.2229584, 56.1476182], [10.2229191, 56.1474578], [10.2230693, 56.1475763], [10.2229584, 56.1476182]]], [[[10.225186, 56.1494732], [10.2251403, 56.1493339], [10.2252833, 56.1493926], [10.225186, 56.1494732]]], [[[10.2273409, 56.1656287], [10.2302763, 56.1642527], [10.2314232, 56.164876], [10.2285114, 56.1662459], [10.2273409, 56.1656287]]], [[[10.2281763, 56.1577894], [10.2281925, 56.1577339], [10.2282262, 56.1577654], [10.2281763, 56.1577894]]], [[[10.2284825, 56.1664829], [10.2316294, 56.1649881], [10.2325225, 56.1655919], [10.2296064, 56.1670869], [10.2284825, 56.1664829]]], [[[10.2921884, 56.2102376], [10.2924055, 56.2102007], [10.2923174, 56.2114166], [10.2921884, 56.2102376]]], [[[10.3397935, 56.2432318], [10.3413481, 56.2430928], [10.3421755, 56.2439815], [10.3411335, 56.2433611], [10.3397935, 56.2432318]]]]}}, {"type": "Feature", "properties": {"slug": "amsterdam", "name": "Amsterdam", "osmType": "relation", "osmId": 271110, "source": "OpenStreetMap via Nominatim", "licence": "ODbL 1.0", "simplifiedDegrees": 0.001}, "geometry": {"type": "MultiPolygon", "coordinates": [[[[4.7287776, 52.4007083], [4.7578294, 52.396681], [4.7591248, 52.3793292], [4.7564339, 52.3777635], [4.7585748, 52.3715944], [4.7549019, 52.3583838], [4.7556839, 52.35615], [4.7905413, 52.3418417], [4.7977656, 52.3352825], [4.8184259, 52.3255572], [4.8394053, 52.3273594], [4.8394766, 52.3291457], [4.843961, 52.3302185], [4.8559244, 52.3303178], [4.856755, 52.3214133], [4.8962917, 52.3224199], [4.9091354, 52.3182532], [4.9123757, 52.318248], [4.9142815, 52.320408], [4.9107307, 52.3219141], [4.9103343, 52.3235663], [4.9138814, 52.3245515], [4.9129318, 52.3305104], [4.9225505, 52.3330842], [4.9237654, 52.3354427], [4.9285794, 52.3366044], [4.9365117, 52.334592], [4.9495484, 52.3383786], [4.9596967, 52.3469294], [4.9658229, 52.3546967], [4.9695948, 52.3561017], [4.9993207, 52.3415363], [5.0101882, 52.3422682], [5.0158992, 52.3483229], [5.0390565, 52.3545756], [5.0376797, 52.3754013], [5.0791622, 52.3886541], [5.0742617, 52.4138385], [5.0682699, 52.4165579], [5.0491772, 52.4151293], [5.0354702, 52.418274], [5.0300449, 52.4156435], [5.0283574, 52.4194164], [5.021611, 52.4212221], [5.0182052, 52.4190596], [5.0001568, 52.4254431], [4.9904453, 52.4255208], [4.9871016, 52.4228417], [4.9826365, 52.4267623], [4.9733199, 52.4227973], [4.9559498, 52.4219544], [4.9527698, 52.4236794], [4.9514814, 52.4219297], [4.9477886, 52.4215622], [4.9440691, 52.4143425], [4.930716, 52.4116076], [4.9018859, 52.423623], [4.8776664, 52.4258828], [4.870741, 52.4303946], [4.8626775, 52.4299413], [4.8579476, 52.4247171], [4.859867, 52.4205148], [4.8560781, 52.4166622], [4.7392082, 52.4310638], [4.7287776, 52.4007083]]], [[[4.9293283, 52.3085321], [4.9552406, 52.2783049], [4.9610537, 52.2781742], [4.962244, 52.2802065], [4.9661657, 52.2809798], [4.9676744, 52.2795823], [4.9697264, 52.2831208], [4.983506, 52.2903681], [4.9974754, 52.2891184], [5.0017894, 52.2927929], [5.0038346, 52.2985093], [5.0078916, 52.301522], [5.0129889, 52.3036053], [5.0215432, 52.3024568], [5.0179328, 52.3231923], [5.0161337, 52.3245121], [4.9978589, 52.3139789], [4.9971011, 52.3173924], [4.990572, 52.3265397], [4.9828507, 52.3307843], [4.9753057, 52.3305617], [4.9702531, 52.3261693], [4.9666025, 52.3274355], [4.9526742, 52.322644], [4.9476572, 52.3281383], [4.9404939, 52.3256778], [4.9376191, 52.3232994], [4.9410429, 52.3196198], [4.9380416, 52.3165055], [4.938724, 52.3150911], [4.9352291, 52.3138888], [4.9363517, 52.3126628], [4.9293283, 52.3085321]]]]}}, {"type": "Feature", "properties": {"slug": "andorra-la-vella", "name": "Andorra la Vella", "osmType": "relation", "osmId": 2804753, "source": "OpenStreetMap via Nominatim", "licence": "ODbL 1.0", "simplifiedDegrees": 0.001}, "geometry": {"type": "Polygon", "coordinates": [[[1.4603314, 42.5044741], [1.4708747, 42.4965186], [1.4773676, 42.4846416], [1.4911179, 42.4778721], [1.5262444, 42.4763779], [1.5363154, 42.4735326], [1.541588, 42.4736934], [1.5434211, 42.4791666], [1.5483185, 42.4804754], [1.5392005, 42.4972115], [1.5363384, 42.4986254], [1.5380851, 42.5026226], [1.5342325, 42.5063283], [1.5333388, 42.5126564], [1.523815, 42.5193006], [1.5215643, 42.5228745], [1.513506, 42.521701], [1.496943, 42.514227], [1.472683, 42.511468], [1.4668285, 42.5094457], [1.4603314, 42.5044741]]]}}, {"type": "Feature", "properties": {"slug": "ankara", "name": "Ankara", "osmType": "relation", "osmId": 223422, "source": "OpenStreetMap via Nominatim", "licence": "ODbL 1.0", "simplifiedDegrees": 0.001}, "geometry": {"type": "Polygon", "coordinates": [[[30.8343831, 40.1442268], [30.8484521, 40.105355], [30.84601, 40.100143], [30.8358578, 40.0962682], [30.8442109, 40.0897212], [30.8512551, 40.0786468], [30.8498413, 40.0740875], [30.8526485, 40.0657962], [30.8571791, 40.0626524], [30.8707501, 40.0602268], [30.8849715, 40.0472959], [30.8888339, 40.0475587], [30.8985149, 40.0527239], [30.9027385, 40.0454561], [30.911579, 40.0378338], [30.9289168, 40.0361909], [30.9381007, 40.0294218], [30.9548377, 40.0342194], [30.9683668, 40.0312785], [30.9811234, 40.0331186], [30.9852271, 40.0315373], [31.0021466, 40.0313565], [31.0140609, 40.0382281], [31.0191249, 40.043025], [31.0485648, 40.0537346], [31.076374, 40.0505153], [31.0810946, 40.0514351], [31.0906218, 40.0591216], [31.0939692, 40.0578734], [31.0955142, 40.0541945], [31.1010141, 40.0540292], [31.1101272, 40.0621438], [31.1112641, 40.0685808], [31.1154269, 40.0716351], [31.1197185, 40.0705841], [31.1204909, 40.0657235], [31.1232375, 40.0650009], [31.1391162, 40.0661833], [31.1502742, 40.0640156], [31.1596297, 40.0511395], [31.1884688, 40.046606], [31.2025451, 40.0470002], [31.2063216, 40.054293], [31.2085532, 40.055607], [31.2370061, 40.0618807], [31.2467478, 40.0610924], [31.2676047, 40.0631617], [31.2772606, 40.0599757], [31.2896632, 40.0591545], [31.2974309, 40.0627675], [31.3012075, 40.0622748], [31.3048982, 40.0599099], [31.3255405, 40.0554099], [31.3352822, 40.0488399], [31.3409471, 40.0469345], [31.3463973, 40.0508766], [31.3722324, 40.0580049], [31.3821887, 40.063096], [31.3921022, 40.06372], [31.4028739, 40.0546872], [31.4044189, 40.0498254], [31.3954925, 40.039838], [31.3882694, 40.0350181], [31.3886127, 40.0321265], [31.3961658, 40.0288405], [31.4014873, 40.0168779], [31.4116154, 40.0233196], [31.4188251, 40.023451], [31.4231167, 40.0201646], [31.4383945, 40.022005], [31.4459476, 40.0281832], [31.4583073, 40.0312064], [31.4589939, 40.0397495], [31.4631138, 40.0450062], [31.4701519, 40.0442178], [31.4734135, 40.0385667], [31.4823398, 40.0352809], [31.488863, 40.0283147], [31.4960728, 40.023451], [31.5049935, 40.0205533], [31.5115223, 40.0206904], [31.5247154, 40.0338743], [31.5346966, 40.0369895], [31.5563259, 40.0355438], [31.5763815, 40.0297093], [31.5966606, 40.0216603], [31.6130486, 40.0222163], [31.6400966, 40.0294977], [31.6562328, 40.041458], [31.6595192, 40.0481687], [31.6690935, 40.0521317], [31.6752623, 40.0477111], [31.6691666, 40.0416563], [31.6663855, 40.0294414], [31.6579494, 40.0156947], [31.6569195, 40.0122764], [31.6591511, 40.0087265], [31.6716823, 40.0068857], [31.6873035, 40.0130653], [31.7024097, 40.0216106], [31.7125563, 40.0214882], [31.714737, 40.0159082], [31.7086543, 40.00914], [31.7076587, 40.0040814], [31.6990327, 39.9980325], [31.6947412, 39.9915556], [31.6990327, 39.9775477], [31.7030453, 39.9760267], [31.7047405, 39.971891], [31.7146968, 39.9693915], [31.7175185, 39.966456], [31.7207694, 39.9656173], [31.7321259, 39.9686103], [31.7322814, 39.9725817], [31.7343628, 39.9728037], [31.7413794, 39.9635122], [31.7411542, 39.9528459], [31.7385363, 39.9504279], [31.7402743, 39.9442262], [31.7378925, 39.9409359], [31.7397379, 39.9338942], [31.7489647, 39.928958], [31.750853, 39.9256012], [31.7542218, 39.9252885], [31.7553806, 39.9210264], [31.7585134, 39.9204668], [31.766603, 39.9131761], [31.7682552, 39.9080409], [31.7662811, 39.9051934], [31.7703151, 39.902], [31.7696284, 39.9002222], [31.7744993, 39.8978846], [31.7771808, 39.894143], [31.7809781, 39.8944235], [31.7849493, 39.8883194], [31.7887902, 39.8855698], [31.7900777, 39.8821368], [31.7931676, 39.8805807], [31.8008172, 39.8806713], [31.8059671, 39.8759947], [31.8169641, 39.8778143], [31.8206334, 39.8769169], [31.8242061, 39.8786871], [31.8282294, 39.875583], [31.8455565, 39.8826884], [31.8551373, 39.8840139], [31.8597937, 39.8824414], [31.8569505, 39.8788435], [31.8608665, 39.8770816], [31.8618214, 39.874208], [31.8655443, 39.8762829], [31.8682051, 39.8743727], [31.8677544, 39.8725612], [31.8703508, 39.8713672], [31.8725824, 39.8734916], [31.8725181, 39.870865], [31.8686449, 39.869004], [31.8671751, 39.8703874], [31.862084, 39.8665585], [31.8595791, 39.8681805], [31.8590855, 39.8649607], [31.8562639, 39.8651007], [31.8569183, 39.8621937], [31.8519938, 39.8621278], [31.8517148, 39.8595913], [31.847316, 39.861049], [31.8480885, 39.8591136], [31.8453312, 39.85773], [31.8469512, 39.8569888], [31.8451059, 39.8550368], [31.8506634, 39.8494937], [31.8524122, 39.8508692], [31.853807, 39.8494525], [31.8579268, 39.8497737], [31.8602228, 39.8531013], [31.8624651, 39.8508362], [31.8609202, 39.8493454], [31.8645143, 39.849749], [31.8648791, 39.8517835], [31.8629587, 39.8538755], [31.8654799, 39.8549215], [31.8660915, 39.8528707], [31.868484, 39.8526153], [31.8691063, 39.8566593], [31.8710804, 39.8582077], [31.8735909, 39.8568982], [31.8732905, 39.8552839], [31.8763912, 39.854658], [31.8765843, 39.8582489], [31.8813801, 39.8604396], [31.8823779, 39.8588501], [31.8801784, 39.8560581], [31.8814444, 39.8540897], [31.8837726, 39.8589819], [31.8849206, 39.8582406], [31.8842018, 39.8552016], [31.8885362, 39.8553828], [31.8905425, 39.859163], [31.9001079, 39.8559234], [31.8994045, 39.8525165], [31.8953489, 39.8504244], [31.8907785, 39.8432416], [31.8847274, 39.8393864], [31.8800925, 39.8321035], [31.8608665, 39.8327956], [31.859579, 39.8370137], [31.8583774, 39.8358274], [31.8574332, 39.8385296], [31.8515967, 39.841693], [31.8461894, 39.8356297], [31.8394088, 39.8013489], [31.8297958, 39.7845319], [31.814947, 39.7925122], [31.8028449, 39.7853234], [31.7887687, 39.7832127], [31.7899703, 39.7818276], [31.788082, 39.7799807], [31.7882537, 39.775825], [31.7826747, 39.7706135], [31.7758082, 39.7541849], [31.7663669, 39.7456062], [31.7647332, 39.7225605], [31.775181, 39.7048124], [31.7797565, 39.7011116], [31.8042182, 39.6904788], [31.8078231, 39.6908751], [31.8112349, 39.6846003], [31.8169427, 39.6845012], [31.819582, 39.6819416], [31.8283582, 39.6809012], [31.839087, 39.6719665], [31.8473267, 39.6723464], [31.8592357, 39.6684155], [31.8627763, 39.6657562], [31.869235, 39.6647321], [31.8735266, 39.6662352], [31.8753075, 39.6703645], [31.8789124, 39.6734365], [31.8873668, 39.66939], [31.8964648, 39.6686302], [31.8998765, 39.6701993], [31.9095754, 39.6683164], [31.914854, 39.6655414], [31.9185447, 39.6660039], [31.9307326, 39.6542094], [31.9434356, 39.6362328], [31.9436072, 39.6345142], [31.9346809, 39.6272427], [31.9327926, 39.6237389], [31.8954562, 39.6135571], [31.8941688, 39.6114412], [31.8964862, 39.6064157], [31.8941688, 39.6024479], [31.8891048, 39.6020511], [31.8889331, 39.5989428], [31.8854999, 39.5986122], [31.8876456, 39.5964297], [31.8898772, 39.5982153], [31.8907355, 39.5973556], [31.8876456, 39.5944455], [31.8932246, 39.5894188], [31.8913364, 39.5882943], [31.9018935, 39.5882943], [31.9060992, 39.5803565], [31.8918513, 39.5748656], [31.8983745, 39.5436984], [31.9267844, 39.5406537], [31.9304751, 39.5380722], [31.9468688, 39.5396608], [31.9486713, 39.5431027], [31.945753, 39.5438969], [31.9442939, 39.547868], [31.9464397, 39.5476033], [31.9477271, 39.5493902], [31.9436072, 39.5513757], [31.9382857, 39.56289], [31.942234, 39.5648751], [31.9478559, 39.5629231], [31.9548511, 39.5498535], [31.9718885, 39.5356892], [31.9733047, 39.5323132], [31.9700002, 39.5259909], [31.9651294, 39.5222337], [31.9644642, 39.5184101], [31.9663954, 39.5123846], [31.9726526, 39.5074488], [31.9910931, 39.5031301], [31.9979596, 39.4970205], [31.9974232, 39.4944374], [31.993432, 39.4933114], [31.9912004, 39.4896684], [31.9908142, 39.4851805], [31.9874882, 39.4834251], [31.9862222, 39.4792018], [31.9884538, 39.4747464], [31.991651, 39.4732723], [31.9934535, 39.4703073], [31.992917, 39.4646255], [31.9976592, 39.4552819], [31.9943118, 39.45167], [31.9930887, 39.4474614], [31.9927668, 39.4449593], [31.9962215, 39.4416949], [31.991179, 39.4324144], [31.9931102, 39.4278234], [31.9913935, 39.4235968], [31.977489, 39.4133524], [31.9747209, 39.4048143], [31.975944, 39.4020288], [31.9715237, 39.3991437], [31.9708156, 39.3944179], [31.9840121, 39.3840531], [31.9921446, 39.3753787], [31.9869733, 39.3684782], [31.9785404, 39.3661724], [31.9724035, 39.3568819], [31.97927, 39.3489176], [31.9837975, 39.3471919], [31.9882178, 39.34837], [31.9956636, 39.3437237], [32.002868, 39.3421473], [32.0037317, 39.3336668], [32.0115423, 39.3251687], [32.0093536, 39.3231768], [32.0060062, 39.3232764], [32.0016717, 39.3259654], [31.9867372, 39.3160719], [31.9824886, 39.3122204], [31.9812011, 39.3073393], [31.9790124, 39.306808], [31.9730901, 39.2992033], [31.9748926, 39.2976092], [31.9695711, 39.2946202], [31.9684982, 39.2894721], [31.9644641, 39.2904685], [31.9600868, 39.2876785], [31.954422, 39.2797063], [31.9475126, 39.2757199], [31.9490146, 39.2689092], [31.9773386, 39.2526608], [31.9887541, 39.2375717], [31.9889257, 39.2354444], [32.0011137, 39.2282641], [32.0087527, 39.2261365], [32.003871, 39.2199653], [31.9981097, 39.2206842], [31.9822311, 39.2297268], [31.978197, 39.2367739], [31.969099, 39.2467118], [31.9627475, 39.2456151], [31.9533919, 39.2326521], [31.9437789, 39.2304913], [31.9387579, 39.2315551], [31.9358825, 39.2294608], [31.9308185, 39.2302919], [31.9256043, 39.2279316], [31.9251323, 39.2251723], [31.9283938, 39.2208337], [31.9254541, 39.2118564], [31.9215488, 39.2080656], [31.9136953, 39.207068], [31.9033098, 39.1983883], [31.8929243, 39.193466], [31.8871307, 39.182639], [31.8835473, 39.1818406], [31.8735695, 39.1857159], [31.8647504, 39.1766842], [31.8557381, 39.1817574], [31.8516826, 39.1824227], [31.8487215, 39.1806597], [31.8481421, 39.1748877], [31.8423915, 39.1731245], [31.8394518, 39.1737233], [31.8365764, 39.1776324], [31.829946, 39.1782811], [31.826663, 39.1742556], [31.8288946, 39.1689989], [31.8284011, 39.1644738], [31.8195819, 39.1595492], [31.8435287, 39.1422433], [31.8456742, 39.1466288], [31.8490431, 39.1467286], [31.8544504, 39.1426014], [31.8599221, 39.1425267], [31.8611881, 39.1402715], [31.8588063, 39.1383909], [31.8651149, 39.1390899], [31.887345, 39.1273723], [31.8954667, 39.1267065], [31.8884822, 39.1192487], [31.9041249, 39.1102585], [31.9078156, 39.1100254], [31.9047472, 39.1033651], [31.908116, 39.0968542], [31.9098756, 39.097437], [31.9095537, 39.0945227], [31.9104978, 39.0917082], [31.9123646, 39.0918415], [31.9125148, 39.0894099], [31.9241664, 39.0890102], [31.9232651, 39.0841303], [31.9291284, 39.0799078], [31.9294879, 39.0748023], [31.9277069, 39.0748356], [31.9287583, 39.0786502], [31.9227716, 39.0765014], [31.9226858, 39.0715622], [31.9384626, 39.07439], [31.9418046, 39.066756], [31.9422981, 39.059975], [31.938307, 39.0528102], [31.9393584, 39.0472944], [31.9278571, 39.0304612], [31.9301315, 39.0246103], [31.9429633, 39.0125236], [31.9435212, 39.0103893], [31.9444867, 39.0111314], [31.9483062, 39.0076883], [31.9610628, 39.0013185], [31.9901004, 38.9949733], [31.9924125, 38.9955861], [31.9921496, 38.986455], [32.0139238, 38.9739822], [32.0331284, 38.9720221], [32.0426127, 38.9665584], [32.0639087, 38.9615734], [32.0681903, 38.9591839], [32.0747563, 38.9597178], [32.0743523, 38.9575511], [32.0944011, 38.9599761], [32.1056449, 38.9565639], [32.1053767, 38.9539692], [32.1194315, 38.9507152], [32.1199411, 38.958975], [32.1411493, 38.9580635], [32.1443412, 38.9937972], [32.1376222, 38.9946602], [32.1375981, 39.005612], [32.1331108, 39.0057037], [32.127108, 39.0258477], [32.1334568, 39.0264186], [32.1352404, 39.0196901], [32.1395051, 39.0129004], [32.1565506, 39.0162641], [32.1526694, 39.0311547], [32.1751276, 39.0337633], [32.1823588, 39.0330049], [32.181884, 39.0309859], [32.1835846, 39.0305276], [32.1825278, 39.0242974], [32.1785608, 39.0246475], [32.1791697, 39.0149553], [32.185269, 39.0153284], [32.1894532, 39.0189315], [32.2242308, 39.0137091], [32.2292277, 38.9927444], [32.2323525, 38.9927132], [32.2312206, 38.9893651], [32.2374219, 38.9884436], [32.2384706, 38.9919856], [32.2411019, 38.9932635], [32.246595, 38.9919293], [32.2455838, 38.990322], [32.2468203, 38.989978], [32.2477618, 38.9914582], [32.2599149, 38.990124], [32.2632462, 38.9925339], [32.2607356, 38.9967636], [32.2776282, 38.9978163], [32.2803479, 39.0007492], [32.3018727, 39.0100306], [32.3019907, 39.0126379], [32.309517, 39.014103], [32.3135322, 39.0166976], [32.3180276, 39.0149428], [32.3200259, 39.0170956], [32.3175877, 39.0203319], [32.327713, 39.0344945], [32.3293088, 39.0287212], [32.3352474, 39.0251674], [32.3516102, 39.029318], [32.3757769, 39.030764], [32.3756844, 39.018197], [32.3742521, 39.0172686], [32.3774198, 39.0075462], [32.3800805, 39.0045678], [32.387749, 39.0048179], [32.391209, 39.0023458], [32.4078521, 38.9799809], [32.4059491, 38.9774819], [32.4330246, 38.9694964], [32.4472936, 38.9587989], [32.4550737, 38.9620974], [32.4570421, 38.9656766], [32.4568365, 38.972331], [32.4587426, 38.9743697], [32.4882033, 38.9787771], [32.5018235, 38.9950283], [32.5065757, 39.0033036], [32.5103942, 39.002713], [32.5101263, 39.008086], [32.5082202, 39.0111402], [32.5168008, 39.0103996], [32.5155892, 39.0126697], [32.517514, 39.0139329], [32.513169, 39.0240974], [32.5078046, 39.0285023], [32.5161892, 39.0312026], [32.5207221, 39.0354404], [32.5179219, 39.0405071], [32.5284362, 39.0440111], [32.5318909, 39.0418279], [32.5365633, 39.0423946], [32.5391328, 39.0401321], [32.5410801, 39.043582], [32.5452536, 39.0463067], [32.5477964, 39.0442611], [32.5487834, 39.0461193], [32.5506878, 39.0451235], [32.550838, 39.0428529], [32.5592762, 39.0424112], [32.5659603, 39.0391822], [32.5655419, 39.037978], [32.5745809, 39.0348737], [32.5717324, 39.0299191], [32.5729769, 39.0268937], [32.5900664, 39.0271092], [32.5905551, 39.0242993], [32.6003258, 39.0255153], [32.6041322, 39.0245917], [32.6063812, 39.0276105], [32.6025295, 39.0302525], [32.6100719, 39.0349112], [32.6086557, 39.0388363], [32.612164, 39.0424112], [32.6159727, 39.0510686], [32.6225603, 39.0518684], [32.6228285, 39.0556259], [32.6168525, 39.0555343], [32.6162624, 39.0577837], [32.6178503, 39.057917], [32.617507, 39.0607995], [32.6201141, 39.0626989], [32.6242018, 39.0747437], [32.6310655, 39.0780815], [32.6207578, 39.0928987], [32.629888, 39.0904256], [32.6258969, 39.1016081], [32.6421833, 39.1069615], [32.6446724, 39.1041225], [32.6540494, 39.1126058], [32.6523864, 39.1078772], [32.658416, 39.1065202], [32.6710868, 39.1130137], [32.6750886, 39.1119648], [32.6753139, 39.1140209], [32.677685, 39.1112155], [32.6768803, 39.1096588], [32.6927242, 39.1082664], [32.693907, 39.1144704], [32.6966751, 39.115769], [32.7163625, 39.1165349], [32.7195435, 39.115307], [32.7250528, 39.1170343], [32.732209, 39.1223282], [32.736758, 39.122811], [32.752862, 39.1186658], [32.7611232, 39.118749], [32.7649856, 39.1211962], [32.7667773, 39.1204721], [32.7686548, 39.1234935], [32.7737617, 39.1220951], [32.7755642, 39.1238763], [32.777549, 39.1213544], [32.7849385, 39.1257221], [32.7899837, 39.1254577], [32.7881277, 39.1267395], [32.7889752, 39.1298938], [32.795316, 39.130002], [32.7955198, 39.1277216], [32.7971613, 39.1276134], [32.7990496, 39.1351784], [32.8014743, 39.1368178], [32.8000259, 39.1366181], [32.8081101, 39.1478183], [32.7977836, 39.1575026], [32.8021502, 39.1589834], [32.8082549, 39.1577022], [32.8246808, 39.1665284], [32.8209579, 39.1716772], [32.8314507, 39.1794288], [32.841686, 39.1817907], [32.8466455, 39.1885277], [32.8451085, 39.1930336], [32.8358495, 39.1914786], [32.8227925, 39.1935824], [32.8154647, 39.1967254], [32.8105187, 39.201689], [32.8087163, 39.2011902], [32.8072572, 39.2042663], [32.8087163, 39.2047568], [32.8074825, 39.2098945], [32.805165, 39.210227], [32.8100574, 39.2209251], [32.8077292, 39.2182404], [32.8082013, 39.2214155], [32.8021932, 39.2248232], [32.8021288, 39.2300841], [32.8042638, 39.2339485], [32.8017962, 39.2387018], [32.8071499, 39.2472519], [32.8043175, 39.2485148], [32.8054011, 39.2528351], [32.8236401, 39.2644487], [32.8340149, 39.256989], [32.8439927, 39.2623056], [32.8528011, 39.2612423], [32.8596032, 39.2626627], [32.8670168, 39.2548622], [32.8718018, 39.2538819], [32.8819621, 39.265811], [32.891618, 39.2730372], [32.9002118, 39.2707614], [32.9033339, 39.2621893], [32.9023898, 39.2584178], [32.9056728, 39.257396], [32.9053295, 39.2539899], [32.9124105, 39.2482157], [32.9065525, 39.2432968], [32.9018319, 39.2325606], [32.9084676, 39.2281061], [32.9179788, 39.2335496], [32.9170132, 39.2373306], [32.9205, 39.2453907], [32.928257, 39.2461136], [32.9272699, 39.2476008], [32.9304457, 39.2499521], [32.9306924, 39.2553108], [32.936722, 39.2595559], [32.9434705, 39.2696069], [32.9478049, 39.2721236], [32.9520965, 39.2785519], [32.9500258, 39.281824], [32.9549932, 39.2847388], [32.9597568, 39.2860343], [32.9636407, 39.2847388], [32.9702067, 39.2903938], [32.9741979, 39.290153], [32.976129, 39.2929429], [32.9817563, 39.2900991], [32.9834515, 39.2877075], [32.9823679, 39.2874252], [32.9913868, 39.2827904], [32.9915048, 39.2814638], [32.9989359, 39.2808056], [33.0007249, 39.2784709], [33.0044693, 39.277983], [33.0031523, 39.2763884], [33.0232367, 39.2786163], [33.0312967, 39.2776923], [33.0336195, 39.2726302], [33.0369052, 39.2711933], [33.0314684, 39.2639918], [33.028754, 39.2634976], [33.0303311, 39.2604365], [33.0290919, 39.2577325], [33.0273002, 39.2582849], [33.0281532, 39.256287], [33.0260396, 39.2561623], [33.0256748, 39.2488471], [33.0122799, 39.2480329], [33.0118457, 39.2442344], [33.0099339, 39.2444215], [33.0069745, 39.241448], [33.0084094, 39.2376069], [33.0068377, 39.2359055], [33.0080688, 39.2341998], [33.0052632, 39.2340357], [33.0072212, 39.2297454], [33.006084, 39.2242082], [33.0079079, 39.2199485], [33.0100805, 39.22095], [33.0118963, 39.2183796], [33.002302, 39.2139096], [33.0116683, 39.208818], [33.0129424, 39.2035846], [33.0226546, 39.2002174], [33.021732, 39.1990181], [33.0235103, 39.1996063], [33.024956, 39.1973656], [33.0333728, 39.2017742], [33.0379593, 39.2009033], [33.0417895, 39.2067022], [33.0592936, 39.2112537], [33.0664444, 39.2104764], [33.0699634, 39.2144499], [33.0705267, 39.2185562], [33.0737024, 39.2183235], [33.0747968, 39.2205843], [33.0691571, 39.222303], [33.0710542, 39.2238242], [33.0691768, 39.2232375], [33.0695419, 39.2253125], [33.0760896, 39.224578], [33.0748934, 39.2270631], [33.0773556, 39.2279815], [33.079614, 39.2329678], [33.083058, 39.2336908], [33.0920595, 39.2420172], [33.097499, 39.2436957], [33.1005245, 39.2417098], [33.1023645, 39.2435212], [33.0991727, 39.244028], [33.1024718, 39.2486436], [33.1169665, 39.2519835], [33.1219232, 39.2569059], [33.1199974, 39.2607895], [33.1292483, 39.2676674], [33.1317052, 39.2710044], [33.1333315, 39.2794143], [33.1403468, 39.2846311], [33.1404573, 39.286765], [33.142721, 39.2866405], [33.1429678, 39.2841658], [33.1469904, 39.2832082], [33.1586319, 39.2831112], [33.1618076, 39.291631], [33.1604022, 39.2960524], [33.1569153, 39.2976175], [33.1593776, 39.3013411], [33.1613141, 39.3016276], [33.1608313, 39.30736], [33.1650424, 39.305571], [33.1642699, 39.3044129], [33.1656861, 39.3029891], [33.1633687, 39.3020676], [33.1641573, 39.300951], [33.1704659, 39.297605], [33.1720591, 39.2982692], [33.1738883, 39.2952927], [33.1804543, 39.2951681], [33.1800627, 39.2975801], [33.1831848, 39.300212], [33.1863069, 39.2986553], [33.184129, 39.2956996], [33.1883025, 39.2913196], [33.1886566, 39.283244], [33.193168, 39.2742748], [33.1922507, 39.2691708], [33.1962829, 39.2614251], [33.1928354, 39.2537446], [33.1992044, 39.2357384], [33.1854661, 39.2400926], [33.1769729, 39.2391006], [33.1740814, 39.2416932], [33.1682557, 39.2389594], [33.1682127, 39.2405174], [33.1622154, 39.2368486], [33.1590342, 39.2396573], [33.1437671, 39.2444601], [33.1266061, 39.2525522], [33.127191, 39.2487038], [33.1225568, 39.2494777], [33.1250929, 39.2474307], [33.1240046, 39.2463691], [33.1213743, 39.2477495], [33.1224275, 39.24279], [33.1202227, 39.2414563], [33.1220466, 39.2416059], [33.1224221, 39.2398277], [33.1200188, 39.2392917], [33.1214887, 39.2333003], [33.1246966, 39.2339526], [33.127647, 39.223402], [33.1310588, 39.2163369], [33.1351814, 39.2127458], [33.1344759, 39.2110833], [33.1361926, 39.2103019], [33.1366378, 39.2072966], [33.1411761, 39.2077165], [33.1386334, 39.2067729], [33.139776, 39.205106], [33.1385207, 39.2042663], [33.1402534, 39.203755], [33.139202, 39.1993195], [33.1404304, 39.1995273], [33.1444967, 39.1871047], [33.141852, 39.1866265], [33.1415945, 39.1836369], [33.1392932, 39.1838323], [33.1314504, 39.1781106], [33.1304687, 39.1764555], [33.1332153, 39.176102], [33.1313485, 39.1721596], [33.1383437, 39.1722511], [33.1394112, 39.1667447], [33.1416213, 39.1627477], [33.1432253, 39.1631262], [33.1457949, 39.1549298], [33.1481552, 39.1553312], [33.1519532, 39.1458546], [33.1628913, 39.1388358], [33.1636369, 39.1396721], [33.1748271, 39.1301601], [33.1864357, 39.1229941], [33.2147872, 39.1192028], [33.2231712, 39.0998846], [33.2359949, 39.0851647], [33.2414961, 39.0865367], [33.2415604, 39.0848461], [33.2596385, 39.082939], [33.2586622, 39.0802823], [33.2634365, 39.0793412], [33.2635438, 39.0781419], [33.2643807, 39.0793995], [33.2673097, 39.077259], [33.2689083, 39.0799575], [33.2741439, 39.0775589], [33.2723629, 39.0758598], [33.2739723, 39.0745022], [33.2827914, 39.0756182], [33.2870078, 39.079158], [33.2882631, 39.0772507], [33.294636, 39.0758348], [33.2968676, 39.0817647], [33.3162546, 39.0747104], [33.3195698, 39.0595499], [33.3282173, 39.0558425], [33.3470571, 39.0435278], [33.3630538, 39.0279606], [33.3770935, 39.0078648], [33.3868933, 38.9858084], [33.3890927, 38.971513], [33.3872794, 38.9453919], [33.3658217, 38.9150789], [33.3551356, 38.86875], [33.3679008, 38.8525636], [33.3522912, 38.7540262], [33.3488272, 38.7236888], [33.3593413, 38.6728587], [33.5551667, 38.6757357], [33.6169356, 38.6908184], [33.6238785, 38.6947093], [33.6436035, 38.6887577], [33.6532413, 38.6923719], [33.654127, 38.7032622], [33.6631393, 38.7078168], [33.6696624, 38.7075489], [33.670349, 38.7110987], [33.6862277, 38.7167243], [33.6966991, 38.7222825], [33.7016772, 38.7224834], [33.7075996, 38.7295143], [33.7106895, 38.7321925], [33.7117194, 38.7313221], [33.721075, 38.7400927], [33.7216758, 38.7376826], [33.7251948, 38.737147], [33.7293147, 38.7413647], [33.7345504, 38.7404944], [33.7348937, 38.7426367], [33.7318896, 38.7443772], [33.7374686, 38.7495986], [33.7397002, 38.7499333], [33.7379836, 38.7552881], [33.7397861, 38.7591702], [33.7467383, 38.7609103], [33.7517165, 38.7640558], [33.751459, 38.7663312], [33.7487125, 38.7660636], [33.7477683, 38.7641228], [33.7466525, 38.765662], [33.7491416, 38.7700119], [33.7509441, 38.7694096], [33.7542914, 38.7714841], [33.7525748, 38.7760344], [33.7537765, 38.7772388], [33.7549781, 38.7756329], [33.7598704, 38.7809858], [33.7605571, 38.7795807], [33.7627029, 38.780116], [33.7615871, 38.7833945], [33.7650203, 38.7874757], [33.7703418, 38.7887468], [33.7705993, 38.7905532], [33.7686252, 38.7898842], [33.7684535, 38.7911553], [33.7777232, 38.7936974], [33.7760066, 38.7955036], [33.7787747, 38.7980289], [33.7751698, 38.8014905], [33.7718009, 38.8013734], [33.769505, 38.8030623], [33.768668, 38.807828], [33.7655567, 38.809684], [33.7670802, 38.8215211], [33.7688827, 38.8234603], [33.7752341, 38.8242628], [33.7772941, 38.8275392], [33.7810706, 38.8278067], [33.783903, 38.8308156], [33.7853622, 38.8351615], [33.7776374, 38.8385043], [33.7778949, 38.8409779], [33.7855338, 38.8496682], [33.7845897, 38.851473], [33.7880229, 38.8512725], [33.7882804, 38.8529435], [33.7900828, 38.8522082], [33.7986659, 38.8576223], [33.7995242, 38.8736613], [33.8030433, 38.8828153], [33.7995242, 38.8860891], [33.7959193, 38.8856882], [33.7951469, 38.8884942], [33.7886237, 38.8939055], [33.7856196, 38.8999175], [33.7863921, 38.9100699], [33.775835, 38.9140103], [33.7703418, 38.9143442], [33.7679385, 38.9178837], [33.7650203, 38.9184179], [33.7597417, 38.9232592], [33.7542486, 38.9227918], [33.7532615, 38.9213895], [33.7521028, 38.9223244], [33.7468671, 38.9197201], [33.742876, 38.9214563], [33.7417602, 38.9246615], [33.7401294, 38.9240605], [33.737812, 38.9265979], [33.7378141, 38.9296372], [33.746041, 38.9364461], [33.7472534, 38.9398092], [33.7364817, 38.9524423], [33.7370717, 38.956981], [33.7398398, 38.9594255], [33.7387884, 38.9628459], [33.7341106, 38.9627458], [33.7317502, 38.9588832], [33.7302267, 38.9588415], [33.7297654, 38.9612525], [33.727051, 38.9627958], [33.7291968, 38.9649064], [33.7266862, 38.9641306], [33.7242334, 38.9655185], [33.727802, 38.9701366], [33.7305164, 38.9706496], [33.7314445, 38.9728726], [33.7290037, 38.974057], [33.731702, 38.9739736], [33.7286496, 38.9789571], [33.7253183, 38.9801956], [33.7305593, 38.9797911], [33.7289232, 38.9812507], [33.7232476, 38.9809588], [33.7231457, 38.9829437], [33.7240416, 38.9848743], [33.7262732, 38.9839695], [33.7277108, 38.9877765], [33.7308671, 38.9878244], [33.7318683, 38.9905534], [33.7349689, 38.988919], [33.7363315, 38.9897445], [33.7373614, 38.9925839], [33.7535244, 38.9862003], [33.7593287, 38.9880975], [33.775202, 38.988306], [33.7794506, 38.9870551], [33.7908393, 38.9757418], [33.7938273, 38.9604892], [33.7969279, 38.9606644], [33.8062459, 38.9668459], [33.8080913, 38.9726724], [33.8179886, 38.9821639], [33.8194156, 38.9854122], [33.8169855, 38.9857917], [33.8160467, 38.9882685], [33.8169801, 38.9936805], [33.8199091, 38.9957109], [33.8232779, 39.0046157], [33.8296562, 39.0043406], [33.8322473, 39.0075129], [33.8291413, 39.0074879], [33.8300478, 39.0101557], [33.8371557, 39.0126691], [33.8351869, 39.0169247], [33.8402402, 39.0160328], [33.8448322, 39.0245433], [33.8437378, 39.0250267], [33.8490701, 39.0284856], [33.8501322, 39.0277439], [33.8519347, 39.0275105], [33.8523853, 39.0278105], [33.8492203, 39.0296441], [33.8507438, 39.0310109], [33.8576853, 39.0270187], [33.8606787, 39.0275272], [33.8614082, 39.0291774], [33.8630712, 39.0286106], [33.8661504, 39.0313776], [33.8686073, 39.0288023], [33.8719118, 39.0364113], [33.8707638, 39.0360363], [33.8697338, 39.0392197], [33.8732462, 39.0445459], [33.8684813, 39.0507061], [33.8641585, 39.0624843], [33.8467177, 39.0680724], [33.823471, 39.067847], [33.8022057, 39.0637404], [33.7756953, 39.0692109], [33.7579396, 39.0764487], [33.7455901, 39.1015468], [33.7400317, 39.1054469], [33.7075812, 39.1203209], [33.6816376, 39.1431606], [33.6561373, 39.158611], [33.5584567, 39.2083192], [33.5451742, 39.2243847], [33.5216255, 39.2667724], [33.5178055, 39.2782143], [33.5101031, 39.2851541], [33.5070562, 39.2903689], [33.5041809, 39.2904353], [33.4984302, 39.2949855], [33.4901905, 39.2965133], [33.4862851, 39.2942881], [33.4796333, 39.2955169], [33.4727668, 39.3009966], [33.4616088, 39.302491], [33.4568023, 39.3141794], [33.4510945, 39.3154743], [33.4489059, 39.3189937], [33.4435843, 39.3206869], [33.4484338, 39.3302478], [33.4513706, 39.3309213], [33.4599354, 39.3271652], [33.4633047, 39.3280084], [33.4635703, 39.3338454], [33.4711741, 39.340425], [33.4702112, 39.3421907], [33.4630183, 39.3439515], [33.4589956, 39.3476994], [33.4557191, 39.3533046], [33.4578473, 39.3589549], [33.4545502, 39.3597405], [33.4499879, 39.3570333], [33.4441702, 39.357795], [33.4418537, 39.3587018], [33.4415992, 39.3653238], [33.433803, 39.366902], [33.4318346, 39.3763835], [33.421641, 39.3855484], [33.4215259, 39.3999894], [33.4203672, 39.4013822], [33.4162044, 39.4010506], [33.406763, 39.3967394], [33.3851551, 39.4107331], [33.3835244, 39.4182262], [33.3871721, 39.4216741], [33.3907555, 39.4215415], [33.396635, 39.4257848], [33.3931159, 39.4325968], [33.3874511, 39.4374526], [33.3953476, 39.4596557], [33.3940172, 39.4646752], [33.3921504, 39.4668122], [33.3668411, 39.4660641], [33.3663207, 39.4641783], [33.3628339, 39.4666631], [33.3557045, 39.4673961], [33.3531457, 39.4670275], [33.3535507, 39.4628064], [33.3468103, 39.4637455], [33.3449221, 39.4702908], [33.3467674, 39.4744938], [33.3465099, 39.4813218], [33.3523463, 39.4846341], [33.3538591, 39.4881532], [33.3513233, 39.4926691], [33.3373565, 39.4966479], [33.3348485, 39.4998139], [33.3368673, 39.5047245], [33.3330785, 39.5041202], [33.3187619, 39.5076955], [33.3214418, 39.5109951], [33.3227693, 39.5093292], [33.3226405, 39.5116857], [33.3260538, 39.5132246], [33.3293757, 39.5125792], [33.3281884, 39.5117752], [33.3290619, 39.510744], [33.3321852, 39.5095436], [33.3374153, 39.5094477], [33.3410891, 39.5060186], [33.3440738, 39.5066251], [33.3441783, 39.5093099], [33.3401938, 39.5099017], [33.3405849, 39.5121906], [33.3333165, 39.5119894], [33.3274618, 39.515698], [33.3214052, 39.5141539], [33.3186679, 39.5198648], [33.31438, 39.5223747], [33.3231217, 39.5341917], [33.3179607, 39.5344774], [33.3173051, 39.5390442], [33.3104373, 39.5409656], [33.3156659, 39.5443597], [33.315092, 39.5457824], [33.317955, 39.5459742], [33.3206463, 39.5507288], [33.3191528, 39.5513601], [33.3201998, 39.5522342], [33.3190725, 39.5543472], [33.3218294, 39.5554938], [33.3163731, 39.5607655], [33.3160209, 39.5632759], [33.3132134, 39.5629608], [33.3129639, 39.5636814], [33.3151444, 39.5639302], [33.3146106, 39.565239], [33.3178936, 39.5669624], [33.3173508, 39.5685162], [33.3193854, 39.5712219], [33.3171924, 39.573234], [33.317355, 39.5753986], [33.3226638, 39.5761587], [33.322139, 39.5782064], [33.3237479, 39.5786602], [33.3119937, 39.5896512], [33.3166454, 39.5927566], [33.3176517, 39.5952692], [33.3153719, 39.5965093], [33.3208758, 39.59587], [33.3148646, 39.6000414], [33.3166482, 39.600982], [33.3169518, 39.6043942], [33.3138676, 39.606832], [33.3178046, 39.6062033], [33.3168218, 39.6072842], [33.3195311, 39.608481], [33.3184911, 39.6106035], [33.3246099, 39.617451], [33.3244564, 39.6205184], [33.3256216, 39.6206042], [33.3241148, 39.6227409], [33.3273714, 39.6242805], [33.3255578, 39.6260876], [33.3279168, 39.6293167], [33.3180249, 39.6333078], [33.3180141, 39.6361667], [33.3156108, 39.6376208], [33.31501, 39.6442964], [33.3097743, 39.6474687], [33.3097743, 39.6503765], [33.3063411, 39.6537468], [33.2932948, 39.6569187], [33.2850551, 39.6692744], [33.2762145, 39.676079], [33.2566451, 39.6769378], [33.2551002, 39.6747578], [33.2558726, 39.6646495], [33.2527827, 39.6594296], [33.2483195, 39.6559936], [33.248577, 39.6486583], [33.2381057, 39.6443625], [33.2312392, 39.6432389], [33.2058333, 39.6455521], [33.1883239, 39.6532181], [33.1860925, 39.6596845], [33.1922287, 39.6646656], [33.1925766, 39.6750185], [33.2003451, 39.6776957], [33.2098528, 39.6880467], [33.2291815, 39.6952076], [33.2300376, 39.7075829], [33.2263469, 39.7094978], [33.2243728, 39.7154401], [33.2268619, 39.7226363], [33.230205, 39.7249774], [33.235329, 39.7237579], [33.2391284, 39.7138947], [33.2373237, 39.7105701], [33.2403157, 39.7105335], [33.2430702, 39.7140043], [33.2559664, 39.7123155], [33.2553064, 39.716076], [33.2584602, 39.7209991], [33.2631909, 39.720785], [33.2655098, 39.7249943], [33.2617067, 39.7314863], [33.2642112, 39.7385481], [33.268252, 39.7399025], [33.2702231, 39.7366927], [33.2788033, 39.7363361], [33.2840209, 39.738476], [33.2858761, 39.745965], [33.2836731, 39.7479263], [33.2859332, 39.760436], [33.2826486, 39.7614829], [33.2773515, 39.7531431], [33.2663364, 39.7465463], [33.265061, 39.747527], [33.2672275, 39.762998], [33.2765117, 39.7666096], [33.276594, 39.7730431], [33.2793767, 39.7747363], [33.2769906, 39.7918788], [33.2841644, 39.8028562], [33.285208, 39.8090021], [33.2903966, 39.8109393], [33.2890816, 39.8125995], [33.293948, 39.8151086], [33.2948813, 39.8189489], [33.2981673, 39.821028], [33.2863425, 39.8250836], [33.2844543, 39.8282476], [33.2811927, 39.8296977], [33.2711505, 39.8298295], [33.2633399, 39.8329274], [33.2603358, 39.8420884], [33.2572459, 39.8439995], [33.2581042, 39.8539497], [33.2672881, 39.8506551], [33.2682323, 39.8480193], [33.2761287, 39.8455152], [33.2813644, 39.8447903], [33.2807635, 39.8490077], [33.2840251, 39.8496008], [33.2985477, 39.8450056], [33.3046807, 39.8525803], [33.3023475, 39.8567766], [33.2934814, 39.8619961], [33.2940813, 39.8633776], [33.3002143, 39.8647592], [33.311747, 39.8755547], [33.3112803, 39.8818982], [33.307031, 39.883638], [33.3036708, 39.8884855], [33.3067231, 39.9001888], [33.314746, 39.900644], [33.3220522, 39.9050216], [33.3223189, 39.9068216], [33.3283985, 39.9091124], [33.33149, 39.9138307], [33.3399867, 39.9130281], [33.3391284, 39.9167805], [33.3457374, 39.9186237], [33.3556937, 39.9175046], [33.3666801, 39.9236923], [33.3766364, 39.9260619], [33.3829021, 39.9517274], [33.3896827, 39.9633724], [33.3895758, 39.9688479], [33.3997355, 39.9642888], [33.4034793, 39.9646658], [33.4143505, 39.9518489], [33.4189828, 39.9489376], [33.434312, 39.9604195], [33.4358896, 39.9638389], [33.4354604, 39.9691972], [33.4299373, 39.9744892], [33.4303283, 39.9774279], [33.4428651, 39.9777244], [33.4469921, 39.9825861], [33.4460649, 39.9876802], [33.4542603, 39.9889543], [33.4576824, 39.986453], [33.4613278, 39.9868927], [33.4660439, 39.9829885], [33.4699344, 39.9767255], [33.4764459, 39.9756127], [33.4817372, 39.9767799], [33.4852876, 39.9741621], [33.5028187, 39.9768245], [33.5044768, 39.9780186], [33.4942161, 39.9824539], [33.4927594, 39.9858385], [33.4793069, 39.9919547], [33.4864256, 39.9960339], [33.4888589, 39.9955802], [33.4927981, 39.9995025], [33.5006634, 40.0028312], [33.5085849, 40.0134452], [33.5083556, 40.0183953], [33.5019504, 40.0217924], [33.5030635, 40.0253313], [33.507459, 40.025193], [33.5156507, 40.028983], [33.5250441, 40.0283789], [33.5433579, 40.0407213], [33.5430744, 40.045986], [33.547277, 40.0486276], [33.5451818, 40.0593251], [33.5536609, 40.063315], [33.5546345, 40.0681252], [33.5592684, 40.0716996], [33.5484601, 40.073284], [33.5449107, 40.076877], [33.5452013, 40.0823077], [33.5530755, 40.0835305], [33.5591929, 40.0811791], [33.5592392, 40.0786566], [33.5655253, 40.0723509], [33.5710683, 40.071577], [33.567153, 40.0644821], [33.5710191, 40.0653974], [33.5779529, 40.064095], [33.5785555, 40.0682268], [33.5744886, 40.0699371], [33.5792927, 40.0725006], [33.5878724, 40.0703404], [33.5943417, 40.0775009], [33.5998317, 40.0807688], [33.598548, 40.0840081], [33.5947152, 40.0814438], [33.5829016, 40.0800387], [33.5787865, 40.0823674], [33.5780224, 40.0903063], [33.5818943, 40.0939418], [33.5855748, 40.0938572], [33.5962367, 40.1010925], [33.6147899, 40.1038223], [33.6167523, 40.106335], [33.6149867, 40.1228068], [33.611132, 40.1272981], [33.6172866, 40.134145], [33.6193015, 40.13285], [33.6199078, 40.1414747], [33.6302694, 40.1487817], [33.6306549, 40.1507247], [33.6369876, 40.1506411], [33.6367892, 40.1605092], [33.6446209, 40.1694994], [33.6446408, 40.1756405], [33.6469975, 40.1757645], [33.648556, 40.1778344], [33.6477729, 40.1797087], [33.6506907, 40.1823422], [33.6435953, 40.1856386], [33.644439, 40.1916415], [33.641332, 40.198354], [33.632165, 40.2005623], [33.6282412, 40.2065027], [33.6210117, 40.2109461], [33.596897, 40.2160538], [33.6031992, 40.2193895], [33.6059993, 40.2230188], [33.6056399, 40.2328877], [33.6227595, 40.2457664], [33.6218833, 40.2479191], [33.6108647, 40.2556044], [33.6096062, 40.2583974], [33.6211101, 40.2627408], [33.6198422, 40.2672885], [33.6280825, 40.2777445], [33.626915, 40.2802724], [33.6281604, 40.2852784], [33.6302898, 40.2856053], [33.6368436, 40.2804132], [33.64438, 40.2804705], [33.6462489, 40.2880818], [33.6450437, 40.2899512], [33.6483443, 40.2952806], [33.6467161, 40.2989309], [33.6225564, 40.3092929], [33.6156355, 40.3138809], [33.6107309, 40.3195344], [33.6117907, 40.3219525], [33.5997126, 40.3230374], [33.6001146, 40.3268275], [33.5959262, 40.3286604], [33.606058, 40.3338432], [33.6055226, 40.3422467], [33.6088144, 40.3424225], [33.6092906, 40.3455466], [33.6079524, 40.3487451], [33.6028018, 40.3488565], [33.6077347, 40.3496406], [33.6077578, 40.3505609], [33.6017143, 40.3497979], [33.6006918, 40.3520041], [33.6075964, 40.3510153], [33.6070245, 40.3525473], [33.6010339, 40.3536294], [33.5987354, 40.3483869], [33.5907009, 40.3502111], [33.588019, 40.3528774], [33.5868914, 40.351444], [33.5758358, 40.3528176], [33.5739328, 40.3514389], [33.564831, 40.3561695], [33.5628883, 40.3539952], [33.5642156, 40.3512608], [33.5583555, 40.3499494], [33.559586, 40.348484], [33.5523284, 40.3492961], [33.5519557, 40.3433194], [33.5344603, 40.3292324], [33.5289693, 40.3293349], [33.5254791, 40.3251043], [33.5182067, 40.3263215], [33.5175565, 40.3230443], [33.5136345, 40.3238326], [33.5078192, 40.3200847], [33.5031966, 40.3215291], [33.5006656, 40.3196589], [33.4937839, 40.3194579], [33.4878342, 40.3229287], [33.493846, 40.3319664], [33.4932336, 40.336971], [33.4896841, 40.3425491], [33.4874255, 40.3432764], [33.4758378, 40.3388633], [33.4656225, 40.3389779], [33.4670981, 40.3398159], [33.4523428, 40.3438767], [33.45115, 40.3467219], [33.4523454, 40.3475448], [33.4492932, 40.3499599], [33.4446299, 40.3514117], [33.4383826, 40.3505977], [33.4371168, 40.3556251], [33.4351347, 40.356526], [33.4316368, 40.3553297], [33.4284793, 40.3571937], [33.4279696, 40.3603784], [33.43599, 40.3671067], [33.4364263, 40.371898], [33.4385267, 40.3747793], [33.4348338, 40.3752391], [33.4324842, 40.3785258], [33.4296172, 40.3768533], [33.4262296, 40.379262], [33.4247542, 40.3854259], [33.4224663, 40.385819], [33.4193814, 40.3919532], [33.409819, 40.3865265], [33.4019355, 40.3864094], [33.3939197, 40.3931811], [33.388153, 40.3915917], [33.3846698, 40.3930265], [33.3780938, 40.3890052], [33.3682528, 40.3952259], [33.3650253, 40.3942391], [33.3667894, 40.3923885], [33.3644227, 40.390607], [33.3613949, 40.390985], [33.3611811, 40.3932855], [33.3568508, 40.3947295], [33.3554849, 40.3980703], [33.351339, 40.3969254], [33.3494352, 40.400986], [33.341592, 40.4011208], [33.3391888, 40.4040503], [33.3219316, 40.4082377], [33.3172614, 40.4112439], [33.3140536, 40.4083076], [33.3136732, 40.4024187], [33.3172564, 40.401863], [33.314658, 40.3990257], [33.3153359, 40.394875], [33.3140215, 40.3945923], [33.3155637, 40.3914753], [33.3126671, 40.3885127], [33.3189846, 40.3798527], [33.3182759, 40.3771621], [33.3235172, 40.3744799], [33.3211656, 40.3727215], [33.3226501, 40.3697247], [33.3248835, 40.3694359], [33.3238069, 40.3689404], [33.3278287, 40.3623726], [33.3277363, 40.3588488], [33.3306176, 40.3575858], [33.3336885, 40.3614161], [33.3434869, 40.3595749], [33.3468944, 40.3519779], [33.3393516, 40.3453168], [33.3369471, 40.3400209], [33.3395394, 40.3338734], [33.3285454, 40.3362687], [33.326629, 40.3354979], [33.3241776, 40.3375431], [33.3143299, 40.3399063], [33.3017524, 40.3357928], [33.2949553, 40.3291617], [33.2861617, 40.3281183], [33.2827735, 40.3244768], [33.2654239, 40.3201213], [33.2662264, 40.3228112], [33.2608398, 40.3261043], [33.2591326, 40.3292752], [33.2415498, 40.3401653], [33.2404629, 40.3416854], [33.2415953, 40.3424846], [33.2445847, 40.341739], [33.2438912, 40.3445407], [33.2339154, 40.3485924], [33.2370462, 40.3512839], [33.236876, 40.3489894], [33.2380991, 40.3489219], [33.2420649, 40.3511376], [33.2373129, 40.3532026], [33.2361228, 40.3556895], [33.2408934, 40.354916], [33.2380803, 40.3562715], [33.2366332, 40.3598425], [33.2260469, 40.360817], [33.2201378, 40.3634887], [33.2135679, 40.3729656], [33.2054867, 40.3795461], [33.2057954, 40.3822431], [33.2086427, 40.384526], [33.2138467, 40.384896], [33.2164858, 40.3877251], [33.2126777, 40.3941084], [33.214391, 40.4070072], [33.2110883, 40.4128364], [33.2114666, 40.4151248], [33.2024062, 40.4146009], [33.1985777, 40.4158905], [33.1951113, 40.4201466], [33.1864821, 40.4234003], [33.1807134, 40.4279675], [33.179792, 40.4332429], [33.1716241, 40.4382831], [33.1721183, 40.4415066], [33.1672753, 40.4447061], [33.1642906, 40.4516417], [33.1555511, 40.4574936], [33.1540444, 40.4618807], [33.1558923, 40.464032], [33.1537431, 40.4664772], [33.14681, 40.4696888], [33.1443317, 40.4684379], [33.1448828, 40.4658691], [33.1402279, 40.467853], [33.1372807, 40.4642154], [33.1353203, 40.4643561], [33.1331662, 40.4661883], [33.141247, 40.4727013], [33.130238, 40.4807732], [33.1305435, 40.4757772], [33.1243861, 40.4743476], [33.1187522, 40.4707291], [33.1151629, 40.4716833], [33.107336, 40.4697365], [33.1036, 40.464926], [33.0779639, 40.4633487], [33.0678627, 40.4572873], [33.056707, 40.4575641], [33.0531628, 40.4613216], [33.0366489, 40.4657406], [33.0363133, 40.4677606], [33.0260115, 40.4712527], [33.0185345, 40.4661171], [32.9996362, 40.4614606], [32.9899527, 40.4632519], [32.9835729, 40.4700628], [32.9839681, 40.4755698], [32.9780515, 40.4847287], [32.9814732, 40.4872222], [32.9784284, 40.4941691], [32.9749166, 40.4974505], [32.9874953, 40.5061661], [32.9925392, 40.5053548], [32.9924502, 40.5074031], [32.9918477, 40.5092506], [32.9778529, 40.5187538], [32.9710304, 40.5258168], [32.9704397, 40.5377614], [32.9683055, 40.5373808], [32.9668114, 40.5402067], [32.9665897, 40.542915], [32.9691839, 40.5459072], [32.9669286, 40.5466751], [32.9619026, 40.5416899], [32.9602027, 40.5433188], [32.9527174, 40.5400117], [32.9495759, 40.541693], [32.9482375, 40.5368304], [32.9441616, 40.5350003], [32.9454313, 40.5282722], [32.9377395, 40.5236266], [32.9303475, 40.5225476], [32.9253256, 40.5249085], [32.9206009, 40.5188206], [32.9101881, 40.5158663], [32.9049607, 40.5175945], [32.8963157, 40.5146985], [32.8915739, 40.5179444], [32.8815023, 40.5187139], [32.8813317, 40.5214458], [32.8854433, 40.5259516], [32.8810897, 40.5383725], [32.8802411, 40.5485347], [32.8816277, 40.560349], [32.8970342, 40.5636853], [32.9007081, 40.5659631], [32.8980458, 40.5758147], [32.9052406, 40.5874181], [32.9070946, 40.5886239], [32.9193658, 40.5877735], [32.9217921, 40.5899988], [32.9215454, 40.5920647], [32.9179995, 40.5937715], [32.9180693, 40.5961707], [32.9163473, 40.5972705], [32.9145449, 40.5977064], [32.9142478, 40.593896], [32.9122041, 40.5922665], [32.90552, 40.5937718], [32.9036381, 40.5973437], [32.8978483, 40.5985105], [32.8964708, 40.6003315], [32.8863427, 40.6020467], [32.8919777, 40.6138682], [32.8916718, 40.6193248], [32.8937582, 40.6248277], [32.8989024, 40.6291563], [32.8993958, 40.6313181], [32.8989888, 40.6390621], [32.8952933, 40.6452304], [32.8747236, 40.6415951], [32.8655718, 40.6462482], [32.823694, 40.658708], [32.7982371, 40.66076], [32.7924057, 40.6627931], [32.7824039, 40.6621702], [32.778507, 40.6667936], [32.7652944, 40.6765871], [32.7574858, 40.6794378], [32.7541812, 40.6825869], [32.7404055, 40.6869903], [32.7374753, 40.691825], [32.7210763, 40.699204], [32.7217798, 40.7015625], [32.7102378, 40.7102453], [32.7135644, 40.7153145], [32.7113769, 40.7185765], [32.7161905, 40.7239941], [32.7129976, 40.7261772], [32.7044451, 40.7410233], [32.6959503, 40.7482556], [32.6848594, 40.7534032], [32.6716184, 40.7562828], [32.6644723, 40.7532498], [32.6605289, 40.7489629], [32.6227855, 40.7494028], [32.6222705, 40.7466067], [32.6141712, 40.7419611], [32.6093842, 40.7451074], [32.6018186, 40.7453986], [32.5932566, 40.7488353], [32.5905576, 40.7468307], [32.5897149, 40.7429534], [32.5836638, 40.7439939], [32.5788359, 40.7382061], [32.565451, 40.741535], [32.54385, 40.736567], [32.527731, 40.735996], [32.513609, 40.729665], [32.500084, 40.708889], [32.492726, 40.707776], [32.494008, 40.704187], [32.498111, 40.701652], [32.499313, 40.698659], [32.5059, 40.696565], [32.503511, 40.684085], [32.49952, 40.674029], [32.476685, 40.67595], [32.463681, 40.681744], [32.462722, 40.684706], [32.452326, 40.684023], [32.449365, 40.686105], [32.438293, 40.684706], [32.434902, 40.688351], [32.429237, 40.685585], [32.431684, 40.679987], [32.430353, 40.674747], [32.43419, 40.669474], [32.428851, 40.661108], [32.418594, 40.660099], [32.418766, 40.650267], [32.4170923, 40.6431356], [32.4208259, 40.6329425], [32.436146, 40.624724], [32.441159, 40.624997], [32.4377841, 40.6234386], [32.433322, 40.617866], [32.439629, 40.615295], [32.440236, 40.61294], [32.437268, 40.611494], [32.4364317, 40.6080758], [32.4312151, 40.6062606], [32.437399, 40.598643], [32.4318551, 40.5942865], [32.4319275, 40.5911138], [32.4376513, 40.5907012], [32.4482656, 40.5812097], [32.4550279, 40.5793938], [32.4606551, 40.5834108], [32.4645434, 40.5834475], [32.4604377, 40.575505], [32.4539532, 40.5718545], [32.4531441, 40.5652684], [32.451433, 40.564468], [32.450531, 40.561079], [32.4464543, 40.5619292], [32.4441117, 40.5601128], [32.4358158, 40.5593605], [32.430937, 40.5561], [32.430276, 40.553892], [32.4225449, 40.5557642], [32.415371, 40.554724], [32.4120996, 40.5497086], [32.39733, 40.546499], [32.3865721, 40.5518373], [32.36186, 40.540743], [32.36009, 40.551851], [32.3629, 40.554506], [32.36186, 40.557798], [32.364527, 40.563173], [32.364104, 40.565907], [32.359242, 40.56973], [32.3701373, 40.5744228], [32.3741464, 40.5811364], [32.3748709, 40.5861803], [32.3676256, 40.5887663], [32.365829, 40.592821], [32.3578204, 40.5957903], [32.3439577, 40.5941948], [32.3430883, 40.5914623], [32.33558, 40.584942], [32.330146, 40.584497], [32.3277524, 40.5900134], [32.3234536, 40.5926543], [32.318277, 40.588534], [32.3094219, 40.5883995], [32.300663, 40.581562], [32.295942, 40.575369], [32.2959698, 40.568002], [32.2891351, 40.56747], [32.2695245, 40.5699099], [32.2554687, 40.5632502], [32.2543698, 40.5619476], [32.2558309, 40.5548926], [32.2535124, 40.5502316], [32.2538385, 40.5461393], [32.2524739, 40.5452859], [32.2330445, 40.5441481], [32.2172377, 40.5538466], [32.2115864, 40.5507546], [32.1986777, 40.5474423], [32.1820498, 40.545396], [32.1571985, 40.5488461], [32.1401721, 40.5435241], [32.1306807, 40.5361276], [32.116041, 40.533674], [32.115183, 40.523913], [32.109239, 40.519068], [32.107501, 40.513375], [32.088919, 40.500486], [32.081194, 40.501302], [32.078404, 40.499932], [32.068552, 40.5057594], [32.0613862, 40.5039932], [32.0541625, 40.5043777], [32.0484923, 40.5003068], [32.0426667, 40.5000457], [32.0412611, 40.5018487], [32.0429456, 40.5049324], [32.028837, 40.507045], [32.030082, 40.504794], [32.029009, 40.501792], [32.024417, 40.502412], [32.021198, 40.496962], [32.012444, 40.490794], [31.9974339, 40.4866648], [31.992531, 40.482797], [31.998196, 40.478847], [31.997981, 40.473722], [31.999869, 40.469021], [32.001672, 40.469249], [32.003646, 40.472645], [32.009997, 40.473983], [32.018237, 40.471829], [32.027249, 40.467715], [32.029138, 40.464385], [32.031884, 40.464189], [32.030554, 40.444694], [32.019911, 40.431563], [32.022786, 40.419312], [32.03227, 40.417744], [32.034459, 40.413627], [32.024202, 40.401634], [32.012658, 40.391273], [32.014589, 40.387253], [32.012293, 40.384507], [32.011735, 40.379342], [31.980643, 40.364858], [31.972146, 40.365839], [31.969399, 40.364793], [31.967425, 40.362634], [31.964722, 40.353282], [31.956139, 40.352202], [31.938243, 40.343797], [31.931763, 40.345661], [31.930647, 40.34692], [31.93158, 40.348392], [31.921721, 40.347885], [31.916571, 40.34589], [31.91524, 40.343927], [31.921549, 40.341801], [31.922708, 40.338988], [31.920304, 40.335684], [31.916013, 40.333722], [31.912794, 40.336011], [31.914124, 40.338857], [31.908803, 40.341474], [31.90537, 40.338759], [31.891508, 40.336797], [31.892238, 40.327342], [31.885178, 40.322246], [31.876745, 40.321126], [31.8735718, 40.317886], [31.8649674, 40.3142133], [31.8644174, 40.3105524], [31.8560707, 40.309378], [31.8540751, 40.305095], [31.844859, 40.3035936], [31.845492, 40.3046163], [31.839618, 40.3103967], [31.8356966, 40.3110226], [31.8280898, 40.3085109], [31.8055272, 40.3149575], [31.80233, 40.321894], [31.794165, 40.320986], [31.778169, 40.326131], [31.762891, 40.333198], [31.747613, 40.330515], [31.726198, 40.318279], [31.702487, 40.308953], [31.6991615, 40.3089854], [31.6971016, 40.311947], [31.6950416, 40.3118161], [31.6825102, 40.3066939], [31.6541901, 40.3003337], [31.639374, 40.2887797], [31.625542, 40.2837134], [31.6044568, 40.2728701], [31.590315, 40.2692435], [31.5888206, 40.2728154], [31.5763189, 40.2758588], [31.5517894, 40.2856998], [31.5461946, 40.2939188], [31.5376476, 40.297509], [31.5221025, 40.2978917], [31.5168904, 40.3048532], [31.5096008, 40.307842], [31.4962973, 40.3025388], [31.4894284, 40.3045733], [31.4767976, 40.3023748], [31.4567877, 40.2970169], [31.4535802, 40.2947025], [31.452013, 40.2955408], [31.4506826, 40.2932263], [31.4403861, 40.2930259], [31.4295974, 40.2882512], [31.4194193, 40.2886794], [31.4033184, 40.3041425], [31.4010769, 40.3112681], [31.41695, 40.3177376], [31.4380716, 40.3304215], [31.440058, 40.3274692], [31.4366775, 40.3262391], [31.4361359, 40.3236111], [31.4400137, 40.3234482], [31.4459716, 40.3279228], [31.4485144, 40.3278328], [31.4498534, 40.3322895], [31.4471518, 40.332045], [31.4451607, 40.3424494], [31.4408576, 40.3447404], [31.4466676, 40.3541144], [31.4481536, 40.3611655], [31.4376889, 40.3617941], [31.4358209, 40.3628785], [31.4373335, 40.3642453], [31.4361945, 40.3655847], [31.4267454, 40.3646462], [31.4254424, 40.3662681], [31.4088821, 40.3706208], [31.3949454, 40.3680296], [31.3856563, 40.3716146], [31.3793671, 40.3705064], [31.3826394, 40.3656263], [31.3826159, 40.3626416], [31.3728326, 40.3501097], [31.345565, 40.341461], [31.339016, 40.345334], [31.336741, 40.350796], [31.337385, 40.353314], [31.32421, 40.353805], [31.313943, 40.343167], [31.312065, 40.330286], [31.305113, 40.330875], [31.283333, 40.337524], [31.281198, 40.336747], [31.279031, 40.338498], [31.278248, 40.342619], [31.264858, 40.342913], [31.250739, 40.338792], [31.239784, 40.33987], [31.226578, 40.335521], [31.22087, 40.338399], [31.205163, 40.340199], [31.2026202, 40.343764], [31.2046801, 40.347231], [31.2007963, 40.349267], [31.2000346, 40.353576], [31.182418, 40.350142], [31.167355, 40.35024], [31.160682, 40.352166], [31.143279, 40.351744], [31.121331, 40.356168], [31.103582, 40.355832], [31.069078, 40.349619], [31.067061, 40.347787], [31.065345, 40.338694], [31.06719, 40.336502], [31.062577, 40.334163], [31.065431, 40.330744], [31.068134, 40.330385], [31.067405, 40.326917], [31.064615, 40.324038], [31.064916, 40.32178], [31.058618, 40.318451], [31.060206, 40.315816], [31.065055, 40.314049], [31.066148, 40.311621], [31.060667, 40.306204], [31.056376, 40.293504], [31.056204, 40.28221], [31.05453, 40.280442], [31.060109, 40.278151], [31.060967, 40.276055], [31.055442, 40.270702], [31.055818, 40.269343], [31.06694, 40.268465], [31.065777, 40.261796], [31.069854, 40.260453], [31.074271, 40.261385], [31.071911, 40.257816], [31.0764599, 40.2500859], [31.0702693, 40.2466794], [31.0652375, 40.2391779], [31.0655165, 40.2360656], [31.0682416, 40.2342146], [31.0694861, 40.2309219], [31.073327, 40.2290216], [31.0703444, 40.22604], [31.0635209, 40.2220588], [31.0515046, 40.2213051], [31.0443377, 40.2174384], [30.98166, 40.21113], [30.975995, 40.211031], [30.970201, 40.213948], [30.966167, 40.214178], [30.959773, 40.211458], [30.95472, 40.212129], [30.949388, 40.208852], [30.948529, 40.204214], [30.950093, 40.192681], [30.943294, 40.180709], [30.925484, 40.177595], [30.918789, 40.17989], [30.912781, 40.179529], [30.9066231, 40.183536], [30.8954336, 40.1842285], [30.8925542, 40.1819323], [30.8913878, 40.177677], [30.8812644, 40.176866], [30.8749224, 40.1787886], [30.8701933, 40.1769025], [30.8678424, 40.1726016], [30.8617738, 40.1722189], [30.8586401, 40.1667598], [30.8457367, 40.1613392], [30.8418914, 40.1563822], [30.8403242, 40.1486188], [30.8343831, 40.1442268]]]}}, {"type": "Feature", "properties": {"slug": "antwerp", "name": "Antwerp", "osmType": "relation", "osmId": 59518, "source": "OpenStreetMap via Nominatim", "licence": "ODbL 1.0", "simplifiedDegrees": 0.001}, "geometry": {"type": "Polygon", "coordinates": [[[4.2175769, 51.3738851], [4.2220663, 51.3645103], [4.2267461, 51.3597586], [4.242049, 51.3539671], [4.2619261, 51.3413616], [4.2709097, 51.3315933], [4.2756733, 51.3098688], [4.2814445, 51.3017444], [4.3076674, 51.2930493], [4.3173013, 51.2882593], [4.3194996, 51.2856316], [4.3170349, 51.2775729], [4.3008128, 51.2623846], [4.3015275, 51.2576856], [4.306453, 51.2549354], [4.330881, 51.2501197], [4.352007, 51.2400916], [4.3430877, 51.2349413], [4.338121, 51.2298266], [4.3413661, 51.2299644], [4.342334, 51.2254189], [4.3473268, 51.2191273], [4.3472924, 51.2166093], [4.3448034, 51.2157921], [4.3500535, 51.2124273], [4.3569155, 51.2019092], [4.3441697, 51.1985748], [4.3326483, 51.1904683], [4.3279872, 51.1781832], [4.3297731, 51.1616734], [4.3340183, 51.161618], [4.3360162, 51.1596408], [4.3489123, 51.1557069], [4.3539526, 51.1477961], [4.3604407, 51.1480446], [4.3623222, 51.1495505], [4.3691948, 51.1432868], [4.3800956, 51.1475579], [4.3848445, 51.14778], [4.3869728, 51.1496325], [4.3931633, 51.1473914], [4.3936702, 51.1494704], [4.3997219, 51.1510752], [4.3969953, 51.1538202], [4.3980879, 51.1546546], [4.4050782, 51.1566396], [4.4162622, 51.1629286], [4.4169827, 51.1670706], [4.4229032, 51.1680642], [4.4264649, 51.1706036], [4.4319937, 51.1703094], [4.4313375, 51.1717407], [4.4351495, 51.17397], [4.4329526, 51.1769908], [4.4349998, 51.1779223], [4.4363235, 51.1767032], [4.4421563, 51.1794644], [4.4443998, 51.1831298], [4.4440307, 51.1869495], [4.4463667, 51.1895034], [4.4491993, 51.1894352], [4.4501347, 51.185913], [4.4551062, 51.1844293], [4.4592025, 51.1849294], [4.4626906, 51.188125], [4.4683301, 51.1859118], [4.4766908, 51.1879883], [4.4839321, 51.1805942], [4.5067781, 51.1853902], [4.5090251, 51.1900944], [4.5021142, 51.1888002], [4.5024009, 51.1917089], [4.4998111, 51.1917278], [4.4998842, 51.1958901], [4.4822995, 51.2038058], [4.4854927, 51.2066445], [4.4849995, 51.2093293], [4.4831071, 51.210232], [4.4847382, 51.2129289], [4.4838045, 51.2135279], [4.495567, 51.2163428], [4.4953489, 51.2197626], [4.4979684, 51.2213049], [4.4963515, 51.2276348], [4.483943, 51.2255647], [4.4874203, 51.2345619], [4.4823575, 51.2377266], [4.4731523, 51.2369584], [4.4666422, 51.2386302], [4.4605062, 51.2375599], [4.4574517, 51.2382564], [4.4548997, 51.2422546], [4.4560413, 51.2456856], [4.4662386, 51.2500396], [4.463752, 51.2538899], [4.4629241, 51.2668634], [4.4402386, 51.2975978], [4.4325578, 51.2940447], [4.4283915, 51.2947184], [4.4244131, 51.2926852], [4.4228187, 51.2996865], [4.4209797, 51.2994099], [4.4169275, 51.3067601], [4.4100069, 51.3030729], [4.410489, 51.3021321], [4.3974501, 51.2970851], [4.3597902, 51.3102309], [4.3519874, 51.3187342], [4.3503775, 51.3255013], [4.3472537, 51.3302987], [4.3392627, 51.3357369], [4.3261722, 51.3358431], [4.3675722, 51.3568667], [4.3507932, 51.3586712], [4.3411159, 51.3576037], [4.3345089, 51.3776356], [4.2175769, 51.3738851]]]}}, {"type": "Feature", "properties": {"slug": "athens", "name": "Athens", "osmType": "relation", "osmId": 1370736, "source": "OpenStreetMap via Nominatim", "licence": "ODbL 1.0", "simplifiedDegrees": 0.001}, "geometry": {"type": "Polygon", "coordinates": [[[23.6870046, 37.9784388], [23.6963029, 37.97572], [23.7043429, 37.97529], [23.7037746, 37.9737878], [23.7056803, 37.9721976], [23.699466, 37.9688561], [23.7081152, 37.9634457], [23.7146495, 37.9639398], [23.716887, 37.9627463], [23.7202631, 37.9594807], [23.714865, 37.9552878], [23.7229404, 37.9488434], [23.7265596, 37.9526362], [23.7335298, 37.9557918], [23.7469257, 37.9567016], [23.7477155, 37.9574213], [23.7445658, 37.9609276], [23.7557821, 37.9658613], [23.7502421, 37.9735671], [23.7598475, 37.9715907], [23.7645538, 37.9687671], [23.766833, 37.9718751], [23.7579968, 37.9751223], [23.7589254, 37.9772918], [23.7566796, 37.9792881], [23.7708488, 37.9846896], [23.7800797, 37.9821157], [23.7829416, 37.983898], [23.7820862, 37.9850896], [23.7865474, 37.9871112], [23.7855821, 37.9904753], [23.7904386, 37.9913093], [23.7837779, 37.9986111], [23.7872491, 38.0009259], [23.7823471, 38.0033934], [23.7783832, 37.9982223], [23.7749106, 38.0006714], [23.7692828, 37.998108], [23.7613543, 38.0044237], [23.7547242, 38.0059312], [23.7515912, 38.0092972], [23.7432157, 38.0081947], [23.7454654, 38.0185199], [23.7528235, 38.0279411], [23.7402617, 38.03276], [23.7363386, 38.0274942], [23.7302464, 38.0254027], [23.719891, 38.0164081], [23.7171448, 38.0097608], [23.6928288, 37.994835], [23.6975826, 37.9929715], [23.6930841, 37.9850532], [23.6870046, 37.9784388]]]}}, {"type": "Feature", "properties": {"slug": "barcelona", "name": "Barcelona", "osmType": "relation", "osmId": 347950, "source": "OpenStreetMap via Nominatim", "licence": "ODbL 1.0", "simplifiedDegrees": 0.001}, "geometry": {"type": "MultiPolygon", "coordinates": [[[[2.0524977, 41.4241586], [2.0564178, 41.421348], [2.0568524, 41.4158638], [2.0547371, 41.4140393], [2.056562, 41.4105916], [2.0587752, 41.4109082], [2.0585081, 41.4128557], [2.0636182, 41.4135126], [2.0649601, 41.4163075], [2.0640601, 41.4181118], [2.0708402, 41.4185506], [2.0695911, 41.4250792], [2.0668385, 41.4264433], [2.0675827, 41.4295436], [2.0643757, 41.4299913], [2.0631181, 41.4335041], [2.0578575, 41.4358519], [2.0579748, 41.4264472], [2.0524977, 41.4241586]]], [[[2.0699404, 41.4071652], [2.0724435, 41.4035343], [2.0778699, 41.4030421], [2.0839063, 41.4094373], [2.1001029, 41.4084213], [2.1037164, 41.4032638], [2.0978182, 41.3937665], [2.1033829, 41.3845794], [2.1012772, 41.3829386], [2.1028258, 41.380279], [2.1077359, 41.3783252], [2.1095536, 41.3759593], [2.1175638, 41.3757832], [2.1213963, 41.3779436], [2.1218031, 41.3755715], [2.1303486, 41.3698026], [2.1354267, 41.3622557], [2.1320003, 41.3555787], [2.1389866, 41.3467726], [2.1023932, 41.3351454], [2.1125096, 41.3256879], [2.1188194, 41.3228408], [2.1474264, 41.3200041], [2.1526309, 41.3220358], [2.1539693, 41.327683], [2.159123, 41.3271493], [2.1662391, 41.3411711], [2.1594762, 41.3432511], [2.1568434, 41.342293], [2.1488238, 41.3299727], [2.1459056, 41.3309891], [2.1472837, 41.3336998], [2.144278, 41.3347455], [2.1456111, 41.3365517], [2.1495681, 41.3366763], [2.1509158, 41.3464852], [2.1527381, 41.3463372], [2.1533102, 41.3426992], [2.1633454, 41.3486289], [2.1669062, 41.347144], [2.1730549, 41.3565153], [2.1699011, 41.3586476], [2.1709307, 41.3602517], [2.1754746, 41.3586415], [2.1767418, 41.3605565], [2.1734844, 41.3620391], [2.1759898, 41.3653257], [2.1793213, 41.3635605], [2.1807766, 41.3658488], [2.1765256, 41.3671374], [2.1770929, 41.3721396], [2.1821077, 41.3704], [2.1830472, 41.3715837], [2.1779767, 41.374139], [2.1823048, 41.3795522], [2.1832514, 41.3775415], [2.181491, 41.3753559], [2.1830563, 41.3743386], [2.1852192, 41.3767963], [2.1836524, 41.3804926], [2.184664, 41.3807064], [2.1872794, 41.3775567], [2.1849137, 41.3726429], [2.1866613, 41.3748155], [2.1875429, 41.3731555], [2.1847778, 41.3718367], [2.1859995, 41.3712596], [2.1846658, 41.371174], [2.1851472, 41.3681228], [2.185596, 41.3700744], [2.1860502, 41.3700263], [2.1856795, 41.3680409], [2.1859598, 41.3680242], [2.1871992, 41.3700043], [2.1849339, 41.3652546], [2.1866543, 41.364029], [2.187951, 41.3672613], [2.1892317, 41.3665742], [2.1866503, 41.3633849], [2.1853612, 41.3577346], [2.1918919, 41.369846], [2.1895045, 41.3704862], [2.1907294, 41.3749931], [2.1939829, 41.3802549], [2.1973159, 41.3811181], [2.195437, 41.381787], [2.1959158, 41.3831878], [2.1999862, 41.3851923], [2.1983267, 41.3868849], [2.2004383, 41.3883178], [2.2019391, 41.3871842], [2.2001989, 41.3858676], [2.2007974, 41.3854052], [2.2023966, 41.3868553], [2.2027294, 41.3866053], [2.1988498, 41.3836624], [2.200686, 41.3838383], [2.2036206, 41.3874161], [2.2012993, 41.3887936], [2.2020543, 41.3899663], [2.2058995, 41.390486], [2.2045091, 41.3914529], [2.204824, 41.3916826], [2.2061479, 41.3906623], [2.2055488, 41.3917494], [2.2088647, 41.3952648], [2.2118486, 41.3951342], [2.2109934, 41.396579], [2.2137114, 41.3991874], [2.2155645, 41.3986294], [2.2142985, 41.4003766], [2.2166846, 41.4027309], [2.2183391, 41.402101], [2.2169602, 41.4030549], [2.2181483, 41.4043373], [2.2200824, 41.4052571], [2.2219277, 41.4040128], [2.2215372, 41.4055614], [2.2258402, 41.4060382], [2.2247681, 41.4069153], [2.226242, 41.4067991], [2.2272081, 41.4103902], [2.2207503, 41.4125759], [2.2099752, 41.4246294], [2.2061447, 41.4256223], [2.2074462, 41.4280262], [2.2059186, 41.4329591], [2.2105604, 41.4336748], [2.207519, 41.4419043], [2.2009129, 41.4495054], [2.1884979, 41.4596108], [2.1869945, 41.4674574], [2.1786475, 41.4679046], [2.1803656, 41.4645506], [2.1746277, 41.4635235], [2.1658885, 41.4585337], [2.164424, 41.4560698], [2.1656669, 41.4518364], [2.1642089, 41.4499034], [2.1560531, 41.4502703], [2.1523994, 41.4472024], [2.1345555, 41.4474713], [2.129856, 41.443117], [2.1279054, 41.4337147], [2.1207157, 41.4258633], [2.1131419, 41.4286926], [2.1032001, 41.4282259], [2.0960066, 41.4333624], [2.0881597, 41.4281827], [2.0822126, 41.4318315], [2.0804902, 41.4306113], [2.0753077, 41.4330285], [2.0731242, 41.4363213], [2.0711633, 41.4358767], [2.0720531, 41.4313358], [2.0766003, 41.4287488], [2.0731446, 41.4275421], [2.0727269, 41.4251027], [2.0801991, 41.4241328], [2.0799376, 41.422929], [2.075119, 41.4221879], [2.0772655, 41.4187347], [2.0787764, 41.4189379], [2.0794005, 41.4159031], [2.0721272, 41.4109784], [2.0720876, 41.4075565], [2.0699404, 41.4071652]]], [[[2.1693732, 41.3263405], [2.1727995, 41.3170503], [2.1698895, 41.3264313], [2.1754775, 41.3508286], [2.1834675, 41.3632566], [2.1830123, 41.3652225], [2.1719165, 41.3490654], [2.1695084, 41.3381988], [2.1709906, 41.3377959], [2.1699631, 41.3341844], [2.1711678, 41.3339224], [2.1693732, 41.3263405]]], [[[2.2228529, 41.4049663], [2.2223848, 41.403651], [2.2233982, 41.4053255], [2.2228529, 41.4049663]]], [[[2.2269806, 41.4084051], [2.2283555, 41.4084217], [2.2278629, 41.4096128], [2.2275026, 41.4094143], [2.2269806, 41.4084051]]]]}}, {"type": "Feature", "properties": {"slug": "basel", "name": "Basel", "osmType": "relation", "osmId": 1683619, "source": "OpenStreetMap via Nominatim", "licence": "ODbL 1.0", "simplifiedDegrees": 0.001}, "geometry": {"type": "Polygon", "coordinates": [[[7.5546595, 47.5643666], [7.5645847, 47.5570412], [7.5612499, 47.551728], [7.5587589, 47.5523584], [7.5558883, 47.5443407], [7.5647916, 47.5456913], [7.5872696, 47.5419057], [7.5827872, 47.5319839], [7.5894891, 47.527928], [7.5902549, 47.5197945], [7.5947883, 47.5192971], [7.6135826, 47.5391309], [7.6181688, 47.5408057], [7.6223107, 47.5397776], [7.6228873, 47.5499562], [7.6177781, 47.5543252], [7.6176244, 47.5586537], [7.6326022, 47.5615119], [7.6341484, 47.5655498], [7.6313486, 47.5679518], [7.6282522, 47.566434], [7.6249745, 47.5699309], [7.6226915, 47.5696303], [7.6208016, 47.5734142], [7.6270232, 47.577351], [7.6245533, 47.5794211], [7.6191423, 47.5768749], [7.6048885, 47.5778789], [7.6048224, 47.5849348], [7.5890451, 47.5899018], [7.5847394, 47.5808568], [7.5846599, 47.5755212], [7.5664902, 47.5776694], [7.5568956, 47.5724659], [7.5564642, 47.5713871], [7.5593353, 47.5693894], [7.5572997, 47.5650307], [7.5546595, 47.5643666]]]}}, {"type": "Feature", "properties": {"slug": "belfast", "name": "Belfast", "osmType": "relation", "osmId": 19414244, "source": "OpenStreetMap via Nominatim", "licence": "ODbL 1.0", "simplifiedDegrees": 0.001}, "geometry": {"type": "Polygon", "coordinates": [[[-6.0601801, 54.556266], [-6.0575872, 54.554154], [-6.0474587, 54.5512035], [-6.0412092, 54.5467855], [-6.0372216, 54.5484174], [-6.0283726, 54.5473025], [-6.0271912, 54.5456651], [-6.0199848, 54.5478873], [-6.0165696, 54.5508778], [-6.0104367, 54.5475434], [-6.0005135, 54.5453639], [-5.9996985, 54.5406273], [-5.9943504, 54.5429379], [-5.9898855, 54.5420026], [-5.9874651, 54.5374019], [-5.9838648, 54.5365105], [-5.9844155, 54.5352602], [-5.9781129, 54.5353492], [-5.9762799, 54.5307088], [-5.9728913, 54.5307395], [-5.9718758, 54.5327285], [-5.96934, 54.5323148], [-5.9662045, 54.5359821], [-5.9597536, 54.5385824], [-5.9563849, 54.535396], [-5.9453583, 54.5383435], [-5.9450511, 54.5407216], [-5.9414622, 54.543563], [-5.9331658, 54.5401895], [-5.9320297, 54.5436444], [-5.9294866, 54.5451598], [-5.9317093, 54.5461321], [-5.9096643, 54.5612353], [-5.9121356, 54.5666799], [-5.9059223, 54.5659187], [-5.9044107, 54.5651524], [-5.9063019, 54.5640665], [-5.9031571, 54.5627436], [-5.8891827, 54.5617528], [-5.8667799, 54.56759], [-5.8569038, 54.5682531], [-5.8543239, 54.573039], [-5.8484252, 54.5739762], [-5.8403336, 54.5786009], [-5.833081, 54.577309], [-5.8229699, 54.581584], [-5.8262393, 54.5883048], [-5.823414, 54.5903004], [-5.8165876, 54.5897715], [-5.8174337, 54.5928423], [-5.8196507, 54.5943075], [-5.8160375, 54.594808], [-5.81682, 54.5962875], [-5.8129199, 54.5982872], [-5.8158699, 54.5988404], [-5.8111591, 54.6027567], [-5.8112794, 54.6067686], [-5.807376, 54.6107488], [-5.8091418, 54.615516], [-5.8310913, 54.6103828], [-5.829293, 54.6167741], [-5.8427119, 54.617249], [-5.8477451, 54.6194334], [-5.8457161, 54.6208276], [-5.8465666, 54.6213716], [-5.850824, 54.6208189], [-5.8586879, 54.623501], [-5.8535712, 54.6283598], [-5.8537911, 54.6328586], [-5.8551583, 54.6339887], [-5.9135888, 54.6482456], [-5.9155808, 54.6456785], [-5.9271006, 54.6520314], [-5.9374072, 54.6608245], [-5.9506727, 54.6649674], [-5.9540708, 54.6580434], [-5.947617, 54.654696], [-5.9487546, 54.6522826], [-5.9707174, 54.6453232], [-5.9823698, 54.6528237], [-5.9837928, 54.6567975], [-5.9855213, 54.6590946], [-5.9864325, 54.6594247], [-5.9864922, 54.6561434], [-5.9910491, 54.6539618], [-5.9921691, 54.6511629], [-5.9987921, 54.6471942], [-5.9983352, 54.6459428], [-6.0149372, 54.6361164], [-6.0235343, 54.6287418], [-6.0218102, 54.6254791], [-6.0211413, 54.6116787], [-6.042048, 54.6122596], [-6.0456647, 54.6062895], [-6.0442851, 54.6010603], [-6.0394101, 54.5935266], [-6.0407701, 54.5905417], [-6.0456548, 54.5876043], [-6.0430993, 54.584501], [-6.0441946, 54.5816446], [-6.040265, 54.5697762], [-6.0438732, 54.569849], [-6.0447788, 54.5674836], [-6.0420533, 54.5667679], [-6.0409803, 54.5641373], [-6.0490488, 54.5613771], [-6.0534736, 54.5619511], [-6.0601801, 54.556266]]]}}, {"type": "Feature", "properties": {"slug": "belgrade", "name": "Belgrade", "osmType": "relation", "osmId": 2728438, "source": "OpenStreetMap via Nominatim", "licence": "ODbL 1.0", "simplifiedDegrees": 0.001}, "geometry": {"type": "Polygon", "coordinates": [[[20.2213764, 44.9154621], [20.225245, 44.9070062], [20.2399466, 44.9067193], [20.2525385, 44.8939145], [20.2419942, 44.8842235], [20.2612926, 44.8826796], [20.2794188, 44.8754228], [20.2858289, 44.8447788], [20.2856918, 44.833241], [20.3257447, 44.8342507], [20.3328068, 44.8098272], [20.3367239, 44.808089], [20.3339619, 44.8058144], [20.3353253, 44.8011005], [20.333631, 44.8003791], [20.336023, 44.7898245], [20.3384687, 44.7907875], [20.3382362, 44.7883604], [20.3405086, 44.7859144], [20.3417344, 44.7872272], [20.3474466, 44.7713203], [20.350986, 44.7687822], [20.3398029, 44.7558716], [20.3220093, 44.7448572], [20.3160895, 44.7387338], [20.3235092, 44.7345531], [20.3359605, 44.7308053], [20.343735, 44.7301552], [20.3450306, 44.7243651], [20.349741, 44.7209764], [20.352145, 44.7143627], [20.3633795, 44.704606], [20.3830709, 44.7030441], [20.3845248, 44.7011631], [20.3847991, 44.7032182], [20.3924066, 44.7036702], [20.4038881, 44.6984458], [20.4097684, 44.6992834], [20.4129839, 44.7024603], [20.4192098, 44.7021308], [20.4217436, 44.703492], [20.4213098, 44.7019237], [20.4251744, 44.6976337], [20.4279418, 44.6980838], [20.4313251, 44.694068], [20.4358368, 44.6933579], [20.4402665, 44.6905161], [20.4452138, 44.691016], [20.4491457, 44.6880839], [20.4539572, 44.6888231], [20.4529809, 44.6911331], [20.4550753, 44.6919188], [20.4534174, 44.6929137], [20.4571253, 44.6957696], [20.4577283, 44.6977556], [20.4559323, 44.6992762], [20.4570013, 44.7008391], [20.4614601, 44.7027894], [20.4646634, 44.701897], [20.4674388, 44.7050131], [20.4753542, 44.7039532], [20.4760757, 44.705026], [20.4802055, 44.7033479], [20.4867635, 44.7061539], [20.4983359, 44.7022445], [20.5049892, 44.7021663], [20.5071809, 44.7071295], [20.5027682, 44.7154832], [20.5038245, 44.7182059], [20.5028502, 44.7217294], [20.5001912, 44.7225288], [20.5007294, 44.7251513], [20.5093727, 44.7271542], [20.5316662, 44.724806], [20.5385861, 44.7270519], [20.5390058, 44.7329843], [20.5483761, 44.7280993], [20.5512431, 44.7306789], [20.5510751, 44.734086], [20.5483958, 44.734558], [20.5503614, 44.7352316], [20.550944, 44.7434333], [20.5416617, 44.7521169], [20.5358563, 44.7553171], [20.5348919, 44.7609694], [20.5393015, 44.7624855], [20.5449353, 44.769875], [20.5490005, 44.7708792], [20.5488362, 44.7733456], [20.5647717, 44.7649237], [20.5711431, 44.7707818], [20.5772388, 44.7711074], [20.5798915, 44.7727751], [20.5852472, 44.7808647], [20.5817268, 44.7826053], [20.5823183, 44.7845765], [20.5792147, 44.7843299], [20.5777701, 44.7872565], [20.5744279, 44.7854098], [20.5740215, 44.7886805], [20.569322, 44.7911579], [20.5655386, 44.7906451], [20.5635444, 44.7921747], [20.5598333, 44.7901679], [20.5536143, 44.7898282], [20.5502434, 44.7909478], [20.5435002, 44.8022967], [20.542478, 44.8073064], [20.5474459, 44.8103678], [20.5530335, 44.8102412], [20.5652728, 44.8188428], [20.5738545, 44.8279189], [20.5724006, 44.8315147], [20.5776931, 44.8371416], [20.5765153, 44.8378971], [20.5863097, 44.8427122], [20.5826128, 44.8462544], [20.576229, 44.8486489], [20.5825139, 44.8520894], [20.5953933, 44.8552493], [20.6206689, 44.854341], [20.6212821, 44.8560293], [20.5961883, 44.8615803], [20.5928447, 44.8609861], [20.5911876, 44.8626994], [20.601944, 44.8670619], [20.6196285, 44.8673213], [20.6232109, 44.869371], [20.6164092, 44.8815202], [20.6143449, 44.8871291], [20.6152606, 44.8895682], [20.6118789, 44.8897047], [20.5777643, 44.8860527], [20.5311826, 44.8712209], [20.5230234, 44.8646244], [20.5226088, 44.8685278], [20.5187616, 44.8654899], [20.5197414, 44.8694015], [20.5132944, 44.8687179], [20.5098196, 44.8703583], [20.5076686, 44.8735038], [20.5065584, 44.8670548], [20.4970248, 44.872753], [20.4837566, 44.8729705], [20.474713, 44.8683555], [20.4661802, 44.8592493], [20.4594505, 44.8560945], [20.4600397, 44.8546034], [20.4650988, 44.8535738], [20.460011, 44.849168], [20.4623204, 44.8477906], [20.4603705, 44.8445375], [20.4711373, 44.8342913], [20.4706338, 44.8317839], [20.4520869, 44.8338668], [20.4244846, 44.8431449], [20.4138827, 44.8526577], [20.3912248, 44.8598333], [20.3717244, 44.8705544], [20.3606339, 44.8806941], [20.3558906, 44.8912601], [20.3436922, 44.9103973], [20.339065, 44.9117584], [20.3011288, 44.9426876], [20.2946156, 44.9402419], [20.2960052, 44.9381397], [20.2746476, 44.9304194], [20.2703905, 44.9345682], [20.2213764, 44.9154621]]]}}, {"type": "Feature", "properties": {"slug": "bergen", "name": "Bergen", "osmType": "relation", "osmId": 404159, "source": "OpenStreetMap via Nominatim", "licence": "ODbL 1.0", "simplifiedDegrees": 0.001}, "geometry": {"type": "Polygon", "coordinates": [[[5.1445788, 60.263853], [5.1555362, 60.2537436], [5.2024758, 60.2507547], [5.2205586, 60.2587681], [5.232951, 60.2553005], [5.2272045, 60.2481888], [5.227478, 60.23812], [5.2380227, 60.2300422], [5.209425, 60.2022605], [5.2100775, 60.1887951], [5.2532247, 60.1760905], [5.3207835, 60.2089143], [5.324807, 60.2186256], [5.3325579, 60.2224985], [5.3422997, 60.2208533], [5.3441646, 60.2243832], [5.3493377, 60.2246606], [5.3653095, 60.2215763], [5.3647768, 60.2249142], [5.3717812, 60.226257], [5.3812484, 60.2315396], [5.391243, 60.2414688], [5.4005216, 60.2440527], [5.4069734, 60.2438131], [5.4212906, 60.2496878], [5.4231135, 60.2442661], [5.4391302, 60.2563439], [5.4470065, 60.2563253], [5.4574648, 60.2624349], [5.466216, 60.2653773], [5.4912289, 60.2886793], [5.5033655, 60.2869328], [5.5023949, 60.2849623], [5.5207097, 60.2796868], [5.5269103, 60.286851], [5.5251307, 60.2969497], [5.529772, 60.2980915], [5.5432874, 60.309701], [5.5434994, 60.3174987], [5.5569353, 60.3258544], [5.5764037, 60.3295209], [5.5912216, 60.3416383], [5.5906955, 60.3530707], [5.5833918, 60.3583806], [5.5875989, 60.3745437], [5.579202, 60.3775481], [5.5907071, 60.3876504], [5.6069562, 60.3972314], [5.6434227, 60.402987], [5.6462506, 60.4045766], [5.6467065, 60.4075125], [5.6559516, 60.4186835], [5.6867918, 60.4259014], [5.686446, 60.4357554], [5.6663034, 60.442526], [5.6431181, 60.4428979], [5.6403813, 60.4370978], [5.6357289, 60.4337488], [5.6203244, 60.4379593], [5.6130743, 60.4340636], [5.5750065, 60.434159], [5.5583914, 60.4286169], [5.5260627, 60.4254134], [5.5154024, 60.4307427], [5.5136353, 60.4370505], [5.4913083, 60.4435729], [5.4796083, 60.4530153], [5.4600545, 60.4591386], [5.3814714, 60.5120501], [5.3349827, 60.5257812], [5.3174331, 60.5360925], [5.2876423, 60.5329028], [5.2614631, 60.5235966], [5.2626692, 60.5147228], [5.2372385, 60.4953832], [5.243199, 60.4712918], [5.2802587, 60.4090806], [5.2602796, 60.4023453], [5.2363649, 60.4033246], [5.1701262, 60.3817748], [5.1660344, 60.3725689], [5.1692827, 60.36655], [5.1717172, 60.3407227], [5.1912704, 60.3355678], [5.2031627, 60.3214004], [5.1900471, 60.2893385], [5.1876727, 60.2744474], [5.1611379, 60.27539], [5.1445788, 60.263853]]]}}, {"type": "Feature", "properties": {"slug": "berlin", "name": "Berlin", "osmType": "relation", "osmId": 62422, "source": "OpenStreetMap via Nominatim", "licence": "ODbL 1.0", "simplifiedDegrees": 0.001}, "geometry": {"type": "MultiPolygon", "coordinates": [[[[13.088345, 52.4196325], [13.0907635, 52.4115602], [13.0973918, 52.4094186], [13.0989774, 52.4109595], [13.0964503, 52.4130889], [13.1008591, 52.4137605], [13.1010028, 52.4105389], [13.1061868, 52.4095621], [13.1071062, 52.4131811], [13.1096241, 52.4129411], [13.1117975, 52.4104799], [13.1063827, 52.40869], [13.109267, 52.4081788], [13.1083253, 52.4072556], [13.1118193, 52.4039855], [13.1177504, 52.4021193], [13.1247813, 52.3968694], [13.1335094, 52.3993665], [13.1381026, 52.3978562], [13.1351269, 52.397375], [13.1389502, 52.3959923], [13.131491, 52.3918818], [13.1301674, 52.3904968], [13.1311979, 52.3918361], [13.1272922, 52.3916083], [13.1267317, 52.3895836], [13.1310825, 52.3872512], [13.1339786, 52.3887364], [13.1303736, 52.3903662], [13.1418185, 52.3970996], [13.1588692, 52.393939], [13.1717627, 52.3956432], [13.1711601, 52.3978206], [13.1577955, 52.3963564], [13.1592412, 52.4027742], [13.1972438, 52.4155376], [13.2058305, 52.4160627], [13.2250586, 52.4210782], [13.2459511, 52.4211746], [13.2497798, 52.4049784], [13.2580731, 52.4063947], [13.2669655, 52.4042812], [13.2742071, 52.4047899], [13.2967517, 52.4162514], [13.2959288, 52.4145035], [13.3120638, 52.3991062], [13.3433453, 52.411724], [13.3430551, 52.407686], [13.3593662, 52.3984689], [13.3719482, 52.3937967], [13.3703524, 52.3884274], [13.3872981, 52.3885717], [13.3884283, 52.3778616], [13.4208126, 52.3761384], [13.4274477, 52.3861653], [13.4184228, 52.4070795], [13.4187486, 52.4099774], [13.4635491, 52.4210797], [13.4680167, 52.4200319], [13.4776104, 52.4034252], [13.4797604, 52.3959454], [13.516005, 52.4017887], [13.5296951, 52.3973033], [13.5384314, 52.4006334], [13.5351522, 52.3935167], [13.5354929, 52.3889916], [13.5641574, 52.3881358], [13.5926921, 52.3938149], [13.5953419, 52.3867896], [13.5993828, 52.3854053], [13.6063974, 52.3791178], [13.6058208, 52.3736244], [13.6285136, 52.381356], [13.6332183, 52.3762468], [13.6426777, 52.3775085], [13.6420982, 52.3708105], [13.6468297, 52.3701562], [13.6471893, 52.3670283], [13.6390827, 52.3609791], [13.6377965, 52.3482126], [13.6363196, 52.3468193], [13.6428165, 52.3399413], [13.6477328, 52.3382448], [13.6516975, 52.3394659], [13.6511543, 52.3426021], [13.6561178, 52.3478165], [13.657088, 52.3516163], [13.6662071, 52.3580878], [13.6666653, 52.3623625], [13.6711913, 52.3664872], [13.6821489, 52.3696395], [13.6872201, 52.3673007], [13.6922028, 52.3672074], [13.6912776, 52.3677765], [13.6930836, 52.3679772], [13.6999584, 52.3755917], [13.700405, 52.3775069], [13.6972122, 52.3774414], [13.6988354, 52.381502], [13.6951654, 52.3809571], [13.6879163, 52.3829554], [13.6861786, 52.3838622], [13.686831, 52.3853033], [13.6906057, 52.3854968], [13.6982689, 52.3917691], [13.7001513, 52.3911444], [13.715869, 52.3996935], [13.7227897, 52.398257], [13.7311388, 52.4000058], [13.7342706, 52.4021367], [13.7353615, 52.4059831], [13.7390343, 52.4073353], [13.729807, 52.4163459], [13.7310695, 52.4205082], [13.737662, 52.4266934], [13.741277, 52.4267645], [13.7417266, 52.4281966], [13.7389354, 52.428853], [13.7400963, 52.4324723], [13.729727, 52.4339755], [13.7263139, 52.4351868], [13.7228074, 52.4371442], [13.7314302, 52.4338025], [13.7428856, 52.4329383], [13.7440755, 52.4380708], [13.7505078, 52.4414814], [13.756302, 52.4416095], [13.7544459, 52.4366805], [13.7599901, 52.4361695], [13.7611609, 52.4377097], [13.755322, 52.4384193], [13.7570765, 52.4429612], [13.7543819, 52.4432806], [13.7564462, 52.4461766], [13.7492512, 52.4486702], [13.7290816, 52.4507847], [13.7205844, 52.456748], [13.7159638, 52.4629168], [13.7115219, 52.463293], [13.7012591, 52.4682238], [13.6990758, 52.4682802], [13.7033542, 52.4600447], [13.7052552, 52.4598678], [13.7046132, 52.4547613], [13.6983504, 52.4552612], [13.6954345, 52.464186], [13.6827773, 52.4660695], [13.6672387, 52.4742885], [13.6626468, 52.4737597], [13.648307, 52.4787311], [13.6432163, 52.4792245], [13.62534, 52.4736998], [13.6252084, 52.4687461], [13.6228976, 52.468785], [13.6227589, 52.4664541], [13.6213807, 52.4666429], [13.6211708, 52.4704639], [13.6113673, 52.470652], [13.6164854, 52.4748296], [13.6135519, 52.4756188], [13.6148914, 52.4807613], [13.6297148, 52.4930366], [13.6240057, 52.4941989], [13.6324806, 52.5108799], [13.6424576, 52.5185489], [13.6585034, 52.5259465], [13.6569123, 52.5298379], [13.6256871, 52.5301844], [13.6248253, 52.5380997], [13.6339467, 52.5376518], [13.6376506, 52.5409213], [13.6373759, 52.5422554], [13.5863822, 52.5497848], [13.5876011, 52.5556265], [13.5844341, 52.5598521], [13.5815424, 52.5711074], [13.5778863, 52.5711279], [13.5749716, 52.5738347], [13.5685707, 52.5731035], [13.5618612, 52.5803892], [13.5471255, 52.5878538], [13.5276937, 52.5922366], [13.5081184, 52.5921389], [13.4989735, 52.6051636], [13.4966616, 52.6050272], [13.4971188, 52.6066677], [13.5022591, 52.6173298], [13.5033152, 52.6190008], [13.5037008, 52.6192616], [13.5054583, 52.619974], [13.5058558, 52.6257537], [13.5178192, 52.6295666], [13.523022, 52.6450365], [13.52039, 52.6448809], [13.5192654, 52.646947], [13.512828, 52.6454021], [13.4907625, 52.6547958], [13.4853597, 52.6594285], [13.4884252, 52.6707899], [13.4758323, 52.666549], [13.4745877, 52.6680652], [13.4794873, 52.6755087], [13.4772739, 52.6739036], [13.4754875, 52.6750071], [13.4659262, 52.6671206], [13.4595492, 52.6689779], [13.450782, 52.6626681], [13.4623824, 52.6575394], [13.4735092, 52.6565299], [13.4739048, 52.6541195], [13.4699645, 52.6518641], [13.4597316, 52.6480828], [13.4487809, 52.6500004], [13.4408204, 52.6492654], [13.4397877, 52.6452681], [13.4340061, 52.644282], [13.4333872, 52.6414715], [13.4342584, 52.6379548], [13.42763, 52.6375136], [13.4243513, 52.6354682], [13.4165593, 52.63943], [13.4122912, 52.6434826], [13.4078856, 52.6426845], [13.3979377, 52.6482899], [13.3945552, 52.647556], [13.3922252, 52.6432505], [13.3901444, 52.6424361], [13.3892033, 52.6376251], [13.3818112, 52.6363981], [13.3828573, 52.6352183], [13.3787082, 52.6343547], [13.3758206, 52.6316075], [13.3763755, 52.6283786], [13.3576479, 52.6229807], [13.3366807, 52.6226513], [13.3129858, 52.6281856], [13.3026102, 52.6271913], [13.3102758, 52.6300081], [13.3057848, 52.6373545], [13.3094061, 52.6427257], [13.3004321, 52.6535051], [13.3101003, 52.6573953], [13.3071182, 52.6596202], [13.2827678, 52.6607411], [13.2819048, 52.6527529], [13.2851315, 52.6526256], [13.2838319, 52.6411189], [13.2695974, 52.6397143], [13.2621503, 52.6406872], [13.2652006, 52.6345361], [13.2642342, 52.6268645], [13.2205414, 52.6283185], [13.2167608, 52.6201644], [13.2068807, 52.609137], [13.2016215, 52.6065502], [13.2082024, 52.5989922], [13.2188556, 52.5923678], [13.2173951, 52.5874783], [13.207338, 52.588376], [13.206709, 52.5865996], [13.2053736, 52.5868544], [13.1645286, 52.5987969], [13.1570558, 52.597627], [13.1492808, 52.5918736], [13.1435033, 52.589706], [13.1289619, 52.5873048], [13.1279616, 52.5831277], [13.1302597, 52.5830385], [13.1324743, 52.5796069], [13.1496095, 52.5833597], [13.1531561, 52.5789454], [13.1535443, 52.5732555], [13.1457959, 52.5606057], [13.1472848, 52.5558341], [13.1455742, 52.5527201], [13.1363322, 52.5527073], [13.1304676, 52.5559749], [13.1195007, 52.5303355], [13.1173799, 52.51706], [13.143181, 52.5196958], [13.1456336, 52.5174647], [13.1688227, 52.5092271], [13.1283335, 52.4798205], [13.1176933, 52.4773203], [13.1172345, 52.4732799], [13.1105565, 52.4656575], [13.1105027, 52.459997], [13.1126713, 52.45769], [13.109295, 52.4506349], [13.1190111, 52.4440092], [13.1231531, 52.4387089], [13.1120738, 52.4323102], [13.1127834, 52.4291958], [13.1045678, 52.4239826], [13.0993138, 52.4253441], [13.0958391, 52.421975], [13.088345, 52.4196325]], [[13.4339193, 52.6419788], [13.4336264, 52.6421286], [13.4340492, 52.6421656], [13.4339193, 52.6419788]]], [[[13.3927442, 52.6456438], [13.3927858, 52.6454947], [13.3929209, 52.6456661], [13.3927442, 52.6456438]]], [[[13.3930208, 52.6460056], [13.393058, 52.6459089], [13.3930902, 52.6460336], [13.3930208, 52.6460056]]], [[[13.5037765, 52.6192121], [13.5054362, 52.6196852], [13.5054513, 52.6198896], [13.5037765, 52.6192121]]]]}}, {"type": "Feature", "properties": {"slug": "bern", "name": "Bern", "osmType": "relation", "osmId": 1682378, "source": "OpenStreetMap via Nominatim", "licence": "ODbL 1.0", "simplifiedDegrees": 0.001}, "geometry": {"type": "Polygon", "coordinates": [[[7.2943138, 46.9237427], [7.3088848, 46.9222965], [7.3245064, 46.92515], [7.3269176, 46.923595], [7.3274581, 46.9190335], [7.339369, 46.9196683], [7.3387838, 46.9245365], [7.3605601, 46.9272024], [7.3604083, 46.9285891], [7.3683067, 46.9304265], [7.368067, 46.9323936], [7.3748911, 46.932711], [7.3748679, 46.9314312], [7.3785347, 46.9327201], [7.3809522, 46.9323308], [7.3800195, 46.9298935], [7.3823136, 46.9272824], [7.3875742, 46.9304506], [7.401484, 46.921193], [7.4021274, 46.9241996], [7.4080656, 46.92563], [7.4070804, 46.9303829], [7.4138445, 46.9315683], [7.4146946, 46.9368186], [7.4376412, 46.930742], [7.4338028, 46.9331239], [7.4354187, 46.9349671], [7.4476378, 46.9304299], [7.4585679, 46.9348363], [7.470769, 46.9255044], [7.4691055, 46.9292427], [7.4753547, 46.9329898], [7.4746995, 46.9339188], [7.4781103, 46.9362489], [7.4766676, 46.9369496], [7.4895009, 46.9368667], [7.4908048, 46.9387617], [7.4935131, 46.9376593], [7.4955575, 46.9396169], [7.4833931, 46.9451977], [7.4840515, 46.9499939], [7.4770143, 46.9544591], [7.4797795, 46.9566023], [7.4789313, 46.9587846], [7.4802874, 46.9606773], [7.4784717, 46.9629049], [7.4857956, 46.9646832], [7.4861286, 46.9679022], [7.4845248, 46.9701576], [7.4781628, 46.9711828], [7.4701915, 46.9674123], [7.4707931, 46.9699987], [7.4680391, 46.9758266], [7.4546501, 46.9778189], [7.4522124, 46.9896811], [7.4506746, 46.9901535], [7.4484923, 46.9892632], [7.446625, 46.9843655], [7.4412752, 46.9798232], [7.4440482, 46.978069], [7.447702, 46.9790133], [7.4483848, 46.9756401], [7.4456906, 46.9747946], [7.4412488, 46.9767873], [7.4378536, 46.9684309], [7.4353617, 46.9684352], [7.4327069, 46.9726898], [7.428173, 46.9738048], [7.4082939, 46.9686864], [7.4000545, 46.9691787], [7.3938014, 46.9669275], [7.3806936, 46.965519], [7.3785125, 46.9614693], [7.3750314, 46.9598356], [7.371511, 46.9607346], [7.3685078, 46.9566319], [7.3582039, 46.951178], [7.3530912, 46.9519274], [7.3505639, 46.9502139], [7.3513578, 46.948549], [7.3476553, 46.9476585], [7.3466436, 46.9494321], [7.3434565, 46.9487948], [7.3438465, 46.9473723], [7.3414062, 46.9460808], [7.3284535, 46.9464102], [7.3247388, 46.943285], [7.3068613, 46.9403721], [7.3043369, 46.936233], [7.3061538, 46.9309441], [7.2984785, 46.927594], [7.2943138, 46.9237427]]]}}, {"type": "Feature", "properties": {"slug": "bilbao", "name": "Bilbao", "osmType": "relation", "osmId": 339549, "source": "OpenStreetMap via Nominatim", "licence": "ODbL 1.0", "simplifiedDegrees": 0.001}, "geometry": {"type": "Polygon", "coordinates": [[[-2.9859808, 43.2461208], [-2.9732783, 43.2345979], [-2.9690928, 43.2322441], [-2.9614002, 43.2309256], [-2.9480555, 43.2239289], [-2.9462302, 43.2175554], [-2.9291546, 43.2137176], [-2.9098188, 43.2196421], [-2.9064349, 43.2262578], [-2.9132163, 43.2337027], [-2.9181516, 43.2366769], [-2.9209035, 43.24232], [-2.9144362, 43.2456601], [-2.9039781, 43.2458139], [-2.8952567, 43.253118], [-2.8904525, 43.2529064], [-2.8803203, 43.2620269], [-2.8802639, 43.2653322], [-2.8927893, 43.2695568], [-2.9019396, 43.2707696], [-2.8988008, 43.2772987], [-2.910426, 43.284196], [-2.9105158, 43.2858268], [-2.9167278, 43.2856286], [-2.9149309, 43.2804363], [-2.9177876, 43.2738172], [-2.9282366, 43.2775014], [-2.943963, 43.2798065], [-2.9488544, 43.2835554], [-2.9467305, 43.2876081], [-2.9501292, 43.2894909], [-2.9533857, 43.2863885], [-2.9600906, 43.2854765], [-2.9713651, 43.2901052], [-2.9715976, 43.2834182], [-2.9767019, 43.2795113], [-2.9773452, 43.2735144], [-2.9733923, 43.2669672], [-2.976006, 43.2636811], [-2.970624, 43.2585561], [-2.9741372, 43.2542528], [-2.9742124, 43.2514704], [-2.9783763, 43.2482476], [-2.9859808, 43.2461208]]]}}, {"type": "Feature", "properties": {"slug": "birmingham", "name": "Birmingham", "osmType": "relation", "osmId": 162378, "source": "OpenStreetMap via Nominatim", "licence": "ODbL 1.0", "simplifiedDegrees": 0.001}, "geometry": {"type": "Polygon", "coordinates": [[[-2.0336486, 52.4023142], [-2.0299244, 52.4006323], [-2.0213657, 52.4001801], [-2.018083, 52.394935], [-2.0141928, 52.3942109], [-2.0113618, 52.3861669], [-2.0084689, 52.3869484], [-2.0050098, 52.384141], [-2.0022169, 52.384186], [-2.0001261, 52.381649], [-1.9949313, 52.3810997], [-1.9889796, 52.3826276], [-1.983633, 52.3873198], [-1.9755857, 52.3870964], [-1.9705545, 52.3896421], [-1.9663698, 52.3894504], [-1.964935, 52.3921731], [-1.9589196, 52.3882335], [-1.9536217, 52.3933559], [-1.9343226, 52.3872219], [-1.9328663, 52.390311], [-1.9243901, 52.396679], [-1.9185852, 52.3981783], [-1.9136819, 52.4074499], [-1.9108185, 52.4066764], [-1.9096735, 52.4044325], [-1.9045949, 52.4031312], [-1.8859459, 52.4046736], [-1.8827044, 52.3997988], [-1.8785553, 52.3998377], [-1.8778691, 52.4024307], [-1.8722977, 52.4021794], [-1.8722846, 52.4046768], [-1.8687921, 52.4047226], [-1.8692033, 52.4077957], [-1.8656439, 52.4099377], [-1.8666519, 52.4110311], [-1.8578176, 52.4084047], [-1.8491921, 52.4108141], [-1.8436157, 52.4105093], [-1.8337359, 52.4181384], [-1.8256971, 52.4290578], [-1.8173211, 52.4323526], [-1.8161159, 52.4378059], [-1.8134049, 52.4384849], [-1.8122765, 52.4429979], [-1.8060724, 52.4497457], [-1.805971, 52.4540796], [-1.8003233, 52.458283], [-1.7913139, 52.4529516], [-1.7791527, 52.45014], [-1.7609024, 52.4510017], [-1.7549844, 52.4562695], [-1.7633852, 52.4638319], [-1.7637542, 52.4661044], [-1.7587363, 52.4672036], [-1.7595035, 52.4687704], [-1.7557725, 52.4718463], [-1.75917, 52.4753944], [-1.7590536, 52.4832397], [-1.7615683, 52.4852082], [-1.7608682, 52.4864079], [-1.7636625, 52.4870958], [-1.7611203, 52.4882603], [-1.7623667, 52.4900932], [-1.7608468, 52.4936196], [-1.7557905, 52.4994653], [-1.771406, 52.5018285], [-1.782172, 52.5011727], [-1.7974488, 52.5026697], [-1.7993018, 52.5036851], [-1.7991311, 52.5052625], [-1.7943148, 52.5065686], [-1.7939271, 52.5088244], [-1.7702437, 52.5139878], [-1.7535306, 52.5129518], [-1.7541073, 52.5158088], [-1.7571042, 52.5179273], [-1.7543448, 52.5184712], [-1.7538169, 52.5211982], [-1.7459124, 52.5200452], [-1.7288417, 52.5244525], [-1.7315799, 52.5277042], [-1.7397607, 52.5291044], [-1.7387429, 52.5290612], [-1.7394294, 52.5318944], [-1.7490935, 52.5314069], [-1.750922, 52.5362626], [-1.7483686, 52.5365053], [-1.7490006, 52.5412461], [-1.7464374, 52.5416971], [-1.7535843, 52.5452868], [-1.7560056, 52.5553668], [-1.765347, 52.5566613], [-1.7677385, 52.5587903], [-1.7669211, 52.5616026], [-1.7742372, 52.5646121], [-1.7635533, 52.5709633], [-1.7670237, 52.5712111], [-1.7696953, 52.5749669], [-1.7766563, 52.5745532], [-1.7788398, 52.5757988], [-1.7795182, 52.5786855], [-1.788321, 52.5846198], [-1.7897299, 52.5915274], [-1.7953213, 52.5950827], [-1.7942788, 52.5960869], [-1.7965354, 52.5991069], [-1.8279933, 52.6086992], [-1.8488433, 52.6045421], [-1.85455, 52.6014972], [-1.8637878, 52.5912094], [-1.8715581, 52.5861442], [-1.8759673, 52.5805264], [-1.8788214, 52.5694664], [-1.8923829, 52.5619525], [-1.9003332, 52.5546934], [-1.9117, 52.5520073], [-1.9201586, 52.5462288], [-1.9331553, 52.5457973], [-1.9294454, 52.5428069], [-1.9294464, 52.5312813], [-1.9428087, 52.5338117], [-1.9473911, 52.5334704], [-1.9512471, 52.5297799], [-1.9575709, 52.5297194], [-1.9580898, 52.5313898], [-1.9602435, 52.5313358], [-1.9620847, 52.5279463], [-1.9580446, 52.5199637], [-1.9622691, 52.5156221], [-1.9623496, 52.5127885], [-1.9595748, 52.5096519], [-1.9619822, 52.5098604], [-1.9611555, 52.5066021], [-1.963031, 52.5048821], [-1.9555296, 52.5015811], [-1.9381379, 52.4984098], [-1.9443161, 52.4957204], [-1.9438303, 52.4944022], [-1.9456892, 52.4931516], [-1.9431453, 52.4910729], [-1.945952, 52.4901968], [-1.9470966, 52.487476], [-1.949711, 52.4871274], [-1.9507829, 52.4832317], [-1.9640132, 52.4819706], [-1.9690277, 52.4767836], [-1.9653985, 52.4753348], [-1.967136, 52.4741826], [-1.9657411, 52.473294], [-1.9772478, 52.4674164], [-1.9977292, 52.463098], [-2.0132337, 52.4621726], [-2.0118886, 52.4526113], [-2.0131642, 52.4483286], [-2.016435, 52.44681], [-2.0174258, 52.4431754], [-2.0171336, 52.4332344], [-2.0152513, 52.4322866], [-2.0154309, 52.4287239], [-2.0125428, 52.4299172], [-2.0131499, 52.4288329], [-2.0097124, 52.4266343], [-2.004658, 52.4285225], [-2.0016208, 52.4231115], [-2.0027913, 52.4224435], [-2.0012473, 52.4219842], [-2.0020148, 52.4211004], [-1.9970332, 52.4175386], [-1.9910141, 52.4155254], [-1.9860089, 52.4168384], [-1.988834, 52.4142342], [-1.995581, 52.4126084], [-1.9978035, 52.4097232], [-2.0042074, 52.4109564], [-2.0046479, 52.4092088], [-2.0080986, 52.4086251], [-2.0092442, 52.410373], [-2.0128059, 52.4094953], [-2.0125269, 52.407447], [-2.0158288, 52.4059089], [-2.024175, 52.4063548], [-2.0275506, 52.4081005], [-2.0336486, 52.4023142]]]}}, {"type": "Feature", "properties": {"slug": "bologna", "name": "Bologna", "osmType": "relation", "osmId": 43172, "source": "OpenStreetMap via Nominatim", "licence": "ODbL 1.0", "simplifiedDegrees": 0.001}, "geometry": {"type": "Polygon", "coordinates": [[[11.2296206, 44.5304918], [11.2318437, 44.5246145], [11.2393797, 44.5237088], [11.2412323, 44.5216662], [11.2380829, 44.5124477], [11.2344571, 44.5118674], [11.2325094, 44.5089302], [11.237006, 44.5073483], [11.2357188, 44.5032302], [11.2422975, 44.5012189], [11.2501003, 44.5011619], [11.2476613, 44.4964429], [11.2570828, 44.497643], [11.2550787, 44.4932616], [11.2668826, 44.4903327], [11.2789437, 44.4914051], [11.2850349, 44.4877604], [11.2932468, 44.4895386], [11.2967312, 44.4856925], [11.2967422, 44.4830896], [11.2935579, 44.4817801], [11.2909986, 44.4826691], [11.289452, 44.4810971], [11.2920785, 44.4792973], [11.290142, 44.4775539], [11.2918254, 44.4761437], [11.2880702, 44.4760316], [11.2914359, 44.4732038], [11.2895686, 44.4707141], [11.2919601, 44.4708829], [11.2926893, 44.4694908], [11.2897174, 44.4661956], [11.2923567, 44.4607603], [11.2870161, 44.4596408], [11.2814384, 44.4447961], [11.2826417, 44.439292], [11.2850277, 44.437758], [11.2824011, 44.4263692], [11.2934678, 44.4275971], [11.2921071, 44.4334511], [11.2951142, 44.4335531], [11.3005705, 44.430477], [11.3015438, 44.4277083], [11.3133451, 44.4210532], [11.3249883, 44.4227753], [11.3369061, 44.4276474], [11.3376479, 44.4316654], [11.331502, 44.4327253], [11.3345263, 44.4386749], [11.3406919, 44.4354759], [11.3446571, 44.4359437], [11.3464665, 44.4365244], [11.3446949, 44.4411451], [11.3551784, 44.4435226], [11.3623547, 44.4509943], [11.3692869, 44.4477965], [11.3731235, 44.4493484], [11.3749771, 44.458972], [11.3791171, 44.4600311], [11.3820934, 44.4590098], [11.3863513, 44.4619306], [11.3864278, 44.460506], [11.3895459, 44.4606186], [11.3949896, 44.4636764], [11.4011039, 44.4612235], [11.4024629, 44.4629762], [11.3946395, 44.4680273], [11.3983588, 44.4688004], [11.4038034, 44.4754328], [11.4145376, 44.4815108], [11.4157689, 44.4837634], [11.4255877, 44.4845014], [11.4239723, 44.4859038], [11.4271718, 44.4892079], [11.4173975, 44.4910289], [11.4216218, 44.4960978], [11.4197508, 44.4974078], [11.422397, 44.4983636], [11.4231192, 44.5011992], [11.4251911, 44.5006589], [11.4274125, 44.5060635], [11.4282815, 44.5054737], [11.4334471, 44.5130388], [11.4269474, 44.5153489], [11.4303373, 44.5195959], [11.4275213, 44.5207392], [11.4264323, 44.5190081], [11.4246636, 44.5195905], [11.4253426, 44.5227976], [11.421236, 44.5241323], [11.4198653, 44.5293392], [11.4142987, 44.52564], [11.4073928, 44.528506], [11.4148703, 44.5399935], [11.4060709, 44.5427483], [11.4043765, 44.5403397], [11.4013156, 44.5411989], [11.400538, 44.540134], [11.3953633, 44.5429878], [11.3944458, 44.5414809], [11.3906832, 44.542708], [11.3887055, 44.5414489], [11.3908231, 44.5455345], [11.3759765, 44.5498476], [11.3768343, 44.5513405], [11.374674, 44.5519378], [11.3647396, 44.5525261], [11.3661897, 44.5554462], [11.3641414, 44.556094], [11.3573041, 44.5518996], [11.3437454, 44.5533348], [11.3374806, 44.5478637], [11.335891, 44.5429948], [11.3329875, 44.5442775], [11.3348901, 44.5464282], [11.3314531, 44.5473436], [11.323959, 44.547336], [11.320455, 44.5448992], [11.3134906, 44.5472214], [11.3149671, 44.54284], [11.3070331, 44.5350704], [11.3086636, 44.533942], [11.3092897, 44.5295001], [11.3043043, 44.5325478], [11.2910367, 44.5358109], [11.2930119, 44.5389056], [11.2817858, 44.5485054], [11.2804381, 44.5464322], [11.2777663, 44.5477513], [11.2778515, 44.5433951], [11.270007, 44.535236], [11.2691114, 44.5324791], [11.2511802, 44.5557844], [11.2501395, 44.5540795], [11.2449876, 44.5556868], [11.2296206, 44.5304918]]]}}, {"type": "Feature", "properties": {"slug": "bordeaux", "name": "Bordeaux", "osmType": "relation", "osmId": 105270, "source": "OpenStreetMap via Nominatim", "licence": "ODbL 1.0", "simplifiedDegrees": 0.001}, "geometry": {"type": "Polygon", "coordinates": [[[-0.6386987, 44.8591628], [-0.637007, 44.858578], [-0.6385109, 44.8569213], [-0.6360567, 44.8550536], [-0.6371514, 44.8519358], [-0.6321638, 44.8513324], [-0.6334872, 44.8463752], [-0.6304416, 44.8455079], [-0.6315439, 44.8440447], [-0.629321, 44.843641], [-0.6269669, 44.8389392], [-0.6069396, 44.8370316], [-0.6136691, 44.8315812], [-0.6126676, 44.8266931], [-0.6149652, 44.8253091], [-0.6150358, 44.82307], [-0.6066713, 44.8217731], [-0.6029478, 44.8183886], [-0.595901, 44.820437], [-0.589363, 44.825252], [-0.5757421, 44.8165619], [-0.5738952, 44.8107802], [-0.5644091, 44.8132751], [-0.556917, 44.812496], [-0.5346532, 44.8244214], [-0.5366455, 44.8261797], [-0.5336838, 44.8278424], [-0.5480637, 44.8357154], [-0.5374943, 44.847755], [-0.5390364, 44.8572009], [-0.5368914, 44.8684334], [-0.5413769, 44.8682729], [-0.5363386, 44.8803184], [-0.5354299, 44.8890879], [-0.538733, 44.8993342], [-0.5474254, 44.9161806], [-0.5514959, 44.9140961], [-0.5542445, 44.9150034], [-0.5618571, 44.912724], [-0.5701068, 44.9129449], [-0.5761225, 44.9094335], [-0.5805963, 44.9094327], [-0.5758141, 44.8660348], [-0.5880859, 44.8610256], [-0.5941083, 44.8531957], [-0.6200923, 44.8639759], [-0.6309643, 44.871665], [-0.6340929, 44.8653134], [-0.6314519, 44.8638388], [-0.6383224, 44.8607214], [-0.6386987, 44.8591628]]]}}, {"type": "Feature", "properties": {"slug": "bratislava", "name": "Bratislava", "osmType": "relation", "osmId": 1702499, "source": "OpenStreetMap via Nominatim", "licence": "ODbL 1.0", "simplifiedDegrees": 0.001}, "geometry": {"type": "Polygon", "coordinates": [[[16.946044, 48.23666], [16.948411, 48.232407], [16.96046, 48.223192], [16.962463, 48.213566], [16.9760587, 48.1903876], [16.9774454, 48.1823054], [16.97549, 48.176601], [16.9762313, 48.1721643], [16.9952488, 48.1608256], [17.0125866, 48.153325], [17.0260727, 48.141152], [17.0383358, 48.1397917], [17.0571997, 48.1437267], [17.057362, 48.141775], [17.059449, 48.141226], [17.061262, 48.138212], [17.061636, 48.135997], [17.060145, 48.135756], [17.061422, 48.133468], [17.065562, 48.129345], [17.064299, 48.128111], [17.067623, 48.127432], [17.068816, 48.124208], [17.062369, 48.123233], [17.062786, 48.12148], [17.067969, 48.11817], [17.068641, 48.116125], [17.072821, 48.114511], [17.077065, 48.1151054], [17.072873, 48.110292], [17.079081, 48.107894], [17.077419, 48.10595], [17.0927073, 48.0996453], [17.087769, 48.096557], [17.0931398, 48.091431], [17.091328, 48.090566], [17.089641, 48.092232], [17.0745562, 48.0859222], [17.0731322, 48.0833811], [17.0748495, 48.0826468], [17.0715723, 48.0809405], [17.078914, 48.078236], [17.0722296, 48.0704568], [17.086791, 48.065356], [17.06825, 48.055395], [17.084257, 48.050384], [17.08779, 48.045676], [17.067423, 48.031428], [17.084834, 48.023837], [17.089866, 48.019783], [17.11006, 48.031224], [17.1174816, 48.0282365], [17.1267451, 48.0209378], [17.130839, 48.022975], [17.136379, 48.022911], [17.142364, 48.01952], [17.143822, 48.020188], [17.15009, 48.013552], [17.1607728, 48.0066643], [17.17321, 48.012237], [17.193163, 48.018204], [17.198346, 48.017686], [17.201029, 48.019992], [17.2141368, 48.0190776], [17.220742, 48.016466], [17.226627, 48.016229], [17.240453, 48.020563], [17.241769, 48.0224651], [17.231963, 48.029581], [17.223117, 48.039564], [17.187371, 48.053795], [17.194428, 48.063892], [17.202084, 48.061663], [17.200725, 48.068324], [17.202079, 48.070058], [17.200828, 48.070543], [17.204329, 48.075429], [17.209052, 48.076655], [17.211876, 48.079488], [17.211361, 48.082656], [17.20672, 48.085737], [17.217746, 48.095654], [17.216335, 48.099634], [17.217309, 48.103495], [17.236059, 48.11158], [17.245521, 48.112253], [17.262182, 48.106751], [17.266601, 48.103456], [17.276152, 48.100122], [17.283186, 48.110198], [17.284531, 48.116683], [17.279331, 48.116947], [17.28277, 48.120779], [17.280106, 48.123411], [17.264997, 48.123836], [17.258679, 48.135713], [17.241871, 48.138922], [17.240338, 48.142475], [17.237455, 48.144155], [17.238984, 48.148447], [17.237686, 48.14976], [17.238386, 48.153284], [17.233599, 48.156303], [17.235245, 48.157353], [17.234278, 48.162075], [17.231765, 48.164396], [17.227177, 48.163997], [17.229084, 48.167146], [17.235754, 48.166594], [17.237288, 48.16814], [17.234221, 48.169848], [17.229601, 48.16981], [17.217919, 48.181832], [17.221054, 48.182514], [17.225134, 48.186388], [17.224153, 48.193364], [17.228584, 48.194752], [17.229173, 48.197707], [17.2315976, 48.1984813], [17.227151, 48.204046], [17.222288, 48.20666], [17.209258, 48.218475], [17.183424, 48.233367], [17.167959, 48.23894], [17.164588, 48.244551], [17.153336, 48.23838], [17.145458, 48.240076], [17.143119, 48.243756], [17.138976, 48.242065], [17.134222, 48.242837], [17.136981, 48.247577], [17.129266, 48.247963], [17.1205, 48.244372], [17.099352, 48.249376], [17.095271, 48.249229], [17.091048, 48.246694], [17.081415, 48.249849], [17.082556, 48.247403], [17.081554, 48.243822], [17.076364, 48.240102], [17.07667, 48.235916], [17.073779, 48.235631], [17.069621, 48.237433], [17.067359, 48.242156], [17.04717, 48.245508], [17.0444415, 48.250351], [17.04572, 48.251167], [17.044192, 48.252069], [17.020771, 48.250122], [17.01837, 48.248052], [16.995964, 48.252606], [16.987222, 48.252251], [16.970956, 48.263154], [16.9584771, 48.2650685], [16.951432, 48.256652], [16.946044, 48.23666]]]}}, {"type": "Feature", "properties": {"slug": "brighton", "name": "Brighton", "osmType": "relation", "osmId": 114085, "source": "OpenStreetMap via Nominatim", "licence": "ODbL 1.0", "simplifiedDegrees": 0.001}, "geometry": {"type": "Polygon", "coordinates": [[[-0.2450771, 50.8639478], [-0.2397804, 50.8619588], [-0.239021, 50.8587286], [-0.2364092, 50.8575282], [-0.2354695, 50.8525077], [-0.2166936, 50.832969], [-0.2153116, 50.8303595], [-0.2162604, 50.8268972], [-0.1613104, 50.8222744], [-0.1102653, 50.8131821], [-0.1082438, 50.812594], [-0.1088299, 50.8109091], [-0.1108525, 50.8112648], [-0.1112777, 50.8008644], [-0.0903567, 50.7982097], [-0.089921, 50.8087214], [-0.0932323, 50.8094906], [-0.0924122, 50.810767], [-0.0623964, 50.8022801], [-0.0387827, 50.7988663], [-0.0282273, 50.8082893], [-0.0160307, 50.8148808], [-0.0204568, 50.8218361], [-0.0263679, 50.8180231], [-0.0302576, 50.817355], [-0.0397136, 50.8215353], [-0.0459967, 50.8218305], [-0.0458486, 50.8235422], [-0.0424862, 50.8242593], [-0.0391321, 50.8286386], [-0.0390204, 50.8378776], [-0.03626, 50.8395858], [-0.0368708, 50.8412446], [-0.0426195, 50.8427289], [-0.0434846, 50.8442912], [-0.0531718, 50.8443723], [-0.0626491, 50.8415325], [-0.07347, 50.8412503], [-0.070807, 50.8458244], [-0.0788601, 50.8538104], [-0.0800422, 50.8609374], [-0.0816977, 50.8606931], [-0.0832246, 50.8629971], [-0.0841622, 50.866921], [-0.0828925, 50.867456], [-0.0861158, 50.8709978], [-0.0849554, 50.8731252], [-0.0975469, 50.877951], [-0.0979907, 50.8765481], [-0.1044901, 50.8746096], [-0.1035224, 50.8727799], [-0.1049428, 50.8723488], [-0.115644, 50.8742542], [-0.1218273, 50.8734339], [-0.1242373, 50.877981], [-0.1353114, 50.8781108], [-0.1350376, 50.8866403], [-0.1371684, 50.8845852], [-0.1424331, 50.8842958], [-0.1421221, 50.8858243], [-0.1446393, 50.8869858], [-0.152554, 50.8854502], [-0.1530008, 50.8798679], [-0.168154, 50.8807543], [-0.1658922, 50.8923382], [-0.1686394, 50.8923741], [-0.1693634, 50.8899384], [-0.1778408, 50.8904784], [-0.1824503, 50.8883307], [-0.1821318, 50.8802069], [-0.1862561, 50.8757084], [-0.1897757, 50.8744222], [-0.1877623, 50.8685767], [-0.1990154, 50.8701269], [-0.2024529, 50.8757287], [-0.2054293, 50.8700935], [-0.2139097, 50.8704709], [-0.2141744, 50.8751857], [-0.2245823, 50.8762986], [-0.2267466, 50.8781869], [-0.2331152, 50.8757338], [-0.2375778, 50.8717966], [-0.240603, 50.8652088], [-0.2450771, 50.8639478]]]}}, {"type": "Feature", "properties": {"slug": "bristol", "name": "Bristol", "osmType": "relation", "osmId": 57539, "source": "OpenStreetMap via Nominatim", "licence": "ODbL 1.0", "simplifiedDegrees": 0.001}, "geometry": {"type": "Polygon", "coordinates": [[[-3.1178243, 51.3750882], [-3.1074311, 51.3416261], [-2.8807247, 51.4306818], [-2.8817283, 51.4310406], [-2.8650237, 51.4415085], [-2.8510554, 51.4548222], [-2.8238339, 51.4685043], [-2.8108657, 51.480038], [-2.8017954, 51.4857302], [-2.7905477, 51.4876669], [-2.7729563, 51.4948073], [-2.7582474, 51.4950495], [-2.7556637, 51.4937555], [-2.7569108, 51.4926036], [-2.7531919, 51.491623], [-2.7526272, 51.4930273], [-2.7367373, 51.4940543], [-2.7355584, 51.4923811], [-2.7325666, 51.4924629], [-2.7354376, 51.4929146], [-2.7354619, 51.4943341], [-2.7334201, 51.4940722], [-2.7274872, 51.4981407], [-2.7269138, 51.4992702], [-2.7289163, 51.5002991], [-2.7307502, 51.5017993], [-2.7305106, 51.5022726], [-2.728893, 51.5026666], [-2.7305532, 51.5018113], [-2.7274512, 51.4996714], [-2.7230404, 51.5016076], [-2.7181305, 51.5013655], [-2.7116896, 51.4964773], [-2.7010915, 51.4932465], [-2.6923201, 51.4861506], [-2.6845334, 51.4822536], [-2.6848486, 51.480462], [-2.6835723, 51.4817579], [-2.6759096, 51.4796818], [-2.668177, 51.4824461], [-2.6683722, 51.4813211], [-2.6644906, 51.4861888], [-2.6617546, 51.4865777], [-2.6526244, 51.4792068], [-2.651134, 51.4736582], [-2.6340409, 51.4664901], [-2.6318146, 51.4576163], [-2.6286838, 51.4548888], [-2.6258017, 51.4487546], [-2.6270479, 51.4466511], [-2.6330854, 51.4472364], [-2.6400831, 51.4404634], [-2.6303756, 51.4396115], [-2.6295248, 51.4373718], [-2.6334982, 51.4358081], [-2.6337118, 51.4264867], [-2.6370865, 51.4231995], [-2.630917, 51.4191301], [-2.6325247, 51.4175658], [-2.6312269, 51.4159521], [-2.6287426, 51.4160013], [-2.6323509, 51.410318], [-2.6308801, 51.4101137], [-2.6316889, 51.4085016], [-2.635462, 51.4069787], [-2.6331498, 51.4052864], [-2.6332494, 51.4034443], [-2.6279532, 51.4018624], [-2.6259286, 51.40382], [-2.6196581, 51.4043847], [-2.6191565, 51.4019452], [-2.6065002, 51.4013955], [-2.6027877, 51.3988223], [-2.5970969, 51.4001956], [-2.5973234, 51.3987145], [-2.5925487, 51.3972546], [-2.5820098, 51.4008948], [-2.578102, 51.399364], [-2.576346, 51.401126], [-2.5734448, 51.4008705], [-2.5707538, 51.3993712], [-2.5675656, 51.4013541], [-2.5665008, 51.4027835], [-2.5675885, 51.4040173], [-2.5647256, 51.4051362], [-2.5653762, 51.4060143], [-2.5622532, 51.4083222], [-2.5608743, 51.4117232], [-2.5560856, 51.4112754], [-2.5562, 51.4088489], [-2.5490164, 51.4092846], [-2.543345, 51.4074084], [-2.5360071, 51.4111368], [-2.5369262, 51.4120237], [-2.5332706, 51.4171567], [-2.5342703, 51.4179192], [-2.5292542, 51.421281], [-2.5313127, 51.4233101], [-2.5268376, 51.4257383], [-2.5230321, 51.4256321], [-2.523747, 51.4299188], [-2.5273886, 51.4315003], [-2.5254632, 51.4329414], [-2.5279543, 51.4337736], [-2.5262899, 51.4347791], [-2.5240015, 51.4325514], [-2.5219405, 51.4314492], [-2.5104629, 51.4287822], [-2.521796, 51.4317637], [-2.5253545, 51.434126], [-2.5271478, 51.4366108], [-2.5264915, 51.4431719], [-2.5278139, 51.4446775], [-2.5372115, 51.4445799], [-2.5393453, 51.445793], [-2.5356066, 51.4473405], [-2.5316663, 51.4464421], [-2.5299314, 51.4482321], [-2.5217707, 51.4501003], [-2.5189369, 51.4526108], [-2.5184634, 51.4590779], [-2.5122463, 51.4623333], [-2.5114031, 51.4652116], [-2.5132518, 51.4656629], [-2.5129305, 51.4692917], [-2.5108357, 51.4715945], [-2.5111829, 51.4741845], [-2.5167996, 51.4851548], [-2.5109992, 51.4899863], [-2.5159659, 51.492573], [-2.5158652, 51.4938673], [-2.5274728, 51.4926541], [-2.5293506, 51.496209], [-2.5377034, 51.4970742], [-2.538951, 51.495004], [-2.5417427, 51.4957419], [-2.5421705, 51.4929517], [-2.5553471, 51.4926877], [-2.5561546, 51.4940623], [-2.5546612, 51.4963496], [-2.5647879, 51.4955172], [-2.5650641, 51.4975821], [-2.5690861, 51.4995507], [-2.5798709, 51.5006797], [-2.5845188, 51.5026411], [-2.5852446, 51.5011557], [-2.5881501, 51.5012347], [-2.5880197, 51.5077306], [-2.5912221, 51.5096828], [-2.5829749, 51.5130123], [-2.5809886, 51.5174088], [-2.6075635, 51.5134469], [-2.6261156, 51.5147071], [-2.6444774, 51.5119513], [-2.6544865, 51.5137238], [-2.6537438, 51.5186094], [-2.6514028, 51.5207041], [-2.6654248, 51.5309655], [-2.6657284, 51.5336793], [-2.6637389, 51.5348684], [-2.6636891, 51.5369962], [-2.6738101, 51.5444317], [-2.6952147, 51.5224563], [-2.7814293, 51.525284], [-3.1178243, 51.3750882]]]}}, {"type": "Feature", "properties": {"slug": "brussels", "name": "Brussels", "osmType": "relation", "osmId": 58274, "source": "OpenStreetMap via Nominatim", "licence": "ODbL 1.0", "simplifiedDegrees": 0.001}, "geometry": {"type": "Polygon", "coordinates": [[[4.3137681, 50.8933121], [4.3268335, 50.8938133], [4.3260821, 50.8911454], [4.3298012, 50.8905499], [4.3274795, 50.8889236], [4.3299899, 50.8851845], [4.3370387, 50.8869662], [4.3383323, 50.8848304], [4.339476, 50.8765944], [4.3383628, 50.8763942], [4.3402258, 50.8714962], [4.3435871, 50.8690507], [4.3417398, 50.8649629], [4.3483947, 50.8628503], [4.3374241, 50.8484961], [4.335475, 50.8489189], [4.3360065, 50.8464013], [4.3378781, 50.8464503], [4.3428561, 50.8330899], [4.3484489, 50.8328316], [4.3551663, 50.8355601], [4.3571905, 50.8336532], [4.3617044, 50.8265333], [4.3650134, 50.8231477], [4.367222, 50.8229941], [4.3664351, 50.8209589], [4.3696418, 50.8192489], [4.3706739, 50.81527], [4.3678372, 50.8138956], [4.3697512, 50.8094466], [4.3729612, 50.8081753], [4.3717512, 50.8066528], [4.3728377, 50.8030968], [4.3779436, 50.801035], [4.3753778, 50.7997349], [4.4009077, 50.7963454], [4.3968997, 50.8017554], [4.3937751, 50.8007534], [4.3904636, 50.8021632], [4.3828504, 50.8156333], [4.3791217, 50.8138441], [4.3704895, 50.8239911], [4.364697, 50.8276242], [4.3664178, 50.8294105], [4.3654724, 50.8304084], [4.3603714, 50.8315059], [4.3553981, 50.8356569], [4.3686814, 50.8400162], [4.372123, 50.8392963], [4.3728194, 50.8406301], [4.375975, 50.8398028], [4.3760968, 50.8367362], [4.3746016, 50.8358777], [4.380029, 50.8370682], [4.3802624, 50.8400128], [4.3933307, 50.8379429], [4.3960921, 50.8432532], [4.3953868, 50.8447369], [4.3851159, 50.8516991], [4.3752615, 50.8476249], [4.369566, 50.84712], [4.3683811, 50.8525504], [4.3552484, 50.8562056], [4.3610865, 50.8688045], [4.3637347, 50.8712579], [4.3652093, 50.8694751], [4.3725128, 50.8715661], [4.374827, 50.8754972], [4.3883873, 50.8810629], [4.3873111, 50.8819966], [4.402003, 50.8859352], [4.407339, 50.8821815], [4.4106825, 50.8769742], [4.4143492, 50.8782634], [4.4176504, 50.8753246], [4.4257197, 50.8721324], [4.4288105, 50.876294], [4.4273484, 50.8774674], [4.4370662, 50.8787817], [4.4272125, 50.8898556], [4.4327892, 50.8947285], [4.4259124, 50.8985109], [4.4278137, 50.8999577], [4.4229629, 50.9029675], [4.4124763, 50.9070245], [4.414233, 50.9115304], [4.4034684, 50.9139045], [4.3990675, 50.9132342], [4.3948847, 50.9101879], [4.3877622, 50.9099444], [4.3861844, 50.9057582], [4.3829511, 50.9017992], [4.37922, 50.900797], [4.3774577, 50.897], [4.3639931, 50.9011513], [4.3415644, 50.9023925], [4.3301767, 50.9006929], [4.3137681, 50.8933121]]]}}, {"type": "Feature", "properties": {"slug": "bucharest", "name": "Bucharest", "osmType": "relation", "osmId": 377733, "source": "OpenStreetMap via Nominatim", "licence": "ODbL 1.0", "simplifiedDegrees": 0.001}, "geometry": {"type": "Polygon", "coordinates": [[[25.9666745, 44.4407414], [25.9695697, 44.4195976], [25.9762948, 44.4063859], [25.995521, 44.4092732], [25.997272, 44.4028199], [26.0024778, 44.4034962], [26.003331, 44.4016963], [26.0108775, 44.4057668], [26.028489, 44.389704], [26.0313274, 44.3883849], [26.035044, 44.3909205], [26.0394286, 44.3870932], [26.0330426, 44.3831817], [26.0457571, 44.3749876], [26.0470377, 44.3776944], [26.0540398, 44.3760699], [26.0560933, 44.3795457], [26.0689504, 44.3746489], [26.0716664, 44.3789688], [26.0769713, 44.3780806], [26.0753265, 44.3719929], [26.0881463, 44.3692421], [26.0935304, 44.3629042], [26.0948153, 44.3631542], [26.0954708, 44.3599713], [26.0979145, 44.3622628], [26.0990819, 44.3675712], [26.1135888, 44.3656117], [26.1123229, 44.3609023], [26.1303865, 44.3512013], [26.1274337, 44.3483469], [26.1519506, 44.3342466], [26.1565182, 44.3355371], [26.1561539, 44.3393755], [26.1668033, 44.3436442], [26.1643428, 44.346806], [26.1612704, 44.3455816], [26.1428446, 44.3694542], [26.1448822, 44.3720345], [26.1436283, 44.3729251], [26.1570388, 44.3918436], [26.1619313, 44.3983101], [26.1809228, 44.3938319], [26.2121336, 44.3950713], [26.2117331, 44.3986302], [26.2140856, 44.3991666], [26.212285, 44.4031897], [26.2080396, 44.4033666], [26.2085013, 44.4051466], [26.2119027, 44.4045904], [26.2111774, 44.4063643], [26.2180856, 44.4074916], [26.217788, 44.4170071], [26.2182789, 44.4186397], [26.2215748, 44.4181326], [26.2244714, 44.4244618], [26.2209047, 44.4263514], [26.2227531, 44.4263458], [26.2255768, 44.4324077], [26.219079, 44.4311529], [26.2151018, 44.4349747], [26.2115379, 44.4330072], [26.2090314, 44.4335541], [26.2049469, 44.4388354], [26.1976594, 44.4395067], [26.1966933, 44.4411525], [26.1977705, 44.4421908], [26.1940499, 44.4467303], [26.1877882, 44.443807], [26.1816778, 44.4459923], [26.1752157, 44.4446142], [26.1745405, 44.4468676], [26.1777144, 44.4522237], [26.1768039, 44.4538814], [26.169404, 44.4506967], [26.1665263, 44.452919], [26.1562802, 44.4549929], [26.1641266, 44.465228], [26.1761145, 44.4753978], [26.1801887, 44.4784578], [26.1848972, 44.4791121], [26.1151899, 44.4872279], [26.1106488, 44.4907322], [26.1116797, 44.4922804], [26.1043995, 44.5016387], [26.1097611, 44.5033564], [26.1087368, 44.5059206], [26.1040788, 44.504938], [26.1028657, 44.5087834], [26.1044598, 44.5166441], [26.1055387, 44.5155391], [26.1062315, 44.5184083], [26.1043721, 44.5198442], [26.1050234, 44.5264137], [26.1032775, 44.5295308], [26.1044818, 44.5395441], [26.1018507, 44.5395953], [26.1007373, 44.5413964], [26.0977537, 44.5412252], [26.0969004, 44.5392326], [26.0777017, 44.5371169], [26.0767022, 44.5407262], [26.0730251, 44.5413832], [26.0692811, 44.5393722], [26.0686004, 44.5348509], [26.0501733, 44.5300786], [26.0494947, 44.5313153], [26.0492154, 44.5298237], [26.0335258, 44.5235548], [26.0293138, 44.5276927], [26.0240187, 44.5259086], [26.0224677, 44.522987], [26.0253479, 44.5201409], [26.0085778, 44.514806], [26.009522, 44.5127191], [26.0064463, 44.4996975], [25.9985712, 44.4990379], [25.9948159, 44.4958682], [25.9877324, 44.4996449], [25.983276, 44.4980384], [25.9836031, 44.495037], [25.987956, 44.4927007], [25.9861156, 44.4914137], [25.9878453, 44.492107], [25.9807027, 44.4780493], [25.9798514, 44.4707479], [25.9761319, 44.4656073], [25.9821012, 44.467042], [26.0065604, 44.458349], [26.0133841, 44.4580187], [26.0158999, 44.4553934], [26.0131749, 44.4541202], [26.0147297, 44.449689], [26.0198033, 44.448387], [26.019251, 44.4460126], [26.0123348, 44.4429485], [25.9666745, 44.4407414]]]}}, {"type": "Feature", "properties": {"slug": "budapest", "name": "Budapest", "osmType": "relation", "osmId": 1244004, "source": "OpenStreetMap via Nominatim", "licence": "ODbL 1.0", "simplifiedDegrees": 0.001}, "geometry": {"type": "Polygon", "coordinates": [[[18.9251057, 47.5441443], [18.9297897, 47.5418333], [18.9357518, 47.5433397], [18.9343186, 47.5356412], [18.935328, 47.5226433], [18.9303547, 47.5246384], [18.9279539, 47.5243459], [18.9268967, 47.5222438], [18.9334747, 47.5207347], [18.9353292, 47.5226409], [18.9447868, 47.5175182], [18.9429264, 47.5171486], [18.9338566, 47.5070997], [18.9440584, 47.5035135], [18.9455163, 47.4993342], [18.9445975, 47.4969936], [18.9398544, 47.4978647], [18.9359282, 47.4915402], [18.941698, 47.4884174], [18.9415237, 47.4870192], [18.9470626, 47.4824417], [18.9550643, 47.4863048], [18.9636819, 47.4822826], [18.978875, 47.4688119], [18.9826683, 47.4607778], [18.9810547, 47.4552125], [18.9774326, 47.4550674], [18.9698967, 47.4510976], [18.9785151, 47.4472141], [18.9792237, 47.4379139], [18.9762365, 47.4300716], [18.9570475, 47.418595], [18.9569082, 47.4142609], [18.9624741, 47.3993087], [18.9540778, 47.3971046], [18.9513396, 47.3925554], [18.9548797, 47.383642], [18.9534771, 47.3828832], [18.9553262, 47.3782385], [18.9623767, 47.3726234], [18.9762979, 47.3824776], [18.9947161, 47.3869779], [19.0166532, 47.3898082], [19.0188672, 47.3880904], [19.0224447, 47.3890829], [19.0240622, 47.3871571], [19.0276588, 47.3884606], [19.0303509, 47.3853211], [19.0382316, 47.3883735], [19.0439653, 47.3850196], [19.0479811, 47.3888067], [19.0508724, 47.3873791], [19.0536513, 47.393375], [19.0628242, 47.392037], [19.0645702, 47.3934571], [19.0605141, 47.3976623], [19.0708615, 47.4027654], [19.0836191, 47.4048849], [19.0940016, 47.3910256], [19.1052232, 47.3869689], [19.0981731, 47.378676], [19.128191, 47.3598382], [19.1404776, 47.3496899], [19.1507446, 47.3567436], [19.179723, 47.3610728], [19.192576, 47.3739836], [19.2058415, 47.3954749], [19.2156862, 47.4029417], [19.2179199, 47.4008758], [19.2263926, 47.4074575], [19.2174223, 47.4127942], [19.2316902, 47.4241808], [19.2347718, 47.4231533], [19.2364054, 47.426036], [19.2387264, 47.4239034], [19.2379199, 47.4222537], [19.2469876, 47.4192067], [19.2547071, 47.4289332], [19.260142, 47.4271733], [19.2657695, 47.4382332], [19.2808994, 47.4363091], [19.2922813, 47.4506399], [19.3012638, 47.4571781], [19.3076148, 47.4564439], [19.3304118, 47.4597947], [19.3349258, 47.4632105], [19.3310621, 47.4674813], [19.3298221, 47.4776748], [19.314189, 47.4930236], [19.3138981, 47.5031401], [19.3208537, 47.510182], [19.3183484, 47.5153487], [19.2910678, 47.5106302], [19.2635991, 47.5083478], [19.258454, 47.5203581], [19.2449305, 47.5369425], [19.2211482, 47.5327422], [19.2094161, 47.5403195], [19.2034636, 47.5373749], [19.1985332, 47.5398106], [19.1949325, 47.5375716], [19.190302, 47.5389938], [19.1773626, 47.5461324], [19.180781, 47.5482346], [19.1611232, 47.5595248], [19.1743919, 47.5642885], [19.157766, 47.5762296], [19.151554, 47.5739475], [19.145354, 47.5781449], [19.1538362, 47.5849905], [19.1381137, 47.5956474], [19.1403634, 47.596402], [19.1381081, 47.5998434], [19.1279713, 47.5979524], [19.118315, 47.60326], [19.1086333, 47.6058353], [19.10726, 47.6072473], [19.1090625, 47.6103547], [19.0992826, 47.6131468], [19.0885455, 47.6045492], [19.0745731, 47.5891295], [19.0712811, 47.5894956], [19.0718181, 47.5975358], [19.0767223, 47.6068533], [19.0602037, 47.6094768], [19.0381747, 47.609626], [19.0252812, 47.6045889], [19.029707, 47.5996609], [19.0344669, 47.5869376], [19.01985, 47.5876438], [19.0016873, 47.5834365], [18.9969086, 47.5859382], [18.993828, 47.5837556], [18.9830234, 47.5890291], [18.9777865, 47.5857341], [18.9850891, 47.5831117], [18.9772115, 47.5739078], [18.959585, 47.5778639], [18.9425905, 47.578906], [18.9394691, 47.5756486], [18.9288432, 47.5724407], [18.9381149, 47.5571891], [18.9335623, 47.5559461], [18.940496, 47.5527905], [18.9408244, 47.5507918], [18.9332235, 47.5463736], [18.9251057, 47.5441443]]]}}, {"type": "Feature", "properties": {"slug": "cambridge", "name": "Cambridge", "osmType": "relation", "osmId": 295355, "source": "OpenStreetMap via Nominatim", "licence": "ODbL 1.0", "simplifiedDegrees": 0.001}, "geometry": {"type": "Polygon", "coordinates": [[[0.0686389, 52.2161086], [0.0686399, 52.2149333], [0.071117, 52.2151264], [0.0698016, 52.2121785], [0.0742421, 52.211535], [0.0739474, 52.2083813], [0.077328, 52.2078677], [0.078957, 52.2043528], [0.0855339, 52.2032539], [0.0846978, 52.2014946], [0.0948914, 52.1993331], [0.097542, 52.1972962], [0.0968232, 52.1920676], [0.1046861, 52.1906436], [0.0981038, 52.1805451], [0.1015501, 52.1748395], [0.0992591, 52.1713159], [0.1069173, 52.16988], [0.1060641, 52.1682866], [0.1078243, 52.16831], [0.1011015, 52.1607249], [0.1034296, 52.1579417], [0.1205777, 52.1649938], [0.1417558, 52.1710046], [0.154927, 52.1646229], [0.1626292, 52.1724815], [0.1813003, 52.1694782], [0.181349, 52.1868812], [0.1832045, 52.1878606], [0.1810215, 52.187871], [0.184552, 52.1914853], [0.1816821, 52.1931017], [0.1835009, 52.1957706], [0.1810879, 52.1965463], [0.1826865, 52.198111], [0.1757492, 52.2054581], [0.1730751, 52.203959], [0.1673443, 52.2041481], [0.170876, 52.2060128], [0.1704074, 52.208889], [0.1758437, 52.2172414], [0.1654802, 52.217906], [0.1568603, 52.223318], [0.1548512, 52.2264867], [0.1609779, 52.2310081], [0.1666497, 52.2301362], [0.1690598, 52.2335511], [0.171336, 52.232958], [0.1694473, 52.2352489], [0.167252, 52.2357631], [0.1662309, 52.234255], [0.1552811, 52.2372296], [0.147525, 52.2297854], [0.1298702, 52.2356496], [0.1187119, 52.2313202], [0.1173887, 52.2282203], [0.1078299, 52.2305816], [0.0900262, 52.2211351], [0.0686389, 52.2161086]]]}}, {"type": "Feature", "properties": {"slug": "cardiff", "name": "Cardiff", "osmType": "relation", "osmId": 1625787, "source": "OpenStreetMap via Nominatim", "licence": "ODbL 1.0", "simplifiedDegrees": 0.001}, "geometry": {"type": "MultiPolygon", "coordinates": [[[[-3.3437661, 51.5299046], [-3.3399134, 51.5264472], [-3.3394815, 51.5225397], [-3.33784, 51.5225954], [-3.335233, 51.51887], [-3.3371983, 51.5186012], [-3.3365654, 51.5152993], [-3.3390161, 51.5146842], [-3.3391392, 51.5116103], [-3.3365562, 51.5087838], [-3.3188247, 51.506279], [-3.3115628, 51.5071391], [-3.3063122, 51.5026613], [-3.2983747, 51.4999142], [-3.2935751, 51.4919563], [-3.2831255, 51.4821368], [-3.2788478, 51.471876], [-3.2710488, 51.4650532], [-3.2480435, 51.4645549], [-3.2441895, 51.4660805], [-3.240871, 51.4706386], [-3.2246107, 51.474847], [-3.2189033, 51.4748579], [-3.2045914, 51.4641723], [-3.2029068, 51.4584132], [-3.1969989, 51.4554713], [-3.1965331, 51.4579119], [-3.1934962, 51.4577514], [-3.1941778, 51.4549713], [-3.1863098, 51.4474544], [-3.1754163, 51.4463137], [-3.1685634, 51.4476227], [-3.1596964, 51.4428175], [-3.1429108, 51.4544913], [-3.1433516, 51.4513981], [-3.1404609, 51.4517738], [-3.1421062, 51.4519148], [-3.1425704, 51.4523019], [-3.1399121, 51.4531897], [-3.1397576, 51.4550015], [-3.1409293, 51.4549386], [-3.1412641, 51.4552363], [-3.139678, 51.4551156], [-3.1389268, 51.4612256], [-3.0982095, 51.4850559], [-3.099711, 51.4866033], [-3.0963658, 51.4855963], [-3.0773981, 51.4943403], [-3.0904014, 51.5098793], [-3.0780668, 51.5132092], [-3.0821623, 51.5148536], [-3.077557, 51.5170935], [-3.0731903, 51.5171336], [-3.0688774, 51.520243], [-3.0773263, 51.5236851], [-3.0803073, 51.5273672], [-3.078253, 51.5281812], [-3.0808789, 51.5316152], [-3.0908389, 51.5334004], [-3.0945578, 51.5369163], [-3.1090872, 51.543083], [-3.1084743, 51.5451587], [-3.1108118, 51.5464548], [-3.1179309, 51.5444252], [-3.1211074, 51.5473415], [-3.1272865, 51.5477831], [-3.1254338, 51.550199], [-3.1437847, 51.5537459], [-3.1444737, 51.555337], [-3.1466804, 51.552573], [-3.1525661, 51.5516404], [-3.1573665, 51.5576797], [-3.1637251, 51.560504], [-3.1840386, 51.556687], [-3.1998902, 51.5567507], [-3.2033211, 51.5537159], [-3.2158644, 51.5513467], [-3.2155668, 51.5531716], [-3.2277679, 51.5497453], [-3.2339441, 51.5529032], [-3.239124, 51.5524635], [-3.2455545, 51.5486572], [-3.2507877, 51.5418284], [-3.2615645, 51.5377768], [-3.2739451, 51.5457974], [-3.2731572, 51.5484505], [-3.2744119, 51.5511838], [-3.2839947, 51.5512349], [-3.2841194, 51.5497229], [-3.2981799, 51.5477931], [-3.3101324, 51.5489775], [-3.3117373, 51.5461605], [-3.310097, 51.5444334], [-3.3213493, 51.5428244], [-3.3228425, 51.5417052], [-3.3207114, 51.5405665], [-3.3243488, 51.5357742], [-3.3366031, 51.5368626], [-3.3415815, 51.5351378], [-3.3437661, 51.5299046]]], [[[-3.126774, 51.3779266], [-3.1263042, 51.3760488], [-3.123408, 51.3749374], [-3.1167164, 51.3748937], [-3.1163049, 51.3777566], [-3.1184618, 51.3803141], [-3.1223029, 51.3803674], [-3.126774, 51.3779266]]]]}}, {"type": "Feature", "properties": {"slug": "chisinau", "name": "Chisinau", "osmType": "relation", "osmId": 1748490, "source": "OpenStreetMap via Nominatim", "licence": "ODbL 1.0", "simplifiedDegrees": 0.001}, "geometry": {"type": "Polygon", "coordinates": [[[28.7451209, 47.0658928], [28.752003, 47.0602749], [28.7566705, 47.0592248], [28.7571051, 47.0609729], [28.7603288, 47.0601089], [28.7622349, 47.0621905], [28.7689368, 47.0570323], [28.7639464, 47.0550937], [28.7630402, 47.0515474], [28.7650903, 47.0466684], [28.7562858, 47.0423682], [28.759392, 47.0399392], [28.7566113, 47.0388885], [28.7524668, 47.0407517], [28.7585596, 47.0371978], [28.7614686, 47.0367708], [28.7669813, 47.0324768], [28.7694329, 47.0351447], [28.7769697, 47.0319816], [28.776241, 47.0298736], [28.7830045, 47.0280971], [28.7822364, 47.0249207], [28.7842492, 47.0225994], [28.7830139, 47.0214915], [28.7889359, 47.0186725], [28.7874482, 47.017709], [28.7905524, 47.0141101], [28.7861364, 47.0035425], [28.7819492, 47.0007106], [28.7770787, 47.0051753], [28.7743163, 47.0024389], [28.7799854, 46.9999203], [28.7761692, 46.9927402], [28.7762062, 46.9866464], [28.7715306, 46.9832509], [28.7699737, 46.9790873], [28.7712194, 46.9784615], [28.7797531, 46.9861119], [28.7886923, 46.991053], [28.7998036, 46.9949222], [28.8038441, 46.9902429], [28.8153805, 46.9935108], [28.8205367, 46.990984], [28.8217254, 46.9881386], [28.8270699, 46.9892173], [28.8430334, 46.9797216], [28.8539751, 46.9682521], [28.8624882, 46.9617683], [28.8654367, 46.9546299], [28.8706545, 46.9555195], [28.8716227, 46.9536976], [28.8825945, 46.9632845], [28.8839888, 46.9673991], [28.8989893, 46.9586732], [28.9101207, 46.963382], [28.9118915, 46.9620377], [28.9103543, 46.9608696], [28.9133782, 46.960127], [28.9228788, 46.9504129], [28.9209452, 46.9476715], [28.9232255, 46.9442241], [28.9181994, 46.9382185], [28.9179447, 46.9353558], [28.9154081, 46.9355378], [28.9149858, 46.9320322], [28.9192792, 46.9316733], [28.9187935, 46.9296779], [28.8996849, 46.9282223], [28.8997606, 46.9261244], [28.9440546, 46.9271693], [28.9497702, 46.9211313], [28.9519957, 46.9223402], [28.9488334, 46.9263192], [28.958933, 46.9278037], [28.9590605, 46.9295498], [28.9538921, 46.9311075], [28.9546829, 46.9325432], [28.9635966, 46.9279566], [28.9720397, 46.9206025], [28.9672902, 46.9314878], [28.9652189, 46.9332016], [28.9675022, 46.9355533], [28.9499498, 46.9422018], [28.9333038, 46.9535906], [28.9306773, 46.9579299], [28.9277452, 46.9566312], [28.9131833, 46.9722447], [28.9123062, 46.9753324], [28.9139002, 46.9773208], [28.9271756, 46.9866092], [28.9287173, 46.9862794], [28.9263903, 46.9911048], [28.9333675, 46.9936342], [28.9308144, 46.9973985], [28.9320935, 46.9996241], [28.9351084, 47.0008935], [28.9403612, 46.99669], [28.9522569, 46.9993725], [28.9537338, 47.0009375], [28.9496204, 47.0042956], [28.948325, 47.0034094], [28.9425521, 47.0056302], [28.9436156, 47.0078621], [28.9312282, 47.0120391], [28.9214554, 47.0068228], [28.9150431, 47.0122224], [28.902029, 47.0063543], [28.9003191, 47.0124573], [28.9034485, 47.0211755], [28.9055978, 47.0223008], [28.9027112, 47.0256749], [28.9035966, 47.0289009], [28.9018369, 47.0304789], [28.9081794, 47.0343308], [28.911792, 47.040869], [28.9187086, 47.0433876], [28.9226301, 47.0466108], [28.9215699, 47.0472008], [28.9251672, 47.0488422], [28.9157118, 47.0483211], [28.9071725, 47.0437602], [28.9053361, 47.0445667], [28.9056907, 47.05983], [28.8991916, 47.061101], [28.8984874, 47.0668436], [28.9043729, 47.0674843], [28.9042572, 47.0722419], [28.8977218, 47.0723476], [28.8978896, 47.0777786], [28.8952021, 47.0796263], [28.8942351, 47.0763596], [28.8884031, 47.0779875], [28.887113, 47.0763364], [28.8863259, 47.0620895], [28.8746101, 47.0627995], [28.8766278, 47.0683764], [28.8610411, 47.0700803], [28.8591315, 47.0693735], [28.8544989, 47.0622002], [28.8506128, 47.0661267], [28.8484274, 47.0652027], [28.8460314, 47.0694445], [28.8332135, 47.0664921], [28.8302921, 47.0747947], [28.8156095, 47.0723064], [28.8134519, 47.0749122], [28.8039644, 47.0691641], [28.8039521, 47.0706467], [28.800265, 47.0722351], [28.7985659, 47.0704801], [28.8022332, 47.0682793], [28.796733, 47.06497], [28.7934219, 47.0676336], [28.7905815, 47.0660758], [28.7950231, 47.0640383], [28.7828291, 47.0578444], [28.7797444, 47.0616215], [28.7787732, 47.0671954], [28.7695799, 47.0730584], [28.7562001, 47.0735865], [28.7559746, 47.072201], [28.7521284, 47.0716145], [28.7609814, 47.0670697], [28.7597556, 47.0623835], [28.7507604, 47.0678126], [28.7469233, 47.0684407], [28.7451209, 47.0658928]], [[28.7676619, 47.0469697], [28.7706702, 47.0479946], [28.7712629, 47.0448481], [28.7704744, 47.0447294], [28.7676619, 47.0469697]]]}}, {"type": "Feature", "properties": {"slug": "cologne", "name": "Cologne", "osmType": "relation", "osmId": 62578, "source": "OpenStreetMap via Nominatim", "licence": "ODbL 1.0", "simplifiedDegrees": 0.001}, "geometry": {"type": "Polygon", "coordinates": [[[6.7725303, 51.0616154], [6.77668, 51.0563486], [6.7882381, 51.0499167], [6.7981985, 51.0367319], [6.8053817, 51.0394925], [6.8084431, 51.0352342], [6.8127832, 51.0367636], [6.8139987, 51.0353559], [6.8205436, 51.0385316], [6.8226039, 51.0364293], [6.8241761, 51.0373893], [6.8278034, 51.0336896], [6.8399619, 51.0288483], [6.8355995, 51.0271447], [6.8415312, 51.0247112], [6.8338701, 51.0178693], [6.8415104, 51.0121447], [6.837322, 51.0111511], [6.8447836, 51.004067], [6.8420121, 51.0043462], [6.8353307, 50.9997649], [6.8394845, 50.9909544], [6.8446235, 50.9888203], [6.8369059, 50.9802032], [6.8278588, 50.9747568], [6.8307182, 50.9719489], [6.8187202, 50.965244], [6.8242486, 50.9570462], [6.8153183, 50.952676], [6.816433, 50.9519599], [6.8117179, 50.9482169], [6.8094997, 50.9485349], [6.8144233, 50.9406017], [6.8051526, 50.9386782], [6.8178216, 50.9386846], [6.8177231, 50.9329043], [6.8206971, 50.9328845], [6.821882, 50.9306339], [6.8208807, 50.9293842], [6.8418964, 50.9260217], [6.8429779, 50.923589], [6.8410686, 50.9172257], [6.8430214, 50.9176373], [6.8469553, 50.9097479], [6.8604528, 50.9038231], [6.8799968, 50.9115756], [6.9094075, 50.898292], [6.907928, 50.8968889], [6.9199838, 50.8932448], [6.9128583, 50.8826135], [6.9140581, 50.8819868], [6.9140045, 50.876998], [6.9232481, 50.8654289], [6.9163574, 50.8585732], [6.9205841, 50.8528818], [6.9185394, 50.8500579], [6.9234335, 50.8490872], [6.9249293, 50.8436512], [6.9285144, 50.8439559], [6.9279022, 50.8411186], [6.9297733, 50.8412785], [6.9304321, 50.8374949], [6.9399071, 50.8383439], [6.9415513, 50.8402609], [6.9381555, 50.844288], [6.9449227, 50.8454279], [6.9546551, 50.8347274], [6.9671937, 50.838847], [6.973676, 50.8441323], [6.9766695, 50.8411881], [6.9806034, 50.8409595], [6.9839464, 50.8439448], [6.9862268, 50.8425064], [6.9849959, 50.8413841], [6.987175, 50.8391733], [6.9925178, 50.8371748], [7.0060118, 50.83707], [7.0118369, 50.8399397], [7.0155485, 50.8377619], [7.0170245, 50.8396112], [7.0233482, 50.8392432], [7.0271278, 50.8437987], [7.0272368, 50.8469473], [7.0343546, 50.8465501], [7.0344922, 50.8490549], [7.0511236, 50.8500948], [7.0579038, 50.8492824], [7.0613795, 50.8440916], [7.0625234, 50.8304399], [7.0793186, 50.8307691], [7.0906342, 50.8332968], [7.0979646, 50.8376928], [7.1113625, 50.8421089], [7.1134912, 50.8456603], [7.1378165, 50.8581601], [7.1596042, 50.867032], [7.1618761, 50.8693877], [7.1588122, 50.8738531], [7.1521039, 50.8736832], [7.1375876, 50.8812594], [7.1375154, 50.8832227], [7.140943, 50.8873953], [7.1398045, 50.8968954], [7.1370221, 50.9025472], [7.133527, 50.9034848], [7.1348706, 50.9059063], [7.1367311, 50.9058989], [7.1388342, 50.9140424], [7.1381923, 50.9181725], [7.1397934, 50.9198994], [7.1398156, 50.9228617], [7.1366738, 50.927606], [7.1439668, 50.9410068], [7.1446711, 50.9463937], [7.1406063, 50.9466947], [7.1317264, 50.9435919], [7.1170625, 50.9447187], [7.11738, 50.9418024], [7.1147837, 50.9408384], [7.1133893, 50.9435033], [7.1111437, 50.9426647], [7.0978972, 50.9491191], [7.0960139, 50.9518493], [7.0992543, 50.9512525], [7.095352, 50.9533245], [7.0959534, 50.9545926], [7.0865962, 50.9573306], [7.0873334, 50.9593177], [7.0976382, 50.9638205], [7.1011337, 50.9679588], [7.0996999, 50.9729496], [7.0958243, 50.9762024], [7.0967454, 50.9788474], [7.1000625, 50.9809817], [7.0937897, 50.9825346], [7.095792, 50.98277], [7.0962411, 50.9855319], [7.0879348, 50.9856546], [7.0880222, 50.9879269], [7.0690361, 50.9894836], [7.0698222, 50.9913358], [7.0667687, 50.9935942], [7.0760583, 51.0019915], [7.0617856, 51.0133315], [7.0688829, 51.0170986], [7.068384, 51.01835], [7.0430612, 51.0192953], [7.0414117, 51.0211156], [7.0364285, 51.0182817], [7.0254842, 51.0177223], [7.0216839, 51.0160047], [7.0197582, 51.017853], [7.0154805, 51.0174139], [7.0120034, 51.020456], [7.0117823, 51.0219158], [7.0137794, 51.022332], [7.0092598, 51.0226124], [7.0085212, 51.0206328], [6.9953552, 51.0164182], [6.9970587, 51.0140925], [6.9957119, 51.0139865], [6.996362, 51.0118047], [6.9818218, 51.012347], [6.9755152, 51.0111245], [6.9755537, 51.0130118], [6.9718684, 51.0141657], [6.9739168, 51.0191544], [6.9726772, 51.0241524], [6.9623886, 51.0330412], [6.8950583, 51.0659573], [6.859926, 51.0739206], [6.854132, 51.0784635], [6.8532573, 51.0841766], [6.8485717, 51.0849743], [6.8430613, 51.0837677], [6.8441836, 51.0817313], [6.8366099, 51.0800737], [6.8379001, 51.0777372], [6.8245345, 51.0744014], [6.8314111, 51.065924], [6.8337265, 51.05979], [6.8164612, 51.0538313], [6.8131777, 51.0491087], [6.8138036, 51.0458912], [6.8062692, 51.0469394], [6.8008082, 51.0560063], [6.8007167, 51.059582], [6.798823, 51.0594843], [6.7920991, 51.0644955], [6.7912874, 51.0674058], [6.7868151, 51.0687426], [6.773835, 51.0640918], [6.7725303, 51.0616154]]]}}, {"type": "Feature", "properties": {"slug": "copenhagen", "name": "Copenhagen", "osmType": "relation", "osmId": 2192363, "source": "OpenStreetMap via Nominatim", "licence": "ODbL 1.0", "simplifiedDegrees": 0.001}, "geometry": {"type": "MultiPolygon", "coordinates": [[[[12.4529977, 55.7122157], [12.453674, 55.7072072], [12.4557963, 55.7050141], [12.4641924, 55.7024845], [12.4634687, 55.6962765], [12.4672242, 55.6915038], [12.4660251, 55.6899917], [12.4678124, 55.6823445], [12.4747329, 55.6721619], [12.4785491, 55.672048], [12.4773068, 55.6590468], [12.4783526, 55.6565058], [12.4873214, 55.651287], [12.4904758, 55.646471], [12.5009955, 55.6414351], [12.5088527, 55.6345021], [12.5201782, 55.6373632], [12.528004, 55.6364944], [12.5318876, 55.6369114], [12.5267804, 55.6373307], [12.5267529, 55.6389987], [12.5273484, 55.6375453], [12.5319017, 55.6382209], [12.5307158, 55.6424121], [12.5309373, 55.6423713], [12.5325559, 55.6363183], [12.529228, 55.6362026], [12.5312019, 55.6353826], [12.5308271, 55.6319616], [12.5332149, 55.6317504], [12.5467523, 55.6389603], [12.5415227, 55.6404652], [12.5413261, 55.6430408], [12.5498043, 55.6405237], [12.5489219, 55.6431299], [12.5511205, 55.6437306], [12.5476368, 55.6436305], [12.5446341, 55.6451764], [12.5454137, 55.6467167], [12.5414803, 55.6504759], [12.5471614, 55.6513304], [12.5481027, 55.6506971], [12.5468555, 55.6495891], [12.5517388, 55.6478176], [12.5540194, 55.6506556], [12.5564708, 55.649992], [12.5584216, 55.6521652], [12.5531766, 55.653506], [12.5514993, 55.6520959], [12.5525966, 55.6537784], [12.548853, 55.6546355], [12.5523698, 55.6543595], [12.5529471, 55.6568274], [12.5564257, 55.6535365], [12.5603914, 55.6568216], [12.5599657, 55.6569667], [12.5590457, 55.6589413], [12.5581818, 55.659299], [12.5639767, 55.6623253], [12.5626195, 55.6632813], [12.5801088, 55.6721108], [12.5756409, 55.6756512], [12.5776534, 55.6771094], [12.5801926, 55.6776614], [12.5875071, 55.6757139], [12.5936451, 55.6788627], [12.588004, 55.6806087], [12.5940148, 55.6790377], [12.5954927, 55.6802324], [12.5970128, 55.6826886], [12.5939052, 55.6813507], [12.6003942, 55.6910681], [12.5988844, 55.6919237], [12.600597, 55.6940143], [12.598238, 55.6942536], [12.6006478, 55.6943278], [12.5976086, 55.6956603], [12.5975703, 55.6990327], [12.5964441, 55.6957575], [12.5949637, 55.6958764], [12.5977824, 55.7025652], [12.5951866, 55.7014123], [12.5946945, 55.7028066], [12.597767, 55.7034865], [12.6003451, 55.705279], [12.5998263, 55.7053113], [12.5975639, 55.7039304], [12.5970112, 55.7038769], [12.599449, 55.7053352], [12.5965813, 55.7050783], [12.5965232, 55.7038262], [12.595076, 55.7049241], [12.5950132, 55.7037286], [12.5920449, 55.705986], [12.5989599, 55.706443], [12.598975, 55.7083468], [12.5950808, 55.7090495], [12.5957563, 55.7100279], [12.6056769, 55.7075158], [12.6032558, 55.7097743], [12.5955131, 55.7113577], [12.5962931, 55.7125451], [12.6107852, 55.7092909], [12.6158371, 55.7117942], [12.6063087, 55.7145311], [12.617705, 55.7122369], [12.6398481, 55.7223914], [12.6324937, 55.7250505], [12.6269379, 55.725075], [12.6207778, 55.7238629], [12.6159768, 55.7205288], [12.602231, 55.7256631], [12.6065393, 55.7237908], [12.6023094, 55.7247411], [12.601223, 55.7235158], [12.6002837, 55.7205309], [12.6048482, 55.7195976], [12.6040356, 55.7183422], [12.5956141, 55.7197263], [12.5900649, 55.7125754], [12.5926556, 55.7103765], [12.5904886, 55.7097468], [12.588366, 55.712383], [12.5898408, 55.7147155], [12.5868669, 55.7143563], [12.5856313, 55.7165668], [12.5926413, 55.7184022], [12.5841145, 55.717348], [12.5834601, 55.7195636], [12.5854824, 55.7199326], [12.5831286, 55.7218424], [12.5777426, 55.7222345], [12.576518, 55.7289498], [12.568196, 55.7300807], [12.5657913, 55.7327115], [12.5660809, 55.7312912], [12.5636355, 55.7315373], [12.5613515, 55.7227474], [12.5420604, 55.7237075], [12.5356686, 55.7270616], [12.5212825, 55.7278645], [12.5181903, 55.7266406], [12.5134758, 55.7198681], [12.504357, 55.719854], [12.4843166, 55.724765], [12.4728632, 55.7188722], [12.4586371, 55.7168197], [12.4578245, 55.7144581], [12.4529977, 55.7122157]], [[12.4913156, 55.6790825], [12.4956783, 55.6845364], [12.5023817, 55.687758], [12.5155106, 55.6902768], [12.524691, 55.695068], [12.5380906, 55.6976791], [12.5347638, 55.6944424], [12.5377741, 55.689789], [12.5466129, 55.6853265], [12.5546193, 55.6844037], [12.5536924, 55.6816135], [12.5573411, 55.6817492], [12.555177, 55.6735451], [12.5499269, 55.6744397], [12.5499506, 55.672701], [12.5233129, 55.6665058], [12.5110041, 55.6696122], [12.4965331, 55.6689282], [12.495448, 55.6723286], [12.4932969, 55.672602], [12.4913156, 55.6790825]]], [[[12.5055079, 55.6138296], [12.5088885, 55.6128612], [12.5109321, 55.613981], [12.5111209, 55.615117], [12.5064777, 55.6152577], [12.5055079, 55.6138296]]], [[[12.5130028, 55.6133671], [12.5160856, 55.6128745], [12.5235296, 55.615488], [12.5726959, 55.6159517], [12.5919086, 55.6228641], [12.5934326, 55.6337387], [12.5923165, 55.637964], [12.6181192, 55.6405904], [12.6194279, 55.6393398], [12.6272963, 55.6414111], [12.6259715, 55.6437882], [12.6478049, 55.6462999], [12.6484904, 55.6478696], [12.6465161, 55.6480277], [12.6422569, 55.6507489], [12.6352295, 55.6611658], [12.6355946, 55.6632854], [12.6349385, 55.6647743], [12.630619, 55.6645382], [12.6348916, 55.6648747], [12.6321772, 55.669615], [12.6256004, 55.6701777], [12.6362933, 55.6703479], [12.6386842, 55.6680531], [12.6368853, 55.6668074], [12.6409373, 55.6670657], [12.6387647, 55.6681715], [12.640276, 55.6700709], [12.6434853, 55.6698993], [12.64177, 55.6670561], [12.6432289, 55.6691013], [12.6441619, 55.6692902], [12.6449366, 55.670574], [12.6364905, 55.6703915], [12.6457411, 55.6709174], [12.6448292, 55.6719989], [12.648125, 55.6760793], [12.6446913, 55.6791525], [12.6404387, 55.6791459], [12.6394734, 55.6765007], [12.632982, 55.6757076], [12.6351362, 55.6778013], [12.6343192, 55.6794251], [12.6397412, 55.6804236], [12.6355681, 55.6850367], [12.6266741, 55.6816676], [12.6257844, 55.6826399], [12.6249111, 55.6805001], [12.6335133, 55.6719766], [12.6305169, 55.6709537], [12.6202344, 55.6801055], [12.624376, 55.6834417], [12.6255129, 55.6823789], [12.6249151, 55.6838084], [12.6359725, 55.6877522], [12.6328706, 55.6905394], [12.6180776, 55.6867489], [12.6136552, 55.6871391], [12.6135267, 55.6885782], [12.6202496, 55.6884802], [12.61962, 55.6897831], [12.6223214, 55.6901902], [12.621564, 55.6889901], [12.6221627, 55.6886578], [12.6251819, 55.690027], [12.624899, 55.6911714], [12.6349973, 55.6939967], [12.6387589, 55.697321], [12.6387317, 55.7002266], [12.6443586, 55.7011689], [12.6451174, 55.70256], [12.6424204, 55.7022948], [12.6470935, 55.7048052], [12.6455384, 55.7067212], [12.6456966, 55.7083336], [12.6479208, 55.7084071], [12.6463439, 55.7124195], [12.6411469, 55.7137222], [12.6159031, 55.70905], [12.6204636, 55.7056446], [12.6212073, 55.702176], [12.6170929, 55.6984095], [12.6092255, 55.6972054], [12.6126747, 55.6953079], [12.6081741, 55.6972946], [12.607732, 55.6954792], [12.6100442, 55.6950567], [12.6075613, 55.694512], [12.6070761, 55.6925851], [12.611264, 55.6917164], [12.6070497, 55.6923866], [12.6067284, 55.6910542], [12.6103675, 55.6903697], [12.6064049, 55.690024], [12.6108395, 55.6893707], [12.6083468, 55.6872035], [12.609715, 55.6840402], [12.6078281, 55.687581], [12.6078215, 55.6892369], [12.6038819, 55.6886213], [12.6058118, 55.6885647], [12.6046092, 55.6839815], [12.6097539, 55.6838027], [12.607584, 55.6769734], [12.6043344, 55.6747482], [12.6022598, 55.6745966], [12.6017247, 55.6750496], [12.6013394, 55.676532], [12.6038099, 55.6748246], [12.6072511, 55.6776663], [12.6006484, 55.6793647], [12.5994874, 55.6780278], [12.6001233, 55.6794977], [12.5975938, 55.6800237], [12.5965039, 55.6788593], [12.6009554, 55.6773308], [12.6010526, 55.676646], [12.5990114, 55.677522], [12.5875384, 55.6703518], [12.5835544, 55.6723355], [12.5774196, 55.6686998], [12.5681837, 55.6612074], [12.5541879, 55.6423767], [12.5519418, 55.6421924], [12.5540351, 55.6413709], [12.5515236, 55.6414815], [12.5518415, 55.6400755], [12.5345189, 55.6307087], [12.5130028, 55.6133671]]], [[[12.5456548, 55.6416094], [12.5450798, 55.6408304], [12.545808, 55.6415695], [12.5456548, 55.6416094]]], [[[12.5456217, 55.6457216], [12.547543, 55.643811], [12.5485164, 55.6446808], [12.5456217, 55.6457216]]], [[[12.5463917, 55.6464926], [12.5486279, 55.6447639], [12.5495205, 55.6453609], [12.5463917, 55.6464926]]], [[[12.5473142, 55.6508479], [12.5465517, 55.64965], [12.5478095, 55.6506537], [12.5473142, 55.6508479]]], [[[12.546633, 55.6472757], [12.5479521, 55.6470458], [12.5485823, 55.6479082], [12.5470897, 55.6484497], [12.546633, 55.6472757]]], [[[12.5466338, 55.6465437], [12.5496104, 55.6454595], [12.5494572, 55.6465918], [12.5515065, 55.6468473], [12.5488617, 55.6478068], [12.5490297, 55.6466208], [12.5466338, 55.6465437]]], [[[12.5497225, 55.6453001], [12.5497777, 55.6442645], [12.5508994, 55.6448651], [12.5497225, 55.6453001]]], [[[12.549756, 55.6429377], [12.5495545, 55.6427831], [12.5498011, 55.642814], [12.549756, 55.6429377]]], [[[12.5505198, 55.6460093], [12.5510056, 55.6449616], [12.5515765, 55.6454605], [12.5505198, 55.6460093]]], [[[12.5503189, 55.6418845], [12.5509306, 55.6412239], [12.5512811, 55.6415729], [12.5503189, 55.6418845]]], [[[12.5501123, 55.6442279], [12.5513139, 55.6438049], [12.5525811, 55.6441662], [12.5511674, 55.644769], [12.5501123, 55.6442279]]], [[[12.5506483, 55.6460881], [12.5516851, 55.6455434], [12.5528813, 55.6463485], [12.5517418, 55.6467619], [12.5506483, 55.6460881]]], [[[12.5517557, 55.645364], [12.552397, 55.6444524], [12.5527173, 55.6446986], [12.5517557, 55.645364]]], [[[12.5518584, 55.6454441], [12.5529065, 55.644794], [12.5558603, 55.647226], [12.5532644, 55.6463629], [12.5518584, 55.6454441]]], [[[12.5519502, 55.6477364], [12.5540565, 55.6475987], [12.5549892, 55.6483156], [12.5531934, 55.648966], [12.5519502, 55.6477364]]], [[[12.5532473, 55.655088], [12.5543371, 55.6540355], [12.5549468, 55.6546841], [12.5532473, 55.655088]]], [[[12.5529811, 55.6492579], [12.5551924, 55.6484583], [12.5567803, 55.649679], [12.5547428, 55.6504195], [12.5529811, 55.6492579]]], [[[12.5573394, 55.6540897], [12.5588987, 55.6528649], [12.5591812, 55.6533994], [12.5573394, 55.6540897]]], [[[12.5580659, 55.6547372], [12.5591499, 55.6535901], [12.5597088, 55.6540812], [12.5580659, 55.6547372]]], [[[12.5588113, 55.6553396], [12.5597536, 55.654331], [12.5601482, 55.6548503], [12.5588113, 55.6553396]]], [[[12.5591962, 55.6589694], [12.5596462, 55.6579915], [12.56137, 55.658247], [12.5611818, 55.6592487], [12.5591962, 55.6589694]]], [[[12.5593759, 55.655771], [12.5606004, 55.6549859], [12.5619051, 55.6562006], [12.5606485, 55.6567457], [12.5593759, 55.655771]]], [[[12.5596767, 55.657914], [12.5604825, 55.6568945], [12.5613553, 55.6581631], [12.5608624, 55.6580882], [12.5596767, 55.657914]]], [[[12.560313, 55.6599171], [12.5641617, 55.6601224], [12.5665138, 55.6633015], [12.5627945, 55.661619], [12.560313, 55.6599171]]], [[[12.5614429, 55.6576762], [12.5618751, 55.6563544], [12.5629264, 55.6572828], [12.5614429, 55.6576762]]], [[[12.5614514, 55.6592899], [12.5636958, 55.6583556], [12.5642873, 55.6591383], [12.5630555, 55.6595104], [12.5614514, 55.6592899]]], [[[12.5616746, 55.6584314], [12.5629051, 55.6574595], [12.5637674, 55.6582187], [12.5616746, 55.6584314]]], [[[12.5759772, 55.6757738], [12.5804709, 55.6722604], [12.5874203, 55.675262], [12.5797879, 55.677522], [12.5759772, 55.6757738]]], [[[12.5839245, 55.6725678], [12.587584, 55.6706825], [12.593966, 55.6745928], [12.5916241, 55.6763073], [12.5839245, 55.6725678]]], [[[12.5919742, 55.676379], [12.5941917, 55.6748042], [12.598453, 55.6777305], [12.5966366, 55.6783912], [12.5919742, 55.676379]]], [[[12.5960396, 55.7098312], [12.5977291, 55.7087915], [12.5981459, 55.7093738], [12.5960396, 55.7098312]]], [[[12.5984668, 55.6805517], [12.6005949, 55.6799572], [12.6015777, 55.6810931], [12.5993955, 55.6816751], [12.5984668, 55.6805517]]], [[[12.5988427, 55.6957628], [12.600517, 55.6955591], [12.6013219, 55.7039667], [12.5996785, 55.7027891], [12.5988427, 55.6957628]]], [[[12.5991967, 55.6818914], [12.6016919, 55.6812252], [12.6023966, 55.6820471], [12.5998839, 55.6827241], [12.5991967, 55.6818914]]], [[[12.5995471, 55.7078346], [12.6024795, 55.7062262], [12.6029388, 55.7065235], [12.5995471, 55.7078346]]], [[[12.6002508, 55.6827949], [12.6025283, 55.6821818], [12.603608, 55.6834435], [12.601368, 55.6840628], [12.6024385, 55.6830421], [12.6002508, 55.6827949]]], [[[12.600731, 55.6795531], [12.60655, 55.6781759], [12.6079488, 55.6829053], [12.6042008, 55.6837338], [12.600731, 55.6795531]]], [[[12.6116048, 55.7036942], [12.6141138, 55.7034618], [12.6127963, 55.7025386], [12.6137587, 55.7015977], [12.6153311, 55.7031261], [12.6147211, 55.70372], [12.6116048, 55.7036942]]], [[[12.636973, 55.6627953], [12.6402735, 55.6577882], [12.6466855, 55.6543974], [12.6428538, 55.6508909], [12.6490977, 55.648393], [12.6481018, 55.6520975], [12.6520721, 55.6546034], [12.6478118, 55.655823], [12.6417312, 55.6603594], [12.6389229, 55.6644557], [12.6395848, 55.6655037], [12.636973, 55.6627953]]], [[[12.6635521, 55.7207485], [12.6639083, 55.7196636], [12.6654995, 55.7190612], [12.6637205, 55.7205359], [12.6674834, 55.7193873], [12.6659433, 55.7191523], [12.6660203, 55.7191107], [12.6672829, 55.7192812], [12.6677957, 55.7194497], [12.6682178, 55.720454], [12.6659101, 55.7216495], [12.6635521, 55.7207485]]], [[[12.7289511, 55.7037752], [12.7335287, 55.7026737], [12.7342441, 55.7031792], [12.7314174, 55.7041633], [12.7289511, 55.7037752]]]]}}, {"type": "Feature", "properties": {"slug": "cork", "name": "Cork", "osmType": "relation", "osmId": 11797890, "source": "OpenStreetMap via Nominatim", "licence": "ODbL 1.0", "simplifiedDegrees": 0.001}, "geometry": {"type": "Polygon", "coordinates": [[[-8.6378543, 51.9299267], [-8.633261, 51.9291468], [-8.6330694, 51.9263019], [-8.6294944, 51.923637], [-8.6291629, 51.9185628], [-8.6328391, 51.9163584], [-8.635227, 51.9119667], [-8.6323812, 51.9120703], [-8.6294364, 51.9062158], [-8.6270948, 51.9061648], [-8.6290796, 51.9034601], [-8.6282646, 51.9023492], [-8.6345158, 51.9005027], [-8.6374552, 51.897972], [-8.6323835, 51.8889151], [-8.630197, 51.8881126], [-8.6357194, 51.8865147], [-8.6336602, 51.8838687], [-8.6364263, 51.8830107], [-8.6349725, 51.880401], [-8.6369808, 51.8801921], [-8.6369616, 51.8780219], [-8.623607, 51.8780864], [-8.6010246, 51.8733126], [-8.5892948, 51.872474], [-8.5886367, 51.8709768], [-8.5760224, 51.869195], [-8.5712689, 51.8659094], [-8.5640583, 51.8654428], [-8.5626959, 51.8630225], [-8.5557996, 51.8638666], [-8.5536847, 51.8616318], [-8.549719, 51.8618315], [-8.5498997, 51.8631263], [-8.5470905, 51.8615282], [-8.5410776, 51.8621772], [-8.5278507, 51.860017], [-8.5242565, 51.8645299], [-8.5186553, 51.8590579], [-8.5144471, 51.8584245], [-8.5157493, 51.8546077], [-8.5119799, 51.8512496], [-8.5108049, 51.8471716], [-8.5060979, 51.8450841], [-8.505386, 51.8420731], [-8.4960799, 51.8354463], [-8.4952888, 51.832706], [-8.4898835, 51.8340774], [-8.4890007, 51.8312672], [-8.481998, 51.8273102], [-8.47398, 51.8307048], [-8.4746365, 51.8317004], [-8.470821, 51.830132], [-8.4616307, 51.8337912], [-8.4599588, 51.8362667], [-8.4609863, 51.8385892], [-8.4585252, 51.8388205], [-8.4590289, 51.84004], [-8.453438, 51.8428217], [-8.4420437, 51.8441319], [-8.4308159, 51.8418123], [-8.4265266, 51.8476139], [-8.4156418, 51.85041], [-8.3966124, 51.8425852], [-8.3947771, 51.8441307], [-8.3949502, 51.8478285], [-8.3851439, 51.8488889], [-8.3814317, 51.8477622], [-8.3764886, 51.8497237], [-8.372733, 51.8493749], [-8.3684708, 51.8534882], [-8.3631171, 51.8536406], [-8.3641798, 51.8565624], [-8.3551315, 51.8651531], [-8.3579232, 51.8687359], [-8.3573937, 51.8711498], [-8.3609879, 51.8736607], [-8.3575092, 51.8799471], [-8.3863696, 51.8821696], [-8.3869838, 51.8921777], [-8.3908076, 51.8981149], [-8.3881064, 51.9024123], [-8.3805997, 51.902286], [-8.3840645, 51.90423], [-8.3850189, 51.9066671], [-8.3800259, 51.9124339], [-8.3835638, 51.9214312], [-8.3730179, 51.9304399], [-8.3736639, 51.9324068], [-8.3827139, 51.9358665], [-8.3911003, 51.9420948], [-8.3923243, 51.9460784], [-8.384675, 51.9623443], [-8.388119, 51.9626893], [-8.3886726, 51.961299], [-8.3968958, 51.970043], [-8.4070575, 51.9641111], [-8.4175896, 51.9621295], [-8.4204644, 51.9594789], [-8.4233159, 51.9603302], [-8.427658, 51.9581156], [-8.4537534, 51.9561316], [-8.4533514, 51.9537325], [-8.4636344, 51.9517476], [-8.4617796, 51.9492191], [-8.4628809, 51.948397], [-8.472111, 51.9484917], [-8.4851079, 51.9442574], [-8.4856845, 51.9459059], [-8.4945855, 51.9414375], [-8.4936656, 51.9390921], [-8.4959583, 51.9373138], [-8.5062708, 51.9368935], [-8.5146374, 51.9334614], [-8.5256695, 51.9355163], [-8.5312017, 51.9420523], [-8.5402197, 51.942544], [-8.5511887, 51.9498834], [-8.5614299, 51.952652], [-8.5627362, 51.9542693], [-8.5708695, 51.9547821], [-8.5741243, 51.9578719], [-8.5765315, 51.9570648], [-8.5765098, 51.9508639], [-8.581609, 51.9451442], [-8.5904087, 51.9442026], [-8.6037419, 51.9464049], [-8.6075074, 51.9404368], [-8.6291654, 51.9439742], [-8.6318887, 51.9414988], [-8.6306755, 51.9371404], [-8.6339844, 51.9370519], [-8.6325341, 51.9363912], [-8.6342455, 51.9346135], [-8.6329411, 51.9341874], [-8.6378543, 51.9299267]]]}}, {"type": "Feature", "properties": {"slug": "dublin", "name": "Dublin", "osmType": "relation", "osmId": 1109531, "source": "OpenStreetMap via Nominatim", "licence": "ODbL 1.0", "simplifiedDegrees": 0.001}, "geometry": {"type": "Polygon", "coordinates": [[[-6.3867701, 53.3437308], [-6.3858291, 53.3373108], [-6.3772297, 53.3284807], [-6.3508365, 53.3316672], [-6.3490422, 53.3302042], [-6.3500362, 53.329588], [-6.3452811, 53.3275088], [-6.34587, 53.3258817], [-6.3423242, 53.3215633], [-6.3455, 53.3219074], [-6.3451577, 53.3206417], [-6.3422841, 53.3190139], [-6.335542, 53.3169263], [-6.3169354, 53.3162889], [-6.2996488, 53.3120679], [-6.3031401, 53.3101012], [-6.2991728, 53.303616], [-6.2925199, 53.2987342], [-6.2868386, 53.3012062], [-6.2868177, 53.3039386], [-6.2851062, 53.3048402], [-6.2685969, 53.3037827], [-6.2655493, 53.306731], [-6.2600647, 53.3061155], [-6.2588751, 53.3083574], [-6.2490896, 53.3082925], [-6.2459256, 53.3124515], [-6.2369963, 53.3145181], [-6.2298812, 53.3142126], [-6.2267988, 53.3112496], [-6.2230619, 53.311598], [-6.217948, 53.3093736], [-6.2135316, 53.3121836], [-6.2108393, 53.3107167], [-6.2054522, 53.312287], [-6.200765, 53.3117017], [-6.1988193, 53.3127302], [-6.2046333, 53.3164355], [-6.2064258, 53.3251646], [-6.2103181, 53.3328259], [-6.212628, 53.3342773], [-6.2097924, 53.3371407], [-6.1947173, 53.3350392], [-6.1932659, 53.3370692], [-6.1827255, 53.3375369], [-6.1789801, 53.3407862], [-6.1597519, 53.3410691], [-6.1512915, 53.3420142], [-6.1512033, 53.3421511], [-6.1866772, 53.3408224], [-6.1890123, 53.3454561], [-6.1889419, 53.3504671], [-6.195881, 53.3504397], [-6.196254, 53.3532388], [-6.2104492, 53.3537062], [-6.2103907, 53.356667], [-6.2291867, 53.3593052], [-6.220577, 53.3625868], [-6.191315, 53.3573018], [-6.1818287, 53.3604826], [-6.1649949, 53.3725752], [-6.1578441, 53.372339], [-6.1546713, 53.3711491], [-6.1583048, 53.3713953], [-6.157589, 53.3699748], [-6.1591324, 53.3708114], [-6.1639646, 53.3687039], [-6.1645924, 53.3680449], [-6.1630827, 53.3671986], [-6.163026, 53.3669198], [-6.1647399, 53.3678376], [-6.1641709, 53.3665819], [-6.1655029, 53.3671074], [-6.1719436, 53.3621595], [-6.173134, 53.3595301], [-6.1783157, 53.3587454], [-6.1619271, 53.3507042], [-6.1653834, 53.3527944], [-6.1510737, 53.3642169], [-6.1373515, 53.3720067], [-6.1185844, 53.3795903], [-6.1149151, 53.3827962], [-6.1382223, 53.3790672], [-6.1461617, 53.3752527], [-6.1492945, 53.3756367], [-6.1532065, 53.3720529], [-6.161784, 53.3733692], [-6.1622332, 53.37484], [-6.1581976, 53.3780728], [-6.1425453, 53.3846742], [-6.1573174, 53.3902978], [-6.1503887, 53.3979734], [-6.1488667, 53.4045869], [-6.1505687, 53.4073867], [-6.1648966, 53.4092437], [-6.1721937, 53.4068498], [-6.1861747, 53.4063524], [-6.2265709, 53.4105416], [-6.2386014, 53.3973319], [-6.2441014, 53.3985164], [-6.2451335, 53.3972896], [-6.2686586, 53.4021926], [-6.2701945, 53.4051489], [-6.2917625, 53.4065844], [-6.291438, 53.3979147], [-6.3075633, 53.402634], [-6.3140666, 53.3992598], [-6.3183722, 53.4004024], [-6.3197763, 53.3975387], [-6.3190833, 53.3942995], [-6.3205315, 53.3945345], [-6.3212364, 53.3923489], [-6.3193284, 53.39137], [-6.320953, 53.3890102], [-6.319837, 53.3860729], [-6.3219639, 53.3797418], [-6.3333668, 53.3777851], [-6.3339845, 53.375743], [-6.3316523, 53.3724286], [-6.333547, 53.3708451], [-6.3491236, 53.369538], [-6.3562524, 53.3584687], [-6.3510167, 53.3547842], [-6.3568066, 53.3522818], [-6.3597394, 53.3528433], [-6.3607878, 53.3473724], [-6.3628182, 53.3452727], [-6.36912, 53.3462477], [-6.3700408, 53.3435941], [-6.3797882, 53.3452486], [-6.3826565, 53.3428727], [-6.3867701, 53.3437308]]]}}, {"type": "Feature", "properties": {"slug": "dusseldorf", "name": "D\u00fcsseldorf", "osmType": "relation", "osmId": 62539, "source": "OpenStreetMap via Nominatim", "licence": "ODbL 1.0", "simplifiedDegrees": 0.001}, "geometry": {"type": "Polygon", "coordinates": [[[6.6888147, 51.2294946], [6.6911584, 51.2289047], [6.6932823, 51.2249721], [6.7126417, 51.225632], [6.7178334, 51.2240337], [6.7211929, 51.2268516], [6.723549, 51.225936], [6.7225634, 51.2214366], [6.7314893, 51.2052082], [6.7306532, 51.1896821], [6.7372222, 51.1833591], [6.7522205, 51.1809314], [6.7800502, 51.1856025], [6.7872401, 51.1841578], [6.7933206, 51.1808697], [6.7970422, 51.1764424], [6.7983618, 51.1702417], [6.7928526, 51.1522313], [6.7946504, 51.1479092], [6.7989588, 51.1444762], [6.8055911, 51.1428761], [6.8144692, 51.143874], [6.8205606, 51.1470671], [6.8295884, 51.1566022], [6.8355306, 51.1604933], [6.8413525, 51.1624134], [6.8489276, 51.1622432], [6.855646, 51.1592506], [6.8574673, 51.1558577], [6.8498415, 51.1438443], [6.8482353, 51.1380638], [6.8496271, 51.1327681], [6.8543338, 51.1275804], [6.8561463, 51.1262371], [6.8596724, 51.128151], [6.8575824, 51.1311028], [6.8647624, 51.129025], [6.8690379, 51.129199], [6.8729127, 51.1314443], [6.8751021, 51.1300459], [6.874454, 51.1285165], [6.8840714, 51.1271154], [6.892703, 51.1308637], [6.8943834, 51.1290765], [6.8976215, 51.1291714], [6.899043, 51.1243747], [6.9189398, 51.1297547], [6.9186501, 51.1345856], [6.9251436, 51.1365263], [6.9234212, 51.1422473], [6.917668, 51.1409567], [6.9115625, 51.1465788], [6.9088742, 51.1461654], [6.90586, 51.1504354], [6.8957649, 51.1538812], [6.8907598, 51.158926], [6.898254, 51.158732], [6.8982166, 51.1638893], [6.8968867, 51.1645324], [6.9001973, 51.1671528], [6.8988087, 51.1724786], [6.895421, 51.1736455], [6.9057778, 51.1766977], [6.9048552, 51.1772257], [6.9145656, 51.1787407], [6.9142285, 51.1810707], [6.9125756, 51.180872], [6.9108114, 51.1837747], [6.9102736, 51.1874201], [6.9205295, 51.1889597], [6.915611, 51.1921061], [6.9213127, 51.1926579], [6.9148117, 51.1931245], [6.9094072, 51.1955609], [6.9052403, 51.2012312], [6.911057, 51.2089226], [6.9118105, 51.2107647], [6.9105952, 51.2113922], [6.8907578, 51.2125531], [6.8895908, 51.2140454], [6.8854216, 51.2134032], [6.8811812, 51.2156917], [6.8809283, 51.2142624], [6.8786548, 51.2140708], [6.8718896, 51.2226335], [6.8800593, 51.2280256], [6.8757918, 51.2302352], [6.8769685, 51.2321755], [6.872914, 51.2327402], [6.8710696, 51.2414589], [6.8735566, 51.2406075], [6.881807, 51.2421962], [6.8839074, 51.2401023], [6.8827607, 51.2382602], [6.887535, 51.2397128], [6.8904744, 51.2392883], [6.8909723, 51.2375195], [6.8932154, 51.2374453], [6.8934726, 51.2391145], [6.9014038, 51.2370539], [6.9032168, 51.2371317], [6.9036245, 51.2404085], [6.9084024, 51.2389612], [6.9102248, 51.2417655], [6.9181584, 51.2400264], [6.9264948, 51.2425308], [6.9308822, 51.240872], [6.9300323, 51.2394942], [6.9312417, 51.238043], [6.9323695, 51.2407907], [6.9315181, 51.2445632], [6.9342791, 51.2484509], [6.9268938, 51.2534909], [6.9303162, 51.2571872], [6.9276716, 51.2655722], [6.9325999, 51.2642904], [6.9340787, 51.2657742], [6.9327253, 51.2671703], [6.9399324, 51.2725495], [6.9346925, 51.2743003], [6.9358154, 51.2760741], [6.9306012, 51.2753371], [6.9301132, 51.2732014], [6.9177451, 51.2726904], [6.9165073, 51.2729614], [6.9173751, 51.2741823], [6.9127822, 51.2761353], [6.9112942, 51.273182], [6.9127417, 51.2725087], [6.9084172, 51.2710262], [6.9075979, 51.2673626], [6.9036773, 51.2649396], [6.8959825, 51.2645253], [6.890832, 51.2667265], [6.889142, 51.2693674], [6.8761246, 51.2680026], [6.8745258, 51.2700251], [6.8757394, 51.2746985], [6.8713629, 51.2715536], [6.8692757, 51.2738945], [6.8665697, 51.2722345], [6.8514454, 51.2760987], [6.8509116, 51.2785362], [6.8365221, 51.276368], [6.8313429, 51.2785157], [6.8322738, 51.2799496], [6.830692, 51.2805755], [6.8251138, 51.2739562], [6.817282, 51.2752191], [6.8097171, 51.2796866], [6.803656, 51.2791486], [6.8031853, 51.2909548], [6.8069465, 51.2995763], [6.8012365, 51.3010049], [6.8035284, 51.3068977], [6.8095161, 51.3076634], [6.811438, 51.3111416], [6.8096802, 51.3139737], [6.8141197, 51.3151449], [6.8174571, 51.3209359], [6.8073531, 51.3232418], [6.8067392, 51.3261528], [6.8025974, 51.328427], [6.8026032, 51.330539], [6.8043878, 51.3314878], [6.8030562, 51.3354715], [6.8047357, 51.3372131], [6.8091253, 51.3374477], [6.8093978, 51.3431842], [6.804524, 51.3430007], [6.8058745, 51.3504065], [6.793815, 51.35222], [6.794094, 51.3478386], [6.7920435, 51.3476529], [6.7907665, 51.3450285], [6.7927402, 51.3446101], [6.7918147, 51.3432571], [6.7861218, 51.3451476], [6.781502, 51.3425529], [6.7668809, 51.347308], [6.754618, 51.350014], [6.7531435, 51.3490041], [6.7472875, 51.3523955], [6.7382627, 51.3453879], [6.7250637, 51.340707], [6.7144938, 51.3333827], [6.7301424, 51.3243515], [6.734032, 51.318624], [6.7345829, 51.3125751], [6.7297901, 51.301119], [6.7055966, 51.2792596], [6.702956, 51.2750671], [6.7025871, 51.2711715], [6.7046528, 51.2671019], [6.7098, 51.2629474], [6.7265499, 51.2566003], [6.7167762, 51.2447718], [6.7102288, 51.239678], [6.6888147, 51.2294946]]]}}, {"type": "Feature", "properties": {"slug": "edinburgh", "name": "Edinburgh", "osmType": "relation", "osmId": 1920901, "source": "OpenStreetMap via Nominatim", "licence": "ODbL 1.0", "simplifiedDegrees": 0.001}, "geometry": {"type": "Polygon", "coordinates": [[[-3.4495326, 55.9509376], [-3.4375469, 55.9395277], [-3.4180814, 55.9338712], [-3.4213033, 55.931629], [-3.431123, 55.9318298], [-3.4288908, 55.9300684], [-3.4278849, 55.9257408], [-3.4336196, 55.9212855], [-3.4335284, 55.9169509], [-3.4359574, 55.9158704], [-3.4369268, 55.9131813], [-3.4422408, 55.9128523], [-3.4416476, 55.9099748], [-3.4442011, 55.9077442], [-3.4421564, 55.9047201], [-3.4339331, 55.905722], [-3.421448, 55.9017899], [-3.3879075, 55.9027537], [-3.3907998, 55.9011425], [-3.3909814, 55.8991995], [-3.388103, 55.8989894], [-3.3866288, 55.8969833], [-3.3906448, 55.8919425], [-3.4043119, 55.8862297], [-3.4008497, 55.8839471], [-3.4013514, 55.8818109], [-3.4138168, 55.878358], [-3.4052291, 55.8700267], [-3.3996011, 55.8709777], [-3.3965928, 55.8687358], [-3.4000616, 55.8688078], [-3.4056485, 55.8650482], [-3.4096502, 55.8653663], [-3.4140758, 55.8606385], [-3.416844, 55.8603568], [-3.4177313, 55.8583966], [-3.4126633, 55.8553548], [-3.416213, 55.8543866], [-3.4147138, 55.8513361], [-3.4201441, 55.8460095], [-3.4089129, 55.8412917], [-3.4109241, 55.8397231], [-3.4040685, 55.8344953], [-3.3959783, 55.8317389], [-3.3908529, 55.8250216], [-3.3947665, 55.819743], [-3.3912452, 55.8187919], [-3.3768601, 55.8206926], [-3.361498, 55.8257385], [-3.3560049, 55.8247703], [-3.3506754, 55.8271338], [-3.349561, 55.8302192], [-3.2955431, 55.8662219], [-3.2840299, 55.8658906], [-3.2740766, 55.871221], [-3.269159, 55.8757772], [-3.2657331, 55.8761037], [-3.2539182, 55.8685742], [-3.2490227, 55.8754765], [-3.2397524, 55.8780377], [-3.2384125, 55.8827416], [-3.2278871, 55.883858], [-3.2245751, 55.8823517], [-3.2117409, 55.8819792], [-3.2090886, 55.8832551], [-3.2134496, 55.8844828], [-3.2139145, 55.8864028], [-3.2007071, 55.8903192], [-3.2015455, 55.8948234], [-3.1624383, 55.8890878], [-3.1382862, 55.8911861], [-3.1120992, 55.8987073], [-3.0926717, 55.899804], [-3.1127275, 55.9121043], [-3.1176746, 55.9134522], [-3.1116695, 55.929692], [-3.0885731, 55.9313872], [-3.0796207, 55.9340843], [-3.0808082, 55.9368378], [-3.083975, 55.938625], [-3.0814703, 55.9414658], [-3.0823909, 55.9447373], [-3.0792864, 55.945088], [-3.0749528, 55.9495674], [-3.0923423, 55.9497511], [-3.1038214, 55.9539277], [-3.1458817, 55.9750181], [-3.1513481, 55.9789171], [-3.1496891, 55.9806353], [-3.1556704, 55.9808031], [-3.1597826, 55.9843272], [-3.156492, 55.9849701], [-3.1586935, 55.985856], [-3.1592574, 55.9881465], [-3.1621688, 55.9873041], [-3.1619878, 55.9853847], [-3.1631841, 55.9852458], [-3.1822655, 55.991682], [-3.1961322, 55.9849242], [-3.1973824, 55.981555], [-3.2167771, 55.9815107], [-3.2161641, 55.9854686], [-3.2208274, 55.9880786], [-3.2299233, 55.9872242], [-3.2337805, 55.9844363], [-3.2366816, 55.9855879], [-3.2395094, 55.9835459], [-3.249722, 55.9845246], [-3.2554605, 55.9824799], [-3.256933, 55.9849716], [-3.2633554, 55.9808238], [-3.2657998, 55.9808831], [-3.2833778, 55.9890462], [-3.2880072, 55.9955969], [-3.2972935, 55.9954969], [-3.3030878, 55.9967342], [-3.2999087, 55.9978433], [-3.3056881, 55.9986727], [-3.3010684, 56.0003839], [-3.3283474, 56.0000579], [-3.3274762, 55.9991553], [-3.3262816, 55.9962514], [-3.3241156, 55.9954579], [-3.3261104, 55.9959819], [-3.3267482, 55.9964405], [-3.3284636, 55.9998922], [-3.3441004, 56.0036162], [-3.3425963, 56.0040837], [-3.353531, 56.0030062], [-3.3671485, 55.9990838], [-3.3686697, 55.9967118], [-3.3822354, 55.9916228], [-3.4056241, 55.9937413], [-3.4093488, 55.9973077], [-3.4090221, 55.9943774], [-3.4139064, 55.9932531], [-3.414858, 55.9958228], [-3.4130234, 55.9975709], [-3.4171989, 55.9958678], [-3.4253948, 55.9957239], [-3.425498, 55.991122], [-3.4319559, 55.989224], [-3.4297057, 55.9818144], [-3.4419378, 55.9778017], [-3.4482694, 55.9775774], [-3.4461157, 55.9735034], [-3.4440791, 55.972989], [-3.444859, 55.9698825], [-3.4420743, 55.9691233], [-3.4433767, 55.9614873], [-3.4259531, 55.9593288], [-3.424917, 55.953757], [-3.4346836, 55.9509416], [-3.4495326, 55.9509376]]]}}, {"type": "Feature", "properties": {"slug": "espoo", "name": "Espoo", "osmType": "relation", "osmId": 36097, "source": "OpenStreetMap via Nominatim", "licence": "ODbL 1.0", "simplifiedDegrees": 0.001}, "geometry": {"type": "Polygon", "coordinates": [[[24.4992905, 60.2875918], [24.5142959, 60.2849958], [24.5155572, 60.2812908], [24.504441, 60.2740906], [24.5043407, 60.2554357], [24.5250233, 60.2465833], [24.5254123, 60.2310151], [24.5170955, 60.226503], [24.5065913, 60.2164123], [24.5025913, 60.2153656], [24.5032091, 60.2128646], [24.5247591, 60.205349], [24.5336796, 60.2060292], [24.5364195, 60.2045645], [24.5362154, 60.196468], [24.516388, 60.195519], [24.5280839, 60.196036], [24.5533801, 60.1832508], [24.5690714, 60.1793102], [24.5680152, 60.1757561], [24.5722732, 60.1726355], [24.5673796, 60.1679278], [24.5770122, 60.1637713], [24.5877762, 60.1653051], [24.5925407, 60.1598725], [24.5994132, 60.1598797], [24.6133925, 60.1558105], [24.6267308, 60.1494041], [24.6347122, 60.1376984], [24.6404284, 60.136287], [24.6410609, 60.1345793], [24.6382023, 60.1327114], [24.6410047, 60.1304708], [24.6547217, 60.1061525], [24.6530846, 60.1007713], [24.6446512, 60.0921374], [24.6817704, 60.0517902], [24.7453966, 60.0080156], [24.831625, 59.9010905], [24.9299761, 59.9213478], [24.9423061, 59.922486], [24.7828026, 60.0999604], [24.835673, 60.1304132], [24.8394339, 60.1502629], [24.840858, 60.1510697], [24.8409358, 60.1570101], [24.8444095, 60.1655923], [24.842786, 60.1957592], [24.846874, 60.2037279], [24.8459432, 60.2133235], [24.8478646, 60.2215965], [24.8513693, 60.2249753], [24.8419098, 60.2212043], [24.8399693, 60.2291365], [24.8381159, 60.2290274], [24.8314026, 60.254055], [24.7847561, 60.2415059], [24.7740363, 60.257415], [24.7677636, 60.2636786], [24.7671623, 60.2663036], [24.7699768, 60.2683345], [24.7649365, 60.2712464], [24.771801, 60.2992165], [24.7609248, 60.3253743], [24.7462404, 60.3222773], [24.7492994, 60.341786], [24.7007289, 60.3529085], [24.6924377, 60.3574358], [24.6737095, 60.3594554], [24.6661055, 60.3639149], [24.6359411, 60.3583084], [24.6278118, 60.3591311], [24.6181754, 60.3503982], [24.6078909, 60.3352342], [24.5956633, 60.3241941], [24.5624759, 60.3141609], [24.5001716, 60.3262898], [24.5120248, 60.2917333], [24.4992905, 60.2875918]], [[24.6752776, 60.2110286], [24.6777483, 60.2154159], [24.7011114, 60.2225353], [24.7070625, 60.2229528], [24.7062548, 60.2250189], [24.7127795, 60.225918], [24.7190092, 60.2222919], [24.7219178, 60.2234545], [24.7253951, 60.222013], [24.727338, 60.223899], [24.7342474, 60.2241164], [24.7362161, 60.2225353], [24.7355982, 60.2203783], [24.7389614, 60.2188875], [24.7489698, 60.2211168], [24.7509167, 60.2182102], [24.7427005, 60.2152433], [24.7390992, 60.2071057], [24.7309606, 60.2053021], [24.7277544, 60.2061909], [24.7221975, 60.2025488], [24.7158854, 60.2041285], [24.7195654, 60.2077165], [24.7137573, 60.2099347], [24.7061965, 60.2059982], [24.6977109, 60.2075975], [24.6903225, 60.2067043], [24.6752776, 60.2110286]]]}}, {"type": "Feature", "properties": {"slug": "florence", "name": "Florence", "osmType": "relation", "osmId": 42602, "source": "OpenStreetMap via Nominatim", "licence": "ODbL 1.0", "simplifiedDegrees": 0.001}, "geometry": {"type": "Polygon", "coordinates": [[[11.1497598, 43.7869451], [11.1546164, 43.7856259], [11.1516438, 43.781172], [11.1547996, 43.7791642], [11.1519318, 43.7768589], [11.1543072, 43.7747578], [11.1797862, 43.7643047], [11.1894206, 43.7672703], [11.1919691, 43.7636215], [11.1945585, 43.7641425], [11.202745, 43.7591244], [11.1985624, 43.756946], [11.2011717, 43.753279], [11.2066112, 43.7509716], [11.2090974, 43.7451132], [11.2134763, 43.7431002], [11.2037767, 43.7407842], [11.2066648, 43.7314086], [11.2102968, 43.7301076], [11.2113375, 43.7266639], [11.2216483, 43.7266512], [11.2242118, 43.7274289], [11.2233726, 43.7302911], [11.226596, 43.7306302], [11.2335691, 43.7304408], [11.2437651, 43.7258716], [11.2475821, 43.7275178], [11.2484136, 43.7302977], [11.2531333, 43.7331814], [11.2565971, 43.7351111], [11.2613842, 43.7346305], [11.2677362, 43.7405978], [11.2715394, 43.7420258], [11.273736, 43.7407697], [11.2817018, 43.7433689], [11.2901453, 43.739687], [11.3054178, 43.7382488], [11.3023609, 43.7409447], [11.3048252, 43.7415912], [11.3040355, 43.7437163], [11.3067442, 43.7471351], [11.3058422, 43.7527188], [11.3069561, 43.7566665], [11.3109231, 43.7564685], [11.3147625, 43.7595185], [11.3190111, 43.7590715], [11.3213992, 43.7614186], [11.3185669, 43.7631637], [11.3323195, 43.7696382], [11.338218, 43.7772212], [11.3368278, 43.780192], [11.3341467, 43.781242], [11.3389044, 43.7857028], [11.3341244, 43.7883097], [11.333496, 43.7906367], [11.3274212, 43.7962158], [11.3244266, 43.7956586], [11.3198068, 43.7904098], [11.3136683, 43.791226], [11.3068064, 43.7829203], [11.2998095, 43.7812356], [11.2974363, 43.7825639], [11.29349, 43.7939591], [11.2848393, 43.801217], [11.2790167, 43.803226], [11.2801748, 43.8081768], [11.2824652, 43.8082614], [11.285852, 43.8128374], [11.291612, 43.8160764], [11.2935003, 43.8200672], [11.2992035, 43.8246345], [11.2978251, 43.8284225], [11.2899369, 43.8329216], [11.287624, 43.8310203], [11.2867923, 43.8354631], [11.2778394, 43.831711], [11.2776368, 43.8262558], [11.269323, 43.8271912], [11.2602834, 43.8341029], [11.2513026, 43.8351833], [11.2469429, 43.8330076], [11.2471189, 43.8309839], [11.2449517, 43.8309346], [11.2427362, 43.8253624], [11.2391205, 43.8238359], [11.2336663, 43.8289186], [11.2281299, 43.8231285], [11.2157596, 43.8190138], [11.2050088, 43.8080019], [11.1940755, 43.8130841], [11.1818816, 43.7997351], [11.1566869, 43.8030615], [11.1536064, 43.7993477], [11.1567724, 43.7981742], [11.1559884, 43.7957245], [11.1497598, 43.7869451]]]}}, {"type": "Feature", "properties": {"slug": "frankfurt", "name": "Frankfurt", "osmType": "relation", "osmId": 62400, "source": "OpenStreetMap via Nominatim", "licence": "ODbL 1.0", "simplifiedDegrees": 0.001}, "geometry": {"type": "Polygon", "coordinates": [[[8.4727605, 50.0998225], [8.4798838, 50.0957492], [8.4784816, 50.0951632], [8.4797376, 50.0935662], [8.4879204, 50.0882955], [8.4875332, 50.0849155], [8.4950763, 50.0859151], [8.4947596, 50.0844042], [8.5018924, 50.0813361], [8.5013698, 50.0754238], [8.5070809, 50.0729974], [8.5057854, 50.0719459], [8.5178011, 50.0649449], [8.5203882, 50.0617683], [8.5269962, 50.0662523], [8.5221173, 50.0776875], [8.5256844, 50.0838616], [8.5308556, 50.0815119], [8.5299626, 50.0806496], [8.5324095, 50.0787702], [8.5428442, 50.0752876], [8.5436, 50.0712005], [8.5497605, 50.0668543], [8.5510284, 50.0609747], [8.5495812, 50.0595777], [8.5510161, 50.0574235], [8.5498746, 50.0550668], [8.5532836, 50.0489327], [8.5197971, 50.0368454], [8.5216048, 50.034033], [8.5166467, 50.0328225], [8.5195056, 50.0278684], [8.516335, 50.0271094], [8.5199879, 50.0207793], [8.5630137, 50.0266332], [8.5700882, 50.0253871], [8.5761531, 50.0153529], [8.5811376, 50.0175351], [8.5920142, 50.0177041], [8.5917308, 50.0278862], [8.5984757, 50.042253], [8.6063904, 50.039114], [8.6107218, 50.0450876], [8.6246212, 50.0550851], [8.6651803, 50.0553724], [8.7249626, 50.0617284], [8.7224506, 50.0650544], [8.7272169, 50.0666528], [8.7304938, 50.0705], [8.7261394, 50.0730325], [8.7343313, 50.0758914], [8.7343765, 50.0780245], [8.7315599, 50.0806546], [8.7321899, 50.0822204], [8.7420219, 50.0922295], [8.7488131, 50.0942039], [8.7502089, 50.0964895], [8.7417227, 50.1042897], [8.7302967, 50.1053988], [8.7255224, 50.1084935], [8.7484585, 50.1156488], [8.7543311, 50.1149826], [8.7621239, 50.1098364], [8.7688936, 50.1079323], [8.7734221, 50.1081214], [8.7798147, 50.1110552], [8.78095, 50.1131358], [8.7797665, 50.1171931], [8.7700148, 50.1267461], [8.7691754, 50.131644], [8.7736396, 50.135747], [8.7849123, 50.1393715], [8.7822548, 50.1446727], [8.7834324, 50.1584591], [8.7906288, 50.1589072], [8.7909604, 50.1611246], [8.7895264, 50.1614445], [8.7904678, 50.1634678], [8.7939862, 50.1630623], [8.7944019, 50.1668402], [8.7978185, 50.1674138], [8.8004049, 50.1712442], [8.7963181, 50.1745127], [8.7939846, 50.1725695], [8.7899719, 50.1761798], [8.7791329, 50.17711], [8.7776446, 50.1782743], [8.7786883, 50.1803832], [8.7687862, 50.1797941], [8.7626897, 50.1789797], [8.762969, 50.172802], [8.7542635, 50.1705197], [8.7425621, 50.1640853], [8.7329928, 50.1621976], [8.7230075, 50.1634759], [8.7178562, 50.169284], [8.7118912, 50.1725965], [8.7091431, 50.1760673], [8.708971, 50.1789217], [8.7019888, 50.1804801], [8.7044879, 50.1847181], [8.7075914, 50.1837985], [8.7110276, 50.1885029], [8.7054515, 50.1917605], [8.7185343, 50.1961751], [8.7199185, 50.1989776], [8.729617, 50.202588], [8.7317423, 50.2063196], [8.7307053, 50.2108041], [8.7349761, 50.2112725], [8.7349535, 50.2155599], [8.7243403, 50.2197545], [8.7192268, 50.2251586], [8.7163602, 50.2242982], [8.7154788, 50.2258224], [8.7127689, 50.2250673], [8.7123607, 50.2271118], [8.7092821, 50.2271424], [8.7111486, 50.2222158], [8.7017501, 50.2170877], [8.6915084, 50.2166186], [8.6869259, 50.2138679], [8.6854663, 50.2151682], [8.6819195, 50.2124398], [8.6724967, 50.2171572], [8.6691258, 50.2169527], [8.6595948, 50.208303], [8.6582733, 50.2095561], [8.6542053, 50.2065093], [8.6507542, 50.206898], [8.6433603, 50.2023551], [8.6455888, 50.2009328], [8.6444915, 50.2003427], [8.6387373, 50.2017398], [8.6336754, 50.1945425], [8.6186173, 50.1846425], [8.6056279, 50.1809587], [8.6100311, 50.1762539], [8.6023535, 50.1715942], [8.5968731, 50.1732351], [8.5920583, 50.1673186], [8.5879417, 50.1681976], [8.5897664, 50.1592081], [8.5909154, 50.1602287], [8.6027339, 50.1569932], [8.5933329, 50.1397842], [8.5329648, 50.1152988], [8.5293984, 50.1156719], [8.5220093, 50.1209647], [8.5135407, 50.1219196], [8.511738, 50.1193835], [8.5128778, 50.119251], [8.5123937, 50.1175132], [8.507873, 50.1165663], [8.4996363, 50.1091267], [8.5022942, 50.1077468], [8.4996575, 50.1067182], [8.4978174, 50.1076435], [8.4960979, 50.1060065], [8.4919351, 50.1080857], [8.4913818, 50.1066798], [8.4778109, 50.1103057], [8.4758701, 50.1087105], [8.4809558, 50.1052796], [8.4727605, 50.0998225]]]}}, {"type": "Feature", "properties": {"slug": "geneva", "name": "Geneva", "osmType": "relation", "osmId": 1685488, "source": "OpenStreetMap via Nominatim", "licence": "ODbL 1.0", "simplifiedDegrees": 0.001}, "geometry": {"type": "Polygon", "coordinates": [[[6.1102325, 46.205568], [6.1119671, 46.1969295], [6.1215616, 46.1976094], [6.1215455, 46.196122], [6.1234424, 46.1958432], [6.1273684, 46.1970975], [6.1276465, 46.1877695], [6.1350187, 46.190844], [6.1370058, 46.1888105], [6.1414365, 46.1890817], [6.1439132, 46.1869351], [6.1530848, 46.1864411], [6.1545275, 46.1847061], [6.1538265, 46.1798406], [6.1567223, 46.1777907], [6.1594738, 46.1788529], [6.162972, 46.1876802], [6.167864, 46.1872657], [6.1673676, 46.1898652], [6.1725907, 46.1938074], [6.1712379, 46.1945059], [6.1758225, 46.2013319], [6.1733903, 46.2029559], [6.1758454, 46.2057866], [6.174876, 46.207026], [6.1707542, 46.2066977], [6.173282, 46.2095996], [6.1713781, 46.2110569], [6.1723617, 46.2118914], [6.1619003, 46.2152237], [6.1667005, 46.2244668], [6.1489408, 46.2277922], [6.143428, 46.2306363], [6.1428643, 46.2293], [6.1385325, 46.230292], [6.1379433, 46.2281813], [6.1330741, 46.2318859], [6.1242203, 46.2257319], [6.1218883, 46.2267062], [6.121754, 46.2248401], [6.1138317, 46.2202734], [6.1192544, 46.2162085], [6.1102325, 46.205568]]]}}, {"type": "Feature", "properties": {"slug": "ghent", "name": "Ghent", "osmType": "relation", "osmId": 897671, "source": "OpenStreetMap via Nominatim", "licence": "ODbL 1.0", "simplifiedDegrees": 0.001}, "geometry": {"type": "Polygon", "coordinates": [[[3.5797616, 51.0302742], [3.5987524, 51.022181], [3.6024563, 51.0250962], [3.603539, 51.0286153], [3.6062594, 51.0284193], [3.6087297, 51.0319468], [3.6152119, 51.0349547], [3.6195981, 51.0353473], [3.6299041, 51.0301071], [3.633343, 51.0301743], [3.639255, 51.0252307], [3.640162, 51.0220635], [3.6441432, 51.0227563], [3.6449641, 51.0253594], [3.6550956, 51.0185543], [3.6507638, 51.0155101], [3.6497159, 51.0125546], [3.6529512, 51.0066035], [3.6578807, 51.0081846], [3.6639002, 51.0141727], [3.6656453, 51.0116362], [3.674859, 51.0063351], [3.6811886, 50.9983451], [3.6939092, 50.995241], [3.7044295, 50.9870962], [3.7048026, 50.9852904], [3.7022073, 50.9829191], [3.7097794, 50.9815339], [3.7110963, 50.9795422], [3.7241979, 50.9926902], [3.7237754, 50.9984714], [3.7261805, 51.0013068], [3.7303274, 51.0030022], [3.7417267, 51.0015023], [3.7458057, 51.0030051], [3.7457523, 51.006621], [3.7494323, 51.008192], [3.7380117, 51.0116087], [3.7424025, 51.0148497], [3.7457199, 51.023399], [3.7453391, 51.0268629], [3.7473508, 51.0272475], [3.7525682, 51.0220281], [3.7557328, 51.0244989], [3.7628907, 51.0185276], [3.7663587, 51.0203804], [3.7655443, 51.021743], [3.7674229, 51.0218567], [3.767149, 51.025234], [3.7786087, 51.0296401], [3.78887, 51.030899], [3.79334, 51.040634], [3.789526, 51.046424], [3.778871, 51.049552], [3.7560909, 51.0518547], [3.7615535, 51.0546617], [3.7592872, 51.0573081], [3.765801, 51.062526], [3.7731086, 51.0612792], [3.7799339, 51.0630361], [3.78242, 51.065827], [3.7959196, 51.0685244], [3.810877, 51.0742683], [3.8032405, 51.0808998], [3.7947173, 51.0924918], [3.7986714, 51.0942847], [3.7968205, 51.0976461], [3.7953368, 51.0991183], [3.7896231, 51.0978334], [3.7866046, 51.1039555], [3.7898515, 51.1073906], [3.7891903, 51.1083014], [3.8005764, 51.1102025], [3.8088423, 51.1142659], [3.8067987, 51.1159307], [3.8089307, 51.1175114], [3.8194544, 51.1225625], [3.8177148, 51.1239773], [3.8213119, 51.125118], [3.8166156, 51.1283258], [3.8236684, 51.132404], [3.820068, 51.1360674], [3.822225, 51.1368069], [3.8199131, 51.141575], [3.8369995, 51.147439], [3.8433537, 51.1465068], [3.8493413, 51.1476107], [3.8464603, 51.1510727], [3.8460617, 51.1542862], [3.8430634, 51.155593], [3.8445774, 51.1563615], [3.8386541, 51.161437], [3.8337587, 51.1634063], [3.8290163, 51.1687969], [3.8325518, 51.1729159], [3.8326341, 51.1767305], [3.8349441, 51.17636], [3.8344923, 51.1793], [3.8364026, 51.1822631], [3.8335318, 51.1819913], [3.8335093, 51.1836857], [3.8279527, 51.1863179], [3.8034633, 51.182515], [3.803667, 51.1858179], [3.7987054, 51.188891], [3.790068, 51.180359], [3.7926775, 51.176759], [3.7900566, 51.1743127], [3.7905963, 51.171986], [3.7795007, 51.1681439], [3.7722147, 51.1681426], [3.7635176, 51.1647408], [3.7650713, 51.1642604], [3.7638258, 51.1637283], [3.7640706, 51.1602331], [3.7625465, 51.1604256], [3.7631735, 51.1579542], [3.7591599, 51.1536921], [3.7604523, 51.1519304], [3.7582275, 51.1509122], [3.7596545, 51.1499855], [3.7565234, 51.1464578], [3.757241, 51.1444525], [3.7555303, 51.143972], [3.7769875, 51.1474427], [3.768147, 51.133682], [3.7517903, 51.1202086], [3.7337795, 51.1106945], [3.7258968, 51.1093952], [3.7203217, 51.1048636], [3.7104621, 51.1040124], [3.6876, 51.093788], [3.6592031, 51.0872038], [3.6670115, 51.0832576], [3.6588885, 51.0781491], [3.654258, 51.082443], [3.647521, 51.07888], [3.640944, 51.078781], [3.64086, 51.083312], [3.636796, 51.084247], [3.630121, 51.081676], [3.626569, 51.078178], [3.627956, 51.077495], [3.623136, 51.074142], [3.6181516, 51.0780929], [3.6131474, 51.0766153], [3.6013208, 51.0656152], [3.6034687, 51.0644602], [3.606146, 51.0660467], [3.6117551, 51.0635804], [3.6120345, 51.0593951], [3.607326, 51.0564802], [3.6095928, 51.054841], [3.6018384, 51.0481955], [3.5977932, 51.0497228], [3.590204, 51.04416], [3.5916978, 51.0408322], [3.5860207, 51.0384503], [3.5797616, 51.0302742]]]}}, {"type": "Feature", "properties": {"slug": "glasgow", "name": "Glasgow", "osmType": "relation", "osmId": 1906767, "source": "OpenStreetMap via Nominatim", "licence": "ODbL 1.0", "simplifiedDegrees": 0.001}, "geometry": {"type": "Polygon", "coordinates": [[[-4.3932006, 55.8891489], [-4.3824342, 55.8865132], [-4.3534484, 55.8737414], [-4.3562716, 55.8731876], [-4.3551473, 55.865762], [-4.3531067, 55.8635766], [-4.3567235, 55.8635235], [-4.3604983, 55.8608348], [-4.3646862, 55.8553267], [-4.3808871, 55.8563443], [-4.3798888, 55.8510465], [-4.3756295, 55.8512852], [-4.3739351, 55.8503032], [-4.3748939, 55.8486561], [-4.3687804, 55.8471176], [-4.3680443, 55.8454421], [-4.370918, 55.8407445], [-4.3702544, 55.8394478], [-4.3761321, 55.8349951], [-4.3786078, 55.8288805], [-4.3775731, 55.8267892], [-4.3814286, 55.8231526], [-4.3674676, 55.817705], [-4.3683354, 55.8160651], [-4.3721895, 55.8158408], [-4.3760679, 55.8108567], [-4.3742846, 55.8072853], [-4.3677967, 55.8033623], [-4.3720585, 55.8027256], [-4.3698198, 55.8021738], [-4.373788, 55.7996013], [-4.3780907, 55.7999036], [-4.3721071, 55.7947884], [-4.343709, 55.7950286], [-4.3334623, 55.7928786], [-4.3227032, 55.8005872], [-4.3232373, 55.8039826], [-4.3272741, 55.8076352], [-4.3150568, 55.8086451], [-4.3120074, 55.8115876], [-4.3067096, 55.8091256], [-4.3055476, 55.8104462], [-4.2985221, 55.8094722], [-4.2926387, 55.8139402], [-4.2719732, 55.8087305], [-4.2666712, 55.8109404], [-4.2606971, 55.8110185], [-4.2610859, 55.8089873], [-4.2670976, 55.8068145], [-4.2696475, 55.802972], [-4.2656075, 55.8041307], [-4.2644345, 55.8019838], [-4.2657964, 55.8001863], [-4.2614692, 55.7995546], [-4.2603191, 55.7979895], [-4.2631721, 55.7935264], [-4.2678708, 55.79278], [-4.2648437, 55.7869409], [-4.2615546, 55.7857001], [-4.2588818, 55.7871545], [-4.2516714, 55.7866846], [-4.2494778, 55.7855704], [-4.2506131, 55.7848171], [-4.2434484, 55.7871429], [-4.236604, 55.7844438], [-4.2361344, 55.7826512], [-4.226712, 55.7812791], [-4.2245206, 55.7842722], [-4.229937, 55.7859184], [-4.2239438, 55.791948], [-4.2042989, 55.8004499], [-4.211163, 55.800361], [-4.2146293, 55.8154331], [-4.2255017, 55.8121741], [-4.2290577, 55.8178958], [-4.2278763, 55.8182282], [-4.2337658, 55.8186579], [-4.2349666, 55.8238425], [-4.2288827, 55.8244643], [-4.2307436, 55.8325939], [-4.2337825, 55.8336532], [-4.2313164, 55.8382168], [-4.2275736, 55.8408071], [-4.2224258, 55.8385342], [-4.2231724, 55.8346867], [-4.2204472, 55.8331056], [-4.2137552, 55.8365156], [-4.2035194, 55.8382318], [-4.2025947, 55.8400962], [-4.2064957, 55.842673], [-4.2052804, 55.8443701], [-4.2030211, 55.844132], [-4.1952805, 55.8390092], [-4.1994352, 55.8343514], [-4.194296, 55.8317398], [-4.1912231, 55.8324399], [-4.190894, 55.8350782], [-4.1872944, 55.8367276], [-4.1801786, 55.8354537], [-4.176163, 55.824865], [-4.1733548, 55.8230363], [-4.1585003, 55.8276604], [-4.1453818, 55.8283789], [-4.1306107, 55.8332813], [-4.1111646, 55.8258697], [-4.111974, 55.8294031], [-4.1066552, 55.83569], [-4.108187, 55.8374657], [-4.1027111, 55.8379747], [-4.1058144, 55.8392481], [-4.1026573, 55.8423326], [-4.0848629, 55.8452642], [-4.0817799, 55.8437994], [-4.078535, 55.8450406], [-4.0747163, 55.8441219], [-4.0776946, 55.8471326], [-4.083106, 55.8488511], [-4.0834507, 55.8509033], [-4.088436, 55.8541934], [-4.0859629, 55.8586984], [-4.0717169, 55.8612676], [-4.0763991, 55.8630591], [-4.0797727, 55.8682675], [-4.0801343, 55.8771801], [-4.0784323, 55.8805404], [-4.0819337, 55.8841533], [-4.0893425, 55.8815221], [-4.0929737, 55.8823564], [-4.0949565, 55.8852381], [-4.1061487, 55.8844853], [-4.1073041, 55.887452], [-4.1295416, 55.8854443], [-4.1287154, 55.8833502], [-4.1414909, 55.8828841], [-4.1477867, 55.8836237], [-4.1508847, 55.8873073], [-4.1531166, 55.884529], [-4.1565619, 55.8837982], [-4.1584311, 55.8858712], [-4.1643944, 55.8835816], [-4.1696873, 55.8862232], [-4.1616336, 55.8876753], [-4.1632624, 55.8896167], [-4.1602754, 55.8900826], [-4.1631189, 55.8962338], [-4.1612806, 55.8965986], [-4.1615265, 55.8979702], [-4.1733546, 55.897016], [-4.1775127, 55.9003711], [-4.1776882, 55.9026463], [-4.1794669, 55.9020432], [-4.1804293, 55.9049111], [-4.1826659, 55.9028888], [-4.1906914, 55.9010648], [-4.1909195, 55.8995787], [-4.1988828, 55.8979718], [-4.2259739, 55.8960863], [-4.2363725, 55.8968397], [-4.2365753, 55.8995853], [-4.2387149, 55.9017366], [-4.2370837, 55.9020799], [-4.2377152, 55.9047664], [-4.2467741, 55.9036685], [-4.2496374, 55.9087882], [-4.2531487, 55.9098899], [-4.2513548, 55.9112385], [-4.2562126, 55.9140983], [-4.2602666, 55.9129257], [-4.263663, 55.9188956], [-4.2688091, 55.92022], [-4.2698802, 55.9233458], [-4.2674939, 55.9279267], [-4.2758258, 55.9296109], [-4.2842802, 55.9275993], [-4.2980652, 55.9291708], [-4.29914, 55.9207511], [-4.301325, 55.9163436], [-4.2919914, 55.9143172], [-4.290436, 55.9117955], [-4.3008841, 55.9088604], [-4.3004347, 55.9055677], [-4.3139995, 55.9070291], [-4.3195973, 55.9029728], [-4.3194608, 55.9011959], [-4.3278408, 55.8996978], [-4.3348868, 55.9038503], [-4.3485008, 55.9052378], [-4.3494164, 55.9100323], [-4.3475202, 55.9138433], [-4.3486881, 55.915162], [-4.3462306, 55.916495], [-4.3575631, 55.9207408], [-4.3796324, 55.9209831], [-4.3800069, 55.91879], [-4.3878072, 55.9166222], [-4.3887338, 55.913161], [-4.386931, 55.9108628], [-4.3899679, 55.9105144], [-4.3754898, 55.9000274], [-4.3789427, 55.9000911], [-4.3836058, 55.8920845], [-4.3859335, 55.8926406], [-4.3872319, 55.8912547], [-4.385334, 55.8901438], [-4.3904796, 55.8907504], [-4.3932006, 55.8891489]]]}}, {"type": "Feature", "properties": {"slug": "gothenburg", "name": "Gothenburg", "osmType": "relation", "osmId": 935611, "source": "OpenStreetMap via Nominatim", "licence": "ODbL 1.0", "simplifiedDegrees": 0.001}, "geometry": {"type": "Polygon", "coordinates": [[[11.2315225, 57.654644], [11.4535521, 57.5001842], [11.7791083, 57.4996713], [11.8180346, 57.5564208], [11.8780316, 57.5591346], [11.8898584, 57.5621872], [11.8981951, 57.5608305], [11.9223562, 57.56367], [11.9296002, 57.5617201], [11.9417824, 57.5613495], [11.9578751, 57.5639873], [11.9665228, 57.5622522], [11.9697702, 57.5638541], [11.9762222, 57.5616503], [11.9791216, 57.5640145], [11.9961818, 57.5677135], [11.9989428, 57.5662788], [12.0035265, 57.5667736], [12.0092985, 57.5700484], [11.9986307, 57.584515], [12.0003141, 57.5872733], [11.9988177, 57.5907549], [11.9992393, 57.5960383], [12.0017442, 57.599461], [11.991858, 57.6036203], [11.9918998, 57.6062519], [11.9892611, 57.6060513], [11.9760544, 57.6222419], [11.9631007, 57.6344341], [11.9613181, 57.6373493], [11.9634149, 57.6378176], [11.9624031, 57.6416764], [11.9606762, 57.641616], [11.9603668, 57.6489923], [11.9540692, 57.6513842], [11.9563715, 57.6550522], [11.9492212, 57.6635443], [11.9694784, 57.6708924], [11.9659913, 57.6727882], [11.968822, 57.6743868], [11.967691, 57.6753061], [11.9695552, 57.6774617], [11.9984215, 57.6783026], [12.0000033, 57.6769737], [12.0083501, 57.6793584], [12.0099333, 57.6778085], [12.0168345, 57.6774588], [12.0226848, 57.6731939], [12.0232239, 57.6755738], [12.0494947, 57.6759812], [12.0758179, 57.6838895], [12.0886671, 57.682167], [12.0557233, 57.7286009], [12.0541032, 57.733865], [12.080679, 57.7359228], [12.0787591, 57.7411496], [12.0793581, 57.7538916], [12.0827977, 57.7555851], [12.0781982, 57.7618162], [12.0968752, 57.765523], [12.114026, 57.772396], [12.1736738, 57.7759415], [12.2010002, 57.7849427], [12.2036143, 57.7861478], [12.2038354, 57.7888429], [12.2111042, 57.7900978], [12.2093655, 57.7923376], [12.2128664, 57.790813], [12.2166482, 57.7941744], [12.2231991, 57.7931885], [12.2416113, 57.7963586], [12.2244777, 57.8108951], [12.2144094, 57.81384], [12.2104072, 57.8128143], [12.2047079, 57.8160031], [12.2060524, 57.8164622], [12.2050146, 57.8197967], [12.1987796, 57.8245543], [12.1937649, 57.8257015], [12.1919561, 57.8342465], [12.1701541, 57.8556842], [12.1419316, 57.8659915], [12.1301021, 57.8647381], [12.1252166, 57.8616911], [12.043683, 57.8349503], [12.0477289, 57.8291971], [12.0520355, 57.8265881], [12.0484159, 57.8212397], [12.0431763, 57.8220968], [12.0374156, 57.8264032], [12.0326224, 57.8211273], [12.0300298, 57.8208275], [12.0277315, 57.8129719], [12.0188802, 57.8118102], [12.0166953, 57.8102737], [12.016649, 57.8066587], [12.0139269, 57.8061897], [12.0138999, 57.813947], [12.0087624, 57.8284602], [12.010843, 57.8445052], [12.0074513, 57.8525466], [12.0137614, 57.8608246], [11.9973895, 57.8599846], [11.9901661, 57.8633386], [11.9862371, 57.8624659], [11.9714005, 57.8646162], [11.9662381, 57.8625989], [11.9513628, 57.8471018], [11.9427178, 57.8483473], [11.9268749, 57.843466], [11.9113581, 57.8458402], [11.9058363, 57.844965], [11.9035843, 57.8432517], [11.9027738, 57.8361339], [11.899345, 57.8314512], [11.8452846, 57.795847], [11.8218011, 57.7906273], [11.8088118, 57.7895319], [11.7316172, 57.7710954], [11.7199774, 57.7477715], [11.6982951, 57.7217307], [11.6989108, 57.7158236], [11.6909406, 57.7025392], [11.6957723, 57.6904586], [11.6978916, 57.6737992], [11.7042269, 57.6651579], [11.696054, 57.6547182], [11.6635989, 57.647437], [11.6436584, 57.6518608], [11.6312633, 57.6477294], [11.6157469, 57.6515569], [11.5001278, 57.6546445], [11.2315225, 57.654644]]]}}, {"type": "Feature", "properties": {"slug": "hamburg", "name": "Hamburg", "osmType": "relation", "osmId": 62782, "source": "OpenStreetMap via Nominatim", "licence": "ODbL 1.0", "simplifiedDegrees": 0.001}, "geometry": {"type": "MultiPolygon", "coordinates": [[[[8.1044993, 54.02505], [8.2109892, 53.9807155], [8.2908333, 53.95], [8.429328, 53.8932944], [8.5338059, 53.8852572], [8.5747146, 53.843377], [8.5760454, 53.8450037], [8.5606667, 53.9050833], [8.5456774, 53.9300833], [8.394369, 54.02765], [8.1044993, 54.02505]]], [[[9.7301155, 53.557642], [9.7743919, 53.5543254], [9.7723167, 53.543523], [9.7655587, 53.5410972], [9.771253, 53.5310944], [9.7698734, 53.5295292], [9.7741661, 53.5275404], [9.7745066, 53.52478], [9.7779817, 53.5250816], [9.7812903, 53.5186423], [9.7710683, 53.5218512], [9.7635785, 53.5082559], [9.7814878, 53.5015509], [9.781111, 53.4998134], [9.7846248, 53.5000117], [9.7819927, 53.4923176], [9.7927826, 53.4945372], [9.8027631, 53.4938403], [9.7984795, 53.475131], [9.8004874, 53.4753911], [9.7998062, 53.469426], [9.8031981, 53.4693164], [9.8034683, 53.466845], [9.8060871, 53.4673897], [9.8074762, 53.4627529], [9.8131015, 53.4624887], [9.8365439, 53.4509216], [9.858887, 53.4340711], [9.8618312, 53.4296174], [9.8646768, 53.4305869], [9.8640587, 53.4330344], [9.8600366, 53.4362968], [9.8622201, 53.4399933], [9.8669182, 53.4400963], [9.8671282, 53.4433901], [9.8688964, 53.4445587], [9.8733018, 53.442164], [9.8887215, 53.4505813], [9.8941933, 53.4557948], [9.8966628, 53.4539078], [9.9001996, 53.4540455], [9.8979674, 53.4550335], [9.898744, 53.4579631], [9.9008547, 53.4562384], [9.9043015, 53.4567207], [9.9112497, 53.44955], [9.9171809, 53.4465573], [9.918178, 53.4447613], [9.9168759, 53.4422807], [9.9189998, 53.4427328], [9.9197199, 53.4394693], [9.9229282, 53.4363614], [9.9140659, 53.4300204], [9.9162642, 53.4248121], [9.9107272, 53.4213825], [9.9066994, 53.4159497], [9.911437, 53.4150722], [9.9109366, 53.4140444], [9.916468, 53.4141434], [9.9246896, 53.419432], [9.9294927, 53.4200653], [9.9299496, 53.4214842], [9.9421349, 53.4210198], [9.9469459, 53.4268999], [9.9428665, 53.4283227], [9.9438393, 53.4294535], [9.9603364, 53.4265581], [9.9600791, 53.4249863], [9.9682946, 53.4237489], [9.9712959, 53.4210206], [9.9759265, 53.42189], [9.9748351, 53.4197807], [9.9764876, 53.4137737], [9.9833477, 53.4146204], [9.9825583, 53.4157043], [9.9870339, 53.4174117], [9.9884402, 53.420548], [9.9927821, 53.4196648], [9.9959028, 53.4258765], [10.0007376, 53.4245561], [10.0093382, 53.4294975], [10.0174328, 53.4287763], [10.0188399, 53.4293081], [10.0177759, 53.4301996], [10.0211456, 53.4305339], [10.0292108, 53.4352988], [10.0256977, 53.4382552], [10.0146014, 53.4420211], [10.022244, 53.4475535], [10.0239217, 53.4458161], [10.0323191, 53.4441074], [10.0351809, 53.4469186], [10.0453939, 53.4463998], [10.0491847, 53.449846], [10.0412382, 53.4515975], [10.0441519, 53.4548593], [10.0419722, 53.4565508], [10.0516158, 53.4639106], [10.0669067, 53.4560205], [10.0789512, 53.4538769], [10.0849588, 53.4507873], [10.0965975, 53.4411724], [10.1046172, 53.4296803], [10.1094255, 53.4263693], [10.1369983, 53.4219363], [10.1444382, 53.4167599], [10.1538289, 53.4061512], [10.1655462, 53.399327], [10.1776083, 53.3964624], [10.1977332, 53.3985412], [10.2335146, 53.3952678], [10.2430569, 53.398986], [10.253135, 53.4136279], [10.2601655, 53.4184728], [10.2864757, 53.4251514], [10.3079906, 53.433285], [10.3078304, 53.4347288], [10.3178412, 53.4353027], [10.3191814, 53.4377036], [10.3144784, 53.4397252], [10.3252805, 53.4498342], [10.3122663, 53.45224], [10.3096772, 53.4430797], [10.3007275, 53.4427308], [10.2942258, 53.4481638], [10.299009, 53.4506161], [10.2978658, 53.4515928], [10.2693451, 53.4640702], [10.2718907, 53.4666379], [10.2649168, 53.4690042], [10.2662395, 53.4731212], [10.264414, 53.4750965], [10.26001, 53.4743874], [10.2586624, 53.4762446], [10.2599235, 53.4769729], [10.2556165, 53.4782412], [10.252306, 53.4772485], [10.2486969, 53.4800804], [10.2385422, 53.4825453], [10.2373621, 53.488932], [10.2345434, 53.4902627], [10.2368508, 53.496336], [10.2220738, 53.4963429], [10.2223437, 53.4982065], [10.218276, 53.4992345], [10.2185496, 53.5018947], [10.2221244, 53.5030696], [10.2238906, 53.5056233], [10.2184569, 53.5077298], [10.219206, 53.5105989], [10.2141753, 53.5129191], [10.2155312, 53.513815], [10.2132421, 53.514246], [10.2104116, 53.5199281], [10.2002504, 53.5141474], [10.1899718, 53.5133483], [10.1895233, 53.5115688], [10.1878449, 53.5115062], [10.1623971, 53.5224558], [10.1617123, 53.5261003], [10.1639939, 53.5291891], [10.163042, 53.5307871], [10.1656083, 53.5346253], [10.1685834, 53.5346931], [10.168776, 53.5373854], [10.1602554, 53.5382201], [10.1518741, 53.5354775], [10.1546877, 53.5364176], [10.1521334, 53.5405742], [10.152486, 53.5431772], [10.1484384, 53.5459771], [10.1501924, 53.548726], [10.1593159, 53.5548683], [10.1602127, 53.5584721], [10.1587289, 53.5602709], [10.1604869, 53.5609663], [10.1477511, 53.5642493], [10.1480847, 53.5675458], [10.1518339, 53.5722585], [10.1524664, 53.5779107], [10.1589367, 53.5811179], [10.161866, 53.5857867], [10.1637349, 53.5858157], [10.163176, 53.5840042], [10.1653224, 53.5823206], [10.1873404, 53.584042], [10.1871599, 53.585518], [10.1875092, 53.5839827], [10.195833, 53.5846482], [10.1983763, 53.5821413], [10.2012914, 53.5839951], [10.1917776, 53.595594], [10.1970347, 53.5993156], [10.1952713, 53.6073634], [10.1888537, 53.6130726], [10.2058028, 53.6214722], [10.2054678, 53.6237459], [10.211048, 53.623002], [10.2174862, 53.6261353], [10.2161734, 53.631261], [10.2219942, 53.6336457], [10.2100829, 53.6366661], [10.1995585, 53.6361581], [10.1896394, 53.6383737], [10.1988518, 53.6467302], [10.1950501, 53.6523027], [10.1958919, 53.6547514], [10.1871924, 53.656532], [10.1877947, 53.6586576], [10.1837575, 53.6634299], [10.1771158, 53.6627136], [10.1739798, 53.664307], [10.1727973, 53.6686994], [10.1686158, 53.6676619], [10.1656134, 53.6679655], [10.1604159, 53.6710597], [10.158838, 53.6696233], [10.1557915, 53.6699251], [10.1551112, 53.6720972], [10.1611951, 53.6713162], [10.1562759, 53.6722376], [10.1548642, 53.6742092], [10.1548452, 53.6729406], [10.1541822, 53.6760647], [10.1541403, 53.674641], [10.142254, 53.6764574], [10.139962, 53.6803593], [10.145405, 53.6798034], [10.1519112, 53.682537], [10.1532929, 53.6843824], [10.1526691, 53.6865007], [10.1589354, 53.6902631], [10.1602886, 53.7008271], [10.1569421, 53.7045133], [10.1685759, 53.7086596], [10.1663345, 53.709855], [10.166577, 53.7112404], [10.1722961, 53.7124042], [10.1815564, 53.7089], [10.1917444, 53.7226967], [10.1936896, 53.7310028], [10.1865136, 53.7310968], [10.1677285, 53.7393145], [10.1623473, 53.7378557], [10.1616007, 53.7332969], [10.1271257, 53.7200405], [10.1211309, 53.7131603], [10.1177026, 53.7137829], [10.1157539, 53.7160823], [10.1120397, 53.7142491], [10.1020453, 53.7151344], [10.094176, 53.7193196], [10.0819849, 53.7204444], [10.076875, 53.7137095], [10.0692406, 53.7109394], [10.0729426, 53.709723], [10.0693821, 53.7061466], [10.0789872, 53.7039043], [10.0760939, 53.7007937], [10.0774659, 53.6994178], [10.0697701, 53.6964241], [10.0658502, 53.6889739], [10.0603779, 53.6883088], [10.0616321, 53.6860903], [10.0667232, 53.6859026], [10.0658868, 53.6849728], [10.0692731, 53.6795252], [10.0514861, 53.6776981], [10.0434538, 53.6819818], [9.9996163, 53.6815178], [9.9924445, 53.676393], [9.989722, 53.6693658], [9.9911325, 53.6665012], [9.9912053, 53.6582612], [9.9869996, 53.6553853], [9.9874716, 53.649224], [9.9858091, 53.6482375], [9.9759127, 53.6498605], [9.9736549, 53.6481241], [9.9689573, 53.6503454], [9.9654919, 53.64862], [9.9529425, 53.6515719], [9.9497254, 53.650759], [9.9453111, 53.6528656], [9.9252064, 53.6530629], [9.921029, 53.6555215], [9.9068779, 53.6524844], [9.9045089, 53.6464276], [9.9060816, 53.6451506], [9.9057398, 53.6417447], [9.8995308, 53.6400876], [9.9004291, 53.6363569], [9.8968804, 53.6349052], [9.8964109, 53.6311515], [9.8876935, 53.6270682], [9.885967, 53.624956], [9.8891982, 53.6228692], [9.8792342, 53.6197525], [9.8693003, 53.6136116], [9.8681548, 53.6092986], [9.8617222, 53.6072193], [9.8576528, 53.602318], [9.8578718, 53.599372], [9.8445295, 53.5964864], [9.8451016, 53.594966], [9.8396477, 53.5950351], [9.8399734, 53.5928033], [9.8370893, 53.592031], [9.8361071, 53.590135], [9.8366512, 53.5876772], [9.8248382, 53.5842314], [9.8158319, 53.5864741], [9.8046753, 53.593737], [9.7975163, 53.5960568], [9.7913232, 53.6012653], [9.7897061, 53.6039738], [9.7971689, 53.6056464], [9.7990198, 53.6079284], [9.7962617, 53.6103233], [9.7912245, 53.6086307], [9.7888616, 53.6111645], [9.7705486, 53.6160312], [9.7685244, 53.622575], [9.7712678, 53.6314046], [9.7700505, 53.6276107], [9.7637478, 53.6273888], [9.7635574, 53.6249062], [9.7600448, 53.6242838], [9.757553, 53.617057], [9.7535935, 53.6129531], [9.7592222, 53.6110076], [9.7554345, 53.6026654], [9.7483308, 53.6038558], [9.7438333, 53.5981451], [9.7441827, 53.5949442], [9.7464699, 53.5926233], [9.7455993, 53.5889839], [9.7428231, 53.5893318], [9.7345486, 53.5825593], [9.7374484, 53.5798698], [9.7403539, 53.581273], [9.7425212, 53.5779765], [9.7360206, 53.5762771], [9.7369581, 53.5752232], [9.7352829, 53.5664753], [9.7301155, 53.557642]], [[10.1153774, 53.7146646], [10.1169046, 53.7141972], [10.1169326, 53.7138537], [10.1161288, 53.7138147], [10.1153774, 53.7146646]]], [[[10.1698569, 53.6691301], [10.1689938, 53.6682413], [10.1703943, 53.6687563], [10.1698569, 53.6691301]]]]}}, {"type": "Feature", "properties": {"slug": "hameenlinna", "name": "H\u00e4meenlinna", "osmType": "relation", "osmId": 2388843, "source": "OpenStreetMap via Nominatim", "licence": "ODbL 1.0", "simplifiedDegrees": 0.001}, "geometry": {"type": "Polygon", "coordinates": [[[23.7567971, 61.0573542], [23.8036998, 61.0510008], [23.7956574, 61.0438798], [23.8047083, 61.0359996], [23.7926716, 61.025191], [23.8655837, 61.0372881], [23.8682445, 61.0306685], [23.8785227, 61.0219997], [23.8749425, 61.0187504], [23.8684161, 61.0176644], [23.8692315, 61.0170302], [23.8652007, 61.014945], [23.8623704, 61.0155007], [23.855416, 61.0118046], [23.8546618, 61.013079], [23.8477781, 61.012231], [23.8457354, 61.0104376], [23.8457182, 61.0081855], [23.8430574, 61.0073535], [23.8358219, 61.0073384], [23.8370064, 61.0090071], [23.8344958, 61.0102135], [23.8344272, 61.0025955], [23.8153771, 61.0006653], [23.8525278, 60.9804897], [23.8565811, 60.9715401], [23.8586561, 60.972712], [23.8664849, 60.9702521], [23.8676743, 60.9719921], [23.8656136, 60.973158], [23.8768549, 60.9741521], [23.8821555, 60.9730329], [23.8827162, 60.9745077], [23.9424406, 60.9599082], [23.9353899, 60.9664773], [23.9446714, 60.9606789], [23.943433, 60.9599076], [23.9465386, 60.9607226], [23.9552978, 60.9573003], [23.9703965, 60.9567707], [23.9537629, 60.9465583], [23.9852427, 60.9370501], [23.9956797, 60.9356659], [24.0217873, 60.9284032], [23.9887796, 60.87959], [24.0598714, 60.8348024], [24.0442261, 60.8246254], [24.0297145, 60.8232573], [24.0372829, 60.8198145], [24.0400866, 60.8203393], [24.0377606, 60.8195398], [24.0612499, 60.7976514], [24.0632208, 60.7934588], [24.0923678, 60.785322], [24.09917, 60.796239], [24.1289104, 60.8191599], [24.1756312, 60.8203637], [24.2170348, 60.812466], [24.2533336, 60.7859947], [24.2672531, 60.7913859], [24.2733035, 60.7918371], [24.2796152, 60.7962771], [24.2906418, 60.7978436], [24.3029999, 60.796979], [24.3110282, 60.7942264], [24.3349165, 60.7946184], [24.397989, 60.753945], [24.4128276, 60.7561978], [24.4314038, 60.7840738], [24.4622986, 60.7994607], [24.4799433, 60.8102104], [24.4706936, 60.8255799], [24.4624778, 60.8535769], [24.4608701, 60.8549084], [24.4426225, 60.8622218], [24.4374737, 60.8624283], [24.4363739, 60.8639848], [24.4379035, 60.8643042], [24.4373656, 60.8661824], [24.4262438, 60.8622946], [24.4261392, 60.8650865], [24.4241175, 60.8654005], [24.4232286, 60.8644967], [24.4224966, 60.8645052], [24.4204574, 60.8652392], [24.4190727, 60.8647536], [24.4178492, 60.8650105], [24.4172188, 60.8644262], [24.4153181, 60.8637463], [24.4139404, 60.8638464], [24.4135388, 60.8643921], [24.4121658, 60.8640442], [24.4110824, 60.8642716], [24.4204691, 60.8653902], [24.4231777, 60.8646354], [24.4231263, 60.8658245], [24.4295429, 60.8672386], [24.4301815, 60.8681307], [24.4285936, 60.8686112], [24.4306536, 60.8694677], [24.4361467, 60.8849966], [24.4427106, 60.8831277], [24.3987278, 60.902824], [24.4900541, 60.9299382], [24.5179026, 60.9368491], [24.5194776, 60.9358213], [24.5227177, 60.9380775], [24.5249847, 60.9367662], [24.5282389, 60.939467], [24.5329042, 60.9382901], [24.5572324, 60.9394997], [24.5541267, 60.9447834], [24.5398209, 60.946493], [24.5395952, 60.9494424], [24.5449983, 60.9565248], [24.5714213, 60.9538089], [24.5748062, 60.9596294], [24.5840439, 60.9591781], [24.5908013, 60.9654671], [24.5984255, 60.9666427], [24.5894891, 60.9739176], [24.6081557, 60.9795117], [24.6051667, 60.9826709], [24.6050851, 60.9912401], [24.6080892, 60.9919769], [24.6045133, 60.9944007], [24.6626539, 61.0063655], [24.6331367, 61.0285904], [24.6929264, 61.0323236], [24.7154226, 61.0317811], [24.7321875, 61.0263334], [24.8042971, 61.0187286], [24.8557322, 61.0088504], [24.8802776, 60.989033], [24.876631, 60.9851715], [24.8794866, 60.9813834], [24.8910708, 60.9730345], [24.8965893, 60.9725147], [24.899749, 60.9690561], [24.9035887, 60.9683337], [24.9043657, 60.9662955], [24.9103481, 60.9649676], [24.9343677, 60.9645591], [24.9428802, 60.9627018], [24.9440263, 60.9618185], [24.9421055, 60.9610668], [24.9433204, 60.9597755], [24.9589996, 60.9566873], [24.9599363, 60.9542885], [24.9678873, 60.9511145], [24.9674588, 60.9498222], [24.972292, 60.9470635], [24.9679518, 60.9457409], [24.9696573, 60.9290906], [24.98043, 60.9075361], [24.9916886, 60.9110266], [24.9976326, 60.9064446], [25.013942, 60.9125393], [25.0249919, 60.9115019], [25.0251346, 60.9133997], [25.0230745, 60.9148299], [25.0357037, 60.9170416], [25.0303469, 60.9186498], [25.0270849, 60.9228534], [25.0324907, 60.9247831], [25.0275949, 60.9278382], [25.0075258, 60.9279378], [25.0189402, 60.9445047], [25.0258841, 60.9617504], [25.0402795, 60.9676149], [25.0461942, 60.9734211], [25.0494055, 60.9723686], [25.0467603, 60.9739419], [25.0593675, 60.9859007], [25.0580356, 60.9880989], [25.0494025, 60.9899552], [25.0497499, 60.9920561], [25.0483231, 60.9930599], [25.0580521, 60.9980425], [25.0576567, 60.9989997], [25.0530082, 60.9995487], [25.0273952, 60.9936577], [25.0261303, 61.0042848], [25.0350799, 61.009661], [25.0449738, 61.0103805], [25.0460346, 61.0186963], [25.0478749, 61.017408], [25.0463012, 61.0197917], [25.0414473, 61.0187267], [25.0287077, 61.0309476], [25.0396295, 61.0343156], [25.0569991, 61.0500651], [25.152266, 61.06299], [25.1701437, 61.0739966], [25.1980789, 61.0762466], [25.2122087, 61.1024405], [25.2144103, 61.1027361], [25.2127003, 61.1033465], [25.2256466, 61.1110652], [25.2399681, 61.1145633], [25.2470181, 61.1241525], [25.2550727, 61.1257002], [25.2589022, 61.1284614], [25.2461946, 61.1312554], [25.236453, 61.1399101], [25.2380952, 61.144012], [25.2446566, 61.1470923], [25.2536115, 61.1487939], [25.258032, 61.1597821], [25.2695249, 61.1571421], [25.2697379, 61.1574806], [25.2617166, 61.1607907], [25.2546669, 61.1662723], [25.2560186, 61.1684402], [25.2542667, 61.1699459], [25.2567278, 61.171841], [25.2525565, 61.1727266], [25.2531044, 61.1744532], [25.249646, 61.176181], [25.2567862, 61.179422], [25.2602333, 61.1838501], [25.2598156, 61.1859593], [25.2526241, 61.1897883], [25.2536729, 61.1933967], [25.2559144, 61.1948156], [25.2485524, 61.1948033], [25.2350433, 61.1994839], [25.2328179, 61.2061609], [25.2233827, 61.21231], [25.2127639, 61.2182168], [25.1997477, 61.222087], [25.2028265, 61.2409384], [25.1868901, 61.2399816], [25.1314716, 61.2510438], [25.0968445, 61.255999], [25.0293976, 61.2461552], [25.01235, 61.283267], [25.0146332, 61.2900306], [25.0127059, 61.2909924], [24.9940306, 61.2793933], [24.992248, 61.2807212], [24.9837504, 61.2781715], [24.9844909, 61.2790461], [24.9810981, 61.2804211], [24.9770164, 61.2803501], [24.9739829, 61.2796413], [24.9759282, 61.2785702], [24.9746119, 61.2773406], [24.9712462, 61.278245], [24.9719317, 61.2771069], [24.966092, 61.2794706], [24.9677784, 61.2811543], [24.9610747, 61.2835131], [24.9581605, 61.2868612], [24.9540642, 61.2873661], [24.9538237, 61.2891836], [24.9563394, 61.2904652], [24.9501055, 61.2898925], [24.9490699, 61.2918886], [24.9434262, 61.292824], [24.9401376, 61.2954716], [24.9353006, 61.2948734], [24.9335467, 61.2918083], [24.9266077, 61.2920875], [24.9264002, 61.2899944], [24.9221991, 61.2894241], [24.9252552, 61.2885453], [24.9255543, 61.2868998], [24.9207468, 61.2869564], [24.9209349, 61.3142961], [24.9159782, 61.3142858], [24.9145406, 61.3156557], [24.9182099, 61.3186449], [24.9139138, 61.32485], [24.8788583, 61.2977585], [24.8913123, 61.2874362], [24.8445936, 61.2775033], [24.8453285, 61.2759812], [24.840831, 61.2742502], [24.8257591, 61.2759193], [24.81061, 61.2723407], [24.7705485, 61.2677096], [24.7317531, 61.3174427], [24.7199299, 61.2986212], [24.7169655, 61.2794059], [24.7083428, 61.2723894], [24.7025707, 61.2723739], [24.6877005, 61.2799741], [24.6705558, 61.278747], [24.6663877, 61.2766888], [24.5948451, 61.291273], [24.5896175, 61.2883764], [24.5871928, 61.2926438], [24.5846608, 61.2930664], [24.5839687, 61.2972032], [24.573712, 61.3039422], [24.5622536, 61.300068], [24.5202931, 61.2908034], [24.4838794, 61.2790656], [24.4658657, 61.270274], [24.4566014, 61.2675158], [24.4476696, 61.2697273], [24.4365814, 61.2657003], [24.4303318, 61.2634143], [24.4260242, 61.2571474], [24.4205042, 61.2534366], [24.4179722, 61.2532302], [24.4202177, 61.2550036], [24.4185086, 61.2570793], [24.4125488, 61.256941], [24.4031074, 61.2534738], [24.3993952, 61.2468891], [24.3864133, 61.2496656], [24.3610053, 61.24279], [24.2953353, 61.232132], [24.3181514, 61.2214399], [24.3260693, 61.2199007], [24.3219709, 61.2196631], [24.3338155, 61.2141563], [24.329524, 61.2072533], [24.3790698, 61.1812916], [24.3825888, 61.1819742], [24.3808078, 61.1803503], [24.4037676, 61.168432], [24.4386148, 61.1462285], [24.4519615, 61.1406156], [24.4590211, 61.1335411], [24.483118, 61.1196776], [24.5007991, 61.1021063], [24.5434141, 61.0871811], [24.5388221, 61.0804371], [24.6244146, 61.0611922], [24.6177124, 61.0571694], [24.5475822, 61.0485807], [24.5179588, 61.0416087], [24.5169482, 61.0425739], [24.4787883, 61.034797], [24.4718229, 61.0422495], [24.4537382, 61.0397973], [24.4523595, 61.0378409], [24.4453321, 61.0358422], [24.4402231, 61.0370226], [24.4113078, 61.0333586], [24.3861122, 61.0265366], [24.378543, 61.0283217], [24.3699964, 61.0229416], [24.3708949, 61.0200733], [24.3739174, 61.0178463], [24.3695082, 61.0157633], [24.3618554, 61.0170531], [24.36768, 61.01411], [24.3366544, 60.9964093], [24.3475106, 60.9935605], [24.3415757, 60.9928597], [24.3397035, 60.9905799], [24.333808, 60.9894602], [24.3348691, 60.9930491], [24.3320324, 60.9937067], [24.2920375, 60.9708893], [24.2836314, 60.9699444], [24.2847633, 60.9687521], [24.289559, 60.9697765], [24.2240177, 60.9412674], [24.2186608, 60.9442709], [24.2183765, 60.9428476], [24.2225607, 60.9406231], [24.1857882, 60.9234338], [24.1371449, 60.8710361], [24.1359784, 60.8713071], [24.1390516, 60.8746325], [24.1348014, 60.8762115], [24.1313438, 60.8765717], [24.1277868, 60.8742586], [24.1178092, 60.875444], [24.118758, 60.8765698], [24.116826, 60.8769997], [24.1156928, 60.8759473], [24.1169473, 60.8756456], [24.1046809, 60.8639671], [24.0954076, 60.8664078], [24.0862302, 60.8574305], [24.0802781, 60.8588816], [24.0816419, 60.8601587], [24.0690232, 60.8631635], [24.0752221, 60.8680481], [24.0645364, 60.8726753], [24.0639173, 60.8735655], [24.0674806, 60.8762561], [24.0627955, 60.8778734], [24.0613616, 60.876796], [24.0446833, 60.8826326], [24.0334074, 60.8763548], [24.0274966, 60.8778148], [24.0235376, 60.8769715], [24.0187848, 60.8782377], [24.0133399, 60.8765029], [24.005974, 60.8777313], [24.0285186, 60.8971501], [24.017279, 60.907515], [24.0117665, 60.9083809], [24.0149916, 60.9144294], [24.0132493, 60.9145848], [24.0216499, 60.9211263], [24.0190128, 60.9219095], [24.0227336, 60.9244519], [24.0204204, 60.9252861], [24.0244588, 60.9280523], [24.0223001, 60.92878], [24.0790728, 60.9663059], [24.1607337, 61.0233968], [24.1670614, 61.0250521], [24.1638648, 61.0255431], [24.1676716, 61.0281751], [24.1721133, 61.0303151], [24.1770936, 61.0304086], [24.1770486, 61.0317139], [24.1742355, 61.0315082], [24.1826683, 61.0342621], [24.1815311, 61.0350924], [24.1959013, 61.0422304], [24.2024966, 61.0495705], [24.1992189, 61.0491602], [24.199316, 61.0504853], [24.2035, 61.052853], [24.205635, 61.052476], [24.2114195, 61.0579192], [24.2268639, 61.0654565], [24.2505068, 61.0729536], [24.24708, 61.0757174], [24.2478353, 61.0769514], [24.2460629, 61.0803384], [24.2483041, 61.0828822], [24.2610897, 61.0839265], [24.240338, 61.0984061], [24.2355118, 61.1514239], [24.1823665, 61.1450785], [24.1389362, 61.1432145], [24.1340868, 61.1366585], [24.1353528, 61.1331884], [24.1408889, 61.1291584], [24.1441687, 61.1290087], [24.143335, 61.1276561], [24.1446407, 61.1256309], [24.1419371, 61.1231544], [24.1110809, 61.1282731], [24.0637485, 61.1229207], [24.0663202, 61.121258], [24.0615169, 61.1188998], [24.0525262, 61.1206305], [24.046429, 61.1244704], [24.0415398, 61.1226098], [24.0371625, 61.1248377], [24.024481, 61.1218948], [24.02373, 61.120589], [24.0263017, 61.1195584], [23.9235521, 61.0929884], [23.9290163, 61.08966], [23.9205186, 61.0905314], [23.9199821, 61.0918176], [23.9098756, 61.0881766], [23.9068254, 61.0886387], [23.9077405, 61.0872201], [23.8449801, 61.0744286], [23.8253334, 61.082377], [23.8045366, 61.0793631], [23.78832, 61.0734166], [23.7840164, 61.0741504], [23.7866171, 61.0726888], [23.7567971, 61.0573542]], [[24.9237016, 61.285939], [24.9239151, 61.2862661], [24.9240991, 61.2860142], [24.9237016, 61.285939]], [[24.9249059, 61.2826329], [24.9284724, 61.2848001], [24.9289779, 61.2869764], [24.9325499, 61.2868965], [24.9267983, 61.290882], [24.9278431, 61.2917773], [24.9309177, 61.2906188], [24.9368453, 61.2917178], [24.9431073, 61.2877658], [24.9349636, 61.28209], [24.9310949, 61.281052], [24.9249059, 61.2826329]], [[24.9263863, 61.2891503], [24.9264633, 61.2896474], [24.926805, 61.2892521], [24.9263863, 61.2891503]], [[24.9550831, 61.2850587], [24.9575592, 61.2843495], [24.9603211, 61.2815696], [24.9573807, 61.2823933], [24.9550831, 61.2850587]], [[24.967698, 61.2781756], [24.9677485, 61.2784534], [24.9680543, 61.2779587], [24.967698, 61.2781756]]]}}, {"type": "Feature", "properties": {"slug": "helsinki", "name": "Helsinki", "osmType": "relation", "osmId": 34914, "source": "OpenStreetMap via Nominatim", "licence": "ODbL 1.0", "simplifiedDegrees": 0.001}, "geometry": {"type": "Polygon", "coordinates": [[[24.7828026, 60.0999604], [24.9423061, 59.922486], [25.1693516, 59.9434386], [25.1664909, 60.0082681], [25.1767848, 60.0934944], [25.1942183, 60.1466566], [25.2204029, 60.1997372], [25.2014099, 60.2181613], [25.2043883, 60.2298966], [25.2266255, 60.2393735], [25.2231515, 60.2428222], [25.2271138, 60.2451349], [25.240926, 60.246305], [25.2408283, 60.2505491], [25.2374554, 60.2562705], [25.2335309, 60.2565508], [25.2273451, 60.2611057], [25.2325549, 60.262551], [25.231854, 60.2671811], [25.2348537, 60.271969], [25.2509121, 60.2734979], [25.2522654, 60.2757532], [25.2441594, 60.2783195], [25.2470753, 60.2785201], [25.2473544, 60.2829813], [25.2438804, 60.2848555], [25.2539256, 60.2896477], [25.2513306, 60.2896408], [25.2455407, 60.2935335], [25.2545116, 60.2952274], [25.2528932, 60.2974534], [25.2381881, 60.2953311], [25.2295278, 60.2978497], [25.2270378, 60.2966159], [25.2290602, 60.2960479], [25.2225607, 60.2920388], [25.2015314, 60.2880017], [25.2048411, 60.2863874], [25.1962809, 60.281952], [25.190239, 60.2856803], [25.1876582, 60.2798927], [25.1787619, 60.2778176], [25.1737823, 60.2782564], [25.1723849, 60.2764326], [25.1425242, 60.2697779], [25.143115, 60.2658136], [25.1417447, 60.2648484], [25.1445919, 60.2592822], [25.1539814, 60.2566462], [25.1576881, 60.2538842], [25.1573867, 60.2510766], [25.1598757, 60.2488133], [25.1522817, 60.2458958], [25.1431759, 60.2447264], [25.1358461, 60.2372286], [25.0913756, 60.2451832], [25.0824461, 60.2496964], [25.0875308, 60.2592976], [25.0863495, 60.2606268], [25.0891139, 60.2678], [25.087993, 60.2712533], [25.0766482, 60.2755487], [25.0533909, 60.2760155], [25.0506534, 60.2783206], [25.0470786, 60.2777036], [25.0424889, 60.2811016], [25.0434079, 60.2819049], [25.0379378, 60.2878716], [25.0326664, 60.2849785], [25.0209862, 60.2893227], [25.0087393, 60.2877523], [25.0059725, 60.2861348], [25.0007041, 60.2865557], [24.9956691, 60.2814264], [24.9824538, 60.2791301], [24.9755562, 60.2699226], [24.9780276, 60.2676752], [24.9732006, 60.2644383], [24.9604738, 60.2682251], [24.9558952, 60.2727928], [24.9564914, 60.2761865], [24.9474616, 60.2785081], [24.8928329, 60.2685353], [24.8914714, 60.2664204], [24.8772516, 60.2603098], [24.872433, 60.2541514], [24.8678739, 60.2523805], [24.8643084, 60.2539152], [24.8578164, 60.253608], [24.8386408, 60.259097], [24.834732, 60.2584996], [24.8336845, 60.2546667], [24.8314026, 60.254055], [24.8381159, 60.2290274], [24.8399693, 60.2291365], [24.8419098, 60.2212043], [24.8513693, 60.2249753], [24.8478646, 60.2215965], [24.8459432, 60.2133235], [24.846874, 60.2037279], [24.842786, 60.1957592], [24.8444095, 60.1655923], [24.8409358, 60.1570101], [24.840858, 60.1510697], [24.8394339, 60.1502629], [24.835673, 60.1304132], [24.7828026, 60.0999604]]]}}, {"type": "Feature", "properties": {"slug": "istanbul", "name": "Istanbul", "osmType": "relation", "osmId": 223474, "source": "OpenStreetMap via Nominatim", "licence": "ODbL 1.0", "simplifiedDegrees": 0.001}, "geometry": {"type": "Polygon", "coordinates": [[[27.9708481, 41.0998253], [27.9779506, 41.0989925], [27.9747685, 41.0876566], [27.9789505, 41.0835969], [27.9750011, 41.0796342], [27.9753971, 41.0756632], [27.9810104, 41.076032], [27.9810834, 41.072064], [27.9839906, 41.0718535], [27.9801792, 41.0677771], [27.9753475, 41.0656144], [27.9787849, 41.0575998], [27.9781295, 41.049336], [27.9741871, 41.0420719], [27.9768929, 41.0420891], [27.9765689, 41.0438713], [27.9803968, 41.0436561], [27.9816959, 41.0401358], [27.9859367, 41.0440022], [27.9922982, 41.042841], [27.9953149, 41.0381139], [28.0053767, 41.0401005], [28.0057943, 41.0334206], [28.0075828, 41.0320583], [28.0132167, 41.0353853], [28.0105266, 41.0324066], [28.0110985, 41.0309506], [28.3203487, 40.7545929], [28.6886863, 40.75773], [29.0582449, 40.7679112], [29.3157266, 40.7376735], [29.316089, 40.787562], [29.3273099, 40.8047062], [29.3391181, 40.8097985], [29.3498691, 40.8244937], [29.3630403, 40.817093], [29.3641731, 40.8271147], [29.3711445, 40.8377785], [29.3616071, 40.8491162], [29.3680846, 40.855846], [29.366085, 40.8559704], [29.3644095, 40.8590876], [29.3666626, 40.8592742], [29.3672366, 40.8625442], [29.3711919, 40.8638663], [29.3793144, 40.8722799], [29.396453, 40.876355], [29.4035705, 40.8797887], [29.4140375, 40.8791754], [29.4135547, 40.886492], [29.4154339, 40.8891208], [29.4150258, 40.8953694], [29.4166207, 40.898283], [29.4421303, 40.9004758], [29.4468593, 40.9054887], [29.4534255, 40.9091901], [29.4564576, 40.9126028], [29.452107, 40.9172908], [29.450264, 40.9153664], [29.4437379, 40.9161315], [29.4417412, 40.9200553], [29.4421107, 40.9331183], [29.438274, 40.9339374], [29.4395214, 40.9364854], [29.4372225, 40.9388202], [29.4430685, 40.944275], [29.4519701, 40.9475126], [29.4549894, 40.9542659], [29.4577739, 40.954286], [29.4632713, 40.950964], [29.4699567, 40.9516608], [29.4696772, 40.9533098], [29.4756102, 40.9594596], [29.4790309, 40.9579604], [29.4790309, 40.9619014], [29.4828844, 40.9626274], [29.4844878, 40.9650425], [29.4847298, 40.9687602], [29.4812186, 40.9696018], [29.4841718, 40.9752001], [29.4894451, 40.9768514], [29.5008109, 40.9867665], [29.5059007, 40.9878684], [29.5062518, 40.9994234], [29.5017457, 41.0009537], [29.4928193, 41.0099004], [29.49548, 41.0147011], [29.4996757, 41.0176734], [29.5018537, 41.0319922], [29.5079255, 41.0362312], [29.5086371, 41.041655], [29.5115335, 41.0400558], [29.5127049, 41.0422962], [29.5175406, 41.0440465], [29.5208967, 41.0415777], [29.5224649, 41.042129], [29.5248297, 41.0375592], [29.5272179, 41.0362283], [29.5257421, 41.0342647], [29.5281986, 41.0316644], [29.530487, 41.0319213], [29.5319957, 41.0341101], [29.5373054, 41.0331447], [29.5367735, 41.0354627], [29.5386128, 41.0368198], [29.5424802, 41.0370316], [29.5444479, 41.0354441], [29.5467789, 41.0370303], [29.5507902, 41.0353979], [29.5534896, 41.0388933], [29.5580567, 41.0392344], [29.5705148, 41.0331907], [29.5735003, 41.0327495], [29.5745194, 41.0353304], [29.5779985, 41.0325632], [29.5973308, 41.0288959], [29.6002632, 41.026565], [29.5971894, 41.0205133], [29.6018565, 41.0124748], [29.6001291, 41.0104428], [29.6010196, 41.0076335], [29.5989275, 41.0033666], [29.6034227, 41.0070053], [29.605375, 41.0054929], [29.6090915, 41.0074019], [29.610175, 41.0063767], [29.6103859, 40.9924675], [29.6068668, 40.9907831], [29.6048713, 40.9861507], [29.6069312, 40.9812588], [29.6109223, 40.9799791], [29.6136477, 40.9812279], [29.6210235, 40.9762167], [29.633646, 40.9709717], [29.6419716, 40.9708745], [29.6494978, 40.9685617], [29.6517777, 40.9694042], [29.6553022, 40.9672655], [29.6556294, 40.9640614], [29.6623349, 40.9633566], [29.6638584, 40.9617767], [29.6716958, 40.966427], [29.6731979, 40.9644948], [29.6791363, 40.966022], [29.6834981, 40.9699632], [29.6838077, 40.9770912], [29.6860134, 40.9795984], [29.6896344, 40.9796308], [29.6910721, 40.9813398], [29.6883792, 40.9839073], [29.6910154, 40.9845285], [29.6920094, 40.9887823], [29.7008315, 40.990049], [29.7031255, 40.9946586], [29.7116573, 41.0004562], [29.7116905, 41.002111], [29.7180605, 41.002897], [29.7189464, 41.0084263], [29.7134762, 41.0127571], [29.7100138, 41.0116086], [29.7070741, 41.0126125], [29.6964097, 41.0226179], [29.6961522, 41.0244148], [29.6996283, 41.0266325], [29.6998891, 41.0283644], [29.7058285, 41.0286119], [29.7044201, 41.0344787], [29.7181463, 41.0275067], [29.7180304, 41.0317493], [29.7230435, 41.0315198], [29.7298193, 41.0411028], [29.7324291, 41.0421757], [29.7365355, 41.0404878], [29.7364282, 41.0348392], [29.7406554, 41.035956], [29.7426057, 41.0341602], [29.746397, 41.0343493], [29.7563504, 41.026561], [29.7611368, 41.0271748], [29.7712369, 41.0252479], [29.7783629, 41.0273877], [29.7849979, 41.023886], [29.785734, 41.0215493], [29.7914994, 41.0192424], [29.8086226, 41.0201895], [29.8138047, 41.0146239], [29.8265547, 41.0132711], [29.8347909, 41.0158392], [29.8350048, 41.0173887], [29.8394794, 41.0184287], [29.8409454, 41.0208051], [29.8453259, 41.0202219], [29.8518598, 41.0268268], [29.8622285, 41.0308556], [29.8637715, 41.0355016], [29.8678136, 41.0375584], [29.8684617, 41.0402864], [29.877963, 41.0405202], [29.8804294, 41.0419671], [29.8810408, 41.054389], [29.8869974, 41.0581555], [29.8871367, 41.0631993], [29.8914465, 41.0625703], [29.8928225, 41.0639267], [29.8927045, 41.0707537], [29.8869006, 41.0804381], [29.8909982, 41.0827078], [29.8925543, 41.0856752], [29.8915028, 41.0929597], [29.9003367, 41.0908989], [29.9038088, 41.0917641], [29.9107692, 41.0879805], [29.9115443, 41.0896375], [29.9151599, 41.0887723], [29.9146664, 41.0898801], [29.9278371, 41.0864483], [29.9289909, 41.0877125], [29.9361086, 41.0868776], [29.9545133, 41.0800952], [29.9550497, 41.0837101], [29.9576783, 41.0840012], [29.9561217, 41.0894418], [29.9588048, 41.0944648], [29.9549532, 41.0987095], [29.9489605, 41.0998582], [29.9435943, 41.0974652], [29.9358378, 41.0984051], [29.9285222, 41.0969988], [29.9265754, 41.0985802], [29.9162324, 41.1000831], [29.914999, 41.1040373], [29.9166942, 41.10487], [29.913098, 41.1064095], [29.9157017, 41.1099912], [29.9146771, 41.1139521], [29.9114513, 41.1183865], [29.9144608, 41.1200708], [29.9096302, 41.1194186], [29.9095273, 41.1210487], [29.9145913, 41.1259019], [29.9140978, 41.1403423], [29.918147, 41.14146], [29.9380986, 41.342], [29.8822197, 41.343], [29.8504707, 41.351], [29.8161244, 41.357], [29.7287397, 41.363], [29.6942666, 41.372], [29.6492596, 41.3793698], [29.6149318, 41.3813709], [29.5730723, 41.3793698], [29.4579481, 41.4073854], [29.4199372, 41.4123882], [29.3801668, 41.4133888], [29.3438693, 41.424395], [29.3067202, 41.4313989], [29.2640055, 41.4344006], [29.2010679, 41.4323994], [29.1654473, 41.4434056], [29.1282875, 41.4504095], [29.0805819, 41.4554123], [29.0278991, 41.4564129], [28.9573869, 41.474423], [28.9237486, 41.4874303], [28.8329645, 41.515446], [28.8098731, 41.5254516], [28.7863069, 41.5334561], [28.7531366, 41.5414606], [28.7196882, 41.5464634], [28.6985365, 41.5564691], [28.6348232, 41.578], [28.5943278, 41.595], [28.5301177, 41.619], [28.4363383, 41.658], [28.4151633, 41.671], [28.143825, 41.5907192], [28.1472484, 41.5841202], [28.1552553, 41.5794818], [28.1463718, 41.5832858], [28.1391527, 41.5820263], [28.1329476, 41.5764275], [28.1334677, 41.5749333], [28.1307185, 41.5728765], [28.1283367, 41.5731574], [28.1255901, 41.5681086], [28.1231071, 41.5670807], [28.1241366, 41.5663536], [28.12294, 41.5644562], [28.1179902, 41.5625885], [28.1189925, 41.560325], [28.1233907, 41.5601454], [28.124876, 41.5556822], [28.1236625, 41.5535608], [28.1246567, 41.5523899], [28.1209016, 41.5519884], [28.1188631, 41.5496921], [28.1224251, 41.5471709], [28.1206012, 41.5441678], [28.1213426, 41.5428488], [28.1159019, 41.5417587], [28.121438, 41.5369886], [28.1198002, 41.5294475], [28.105613, 41.5181054], [28.1046152, 41.5157436], [28.1022967, 41.5167105], [28.0973759, 41.5151332], [28.0924272, 41.5092361], [28.0789104, 41.5089587], [28.0761886, 41.5076325], [28.0754757, 41.5065848], [28.0776214, 41.5033226], [28.0709481, 41.4947567], [28.0711841, 41.4934067], [28.0786008, 41.4931414], [28.0853471, 41.4900769], [28.093586, 41.4800571], [28.1027643, 41.4752341], [28.1049293, 41.4756726], [28.1064498, 41.4692291], [28.1116855, 41.4654104], [28.1137776, 41.4388739], [28.1110816, 41.4319092], [28.1112403, 41.4265362], [28.1217715, 41.4096812], [28.1133068, 41.4070568], [28.1101298, 41.4039901], [28.1017631, 41.4041086], [28.0989144, 41.394076], [28.0988078, 41.3860364], [28.0893576, 41.3695754], [28.0877387, 41.3524185], [28.0897665, 41.3462732], [28.082119, 41.3330359], [28.0795005, 41.325843], [28.0804324, 41.3244661], [28.0778702, 41.321122], [28.0781802, 41.3119094], [28.0764326, 41.3021638], [28.0783645, 41.3010962], [28.0750917, 41.2967023], [28.0767309, 41.2879246], [28.0721357, 41.2849863], [28.0718148, 41.2825662], [28.0675243, 41.2790025], [28.063118, 41.277723], [28.0561073, 41.2668975], [28.0458562, 41.2653249], [28.0301426, 41.2561208], [28.0155317, 41.2522807], [28.0003812, 41.240615], [27.9974718, 41.2304], [27.9983085, 41.2224189], [28.0183983, 41.1970466], [28.0207632, 41.1840943], [28.02334, 41.1812963], [28.0231833, 41.1790739], [28.0203509, 41.1722904], [28.0169606, 41.171499], [28.0167889, 41.1670086], [28.0129557, 41.1669367], [28.0136239, 41.1623401], [27.9850101, 41.1621463], [27.9808259, 41.1573563], [27.978605, 41.1513704], [27.9807079, 41.1437923], [27.9733564, 41.1229912], [27.9758237, 41.1233733], [27.9756439, 41.1195252], [27.9724038, 41.1117251], [27.9773618, 41.1114299], [27.972873, 41.1088861], [27.9756868, 41.1065596], [27.9708481, 41.0998253]]]}}, {"type": "Feature", "properties": {"slug": "joensuu", "name": "Joensuu", "osmType": "relation", "osmId": 2521759, "source": "OpenStreetMap via Nominatim", "licence": "ODbL 1.0", "simplifiedDegrees": 0.001}, "geometry": {"type": "Polygon", "coordinates": [[[29.6130951, 62.650183], [29.6242883, 62.6467138], [29.6303373, 62.6467044], [29.6382708, 62.642159], [29.6378616, 62.6351271], [29.6351769, 62.6316226], [29.6383223, 62.6111553], [29.7179918, 62.5507293], [29.7510543, 62.5213631], [29.7629083, 62.4589701], [29.7632206, 62.4074389], [29.8304712, 62.4043684], [29.8357357, 62.3995097], [29.8448499, 62.3965351], [29.8459868, 62.3919182], [29.8578234, 62.3828177], [29.8904836, 62.3732601], [29.9450482, 62.3676148], [29.9525896, 62.3719396], [29.9693586, 62.3751157], [29.9737806, 62.3803128], [30.0384838, 62.3882094], [30.0710573, 62.3998074], [30.080722, 62.3974466], [30.0843859, 62.3924453], [30.0921375, 62.3896858], [30.0974482, 62.3927262], [30.1060474, 62.3934421], [30.1211321, 62.3882263], [30.1275802, 62.3889424], [30.12786, 62.3872849], [30.136587, 62.3886217], [30.1387274, 62.391871], [30.1448711, 62.3952638], [30.1489681, 62.3934769], [30.1525465, 62.394987], [30.1641387, 62.3947646], [30.1642299, 62.3968824], [30.1715523, 62.4017226], [30.1772335, 62.4014096], [30.1904352, 62.3928595], [30.192388, 62.3952056], [30.2081537, 62.4014853], [30.204919, 62.4032323], [30.2044845, 62.4050588], [30.2090389, 62.4084221], [30.2110881, 62.4122989], [30.240699, 62.416352], [30.2442319, 62.4150328], [30.2519765, 62.402229], [30.2531442, 62.3972582], [30.2777705, 62.3498732], [30.3167905, 62.3582824], [30.3264338, 62.3646968], [30.3443241, 62.3585452], [30.3550409, 62.3604247], [30.3692204, 62.3540676], [30.3768222, 62.3561829], [30.4070641, 62.3372226], [30.5135944, 62.3540515], [30.5557279, 62.3569082], [30.5699938, 62.3725592], [30.6123123, 62.3591854], [30.6147664, 62.353043], [30.6204698, 62.3488243], [30.6660968, 62.354695], [30.6887029, 62.3241743], [30.7229684, 62.3296102], [30.7617752, 62.2835122], [30.7619135, 62.2813418], [30.7891931, 62.2508037], [30.8086955, 62.2610155], [30.8093379, 62.2695726], [30.810811, 62.2706707], [30.8341149, 62.2755062], [30.9041949, 62.3105377], [30.9432079, 62.3058473], [30.9548848, 62.3125879], [30.9620824, 62.3277074], [30.9427429, 62.333223], [31.0935058, 62.4166071], [30.9554653, 62.3849551], [30.936567, 62.4130588], [30.9380712, 62.445369], [30.9558667, 62.4489716], [30.9658241, 62.4455699], [30.975979, 62.4495401], [30.9837681, 62.4493317], [30.9873033, 62.4462052], [30.9915304, 62.4483615], [30.9937057, 62.4522991], [31.0005669, 62.4539816], [31.0004804, 62.4593035], [30.9374233, 62.4882037], [30.9271145, 62.4856545], [30.9201756, 62.4781743], [30.9093207, 62.4861761], [30.9046403, 62.49164], [30.8987313, 62.4943121], [30.8875036, 62.5032247], [30.8755517, 62.5188142], [30.866239, 62.5255566], [30.8661103, 62.5273385], [30.8694791, 62.5286748], [30.8649516, 62.5355238], [30.8666467, 62.5362759], [30.8620548, 62.5400856], [30.8579349, 62.5410751], [30.8635139, 62.5441422], [30.8500814, 62.5483664], [30.8410532, 62.5545539], [30.8103726, 62.5470963], [30.7999241, 62.5497475], [30.7976416, 62.553349], [30.7901931, 62.557159], [30.7794428, 62.5565854], [30.7735419, 62.5545976], [30.7716751, 62.5564371], [30.759927, 62.5599822], [30.7515263, 62.5599723], [30.7489353, 62.5614506], [30.7519041, 62.5667682], [30.7158208, 62.5838277], [30.7022649, 62.5921667], [30.7003498, 62.595568], [30.6963908, 62.5980691], [30.6956823, 62.5999408], [30.6984937, 62.6056204], [30.7007789, 62.6056105], [30.7140832, 62.6178025], [30.6928825, 62.6290421], [30.6701588, 62.6321322], [30.669574, 62.6397702], [30.6352798, 62.6483617], [30.5931155, 62.6635682], [30.5938522, 62.6660022], [30.5824657, 62.6868964], [30.549506, 62.6865501], [30.518142, 62.6913211], [30.511149, 62.7075315], [30.5415855, 62.729372], [30.5456507, 62.7343355], [30.5538613, 62.7459016], [30.548585, 62.7619788], [30.5592719, 62.7699022], [30.5459615, 62.7939084], [30.5227017, 62.8111904], [30.5239552, 62.8116093], [30.522573, 62.8142051], [30.5274438, 62.816156], [30.5270932, 62.8289648], [30.5228989, 62.8268371], [30.5008403, 62.8318344], [30.488175, 62.8451072], [30.4755766, 62.8466643], [30.4630919, 62.8974146], [30.4650017, 62.9001082], [30.4542943, 62.9003711], [30.4552599, 62.901905], [30.4489191, 62.9033494], [30.4349395, 62.9181425], [30.436345, 62.9188577], [30.4333516, 62.9453358], [30.4179772, 62.9523182], [30.4134389, 62.9550551], [30.4115078, 62.9581419], [30.3766604, 62.9778393], [30.3722187, 62.9811588], [30.3588828, 62.9977462], [30.3613933, 62.9984022], [30.3266094, 63.0167505], [30.2859208, 63.0257208], [30.2660467, 63.0393436], [30.2410705, 63.0410973], [30.2394403, 63.0424329], [30.1826145, 63.0443849], [30.1402667, 63.0323534], [30.1192239, 63.0369457], [30.0673113, 63.0438004], [30.0683463, 63.0428392], [30.0666189, 63.0423772], [30.0634853, 63.0443336], [30.0341865, 63.0475887], [30.0266713, 63.0466433], [30.0250181, 63.0401772], [30.0202064, 63.0347805], [30.0032548, 63.0352318], [29.9833186, 63.0457416], [29.9578754, 63.0347865], [29.9618367, 63.0055952], [29.9593198, 63.0046297], [29.9621569, 63.0032588], [29.9627852, 62.9932974], [29.9659717, 62.9816025], [29.9676561, 62.9577568], [29.9689972, 62.9576962], [29.9664009, 62.9555548], [29.9683052, 62.9517837], [29.9666749, 62.9440883], [29.9620664, 62.9442693], [29.9657571, 62.9398867], [29.9540263, 62.8856481], [29.9480731, 62.8839851], [29.9530296, 62.881223], [29.9880063, 62.8505833], [30.0037138, 62.8361344], [30.0056304, 62.8297753], [30.023495, 62.8147736], [30.0381264, 62.7797889], [30.0898651, 62.7492879], [30.1389098, 62.7352202], [30.1417637, 62.7359672], [30.1421499, 62.7390142], [30.143137, 62.7340406], [30.1828122, 62.7251429], [30.1930408, 62.7259478], [30.2013181, 62.7156736], [30.2105543, 62.6997499], [30.284061, 62.6590463], [30.2800798, 62.641053], [30.2879977, 62.6325514], [30.2804918, 62.6293268], [30.2617657, 62.6373943], [30.2574256, 62.6410017], [30.2334358, 62.6252703], [30.2103623, 62.6213816], [30.2027948, 62.6173054], [30.1990129, 62.6130752], [30.2105925, 62.6068894], [30.2036905, 62.5972815], [30.2015984, 62.5969556], [30.2011429, 62.5937331], [30.1869708, 62.5947951], [30.1395393, 62.6053056], [30.1109323, 62.6086626], [30.0391083, 62.590645], [30.0444424, 62.5884958], [30.0486696, 62.5891626], [30.0489914, 62.5874437], [30.039078, 62.5861939], [30.0431442, 62.5880166], [30.0385737, 62.5902837], [30.0337136, 62.5869546], [30.031203, 62.5873646], [30.0337994, 62.5918049], [30.0265359, 62.5875721], [29.9993545, 62.5807524], [30.0043273, 62.5768268], [29.9985337, 62.5753839], [29.9960982, 62.5769454], [29.9609157, 62.5678879], [29.9569421, 62.5696671], [29.9431346, 62.5662741], [29.944396, 62.5683612], [29.9399113, 62.5717715], [29.9411773, 62.5752801], [29.9330234, 62.5751714], [29.9311091, 62.5772392], [29.9170058, 62.5753933], [29.9105251, 62.5731107], [29.9117911, 62.5717813], [29.9052679, 62.5747366], [29.9054825, 62.5765797], [29.9024093, 62.5788905], [29.9050748, 62.579327], [29.9032264, 62.5813651], [29.9255098, 62.5929144], [29.922141, 62.6003985], [29.9277998, 62.6011102], [29.9134251, 62.6161442], [29.9085398, 62.6182077], [29.9101485, 62.6191482], [29.9006446, 62.6281479], [29.7971268, 62.6304394], [29.7974217, 62.6292172], [29.7922826, 62.6304898], [29.7448517, 62.6314579], [29.7074128, 62.6367656], [29.7064297, 62.6350418], [29.7032364, 62.635414], [29.6917338, 62.6387459], [29.6660265, 62.6415819], [29.6495629, 62.6480191], [29.6431547, 62.6555867], [29.6130951, 62.650183]]]}}, {"type": "Feature", "properties": {"slug": "jyvaskyla", "name": "Jyv\u00e4skyl\u00e4", "osmType": "relation", "osmId": 569407, "source": "OpenStreetMap via Nominatim", "licence": "ODbL 1.0", "simplifiedDegrees": 0.001}, "geometry": {"type": "Polygon", "coordinates": [[[25.2607866, 62.048339], [25.3366325, 62.0419124], [25.3388872, 62.0287394], [25.3432774, 62.0214918], [25.3432737, 62.0164291], [25.371182, 62.0059824], [25.3240744, 61.987723], [25.3302623, 61.9780997], [25.3384977, 61.9796632], [25.3425028, 61.9747199], [25.3456791, 61.9747171], [25.3434469, 61.9692579], [25.3335973, 61.9642138], [25.3408919, 61.9634291], [25.3356787, 61.9507818], [25.3512173, 61.9462776], [25.3661642, 61.9557165], [25.4064295, 61.9363807], [25.4111872, 61.9363807], [25.4122885, 61.9351746], [25.4069455, 61.9331775], [25.4083607, 61.9297454], [25.4247323, 61.9310805], [25.4294976, 61.928536], [25.4426023, 61.9314477], [25.4465859, 61.9169329], [25.5962253, 61.8392056], [25.606332, 61.854257], [25.622112, 61.859193], [25.6626291, 61.8589422], [25.7516511, 61.8495334], [25.793947, 61.892319], [25.8501917, 61.8906326], [25.888827, 61.907284], [25.929228, 61.935408], [25.984867, 61.965769], [25.982696, 61.97026], [25.9766609, 61.9766099], [25.9644342, 61.9799797], [25.9636538, 61.9811842], [25.9650239, 61.9824546], [25.9630423, 61.9851713], [25.951413, 61.997469], [25.835942, 62.044466], [25.770355, 62.049114], [25.767973, 62.063555], [25.692748, 62.075712], [25.666647, 62.075507], [25.633576, 62.068954], [25.63408, 62.06667], [25.608201, 62.071403], [25.582744, 62.06977], [25.53949, 62.071735], [25.531347, 62.072699], [25.533642, 62.083848], [25.4797015, 62.0861091], [25.50615, 62.121136], [25.520456, 62.127745], [25.526681, 62.139357], [25.53387, 62.140637], [25.5367437, 62.1389268], [25.541823, 62.15996], [25.526231, 62.157686], [25.509579, 62.15828], [25.501461, 62.166012], [25.501117, 62.17645], [25.493005, 62.17734], [25.479358, 62.184428], [25.4779049, 62.1889659], [25.481902, 62.189241], [25.480174, 62.193047], [25.474985, 62.1968997], [25.476128, 62.198973], [25.473627, 62.200157], [25.473575, 62.201952], [25.470566, 62.203284], [25.473032, 62.20508], [25.471763, 62.205461], [25.473955, 62.208896], [25.477678, 62.210176], [25.488687, 62.223055], [25.489568, 62.225434], [25.48744, 62.22568], [25.493884, 62.233032], [25.499251, 62.230352], [25.5291495, 62.2307817], [25.570777, 62.242832], [25.586024, 62.223452], [25.584998, 62.200189], [25.590398, 62.188241], [25.600407, 62.186197], [25.666044, 62.203067], [25.669787, 62.191809], [25.692751, 62.175777], [25.736981, 62.1689389], [25.7475277, 62.1816303], [25.7615828, 62.1800617], [25.7939843, 62.1523976], [25.7634589, 62.151985], [25.7502307, 62.1442817], [25.7198951, 62.1520462], [25.7124587, 62.1465776], [25.709984, 62.1472784], [25.7052467, 62.1438136], [25.7066408, 62.142845], [25.7046974, 62.14195], [25.7113668, 62.139453], [25.7101286, 62.1395276], [25.7292696, 62.1331721], [25.7328614, 62.1076557], [25.7622305, 62.1027225], [25.7616255, 62.0988306], [25.7952048, 62.0944411], [25.7953482, 62.113457], [25.8039228, 62.1282027], [25.820096, 62.1274771], [25.8522014, 62.134995], [25.8630632, 62.1343146], [25.8629104, 62.1327669], [25.8728861, 62.1241662], [25.8686427, 62.1232545], [25.8723431, 62.1223343], [25.8732941, 62.1238038], [25.8778627, 62.1213335], [25.8787582, 62.1206252], [25.8757485, 62.119597], [25.8786151, 62.1192464], [25.9127619, 62.0899519], [25.9608991, 62.0746556], [25.9473762, 62.1059142], [25.9408244, 62.1369879], [25.9777936, 62.1696721], [26.0490519, 62.1707308], [26.0485798, 62.1796849], [26.0377368, 62.1796697], [26.0348528, 62.1840076], [26.0266818, 62.1841037], [26.0213381, 62.1807613], [26.0164998, 62.1828433], [26.0154416, 62.1849989], [26.0122812, 62.1849827], [26.0048121, 62.1922571], [26.0115069, 62.1947395], [26.0145625, 62.2002641], [26.0132922, 62.2023216], [26.0175408, 62.2033823], [26.0353678, 62.1858499], [26.0502279, 62.1806728], [26.0465378, 62.1837036], [26.0423535, 62.191813], [26.0403402, 62.1914607], [26.0193975, 62.223629], [26.0281179, 62.2320796], [26.0349737, 62.2331695], [26.0390957, 62.2302614], [26.0379306, 62.226802], [26.0393167, 62.2233233], [26.0427434, 62.223557], [26.045179, 62.2352337], [26.051348, 62.237074], [26.0445311, 62.264352], [26.047917, 62.2645179], [26.0510008, 62.2676018], [25.9964327, 62.2795698], [25.9620505, 62.2986245], [25.9368723, 62.271401], [25.9259347, 62.2712324], [25.9217474, 62.2798049], [25.8937003, 62.280967], [25.8941968, 62.2838237], [25.878648, 62.2726379], [25.8811286, 62.2925381], [25.8682175, 62.291634], [25.8629101, 62.2851163], [25.8567665, 62.2882053], [25.8552494, 62.2919204], [25.8552432, 62.2876937], [25.8524647, 62.2861252], [25.8499796, 62.2874753], [25.8556664, 62.2958926], [25.8167178, 62.3056028], [25.828934, 62.3340534], [25.8462486, 62.3494647], [25.8423122, 62.3684808], [25.8185328, 62.3813299], [25.7862049, 62.3899456], [25.7440871, 62.3796096], [25.7315697, 62.3842257], [25.7335342, 62.3846913], [25.7295557, 62.3863255], [25.7281679, 62.385529], [25.6958629, 62.3974737], [25.6955636, 62.4010879], [25.6878356, 62.4039483], [25.6866854, 62.4028976], [25.6853422, 62.4062438], [25.6755103, 62.4102013], [25.6583118, 62.4123367], [25.6463331, 62.4203821], [25.6300347, 62.4217811], [25.6170291, 62.426619], [25.579132, 62.428747], [25.5497742, 62.4030181], [25.5050741, 62.3781048], [25.4957362, 62.3835911], [25.4990062, 62.3847581], [25.4983637, 62.3869051], [25.4939529, 62.3868583], [25.4898572, 62.3976048], [25.4078279, 62.3900776], [25.4051159, 62.3984101], [25.3614412, 62.3956418], [25.3666118, 62.3838352], [25.3245586, 62.3770554], [25.3122891, 62.3922966], [25.2854162, 62.3891839], [25.3024519, 62.365395], [25.3695949, 62.3774662], [25.37908, 62.3720703], [25.4425376, 62.357138], [25.4445089, 62.3451776], [25.4886441, 62.3462975], [25.4581922, 62.3094177], [25.4132259, 62.2664163], [25.4234076, 62.244889], [25.3847525, 62.2438221], [25.335314, 62.2329877], [25.3471587, 62.1976989], [25.3303358, 62.1821619], [25.2852095, 62.1523537], [25.313957, 62.1234875], [25.3475994, 62.1097827], [25.3429463, 62.1087864], [25.3438277, 62.1074637], [25.3125844, 62.088257], [25.3167915, 62.0820562], [25.2825774, 62.0707342], [25.2607866, 62.048339]]]}}, {"type": "Feature", "properties": {"slug": "kharkiv", "name": "Kharkiv", "osmType": "relation", "osmId": 3154746, "source": "OpenStreetMap via Nominatim", "licence": "ODbL 1.0", "simplifiedDegrees": 0.001}, "geometry": {"type": "Polygon", "coordinates": [[[36.1055541, 49.9830035], [36.1141103, 49.9817512], [36.1150187, 49.9765407], [36.1182993, 49.977037], [36.1197853, 49.9735585], [36.1272178, 49.9737765], [36.129288, 49.9662087], [36.1258456, 49.9629761], [36.128899, 49.9614989], [36.1287438, 49.9589057], [36.1346418, 49.9582672], [36.1285937, 49.9583739], [36.1279558, 49.9567812], [36.1287295, 49.953672], [36.1275239, 49.9526212], [36.1319217, 49.9508562], [36.1306631, 49.9475695], [36.1325137, 49.9408126], [36.1347234, 49.9402466], [36.1301919, 49.9228578], [36.1390492, 49.9241696], [36.1416843, 49.923015], [36.1447007, 49.9252219], [36.1484236, 49.9237852], [36.1493415, 49.9242041], [36.1472978, 49.9269795], [36.1495232, 49.9287507], [36.1573386, 49.9279482], [36.1573375, 49.9259503], [36.1601158, 49.9294323], [36.1620063, 49.9295014], [36.1705356, 49.9276765], [36.1700872, 49.9254954], [36.1631757, 49.9202596], [36.1631981, 49.9175731], [36.1651032, 49.9169771], [36.1711494, 49.9179115], [36.1757891, 49.9210298], [36.1988189, 49.9201574], [36.2040992, 49.9156222], [36.2050758, 49.9122532], [36.2127015, 49.9117858], [36.2179175, 49.9071636], [36.2148298, 49.900843], [36.212449, 49.8996689], [36.2121633, 49.8910578], [36.2245237, 49.8857162], [36.2313533, 49.8897701], [36.2355131, 49.8903744], [36.2385545, 49.8826337], [36.2423968, 49.879207], [36.2490963, 49.8784822], [36.2504918, 49.8821712], [36.2582614, 49.8820983], [36.2604759, 49.8832093], [36.2587732, 49.883862], [36.2610066, 49.8858183], [36.2678279, 49.8867643], [36.2764487, 49.8818466], [36.2842183, 49.8816331], [36.2915299, 49.8835825], [36.2995365, 49.8820784], [36.2905331, 49.8866471], [36.2778981, 49.9114821], [36.2880525, 49.9122389], [36.2900017, 49.9190473], [36.3039951, 49.9236411], [36.3101939, 49.9242985], [36.3093397, 49.9226928], [36.3128463, 49.9213794], [36.313567, 49.923309], [36.3210078, 49.9251102], [36.3370657, 49.9177723], [36.3459519, 49.9258676], [36.355518, 49.9303051], [36.3575685, 49.9326946], [36.3714661, 49.9261542], [36.3731173, 49.9205938], [36.3799476, 49.9161717], [36.3752148, 49.9131518], [36.3804223, 49.9085365], [36.3880809, 49.9090083], [36.3934457, 49.9075398], [36.3942866, 49.9058754], [36.3875422, 49.901535], [36.3920543, 49.8987656], [36.3987498, 49.9030974], [36.4063784, 49.8981969], [36.4186276, 49.9014929], [36.4294699, 49.8974788], [36.4324956, 49.9039702], [36.4497093, 49.9047634], [36.4527482, 49.9080105], [36.4554508, 49.9082161], [36.4491223, 49.9220735], [36.4506917, 49.9256217], [36.4533424, 49.9270186], [36.4366373, 49.9338085], [36.4378422, 49.9343202], [36.4363511, 49.9366096], [36.4373767, 49.9415419], [36.4358835, 49.9467798], [36.412244, 50.0044417], [36.408821, 50.0097549], [36.4107838, 50.0108793], [36.4100372, 50.0122948], [36.4062646, 50.0120586], [36.3860568, 50.0278238], [36.3640051, 50.0513438], [36.3659494, 50.0554181], [36.3624207, 50.0573105], [36.3600106, 50.0556204], [36.3544309, 50.0608796], [36.3338318, 50.0753104], [36.3477285, 50.0645687], [36.3386453, 50.0620502], [36.3356755, 50.0628057], [36.3357015, 50.0605254], [36.327653, 50.0593541], [36.3181128, 50.0536412], [36.3117676, 50.052791], [36.310061, 50.0593714], [36.3074511, 50.0591447], [36.3023397, 50.0630628], [36.3034195, 50.064121], [36.3007104, 50.0671768], [36.2916927, 50.0644817], [36.2892735, 50.067543], [36.2774947, 50.0705225], [36.2748233, 50.0748752], [36.2741886, 50.0800259], [36.2686868, 50.0795683], [36.2610863, 50.0835129], [36.2605571, 50.0855047], [36.2605548, 50.0869809], [36.2629887, 50.0875282], [36.267645, 50.0992316], [36.2735003, 50.1004601], [36.2702733, 50.1047533], [36.2655715, 50.1025192], [36.2545205, 50.101359], [36.245074, 50.0951936], [36.244525, 50.0932327], [36.2183277, 50.0862431], [36.2065054, 50.0750479], [36.2047188, 50.0760759], [36.195662, 50.0686311], [36.1995001, 50.0668625], [36.1966132, 50.0636843], [36.1892818, 50.0602269], [36.1846308, 50.0557776], [36.1781112, 50.0554313], [36.1788751, 50.0534966], [36.1689908, 50.0501744], [36.1726811, 50.0425351], [36.1697062, 50.0439199], [36.168351, 50.0500071], [36.1542219, 50.0461075], [36.1588063, 50.0390393], [36.1640362, 50.0355012], [36.1579003, 50.0320368], [36.1616125, 50.0300218], [36.1602292, 50.0174653], [36.1657468, 50.0092711], [36.1475263, 50.0084959], [36.1393052, 50.011928], [36.1291907, 50.0130649], [36.1271755, 50.0165046], [36.1214931, 50.0173921], [36.1207439, 50.0094829], [36.1193019, 50.0077787], [36.1240906, 50.0063052], [36.125914, 50.0041238], [36.1240635, 50.0016347], [36.1279991, 49.9976478], [36.127699, 49.9915939], [36.1102266, 49.9901169], [36.1055541, 49.9830035]]]}}, {"type": "Feature", "properties": {"slug": "kotka", "name": "Kotka", "osmType": "relation", "osmId": 2485457, "source": "OpenStreetMap via Nominatim", "licence": "ODbL 1.0", "simplifiedDegrees": 0.001}, "geometry": {"type": "Polygon", "coordinates": [[[26.7428185, 60.6560463], [26.7541218, 60.6513991], [26.7522408, 60.6477188], [26.7530381, 60.6443166], [26.7576731, 60.6419009], [26.7597334, 60.6384463], [26.755942, 60.6334189], [26.750064, 60.6308897], [26.7512036, 60.6284746], [26.7684878, 60.6209594], [26.7815447, 60.6184697], [26.783948, 60.6107152], [26.786467, 60.6086823], [26.7865272, 60.6044234], [26.7821885, 60.6017528], [26.7807186, 60.5989982], [26.7843986, 60.5956219], [26.7843772, 60.5918501], [26.7757941, 60.5887102], [26.775837, 60.5863339], [26.7782617, 60.5843158], [26.7771019, 60.5828978], [26.7642468, 60.5759017], [26.7492365, 60.5746854], [26.8238857, 60.4957683], [26.8397075, 60.4747824], [26.8432904, 60.4478917], [26.8413383, 60.4467458], [26.8436868, 60.4448597], [26.8756332, 60.2003421], [27.2930435, 60.2002026], [27.3031365, 60.22789], [27.265797, 60.3614003], [27.2487251, 60.3587435], [27.1184888, 60.4064582], [27.1194748, 60.4153941], [27.12074, 60.4160436], [27.1196445, 60.423327], [27.1115867, 60.4430272], [27.0626694, 60.4746329], [27.0261635, 60.5216326], [27.0092998, 60.5495629], [27.0070837, 60.5573191], [27.0209087, 60.56372], [27.0204344, 60.5741874], [27.0285084, 60.6045202], [26.9221461, 60.6485489], [26.8820847, 60.6363354], [26.8634809, 60.6381451], [26.8520976, 60.6416748], [26.8403173, 60.6390236], [26.8305112, 60.6395286], [26.8278933, 60.640912], [26.8265415, 60.6441732], [26.8396843, 60.6462612], [26.8426057, 60.649609], [26.8409358, 60.6523869], [26.8378819, 60.6493114], [26.8339873, 60.648165], [26.8232906, 60.6496217], [26.8014361, 60.6630467], [26.7953957, 60.6686106], [26.7721034, 60.6755736], [26.7514623, 60.6734232], [26.7506457, 60.6709388], [26.7557526, 60.6663874], [26.7527378, 60.6626817], [26.7428185, 60.6560463]]]}}, {"type": "Feature", "properties": {"slug": "kouvola", "name": "Kouvola", "osmType": "relation", "osmId": 2472594, "source": "OpenStreetMap via Nominatim", "licence": "ODbL 1.0", "simplifiedDegrees": 0.001}, "geometry": {"type": "Polygon", "coordinates": [[[26.2353773, 61.1305324], [26.2552037, 61.1121985], [26.2534227, 61.1110261], [26.2565049, 61.1053453], [26.2654846, 61.1055202], [26.2657329, 61.1040162], [26.2699535, 61.1036729], [26.281535, 61.1071065], [26.3109406, 61.1066318], [26.2673067, 61.0698221], [26.2490882, 61.0399334], [26.265816, 61.0116588], [26.2857261, 61.0129024], [26.3051725, 61.0034903], [26.314199, 61.0080427], [26.3171861, 61.0024448], [26.324419, 61.0051231], [26.3307488, 61.0001432], [26.337003, 60.999422], [26.3386723, 61.0029939], [26.3420291, 61.0006614], [26.3462887, 61.0004896], [26.3551031, 61.022566], [26.3736878, 61.0257472], [26.3753594, 61.028055], [26.3863619, 61.0277437], [26.401201, 61.0201549], [26.4049552, 61.0163182], [26.423063, 61.0120592], [26.4526749, 61.0173624], [26.4602121, 61.0142231], [26.5043698, 61.009791], [26.4954582, 60.9906483], [26.5074957, 60.9739418], [26.5158259, 60.9732435], [26.5190616, 60.9605819], [26.5151637, 60.9571954], [26.5150262, 60.9557439], [26.5175339, 60.95506], [26.5159509, 60.954027], [26.5411272, 60.939386], [26.535396, 60.9375622], [26.5354717, 60.9312298], [26.5376159, 60.9312213], [26.5449765, 60.8837827], [26.5386339, 60.8718789], [26.49885, 60.8725909], [26.4637231, 60.8771504], [26.4600124, 60.8735322], [26.5114115, 60.8406143], [26.4869712, 60.8305183], [26.4658139, 60.8285312], [26.4727877, 60.8238295], [26.4527516, 60.8166109], [26.4363938, 60.8201597], [26.4369622, 60.8192758], [26.4314226, 60.8169745], [26.4179633, 60.8147929], [26.412159, 60.8121456], [26.3883195, 60.8095608], [26.3830179, 60.8065095], [26.3812262, 60.8075482], [26.3788712, 60.8061091], [26.380509, 60.8018129], [26.3968919, 60.7794094], [26.3683854, 60.7687754], [26.3744257, 60.761099], [26.3042521, 60.7531633], [26.3001243, 60.7494523], [26.3019428, 60.7473763], [26.2979128, 60.7324339], [26.2980662, 60.7309339], [26.3004593, 60.7309424], [26.3314782, 60.7119124], [26.3250817, 60.6966297], [26.338438, 60.6758299], [26.3620886, 60.6682274], [26.3470895, 60.6613555], [26.4313956, 60.649547], [26.4584291, 60.6390857], [26.481848, 60.6142189], [26.4834471, 60.5968459], [26.5123066, 60.598978], [26.5387514, 60.5951735], [26.5417866, 60.5750065], [26.5648697, 60.6070356], [26.5792479, 60.6147441], [26.5784744, 60.6162903], [26.5813396, 60.6188173], [26.5800956, 60.6203284], [26.582176, 60.6214923], [26.5824464, 60.6237772], [26.5941857, 60.6275869], [26.5939492, 60.6316109], [26.5966367, 60.6353746], [26.5952318, 60.6369684], [26.5982343, 60.6427074], [26.6490997, 60.6523676], [26.6827807, 60.6492924], [26.7538592, 60.5757223], [26.7642468, 60.5759017], [26.7771019, 60.5828978], [26.7782617, 60.5843158], [26.775837, 60.5863339], [26.7757941, 60.5887102], [26.7843772, 60.5918501], [26.7843986, 60.5956219], [26.7807186, 60.5989982], [26.7821885, 60.6017528], [26.7865272, 60.6044234], [26.786467, 60.6086823], [26.783948, 60.6107152], [26.7815447, 60.6184697], [26.7684878, 60.6209594], [26.7512036, 60.6284746], [26.750064, 60.6308897], [26.755942, 60.6334189], [26.7597334, 60.6384463], [26.7576731, 60.6419009], [26.7530381, 60.6443166], [26.7522408, 60.6477188], [26.7541218, 60.6513991], [26.7428185, 60.6560463], [26.7527378, 60.6626817], [26.7557526, 60.6663874], [26.7506457, 60.6709388], [26.7505062, 60.6727202], [26.7527861, 60.6739754], [26.7721034, 60.6755736], [26.7815662, 60.6735085], [26.7953957, 60.6686106], [26.8014361, 60.6630467], [26.8266595, 60.6486172], [26.8339873, 60.648165], [26.8378819, 60.6493114], [26.8409358, 60.6523869], [26.8426057, 60.649609], [26.8396843, 60.6462612], [26.8265415, 60.6441732], [26.8278933, 60.640912], [26.8305112, 60.6395286], [26.8403173, 60.6390236], [26.8520976, 60.6416748], [26.8634809, 60.6381451], [26.8820847, 60.6363354], [26.9221461, 60.6485489], [27.0417501, 60.6793036], [27.0441544, 60.6756088], [27.0506118, 60.6708577], [27.0636004, 60.6756207], [27.0679665, 60.6715458], [27.0713515, 60.6730884], [27.0746227, 60.6724471], [27.0833747, 60.6748509], [27.1030825, 60.6854913], [27.1190761, 60.7124645], [27.1329474, 60.7158331], [27.1260021, 60.7200921], [27.1230999, 60.7245933], [27.1255048, 60.7263262], [27.1245, 60.7296492], [27.119044, 60.7321172], [27.1170499, 60.735946], [27.1125669, 60.7374614], [27.1106137, 60.7397996], [27.1296529, 60.7486067], [27.1238969, 60.7523277], [27.1274654, 60.7535354], [27.1270069, 60.7562623], [27.1168783, 60.7626432], [27.1185053, 60.7632063], [27.1177, 60.7645733], [27.1292507, 60.7672291], [27.1289223, 60.7692589], [27.122657, 60.7719938], [27.1260589, 60.7762695], [27.1246207, 60.7768768], [27.2031199, 60.7604918], [27.2257426, 60.7604012], [27.2268884, 60.7622809], [27.225293, 60.7639049], [27.2299837, 60.7667192], [27.2321123, 60.7702054], [27.2326197, 60.7718614], [27.2303514, 60.7734249], [27.2320243, 60.7754692], [27.2363491, 60.7758578], [27.2386601, 60.7741449], [27.2473515, 60.7772894], [27.2675335, 60.7781112], [27.2668344, 60.7795728], [27.2698181, 60.7815447], [27.2713738, 60.786538], [27.2727739, 60.7869972], [27.2656553, 60.7943738], [27.2614775, 60.7949041], [27.2621567, 60.7969907], [27.2600206, 60.798717], [27.2613445, 60.8008897], [27.2716345, 60.8040274], [27.2926585, 60.8220246], [27.344307, 60.816777], [27.346965, 60.8175673], [27.3490587, 60.8250505], [27.3583786, 60.8284379], [27.3583775, 60.829717], [27.3544561, 60.8310369], [27.3778943, 60.8384806], [27.4283735, 60.842625], [27.3915563, 60.8643518], [27.3860396, 60.8711847], [27.3726056, 60.8789931], [27.3603885, 60.8830404], [27.3390962, 60.887701], [27.3162175, 60.8902725], [27.3054178, 60.8935073], [27.2132829, 60.9040894], [27.1843867, 60.9247535], [27.1361399, 60.9512422], [27.1211303, 60.9640085], [27.1294183, 60.9669089], [27.1329831, 60.966296], [27.1389241, 60.9634826], [27.1407079, 60.9594221], [27.1456221, 60.9567799], [27.1457229, 60.9552803], [27.1509217, 60.9532134], [27.1570247, 60.9524545], [27.1597144, 60.9547204], [27.1615394, 60.9529509], [27.1684498, 60.9541427], [27.1743314, 60.9507369], [27.1800616, 60.9504593], [27.1890031, 60.9529259], [27.1952397, 60.9519523], [27.2123383, 60.9556559], [27.222064, 60.9602658], [27.2416527, 60.9634763], [27.2453182, 60.9672132], [27.2481425, 60.9677794], [27.2483459, 60.9703111], [27.241635, 60.9731807], [27.2192425, 60.969789], [27.2210514, 60.9717874], [27.2160847, 60.9741413], [27.2125806, 60.9786249], [27.2133821, 60.9847366], [27.2180883, 60.988302], [27.213285, 60.9884516], [27.2091549, 60.9914717], [27.2093979, 60.9956319], [27.2072951, 60.9997309], [27.1966842, 61.0068874], [27.1929828, 61.007657], [27.1906734, 61.0041602], [27.1719908, 60.9980019], [27.1667808, 60.9997595], [27.1616047, 61.0046673], [27.1411518, 61.0105467], [27.1417649, 61.0146469], [27.1479104, 61.0212542], [27.1540872, 61.023061], [27.159516, 61.027726], [27.1507866, 61.0440423], [27.1468998, 61.0479044], [27.1513694, 61.0587322], [27.1496506, 61.067364], [27.1529165, 61.0708621], [27.1614073, 61.0715472], [27.1850733, 61.0860555], [27.2123344, 61.089695], [27.2285289, 61.0902057], [27.2284883, 61.0919383], [27.2222763, 61.0978606], [27.2132619, 61.1033649], [27.2019237, 61.1065729], [27.1883023, 61.1015275], [27.1829143, 61.1035059], [27.1824272, 61.1059436], [27.176683, 61.1070198], [27.1854098, 61.1118529], [27.1867917, 61.1210723], [27.218276, 61.1427824], [27.2134781, 61.1460258], [27.2107444, 61.1552487], [27.2074292, 61.1554692], [27.2094423, 61.1610085], [27.2058144, 61.1624775], [27.1667485, 61.1609903], [27.1471727, 61.163184], [27.1317296, 61.1610385], [27.1209053, 61.1643824], [27.1115387, 61.1579244], [27.096366, 61.1553686], [27.0839443, 61.1559779], [27.0561393, 61.1516355], [27.0312398, 61.1520595], [27.0229196, 61.1563241], [26.9365226, 61.1749956], [26.9121768, 61.1831706], [26.9301178, 61.2100819], [26.9294097, 61.2122091], [26.9254798, 61.2125532], [26.9267801, 61.2183454], [26.9213234, 61.2198853], [26.9207591, 61.2257733], [26.9190521, 61.2275281], [26.9071592, 61.2316855], [26.9028623, 61.235136], [26.8994119, 61.2351639], [26.8908481, 61.2424448], [26.8967172, 61.2441064], [26.8780143, 61.2781748], [26.8811768, 61.2852132], [26.8523989, 61.2837023], [26.7793712, 61.2700585], [26.771943, 61.266148], [26.7733908, 61.2585811], [26.7638731, 61.2485967], [26.761251, 61.2444504], [26.7631178, 61.2432478], [26.760537, 61.239618], [26.7547495, 61.2381555], [26.7454281, 61.2296451], [26.6613125, 61.206878], [26.6298701, 61.2210325], [26.6711146, 61.2435838], [26.6670027, 61.2523107], [26.6500297, 61.2643883], [26.6418259, 61.2824865], [26.6340855, 61.2862106], [26.6291503, 61.2925945], [26.6171833, 61.2870652], [26.5617936, 61.2705529], [26.5502021, 61.2768811], [26.5422478, 61.2774853], [26.5347054, 61.2755642], [26.5349479, 61.274106], [26.5318864, 61.2721786], [26.5264361, 61.2730424], [26.5223394, 61.271187], [26.5145744, 61.2714718], [26.5136645, 61.2743243], [26.5051196, 61.2697732], [26.4848635, 61.2652665], [26.4673326, 61.263131], [26.4439304, 61.2628364], [26.4450247, 61.2606698], [26.4434369, 61.2563878], [26.4342101, 61.2555933], [26.424876, 61.2514963], [26.4298541, 61.2482143], [26.431304, 61.2372934], [26.3964021, 61.2136933], [26.3854802, 61.1881371], [26.3476878, 61.1737002], [26.2705765, 61.1630048], [26.2690036, 61.1495383], [26.2353773, 61.1305324]]]}}, {"type": "Feature", "properties": {"slug": "krakow", "name": "Krak\u00f3w", "osmType": "relation", "osmId": 2768922, "source": "OpenStreetMap via Nominatim", "licence": "ODbL 1.0", "simplifiedDegrees": 0.001}, "geometry": {"type": "Polygon", "coordinates": [[[19.7922355, 50.011797], [19.7946877, 50.0060496], [19.796474, 49.9945366], [19.800006, 49.9957834], [19.8017101, 49.9934322], [19.8038601, 49.9943275], [19.8036124, 49.9929625], [19.8095351, 49.9921683], [19.8110141, 49.9944364], [19.8147548, 49.9944066], [19.8151575, 49.9958148], [19.8193464, 49.9969941], [19.8490132, 49.9948749], [19.8487785, 49.985191], [19.8623943, 49.9847094], [19.8644438, 49.9832655], [19.8644857, 49.9801402], [19.8624424, 49.9798256], [19.8629842, 49.9765687], [19.8606953, 49.9759097], [19.8676682, 49.9744804], [19.8706692, 49.9717436], [19.8794366, 49.9714543], [19.8799765, 49.9740513], [19.8846945, 49.9761127], [19.8874035, 49.9803886], [19.9096517, 49.9819736], [19.9133463, 49.9798532], [19.927153, 49.980901], [19.9284075, 49.9791477], [19.9325897, 49.9787939], [19.9340521, 49.9755714], [19.9402646, 49.9752789], [19.9517147, 49.9695172], [19.9538055, 49.9700766], [19.9556714, 49.9676668], [19.9594615, 49.9692598], [19.9634431, 49.9685611], [19.963093, 49.9723236], [19.9670402, 49.9731654], [19.9642996, 49.977746], [19.9778601, 49.9811697], [19.9825869, 49.9806997], [19.9812796, 49.9726303], [19.9972934, 49.9739454], [20.0011253, 49.9756835], [20.0080967, 49.9750424], [20.0100162, 49.9772436], [20.0097018, 49.9801825], [20.0186719, 49.9863158], [20.015427, 49.9888524], [20.0122329, 49.9946847], [20.0032545, 49.9980064], [20.0041448, 50.0011869], [20.0182813, 50.0043264], [20.018814, 50.0031142], [20.0235956, 50.0030138], [20.0284838, 49.9991784], [20.0288916, 50.0011012], [20.0356987, 50.0014096], [20.0473937, 49.9989794], [20.0482829, 50.0041695], [20.0551691, 50.0041137], [20.0607528, 50.0053323], [20.0630346, 50.008132], [20.0656667, 50.0077867], [20.0697498, 50.0183343], [20.0684331, 50.0219953], [20.0648646, 50.0242708], [20.0676984, 50.0254493], [20.0735681, 50.0321926], [20.0817144, 50.0342604], [20.0797312, 50.0358002], [20.0838074, 50.0378975], [20.0810186, 50.0387092], [20.0803266, 50.0407033], [20.0879882, 50.044891], [20.0922827, 50.0420709], [20.092179, 50.0380154], [20.0959551, 50.0369577], [20.1068556, 50.0424426], [20.1157537, 50.0425944], [20.1276645, 50.0398158], [20.1392936, 50.0459408], [20.1595405, 50.0428268], [20.188534, 50.048344], [20.2011191, 50.0438637], [20.2091755, 50.0447922], [20.2130242, 50.0503282], [20.2173455, 50.053434], [20.2063581, 50.0650133], [20.1930122, 50.0704691], [20.1944545, 50.0734309], [20.1994603, 50.0748687], [20.1956059, 50.0763963], [20.1955268, 50.0781366], [20.1900179, 50.0819864], [20.1893085, 50.0847394], [20.1849291, 50.0860661], [20.1928405, 50.0878221], [20.1916327, 50.0974844], [20.1961313, 50.1082614], [20.2050176, 50.1111306], [20.2090788, 50.1155647], [20.20398, 50.1159551], [20.2047727, 50.117386], [20.2016157, 50.1174874], [20.2012909, 50.120432], [20.1954917, 50.118492], [20.1925024, 50.119634], [20.1853525, 50.1167593], [20.1824523, 50.1178363], [20.1815673, 50.1166257], [20.1749363, 50.1197894], [20.1731873, 50.1188238], [20.1723928, 50.1203855], [20.1590596, 50.1216058], [20.1563402, 50.1185711], [20.1543396, 50.1194579], [20.1468826, 50.1143435], [20.1431143, 50.1064684], [20.1379383, 50.1065685], [20.1208459, 50.1084578], [20.1199843, 50.1164544], [20.1083761, 50.116733], [20.0962474, 50.1193493], [20.0941148, 50.1147935], [20.0881601, 50.1134611], [20.0879526, 50.1114018], [20.0783755, 50.1083227], [20.0754935, 50.1094895], [20.0789653, 50.1124076], [20.0702607, 50.1127399], [20.0701623, 50.1139286], [20.0584777, 50.1146945], [20.056429, 50.1126015], [20.0535016, 50.1128233], [20.0518694, 50.1106397], [20.0469527, 50.1093135], [20.0419197, 50.1134874], [20.0400102, 50.1133483], [20.0370829, 50.1127415], [20.0357976, 50.1086157], [20.0242413, 50.1039435], [20.0175664, 50.1064441], [20.0045919, 50.1071566], [19.9807161, 50.1049586], [19.9632684, 50.1101987], [19.9581628, 50.1083127], [19.9574397, 50.110596], [19.9511972, 50.114074], [19.9473325, 50.1193374], [19.9413115, 50.1190376], [19.939974, 50.1162457], [19.9249411, 50.1140731], [19.9260292, 50.1081195], [19.9293568, 50.1077074], [19.9275991, 50.1103925], [19.9310637, 50.1086264], [19.9293572, 50.1066499], [19.9307884, 50.104812], [19.9288719, 50.1037316], [19.926971, 50.1048116], [19.9187832, 50.1013425], [19.91889, 50.1001854], [19.9151089, 50.1009326], [19.9086826, 50.1178065], [19.9058817, 50.1209799], [19.9005009, 50.1255086], [19.8925084, 50.1260797], [19.8925564, 50.1243443], [19.8904671, 50.1240076], [19.8914092, 50.1225059], [19.8807842, 50.1204901], [19.8752732, 50.1110458], [19.8618268, 50.1059494], [19.8647161, 50.100238], [19.8673734, 50.0991782], [19.8615817, 50.0926584], [19.8518718, 50.094429], [19.8430963, 50.0923842], [19.8343732, 50.0883064], [19.829828, 50.0881164], [19.823283, 50.0825909], [19.8082856, 50.0783909], [19.8060968, 50.0722633], [19.8016969, 50.0692124], [19.8045257, 50.0621045], [19.809293, 50.0610013], [19.8111968, 50.0584559], [19.8158687, 50.0593535], [19.8219393, 50.0582158], [19.8194993, 50.0514606], [19.8112881, 50.0433214], [19.8106401, 50.0406543], [19.8157146, 50.0337], [19.8210675, 50.0318898], [19.8263252, 50.0324058], [19.8291006, 50.0258168], [19.8277084, 50.0237589], [19.8185913, 50.0203663], [19.815174, 50.0215123], [19.8115909, 50.0258526], [19.8058965, 50.0260906], [19.802612, 50.0236393], [19.7992664, 50.0168043], [19.7938686, 50.014403], [19.7922355, 50.011797]]]}}, {"type": "Feature", "properties": {"slug": "krasnodar", "name": "Krasnodar", "osmType": "relation", "osmId": 108082, "source": "OpenStreetMap via Nominatim", "licence": "ODbL 1.0", "simplifiedDegrees": 0.001}, "geometry": {"type": "Polygon", "coordinates": [[[36.530486, 45.1992024], [36.5338353, 45.1751824], [36.5428648, 45.1340402], [36.5679872, 45.0506562], [36.6097225, 44.9406672], [36.6266191, 44.9388638], [36.670938, 44.9268927], [36.7051377, 44.9217894], [36.7399856, 44.9198903], [36.7909226, 44.9229708], [36.8110039, 44.9183027], [36.8437596, 44.9133794], [36.8604654, 44.9057007], [36.8916344, 44.8944993], [36.9246008, 44.8862742], [36.954665, 44.8816854], [36.9857891, 44.8639136], [37.015857, 44.8512829], [37.0352321, 44.8450639], [37.0475618, 44.8167847], [37.0626631, 44.7944211], [37.0817494, 44.7736395], [37.1147406, 44.7478252], [37.118952, 44.7217315], [37.1276139, 44.6976674], [37.1406213, 44.6746032], [37.1486879, 44.6635708], [37.1677743, 44.6427421], [37.190519, 44.6238574], [37.2165331, 44.6072419], [37.2453712, 44.5931818], [37.2687737, 44.5845022], [37.3047636, 44.5601118], [37.3336018, 44.5460403], [37.3810639, 44.5302463], [37.4295913, 44.5216496], [37.4462424, 44.5127427], [37.4763103, 44.5000353], [37.52512, 44.4864773], [37.5766998, 44.4799712], [37.6116486, 44.4796879], [37.6407599, 44.4820497], [37.6608148, 44.4773533], [37.6950146, 44.4722103], [37.7298625, 44.4702964], [37.7534705, 44.4709434], [37.7860563, 44.4419598], [37.8261662, 44.4179035], [37.8720775, 44.3998909], [37.909643, 44.3907896], [37.9424088, 44.3615822], [37.9770238, 44.3403773], [37.9964826, 44.314794], [38.0292497, 44.2855473], [38.0552638, 44.2688352], [38.0841019, 44.2546935], [38.131564, 44.2388207], [38.1652192, 44.2320651], [38.1942774, 44.2289508], [38.2317448, 44.2096048], [38.2792069, 44.1937199], [38.3300799, 44.1847762], [38.3827157, 44.18314], [38.4248518, 44.1767412], [38.4603483, 44.1686037], [38.4865546, 44.1558237], [38.5177236, 44.1444771], [38.5676719, 44.1331572], [38.6022698, 44.1296005], [38.6238792, 44.1187822], [38.6369169, 44.0995218], [38.6560031, 44.0784916], [38.6913728, 44.0507305], [38.7336002, 44.0284518], [38.7645691, 44.0171583], [38.797372, 44.0021456], [38.8171342, 43.9801454], [38.839879, 43.9610463], [38.865893, 43.9442422], [38.9156433, 43.9206938], [38.9469311, 43.8915423], [38.9720165, 43.8727101], [39.026833, 43.8440286], [39.050052, 43.8275927], [39.0630474, 43.8157148], [39.0869741, 43.7976368], [39.1155223, 43.7845081], [39.1277095, 43.7767467], [39.1397272, 43.7644878], [39.1624719, 43.7453196], [39.188486, 43.7284545], [39.204025, 43.7203132], [39.2199003, 43.6959889], [39.2389865, 43.6748157], [39.2617313, 43.6556187], [39.3018432, 43.6311957], [39.3124661, 43.6223415], [39.3341367, 43.6081944], [39.3568145, 43.5859499], [39.3778532, 43.5574344], [39.3988137, 43.5371628], [39.4366344, 43.5108868], [39.4711876, 43.4942871], [39.4873491, 43.4692996], [39.4964131, 43.4584472], [39.5173734, 43.4381423], [39.5551943, 43.4118232], [39.5840325, 43.3974769], [39.6045135, 43.3896117], [39.6413846, 43.3689029], [39.6511328, 43.3576238], [39.6640153, 43.3343331], [39.6811458, 43.3121699], [39.713913, 43.2824281], [39.7540229, 43.2578995], [39.7840909, 43.2449215], [39.8162273, 43.2349111], [39.8498824, 43.2280412], [39.8844803, 43.2244305], [40.0085526, 43.3855385], [40.0066929, 43.3898955], [40.0092354, 43.396184], [40.007925, 43.4038947], [40.0090426, 43.4071531], [40.013887, 43.411984], [40.0155557, 43.4171737], [40.0147047, 43.4208583], [40.0101474, 43.4243519], [40.0148833, 43.4300764], [40.020719, 43.4320277], [40.0313082, 43.4401496], [40.0359617, 43.4449763], [40.0366225, 43.4499326], [40.0420695, 43.4535193], [40.0443855, 43.4750713], [40.0634995, 43.5052932], [40.0698993, 43.5096267], [40.0722414, 43.5096465], [40.0763466, 43.5139803], [40.0771521, 43.5170955], [40.0845338, 43.5196715], [40.0952675, 43.5296922], [40.0949129, 43.5384033], [40.0929628, 43.539847], [40.0937038, 43.545702], [40.0916832, 43.5475483], [40.0931659, 43.5500145], [40.0904828, 43.5546436], [40.0979884, 43.5618583], [40.0978832, 43.5659785], [40.1038511, 43.5681921], [40.109009, 43.569605], [40.1178912, 43.5687542], [40.130665, 43.5650393], [40.1572621, 43.5745557], [40.1630297, 43.5725206], [40.171962, 43.576666], [40.1759047, 43.5739968], [40.1894691, 43.5734229], [40.1916642, 43.5748615], [40.2041602, 43.5756602], [40.2136217, 43.5746703], [40.2199602, 43.5787977], [40.2238548, 43.5790425], [40.2248418, 43.5805231], [40.2270251, 43.5801812], [40.241965, 43.5863983], [40.2490371, 43.5843189], [40.2523262, 43.5861737], [40.2596042, 43.5861871], [40.2707361, 43.5776177], [40.281422, 43.578677], [40.288793, 43.575856], [40.2942022, 43.5714649], [40.2994433, 43.5702445], [40.3036342, 43.5732517], [40.3029047, 43.5740679], [40.3056995, 43.5777482], [40.3075704, 43.5766339], [40.3091542, 43.5781524], [40.3141042, 43.5783749], [40.3160314, 43.5755642], [40.3204517, 43.5752144], [40.3203538, 43.5722539], [40.3287022, 43.5661935], [40.3341041, 43.5660302], [40.3449563, 43.5623919], [40.3546485, 43.5644531], [40.3546659, 43.5633248], [40.3636138, 43.5606116], [40.3695629, 43.5599468], [40.371183, 43.5580886], [40.3812788, 43.557661], [40.388219, 43.5544625], [40.3955535, 43.5559661], [40.4033451, 43.5553479], [40.4097049, 43.5521172], [40.4135512, 43.5522922], [40.4232476, 43.5543844], [40.4267149, 43.5533106], [40.4331131, 43.5576831], [40.4391462, 43.5568439], [40.4468345, 43.5506113], [40.4629811, 43.5465449], [40.4666272, 43.5460823], [40.4778211, 43.5491264], [40.487312, 43.543779], [40.4896261, 43.539748], [40.4932603, 43.5379737], [40.4950514, 43.5317889], [40.5054097, 43.5248753], [40.5151017, 43.5251343], [40.5233013, 43.5205008], [40.5312828, 43.5219477], [40.5402066, 43.5193242], [40.5645591, 43.5190582], [40.5874532, 43.5309087], [40.5952939, 43.5316556], [40.6088781, 43.5473149], [40.6188573, 43.5502635], [40.6256721, 43.5488904], [40.634257, 43.5500295], [40.6393648, 43.5532173], [40.6482809, 43.5554433], [40.6617756, 43.5630484], [40.6752758, 43.5569913], [40.6755179, 43.5510011], [40.6922026, 43.5478979], [40.689713, 43.5453301], [40.688739, 43.5382861], [40.692208, 43.5359709], [40.6999366, 43.5334063], [40.7137789, 43.5324169], [40.7168521, 43.5421175], [40.7224935, 43.544586], [40.7264471, 43.5488825], [40.7248914, 43.5533303], [40.7291722, 43.5591772], [40.7269031, 43.5622443], [40.7292983, 43.5662441], [40.7280242, 43.5694608], [40.730643, 43.5727285], [40.7253694, 43.5765235], [40.7260394, 43.5834374], [40.7313126, 43.5853415], [40.7323158, 43.5884674], [40.7395738, 43.5895243], [40.7415158, 43.5936679], [40.7382756, 43.596879], [40.7382059, 43.6001383], [40.7423365, 43.6024653], [40.7425564, 43.6048523], [40.7391997, 43.608993], [40.7275777, 43.6155268], [40.7228449, 43.6212502], [40.7228556, 43.6277497], [40.7163721, 43.6325348], [40.7157719, 43.6410173], [40.712623, 43.6432514], [40.7125184, 43.6459124], [40.702554, 43.6496854], [40.6993434, 43.6534776], [40.7049948, 43.6559266], [40.7085828, 43.6605801], [40.7067986, 43.6702304], [40.7133687, 43.6728732], [40.7135081, 43.6754805], [40.7168138, 43.6787627], [40.7128566, 43.682326], [40.7127544, 43.68619], [40.7046783, 43.6885272], [40.6929235, 43.6956136], [40.6960008, 43.7038006], [40.6879051, 43.7127692], [40.6795084, 43.7131191], [40.6754194, 43.7153457], [40.6828237, 43.718935], [40.6865466, 43.724195], [40.6903875, 43.7259637], [40.6916749, 43.7304682], [40.7009983, 43.7413248], [40.7042988, 43.7374239], [40.7111075, 43.7359947], [40.7198167, 43.7368328], [40.7253313, 43.7393172], [40.7280725, 43.7380614], [40.7327101, 43.7386893], [40.7460165, 43.7477968], [40.7576372, 43.7497304], [40.7552755, 43.7562635], [40.7510376, 43.7594871], [40.7475936, 43.7693351], [40.7447612, 43.77158], [40.74191, 43.7826441], [40.7378009, 43.7851125], [40.7335871, 43.785053], [40.7228059, 43.7948998], [40.735326, 43.8050723], [40.7391668, 43.8136003], [40.7556627, 43.8297167], [40.7529217, 43.8367552], [40.7557365, 43.839267], [40.7557151, 43.8448813], [40.7629807, 43.8614278], [40.7676643, 43.8638603], [40.7693403, 43.868179], [40.7688556, 43.870358], [40.7657711, 43.8722289], [40.7705102, 43.8780194], [40.7859814, 43.8800034], [40.7903523, 43.8941598], [40.7890906, 43.8957556], [40.7905681, 43.8980405], [40.7995105, 43.9025491], [40.8029719, 43.9177416], [40.8071345, 43.9187861], [40.8166563, 43.9176871], [40.8342609, 43.9210439], [40.8401811, 43.9264281], [40.841023, 43.9333571], [40.8525454, 43.9434144], [40.8608261, 43.9468804], [40.8771826, 43.9480871], [40.8836073, 43.9441094], [40.8857488, 43.9446234], [40.8902075, 43.9544837], [40.8931172, 43.9576396], [40.9003704, 43.9611163], [40.9005322, 43.9652817], [40.911465, 43.9770609], [40.9114867, 43.9861515], [40.9151372, 43.9918433], [40.9151197, 43.9977258], [40.9221102, 44.0079639], [40.9354588, 44.0173529], [40.9281008, 44.0233889], [40.9253014, 44.0237912], [40.919054, 44.0381409], [40.919308, 44.0516308], [40.9212478, 44.056789], [40.9201275, 44.0574564], [40.9240023, 44.0618073], [40.9224505, 44.0649854], [40.9249539, 44.0647148], [40.9268869, 44.0680843], [40.9205243, 44.071039], [40.9213778, 44.0733526], [40.9200587, 44.0742724], [40.9143169, 44.0751643], [40.9131918, 44.0732411], [40.9115235, 44.0748577], [40.9113683, 44.0792614], [40.9132694, 44.0809615], [40.9106675, 44.0836731], [40.9262027, 44.0901806], [40.8912444, 44.1038882], [40.8912762, 44.1429954], [40.8942946, 44.1430302], [40.8942617, 44.139592], [40.90536, 44.1439051], [40.9141294, 44.1452968], [40.9548535, 44.14107], [41.0312589, 44.1125627], [41.0356262, 44.1211091], [41.0381181, 44.1205352], [41.0615036, 44.1126287], [41.0847882, 44.0947128], [41.099494, 44.0999548], [41.1153378, 44.1026574], [41.1225563, 44.1065239], [41.117649, 44.1128627], [41.1214544, 44.126023], [41.1245095, 44.1262572], [41.1523238, 44.1177582], [41.1512754, 44.1136727], [41.1555907, 44.1120577], [41.1527492, 44.1100794], [41.1536605, 44.1089915], [41.1631028, 44.1090137], [41.1678131, 44.1042307], [41.1674604, 44.1029486], [41.169778, 44.104384], [41.168932, 44.092257], [41.1703049, 44.0886842], [41.2318005, 44.0891304], [41.2319498, 44.0978152], [41.2338543, 44.0987342], [41.2438183, 44.0943079], [41.2566024, 44.0928719], [41.2640289, 44.094959], [41.2833036, 44.0846556], [41.2911159, 44.0854616], [41.3014705, 44.0617186], [41.2944868, 44.0555372], [41.2878909, 44.0584217], [41.2807441, 44.0676407], [41.2833989, 44.0700803], [41.2819927, 44.073023], [41.2784986, 44.0737845], [41.2768736, 44.0725801], [41.2789676, 44.0715903], [41.2780496, 44.0693597], [41.2729745, 44.0671944], [41.2765347, 44.0660723], [41.2759613, 44.0617697], [41.2788544, 44.0573542], [41.2786891, 44.0541463], [41.2818577, 44.0513541], [41.2811918, 44.0499762], [41.2738938, 44.0382137], [41.2654885, 44.0360353], [41.2614328, 44.0298724], [41.2579542, 44.0292285], [41.2567172, 44.0226962], [41.2501896, 44.0220049], [41.2523961, 44.0163549], [41.2465925, 44.0099492], [41.2507816, 44.0102785], [41.2552669, 44.0129621], [41.2570154, 44.0107924], [41.2736208, 44.0182329], [41.2778152, 44.0142881], [41.2776561, 44.004234], [41.2844767, 44.0018898], [41.2872382, 44.002958], [41.2842011, 44.0054649], [41.2862428, 44.0138366], [41.2884891, 44.0142275], [41.2885371, 44.01162], [41.2962054, 44.0084391], [41.2951471, 44.0168182], [41.2973477, 44.017101], [41.3012948, 44.0215105], [41.2978085, 44.0127479], [41.3003924, 44.0119957], [41.3047301, 44.0188854], [41.3054622, 44.0144331], [41.3030651, 44.0123128], [41.3063164, 44.0123128], [41.3092371, 44.0150275], [41.3074356, 44.0219858], [41.3092344, 44.0222671], [41.3106551, 44.0202239], [41.316265, 44.0266479], [41.3176317, 44.0254909], [41.3203576, 44.0283803], [41.3218891, 44.0274631], [41.3140488, 44.0189022], [41.3131591, 44.0153488], [41.2927634, 44.0008153], [41.2971931, 44.0000606], [41.306987, 44.0059766], [41.3132186, 44.0076553], [41.3014362, 44.0004143], [41.3034736, 43.9986285], [41.3091194, 44.0004944], [41.3104971, 43.9995577], [41.3088072, 43.9979523], [41.3155451, 43.9836076], [41.3150387, 43.9797845], [41.3601188, 43.9779945], [41.3520245, 43.9883445], [41.3501629, 43.9932715], [41.352746, 43.9961519], [41.3574818, 43.9969881], [41.3579123, 44.0008284], [41.3626955, 43.9997576], [41.3544427, 44.00942], [41.3579554, 44.0113879], [41.3624759, 44.009592], [41.3640688, 44.0111092], [41.3667811, 44.0086011], [41.3695795, 44.0102422], [41.3728515, 44.0098397], [41.3686968, 44.004882], [41.3762527, 44.0030581], [41.3785345, 44.0052568], [41.3804288, 44.0036775], [41.3801743, 43.9996034], [41.3843035, 43.9967094], [41.3862839, 43.9989083], [41.3891846, 43.9966159], [41.3932809, 43.9856875], [41.4052629, 43.9811448], [41.4151721, 43.9823371], [41.4174109, 43.9862712], [41.4322909, 44.0004426], [41.444301, 44.003717], [41.4525994, 44.0041047], [41.4612138, 44.0014777], [41.4797499, 44.0009256], [41.4811249, 44.0021738], [41.4819515, 44.0090618], [41.4772036, 44.0179191], [41.4802395, 44.023647], [41.4784099, 44.0297331], [41.4800411, 44.0306365], [41.4804792, 44.0358077], [41.4777208, 44.0414523], [41.4800945, 44.0508933], [41.4842163, 44.0545721], [41.4854661, 44.0545832], [41.4849295, 44.0524861], [41.4824772, 44.0494364], [41.486748, 44.0462677], [41.5109604, 44.0455063], [41.5215495, 44.047261], [41.5279059, 44.045036], [41.5385829, 44.0446646], [41.5453686, 44.0419827], [41.5457018, 44.0582535], [41.5510287, 44.0608178], [41.5536037, 44.0642852], [41.5521216, 44.0769763], [41.5566849, 44.0872216], [41.5507843, 44.0961583], [41.5545482, 44.0985085], [41.5999994, 44.112284], [41.6253609, 44.1144155], [41.6376676, 44.1174282], [41.6330937, 44.1231447], [41.635202, 44.1257705], [41.6310233, 44.1268621], [41.6349264, 44.1299294], [41.6441547, 44.124515], [41.6479359, 44.124526], [41.6503469, 44.127091], [41.6508204, 44.1329004], [41.654998, 44.1352922], [41.6543077, 44.136701], [41.6561337, 44.138779], [41.6617478, 44.141745], [41.6648475, 44.1458725], [41.6646334, 44.1483131], [41.6779157, 44.1566398], [41.6773424, 44.161241], [41.6831311, 44.1676658], [41.6883208, 44.1698882], [41.6989117, 44.1711852], [41.6998158, 44.1737481], [41.6978048, 44.1759494], [41.6996564, 44.1829683], [41.7087676, 44.1870298], [41.711073, 44.189694], [41.7095837, 44.1936309], [41.7114032, 44.1980714], [41.7090825, 44.2042306], [41.7123339, 44.2090697], [41.7123614, 44.2147773], [41.7191671, 44.219181], [41.7192206, 44.22295], [41.7284592, 44.2327149], [41.7278569, 44.2492987], [41.7312802, 44.2526144], [41.7388575, 44.2555501], [41.739817, 44.257868], [41.737652, 44.2623828], [41.7420301, 44.2639737], [41.7439797, 44.2683772], [41.6904961, 44.3334061], [41.592001, 44.3635563], [41.5977803, 44.3741208], [41.6336952, 44.3778918], [41.6280945, 44.407196], [41.6668385, 44.4101041], [41.6939037, 44.4100415], [41.6973006, 44.4319921], [41.7062226, 44.4551787], [41.7215385, 44.4551908], [41.7251055, 44.4596322], [41.7352512, 44.4609574], [41.7366406, 44.4834389], [41.7038551, 44.4895424], [41.6999572, 44.4996747], [41.6511304, 44.4903407], [41.6383359, 44.5251383], [41.5897072, 44.5159289], [41.5519664, 44.6181523], [41.5274524, 44.6139404], [41.5316495, 44.6025825], [41.4949328, 44.5956913], [41.476111, 44.6475041], [41.4670376, 44.6506266], [41.4568893, 44.6506123], [41.4555874, 44.6535694], [41.4477758, 44.6571982], [41.4483896, 44.6584876], [41.4441695, 44.6628702], [41.4270929, 44.7084762], [41.5207235, 44.7265609], [41.5171383, 44.7302074], [41.5598862, 44.7383883], [41.5551773, 44.7513475], [41.5668312, 44.7536338], [41.5638498, 44.7616127], [41.5785088, 44.7572273], [41.5862941, 44.7723606], [41.5942248, 44.7682388], [41.5844511, 44.7942122], [41.6152512, 44.7999782], [41.6057904, 44.8259697], [41.611821, 44.8274741], [41.609271, 44.8347457], [41.6148572, 44.8343245], [41.6136937, 44.8404259], [41.616942, 44.8488984], [41.6223295, 44.8475584], [41.6258128, 44.8516429], [41.6305218, 44.8506406], [41.6364604, 44.8635521], [41.6386764, 44.8641035], [41.6395632, 44.9053969], [41.652161, 44.9053179], [41.6539743, 44.986253], [41.4564792, 44.9882632], [41.4527237, 44.9922474], [41.4462518, 44.9951514], [41.4444953, 45.0021546], [41.4410746, 45.0081494], [41.4391693, 45.0088654], [41.4390474, 45.0124075], [41.4292617, 45.0193453], [41.4270858, 45.0243931], [41.4225546, 45.026613], [41.4207134, 45.0301027], [41.4219129, 45.0305167], [41.4166532, 45.0383415], [41.4176372, 45.0392909], [41.4159947, 45.0418442], [41.4165176, 45.0449209], [41.4142379, 45.0456388], [41.4152519, 45.0469406], [41.4123097, 45.0480809], [41.411126, 45.0518851], [41.4092011, 45.0528704], [41.4100044, 45.0562028], [41.4121803, 45.0579172], [41.4088327, 45.0583507], [41.4076506, 45.0629259], [41.3966495, 45.0692322], [41.3951866, 45.0726051], [41.3899316, 45.0772689], [41.3836312, 45.0782956], [41.366246, 45.0871762], [41.361941, 45.0871393], [41.3607165, 45.0884519], [41.3573932, 45.0873428], [41.3547514, 45.0895559], [41.3531163, 45.0888921], [41.3540715, 45.0903806], [41.3518725, 45.0902765], [41.3529515, 45.1778773], [41.365587, 45.177906], [41.3659108, 45.186898], [41.3531712, 45.186895], [41.3534804, 45.2230539], [41.2974904, 45.2235689], [41.2934764, 45.2284981], [41.2941649, 45.23295], [41.2906391, 45.2356239], [41.2886438, 45.249261], [41.2789967, 45.2638468], [41.2651122, 45.2579604], [41.2648312, 45.2506795], [41.258531, 45.2507513], [41.2582609, 45.2328494], [41.2328846, 45.2330008], [41.232713, 45.2239852], [41.0354076, 45.2256431], [41.0369452, 45.2295352], [41.0274564, 45.2392728], [41.0278424, 45.2417304], [41.035159, 45.2486788], [41.0388466, 45.2556243], [41.0313087, 45.2590154], [41.021898, 45.2559821], [41.0181916, 45.2583263], [41.0168837, 45.2634004], [41.0221061, 45.2651928], [41.0249462, 45.2643462], [41.0276139, 45.2666182], [41.0277072, 45.2715013], [41.0195668, 45.2728353], [41.0154667, 45.2712652], [41.0131612, 45.2720647], [41.0138963, 45.2758033], [41.0113569, 45.2756857], [41.0145311, 45.2778253], [41.0269892, 45.2741075], [41.034908, 45.2780341], [41.0330703, 45.2801736], [41.0273898, 45.2790036], [41.0203174, 45.2817074], [41.0239527, 45.2803833], [41.0320325, 45.2807943], [41.0266514, 45.2873767], [41.0274601, 45.290332], [41.0233578, 45.2886371], [41.0240854, 45.2913663], [41.0202869, 45.2914926], [41.019372, 45.2949718], [41.0212406, 45.2974448], [41.0197003, 45.3018305], [41.0246085, 45.3057229], [41.0161208, 45.3092294], [41.014859, 45.3179739], [41.0099225, 45.3193659], [41.0028753, 45.3174333], [41.0026135, 45.3195359], [41.00642, 45.3217105], [41.0065954, 45.3237185], [41.0048062, 45.3245649], [40.9963486, 45.3209309], [40.9934772, 45.322803], [41.0025707, 45.3297594], [41.0031057, 45.3335452], [40.9944559, 45.3389618], [40.9945213, 45.34053], [41.0020755, 45.3432786], [41.0009092, 45.3465926], [41.0071959, 45.3495026], [41.0004912, 45.3563453], [40.9981683, 45.3634226], [40.9926866, 45.3621388], [40.9894889, 45.3638353], [40.9919687, 45.3672282], [41.0012033, 45.367913], [40.9995486, 45.3754496], [41.0071945, 45.3732388], [41.0071564, 45.3780887], [41.004798, 45.3796426], [40.9910388, 45.3772832], [40.9944235, 45.3828926], [40.9953198, 45.3930134], [40.9895587, 45.3957283], [40.9848608, 45.3949263], [40.9791445, 45.3904808], [40.9740332, 45.3925391], [40.9777539, 45.397594], [40.9757517, 45.4017474], [40.9816168, 45.4020085], [40.9791741, 45.4070386], [40.973484, 45.4115337], [40.9735503, 45.414358], [40.9748107, 45.4145399], [40.9750195, 45.4119305], [40.9792796, 45.4137483], [40.9806067, 45.4205905], [40.9784026, 45.4244194], [40.9714694, 45.427292], [40.9616929, 45.4282132], [40.9584685, 45.4309], [40.9511594, 45.4322922], [40.9499587, 45.4347835], [40.9406382, 45.4358546], [40.9396216, 45.4386666], [40.9323126, 45.4437217], [40.9313548, 45.4461426], [40.9224905, 45.4471008], [40.9231754, 45.516862], [40.9040548, 45.5169795], [40.8822909, 45.5147641], [40.8635034, 45.5175471], [40.8460433, 45.5169199], [40.8479682, 45.694229], [40.9630339, 45.6937333], [40.9634575, 45.7059515], [40.9790724, 45.7136093], [40.9880907, 45.7118247], [40.9921204, 45.7128473], [41.0006477, 45.7098253], [41.003433, 45.712608], [41.0077442, 45.7130575], [41.0093036, 45.7120395], [41.009815, 45.7075187], [41.017231, 45.706414], [41.0233158, 45.7018953], [41.0326145, 45.6984835], [41.032887, 45.6962667], [41.0291101, 45.6931989], [41.0532558, 45.6931321], [41.0531344, 45.6750018], [41.1672375, 45.6744391], [41.1693736, 45.7596507], [41.2721359, 45.7588342], [41.2727983, 45.7948098], [41.260045, 45.7949469], [41.2601785, 45.8043545], [41.2577083, 45.8044367], [41.2575476, 45.8058556], [41.2597973, 45.8097013], [41.2566287, 45.8145175], [41.2569371, 45.818059], [41.2472099, 45.8222996], [41.239209, 45.8227512], [41.233466, 45.8313933], [41.2403385, 45.8352278], [41.2390366, 45.8385586], [41.2435234, 45.8417419], [41.2386357, 45.8466422], [41.2507321, 45.8494898], [41.2541049, 45.8528803], [41.2628036, 45.8572675], [41.259247, 45.8630269], [41.2547494, 45.8651325], [41.2552156, 45.869181], [41.2508277, 45.8695247], [41.250718, 45.8659919], [41.2489062, 45.8651115], [41.2490098, 45.8800514], [41.1611772, 45.8798408], [41.16065, 45.9789676], [41.1350529, 45.9791845], [41.134752, 46.0056932], [41.1217922, 46.0056789], [41.1218425, 46.0596109], [41.1084405, 46.0597415], [41.1082242, 46.0776194], [41.069777, 46.0775708], [41.0695134, 46.1133303], [41.0649764, 46.1201291], [41.0518028, 46.1192172], [41.0448783, 46.1225003], [41.0406646, 46.1223634], [41.009381, 46.1169797], [41.0022094, 46.1189757], [40.9984618, 46.1148429], [40.9914205, 46.1163559], [40.9860264, 46.1132666], [40.9787882, 46.1134055], [40.9785865, 46.1877212], [40.9669461, 46.1893458], [40.9673117, 46.1927376], [40.9657555, 46.1939559], [40.9720328, 46.194156], [40.9718931, 46.2073008], [40.9912509, 46.2074023], [40.9904218, 46.2983631], [40.9529774, 46.2918766], [40.94475, 46.2939788], [40.9411127, 46.2973916], [40.9313724, 46.2967294], [40.9271282, 46.298231], [40.9255346, 46.2952768], [40.925714, 46.2299941], [40.7444897, 46.2290633], [40.7435255, 46.2855493], [40.5714271, 46.2873936], [40.566432, 46.2862794], [40.5475168, 46.2759569], [40.5372676, 46.2726677], [40.5204321, 46.2740712], [40.517192, 46.273002], [40.5063645, 46.2750053], [40.5004542, 46.273002], [40.4985988, 46.2742264], [40.4759988, 46.2740374], [40.449667, 46.2724595], [40.4423415, 46.2740297], [40.4180248, 46.2737749], [40.4080929, 46.2721318], [40.3845654, 46.2754041], [40.3725181, 46.2792614], [40.3679808, 46.2772959], [40.35215, 46.2809096], [40.3285416, 46.280381], [40.3240567, 46.2829579], [40.3242771, 46.3143399], [40.2722748, 46.3144931], [40.2722389, 46.344489], [40.2472644, 46.3457148], [40.2475454, 46.3677101], [40.2606409, 46.3676991], [40.2605818, 46.3762211], [40.28613, 46.3763464], [40.2859941, 46.4484447], [40.2383365, 46.4482403], [40.238018, 46.4967907], [40.2339882, 46.4969147], [40.2338698, 46.5023167], [40.2210435, 46.5024023], [40.2214541, 46.5378245], [40.2089514, 46.5365229], [40.2078392, 46.5337167], [40.2014957, 46.5334763], [40.1871656, 46.5398007], [40.1817972, 46.5384256], [40.1825341, 46.5342529], [40.1785069, 46.5332295], [40.1725553, 46.5359231], [40.1701129, 46.5387786], [40.1658449, 46.53684], [40.1634812, 46.5382627], [40.1588681, 46.5352378], [40.1550124, 46.5375584], [40.1520313, 46.5364552], [40.1357071, 46.5413625], [40.1252501, 46.538848], [40.1187533, 46.5408561], [40.1045673, 46.5365286], [40.0916583, 46.5397341], [40.0804457, 46.534435], [40.0721104, 46.5361725], [40.064291, 46.5343087], [40.0643413, 46.5876852], [40.0580631, 46.5918874], [40.0646012, 46.5919249], [40.0644057, 46.6280494], [40.0668823, 46.6280593], [40.0678142, 46.6357231], [40.070655, 46.6360752], [40.0795469, 46.6328812], [40.0840186, 46.6359517], [40.0889063, 46.6345212], [40.0930284, 46.6306848], [40.0962094, 46.6327166], [40.1023608, 46.6308915], [40.1036003, 46.6314519], [40.1034394, 46.6459223], [40.1166579, 46.646098], [40.1162904, 46.7181868], [40.1257825, 46.7181955], [40.127428, 46.7212405], [40.1240596, 46.7222718], [40.1238292, 46.7267943], [40.1327374, 46.727778], [40.1457892, 46.7340044], [40.1419781, 46.736044], [40.1055374, 46.7359724], [40.1047551, 46.7302133], [40.0962537, 46.7301976], [40.0916826, 46.7272255], [40.0882289, 46.728935], [40.0859292, 46.7280905], [40.0789479, 46.7296288], [40.0796783, 46.7418528], [40.063257, 46.7419887], [40.0632219, 46.7719415], [39.8411159, 46.7714627], [39.8408377, 46.7891075], [39.7581858, 46.7889262], [39.7489596, 46.7873038], [39.7452648, 46.791387], [39.7417851, 46.7913212], [39.7359176, 46.7940134], [39.7226431, 46.7874335], [39.7202789, 46.7915529], [39.7112851, 46.7884677], [39.6229268, 46.7882244], [39.622764, 46.7858509], [39.6113359, 46.7856633], [39.6112701, 46.7880205], [39.5637785, 46.7879535], [39.5652998, 46.8058096], [39.486953, 46.8052503], [39.4867759, 46.8177977], [39.4461005, 46.8180853], [39.4459928, 46.8056793], [39.4185736, 46.7965361], [39.4094878, 46.7959905], [39.4058668, 46.7979369], [39.3828652, 46.8011462], [39.3678612, 46.799524], [39.3662993, 46.7998384], [39.3671577, 46.8024386], [39.3612595, 46.802455], [39.3627399, 46.7993841], [39.3409452, 46.7994944], [39.3409762, 46.7945348], [39.2625622, 46.7942943], [39.2618455, 46.7081987], [39.2278905, 46.708289], [39.2272858, 46.6819599], [39.2091542, 46.6820311], [39.2088185, 46.620622], [39.2030221, 46.6198092], [39.2008461, 46.613916], [39.202768, 46.6105639], [39.2019305, 46.6092401], [39.1947509, 46.6088295], [39.1908155, 46.6147026], [39.1682034, 46.6229289], [39.1575519, 46.6115078], [39.1529091, 46.6098824], [39.1498519, 46.615155], [39.1511447, 46.6201311], [39.1440712, 46.6218825], [39.1394614, 46.6209063], [39.1370799, 46.6184348], [39.1344362, 46.6096863], [39.1303595, 46.604343], [39.1156579, 46.6023507], [39.1076965, 46.6036378], [39.1003636, 46.6021391], [39.0896045, 46.6024439], [39.0800862, 46.5988736], [39.0739229, 46.5986166], [39.0653589, 46.6041825], [39.0538531, 46.6231314], [39.0322486, 46.6267594], [39.0257449, 46.6306022], [39.0160795, 46.6335123], [39.0090292, 46.6315876], [39.0072375, 46.6296389], [39.0077524, 46.6264339], [39.0057193, 46.62522], [39.0018068, 46.6256498], [38.9986764, 46.6241197], [38.9954791, 46.625152], [38.9906692, 46.6220733], [38.985906, 46.6233337], [38.9850102, 46.6272278], [38.977806, 46.6263441], [38.9762908, 46.6289121], [38.9664132, 46.6353253], [38.9614308, 46.636597], [38.9593494, 46.6347406], [38.948642, 46.6331198], [38.9469206, 46.6299116], [38.9319139, 46.6250522], [38.9246215, 46.6304274], [38.9203235, 46.6297383], [38.9158736, 46.6319074], [38.9043079, 46.6326658], [38.902039, 46.6345352], [38.902318, 46.5599924], [38.8675651, 46.5692668], [38.8719536, 46.5760269], [38.8774187, 46.57975], [38.8768414, 46.5819576], [38.8693352, 46.5850574], [38.869299, 46.6646881], [38.866407, 46.6646943], [38.8662764, 46.6825656], [38.8697018, 46.6825732], [38.8697294, 46.7316705], [38.8960852, 46.7319072], [38.8959219, 46.8264641], [38.9331496, 46.8264137], [38.9330859, 46.8413214], [38.8696766, 46.8413117], [38.8695636, 46.8264117], [38.6856894, 46.826179], [38.6856065, 46.8704344], [38.6596625, 47.0030215], [38.3381215, 46.9807515], [38.1408636, 46.8609996], [37.620074, 46.8298909], [37.4375896, 46.7158298], [37.4371408, 46.6811824], [37.4417115, 46.6577006], [37.445665, 46.64616], [37.4568239, 46.6237271], [37.4721517, 46.6024776], [37.4913861, 46.5827767], [37.5122252, 46.5664061], [37.5153375, 46.5528654], [37.5243357, 46.5299398], [37.5376075, 46.5080091], [37.5538709, 46.4886129], [37.5606492, 46.4653898], [37.5656938, 46.4540112], [37.5789655, 46.4320499], [37.5962836, 46.4114621], [37.6277828, 46.3849491], [37.6387994, 46.3627293], [37.645957, 46.3518813], [37.6632751, 46.3312633], [37.6843433, 46.3123754], [37.7088012, 46.2955427], [37.7362302, 46.2810553], [37.776839, 46.2658352], [37.8050831, 46.2426964], [37.8310821, 46.226985], [37.8598235, 46.2137519], [37.8832657, 46.205581], [37.8424184, 46.1923746], [37.8004193, 46.1714538], [37.7651221, 46.1452507], [37.7459959, 46.1253341], [37.7307849, 46.10385], [37.718688, 46.0779795], [37.6977449, 46.0564962], [37.6825338, 46.0349852], [37.6764806, 46.0237547], [37.6676082, 46.0005832], [37.6648269, 45.9887411], [37.6629417, 45.9586182], [37.650826, 45.9411145], [37.6397904, 45.9183617], [37.6359003, 45.9066541], [37.6318948, 45.8859698], [37.6136221, 45.8803141], [37.5837564, 45.8682566], [37.5462594, 45.8469397], [37.5080232, 45.8382544], [37.4624394, 45.8211999], [37.4350897, 45.8065156], [37.4107239, 45.7894637], [37.3806663, 45.7600909], [37.3654553, 45.7384647], [37.3594021, 45.7271741], [37.3544197, 45.715629], [37.3477484, 45.6919733], [37.3460879, 45.6799638], [37.346153, 45.6558382], [37.3525065, 45.6266133], [37.3466409, 45.6133966], [37.3399696, 45.5896976], [37.3377765, 45.5655819], [37.3405082, 45.5397479], [37.3092428, 45.5252976], [37.2919885, 45.5150181], [37.2579348, 45.5291346], [37.2134915, 45.5409897], [37.1840693, 45.5547737], [37.1369017, 45.5696615], [37.0864921, 45.577819], [37.0418357, 45.5791067], [37.0135982, 45.5966685], [36.9848567, 45.6100495], [36.9538647, 45.6206892], [36.9211525, 45.628407], [36.8872797, 45.6330722], [36.8528258, 45.6346056], [36.8183804, 45.6329813], [36.7845329, 45.6282269], [36.6684499, 45.6266206], [36.6815681, 45.4566115], [36.6635019, 45.3599397], [36.6227602, 45.3280113], [36.6030245, 45.3093876], [36.5937019, 45.2823897], [36.5941742, 45.252542], [36.5859391, 45.2441721], [36.5542469, 45.2216309], [36.530486, 45.1992024]], [[38.6840182, 44.9514152], [38.6859068, 45.039156], [38.689105, 45.0391916], [38.6897178, 45.0599755], [38.6929885, 45.0605324], [38.6931289, 45.0646389], [38.6979519, 45.0646389], [38.6993329, 45.0663371], [38.7055537, 45.0655051], [38.7155604, 45.0595792], [38.7184787, 45.05415], [38.7194752, 45.0429578], [38.7232848, 45.0402795], [38.7328062, 45.043156], [38.7370747, 45.0469321], [38.7406525, 45.0534063], [38.7480129, 45.0595522], [38.76011, 45.0601455], [38.7679097, 45.0566392], [38.7700925, 45.0539898], [38.7687175, 45.0488689], [38.7610404, 45.0442553], [38.755905, 45.0389008], [38.754909, 45.0370994], [38.7564685, 45.0331227], [38.7700109, 45.0273808], [38.7751747, 45.0160066], [38.7858694, 45.0045624], [38.8060531, 44.9956857], [38.8092609, 44.9959439], [38.8117524, 44.9982046], [38.813559, 45.009571], [38.8174045, 45.0125034], [38.8209322, 45.0122665], [38.8305219, 45.0058179], [38.8345272, 45.005359], [38.8463106, 45.008073], [38.8499218, 45.0069811], [38.8561379, 45.001299], [38.8603849, 45.0016211], [38.8658921, 45.0066273], [38.8660764, 45.0118957], [38.8552898, 45.0212239], [38.8535482, 45.0249046], [38.8546379, 45.029783], [38.8583566, 45.0336293], [38.8779847, 45.0380234], [38.8881344, 45.0487244], [38.899565, 45.054009], [38.907674, 45.0521701], [38.9094189, 45.0444479], [38.9002051, 45.0316679], [38.8997742, 45.0224542], [38.9071594, 45.0222659], [38.9383602, 45.0356296], [38.9530777, 45.0355252], [38.9572916, 45.0324367], [38.9579341, 45.0282639], [38.948639, 45.0208051], [38.9471379, 45.0165492], [38.9534881, 44.998205], [38.9628998, 44.9920828], [38.9695786, 44.9918878], [38.9715041, 44.9941031], [38.9709953, 45.0011115], [38.9734476, 45.0073834], [38.9784503, 45.0103925], [38.9843532, 45.0102296], [38.9977685, 45.0033122], [39.0142255, 45.0039787], [39.019399, 44.9997261], [39.0157066, 44.9944733], [39.019834, 44.9829216], [39.0185692, 44.9730167], [39.0224589, 44.9679589], [39.0286207, 44.9701117], [39.0336055, 44.980208], [39.0414767, 44.9848709], [39.0490113, 44.983391], [39.0559325, 44.9758273], [39.0599388, 44.9742876], [39.0703064, 44.9755433], [39.0759682, 44.9787164], [39.0760222, 44.9832772], [39.0786882, 44.9886031], [39.0869801, 44.9867548], [39.0988601, 44.9880797], [39.1085117, 44.9952793], [39.1167719, 44.998242], [39.1214131, 44.9980724], [39.1235756, 44.9958386], [39.1277427, 44.9950278], [39.1399966, 44.998949], [39.1490225, 44.9940524], [39.1642318, 44.9938251], [39.1792193, 44.9898164], [39.1961452, 44.9989846], [39.2022305, 45.0006216], [39.2148874, 44.990231], [39.2214422, 44.9889885], [39.2231399, 44.9902983], [39.2223085, 45.0011604], [39.2237032, 45.0092839], [39.2304682, 45.0180078], [39.2353408, 45.0179766], [39.2393315, 45.0160596], [39.2327086, 45.0100139], [39.2558262, 45.001998], [39.2623462, 45.0034397], [39.2647164, 45.0069472], [39.2634486, 45.0150526], [39.2645819, 45.0199981], [39.2686537, 45.0279046], [39.2716741, 45.0298716], [39.2770447, 45.0304064], [39.2730809, 45.0242346], [39.2727061, 45.0192009], [39.2745581, 45.0172527], [39.2797642, 45.0160267], [39.2890953, 45.0178296], [39.3018704, 45.0301507], [39.3220735, 45.0301747], [39.3269998, 45.0338509], [39.3260697, 45.0448117], [39.3381044, 45.0421592], [39.3448291, 45.0424708], [39.3513333, 45.044165], [39.3760523, 45.0565539], [39.3776524, 45.058272], [39.3777076, 45.0647934], [39.3822498, 45.0761041], [39.386397, 45.0778795], [39.3990867, 45.0767033], [39.402504, 45.0794285], [39.4031289, 45.0815193], [39.3994072, 45.0875968], [39.4001127, 45.0906726], [39.4033932, 45.0936769], [39.4076269, 45.0940216], [39.4188045, 45.089092], [39.4239922, 45.0896768], [39.4292356, 45.0976739], [39.4295448, 45.1040967], [39.4399271, 45.1109098], [39.4629055, 45.101961], [39.4675763, 45.1079127], [39.4672669, 45.1107172], [39.459541, 45.1169819], [39.4550432, 45.1185751], [39.4550608, 45.1216119], [39.4574773, 45.122284], [39.4675745, 45.1196282], [39.4715199, 45.1212482], [39.4720003, 45.1232557], [39.4678024, 45.1282835], [39.4689197, 45.131348], [39.4818733, 45.1373803], [39.4981479, 45.1403222], [39.5041294, 45.1511816], [39.5133075, 45.1611763], [39.5386919, 45.1612681], [39.5415308, 45.1652894], [39.5416616, 45.1774183], [39.5456117, 45.1885878], [39.5544088, 45.1914304], [39.5578927, 45.1952231], [39.5708405, 45.2004262], [39.5828473, 45.2009393], [39.5950491, 45.2106168], [39.6162616, 45.2168098], [39.6285617, 45.216601], [39.6704563, 45.203953], [39.6860997, 45.1945456], [39.6916502, 45.1871044], [39.6894971, 45.1858445], [39.6807629, 45.1878488], [39.6774001, 45.1870539], [39.6853039, 45.1820992], [39.687391, 45.1747752], [39.6859558, 45.1693205], [39.6805895, 45.1688805], [39.6795645, 45.1669201], [39.6883113, 45.1607585], [39.6879161, 45.154833], [39.6915561, 45.1539529], [39.7021469, 45.15615], [39.698065, 45.1490175], [39.6998281, 45.1470497], [39.7037329, 45.1477156], [39.7079448, 45.1530514], [39.7117831, 45.1531703], [39.7137087, 45.1510661], [39.7108383, 45.1462105], [39.7152478, 45.1435112], [39.7176398, 45.1495552], [39.727139, 45.1517847], [39.7305785, 45.1496086], [39.7405978, 45.1360948], [39.7478185, 45.1322449], [39.7537724, 45.1322816], [39.7609889, 45.1371931], [39.780904, 45.1332455], [39.7789109, 45.1257147], [39.7807309, 45.1235501], [39.7836512, 45.1247017], [39.7851776, 45.1282561], [39.7904268, 45.1270686], [39.7950414, 45.130515], [39.8006592, 45.1306312], [39.8028952, 45.129017], [39.8034931, 45.1257519], [39.8084498, 45.1222909], [39.8108678, 45.1142001], [39.8151317, 45.1147322], [39.8135486, 45.1207392], [39.815607, 45.122632], [39.8192033, 45.1219095], [39.8201895, 45.1170135], [39.8223825, 45.1153298], [39.8250345, 45.1165407], [39.8265239, 45.1211973], [39.8282463, 45.1215567], [39.8298436, 45.1197613], [39.8288851, 45.1151021], [39.8312926, 45.1131728], [39.8341456, 45.1135161], [39.8387039, 45.1172788], [39.8442847, 45.1168478], [39.8407436, 45.1103416], [39.8443378, 45.1070005], [39.8467713, 45.1070739], [39.8495169, 45.1095254], [39.8497883, 45.1162371], [39.8518059, 45.1180278], [39.8587712, 45.112429], [39.8705943, 45.1125852], [39.8733844, 45.1107996], [39.8720836, 45.1075783], [39.8737332, 45.105409], [39.8841563, 45.1039703], [39.9001473, 45.0966772], [39.9004422, 45.0952639], [39.8937879, 45.0882187], [39.8929559, 45.0853918], [39.8940739, 45.0846942], [39.9008423, 45.0870896], [39.899723, 45.0911989], [39.9074272, 45.0937598], [39.9202508, 45.0959366], [39.9245745, 45.0943519], [39.9334773, 45.0959927], [39.9345098, 45.0925986], [39.9363664, 45.0921299], [39.9425041, 45.0945069], [39.9484206, 45.0945125], [39.9532082, 45.0913675], [39.9485344, 45.0884657], [39.9500339, 45.0851285], [39.9567134, 45.0833264], [39.9596639, 45.0854689], [39.9636644, 45.0857168], [39.9662254, 45.0843967], [39.9672471, 45.0813308], [39.9694458, 45.0808132], [39.9725542, 45.083333], [39.9734959, 45.0876633], [39.9764942, 45.0913723], [39.9848008, 45.0868543], [39.9906746, 45.0884285], [39.9917728, 45.0904256], [39.9904697, 45.0929373], [39.9944946, 45.0953068], [40.0064052, 45.089861], [40.009744, 45.0910832], [40.0138722, 45.0962003], [40.0203256, 45.0950579], [40.0227853, 45.0924891], [40.0265359, 45.0926755], [40.02942, 45.0975931], [40.040385, 45.1031896], [40.0469699, 45.0943828], [40.0491684, 45.095754], [40.0477758, 45.0996535], [40.0505751, 45.1005549], [40.0534642, 45.0989901], [40.0614038, 45.0985497], [40.065039, 45.0949599], [40.0691645, 45.0965121], [40.0720077, 45.10102], [40.0763262, 45.1036303], [40.0755427, 45.1061182], [40.0707422, 45.107861], [40.0738084, 45.1099091], [40.0790076, 45.1098863], [40.0836795, 45.1008501], [40.0894611, 45.0991463], [40.0904828, 45.1045369], [40.0868795, 45.1074876], [40.0892318, 45.1100533], [40.1019641, 45.1092359], [40.1093338, 45.114762], [40.1193309, 45.1166449], [40.1220616, 45.1165125], [40.1261422, 45.1129362], [40.131021, 45.1127399], [40.1338562, 45.1190173], [40.1414008, 45.1219633], [40.1539408, 45.1214467], [40.1603115, 45.1179037], [40.1624238, 45.1145346], [40.1641585, 45.1153146], [40.1643031, 45.1208487], [40.1662828, 45.1218718], [40.1689039, 45.1193337], [40.1678106, 45.1170862], [40.1740473, 45.1155378], [40.1740829, 45.1105972], [40.1790489, 45.1103109], [40.1774519, 45.1134775], [40.1786773, 45.1159515], [40.1862746, 45.1162655], [40.1885402, 45.1182841], [40.1908929, 45.1177307], [40.193402, 45.1140245], [40.2004356, 45.1164231], [40.2048989, 45.1125222], [40.2124145, 45.1164731], [40.2177962, 45.1140728], [40.2206509, 45.1173666], [40.227033, 45.1177569], [40.2394585, 45.1130718], [40.2431891, 45.1131295], [40.2426172, 45.1111694], [40.2387706, 45.1090848], [40.2493675, 45.1033543], [40.2477343, 45.0988918], [40.2486596, 45.0973474], [40.2530831, 45.1012014], [40.2612573, 45.1000564], [40.26994, 45.1056795], [40.2807739, 45.1039037], [40.2795416, 45.1000621], [40.284313, 45.097857], [40.2859971, 45.0925796], [40.2946642, 45.0860836], [40.2926925, 45.0843145], [40.2892832, 45.0867216], [40.284041, 45.0862189], [40.2844079, 45.0845806], [40.2897769, 45.0826268], [40.2885631, 45.0790165], [40.2942274, 45.0761017], [40.284552, 45.0732202], [40.284213, 45.0707376], [40.2914243, 45.0696121], [40.2931875, 45.067313], [40.2909947, 45.0655647], [40.2847533, 45.064814], [40.2850489, 45.0627131], [40.3008175, 45.0632563], [40.3107014, 45.0597655], [40.319751, 45.0615336], [40.3234546, 45.0591885], [40.3201392, 45.0547838], [40.3217823, 45.0522767], [40.3281573, 45.0536463], [40.328223, 45.0573141], [40.3294876, 45.0575564], [40.3319907, 45.0567403], [40.3369969, 45.0511634], [40.3407194, 45.052433], [40.3425165, 45.0557428], [40.3470917, 45.0558429], [40.3476843, 45.0536358], [40.3459426, 45.0514768], [40.3376288, 45.0469729], [40.3376571, 45.0452327], [40.3415721, 45.0445118], [40.3470917, 45.0476814], [40.3501253, 45.0473058], [40.3507372, 45.04517], [40.3595019, 45.0523388], [40.3889458, 45.0339968], [40.4244977, 45.0032901], [40.4260241, 45.0040312], [40.4290739, 45.0009351], [40.4336704, 45.0007503], [40.4341279, 44.9960982], [40.4416996, 44.9881532], [40.4461245, 44.9859143], [40.4504159, 44.9800512], [40.4889506, 44.9573826], [40.4982793, 44.953976], [40.527814, 44.9334741], [40.5309386, 44.9169054], [40.5366145, 44.9127521], [40.5396291, 44.9063808], [40.5337241, 44.9026186], [40.5331795, 44.9004246], [40.5438674, 44.8935769], [40.5493826, 44.8856541], [40.5673559, 44.8696877], [40.5679001, 44.8675376], [40.5788262, 44.86761], [40.5879384, 44.8635346], [40.5875677, 44.8610382], [40.5794806, 44.8553063], [40.5812219, 44.8450962], [40.5851783, 44.840776], [40.5865289, 44.828765], [40.5898401, 44.8282552], [40.5929158, 44.8244787], [40.5964884, 44.8242933], [40.5945714, 44.8216821], [40.5975972, 44.8199274], [40.5972704, 44.8165278], [40.5993399, 44.8139973], [40.6005, 44.8081686], [40.6105409, 44.8058165], [40.6131812, 44.8038038], [40.6146067, 44.799839], [40.6197464, 44.7981242], [40.6222551, 44.7951249], [40.6216335, 44.7929006], [40.6242204, 44.7900405], [40.6288167, 44.7783987], [40.6330714, 44.7759825], [40.6306548, 44.7731313], [40.6312334, 44.7711982], [40.6264078, 44.7613827], [40.6304923, 44.7576897], [40.6367012, 44.7479226], [40.6391558, 44.7467313], [40.63683, 44.73972], [40.6405742, 44.734183], [40.6405091, 44.7265779], [40.6422927, 44.7231745], [40.6477388, 44.7199627], [40.6504073, 44.7143319], [40.6486918, 44.711855], [40.6492459, 44.7062319], [40.6497984, 44.7037275], [40.6531712, 44.7007612], [40.6488791, 44.6958623], [40.6523997, 44.6911688], [40.652451, 44.6878529], [40.6637828, 44.6857543], [40.6654641, 44.6838807], [40.6643786, 44.6804113], [40.6725973, 44.6770507], [40.6696425, 44.6705671], [40.6730254, 44.667185], [40.6777489, 44.6669505], [40.6798062, 44.6645212], [40.6827009, 44.6587959], [40.6835996, 44.6485024], [40.6883391, 44.6455608], [40.6960647, 44.6344846], [40.7148935, 44.6270009], [40.7183143, 44.6241446], [40.7187522, 44.6215771], [40.7243951, 44.6188184], [40.7284453, 44.6118838], [40.7334655, 44.6081982], [40.7352906, 44.6022212], [40.7306947, 44.5956789], [40.731647, 44.5887345], [40.7290036, 44.5772235], [40.7307327, 44.5754432], [40.7277853, 44.5720631], [40.7286345, 44.5677647], [40.7237021, 44.56648], [40.726995, 44.5622805], [40.7238009, 44.5607086], [40.7243936, 44.5575646], [40.7308477, 44.5521677], [40.7301626, 44.548481], [40.7348707, 44.5413424], [40.7324833, 44.5392301], [40.7359449, 44.5296056], [40.7460665, 44.5248232], [40.7424482, 44.5205913], [40.7487112, 44.5134078], [40.7488693, 44.5059742], [40.7562359, 44.4989015], [40.7585469, 44.4915436], [40.7628606, 44.4882315], [40.7651346, 44.4886196], [40.7670177, 44.4866762], [40.771619, 44.4871606], [40.7756376, 44.4847132], [40.7744614, 44.4805174], [40.7776469, 44.4772655], [40.7756376, 44.4745729], [40.7764295, 44.4664001], [40.775739, 44.4650237], [40.7491605, 44.4644505], [40.619524, 44.465084], [40.618016, 44.476347], [40.619703, 44.4832], [40.6612499, 44.4827091], [40.660889, 44.519172], [40.6588131, 44.5304396], [40.663427, 44.533028], [40.6681, 44.538816], [40.670221, 44.545973], [40.643364, 44.584312], [40.6437306, 44.6358057], [40.6184588, 44.635833], [40.6187104, 44.6537713], [40.5684248, 44.6544394], [40.56859, 44.7388628], [40.5651576, 44.7410867], [40.5641394, 44.7441983], [40.5326373, 44.74419], [40.5187367, 44.7411859], [40.521191, 44.7524945], [40.5245548, 44.7556475], [40.527497, 44.762615], [40.4299974, 44.7624618], [40.4298276, 44.7353723], [40.4059536, 44.7349527], [40.4037442, 44.7301185], [40.4039547, 44.7175062], [40.3677556, 44.7167071], [40.366843, 44.7078499], [40.3731919, 44.7039618], [40.3691685, 44.7027194], [40.366407, 44.6976228], [40.3645072, 44.697115], [40.3665523, 44.6961764], [40.3706703, 44.6980705], [40.3688294, 44.6935246], [40.3660639, 44.6936172], [40.3654865, 44.6923881], [40.3673275, 44.6910449], [40.3661648, 44.6890472], [40.3697983, 44.6870151], [40.373531, 44.6877546], [40.3767747, 44.6843628], [40.3762442, 44.6810106], [40.3844205, 44.6804835], [40.3819788, 44.6766803], [40.3855058, 44.6761015], [40.3885289, 44.6784992], [40.3910869, 44.6750818], [40.390273, 44.6727115], [40.3923659, 44.6713058], [40.3963579, 44.6734006], [40.3933813, 44.6753629], [40.3971718, 44.6760189], [40.4042993, 44.6731735], [40.4043613, 44.6700645], [40.4009196, 44.6686973], [40.4018017, 44.6673525], [40.3993599, 44.6656435], [40.397642, 44.6596981], [40.4014075, 44.6594384], [40.4017349, 44.6574676], [40.399934, 44.6566211], [40.4017664, 44.6550444], [40.3964582, 44.6539962], [40.3960143, 44.6495384], [40.3864972, 44.6472974], [40.3877536, 44.6427739], [40.3776697, 44.6353444], [40.3623814, 44.6417335], [40.3504603, 44.649307], [40.3428751, 44.6452636], [40.3409759, 44.6367423], [40.3417123, 44.6319709], [40.3398907, 44.6314745], [40.3396582, 44.6293231], [40.3435727, 44.6221512], [40.3432626, 44.6199442], [40.3486091, 44.6184825], [40.3486091, 44.6146863], [40.3518958, 44.6129868], [40.3520352, 44.6090521], [40.3482621, 44.6033422], [40.3544944, 44.5972829], [40.3415409, 44.5797793], [40.3403597, 44.5727035], [40.3368931, 44.5734847], [40.3366455, 44.5675627], [40.3413855, 44.5674871], [40.3422345, 44.5579603], [40.3496522, 44.5579079], [40.3495819, 44.5479173], [40.387266, 44.5488575], [40.3968929, 44.5325258], [40.4029862, 44.5347578], [40.4075984, 44.5338185], [40.4150382, 44.5349946], [40.4130632, 44.5322989], [40.4108975, 44.5320376], [40.4104165, 44.5277274], [40.4159589, 44.523776], [40.4196408, 44.5231681], [40.4169666, 44.5208469], [40.4183231, 44.5197415], [40.4170441, 44.5176413], [40.418013, 44.5145183], [40.4243456, 44.5139159], [40.4230515, 44.5123073], [40.4201447, 44.5125284], [40.4200672, 44.5112018], [40.4171604, 44.5118099], [40.4169613, 44.5090195], [40.4155458, 44.5084784], [40.4145247, 44.5100846], [40.4122207, 44.5088618], [40.4120269, 44.5051303], [40.4091201, 44.5062912], [40.4068334, 44.5051303], [40.4098565, 44.5025043], [40.4028704, 44.4995309], [40.4009276, 44.4962733], [40.4025942, 44.4947528], [40.3972069, 44.4920434], [40.397827, 44.4876749], [40.392866, 44.4876472], [40.3928389, 44.4848067], [40.3904243, 44.4855458], [40.3897576, 44.4840642], [40.3840137, 44.4825174], [40.3860725, 44.4812963], [40.383468, 44.4793141], [40.3834432, 44.4772787], [40.3908304, 44.4771857], [40.388629, 44.4716323], [40.3929648, 44.4708642], [40.39359, 44.4674946], [40.3973107, 44.4646622], [40.3966906, 44.4629583], [40.4003803, 44.4607454], [40.3968146, 44.4585323], [40.4006284, 44.4580012], [40.4009694, 44.4554339], [40.4044437, 44.4557813], [40.4033569, 44.4529772], [40.4057444, 44.4532871], [40.4078838, 44.4515607], [40.4093426, 44.446875], [40.4036049, 44.4438134], [40.4072637, 44.4428173], [40.4059849, 44.4409882], [40.4086279, 44.4412455], [40.4072017, 44.4396516], [40.4107674, 44.4385004], [40.4083728, 44.4355311], [40.4130468, 44.4311315], [40.4115353, 44.4297753], [40.4155661, 44.4248209], [40.4147717, 44.4230298], [40.4119725, 44.4229413], [40.4349182, 44.4215166], [40.462765, 44.348229], [40.4829016, 44.3153721], [40.4699286, 44.3096882], [40.4601034, 44.3084095], [40.4546342, 44.3053629], [40.4515456, 44.2950476], [40.4423407, 44.2854242], [40.4360507, 44.2826681], [40.4243101, 44.2811601], [40.3598234, 44.2467465], [40.3961939, 44.1914038], [40.3951009, 44.1844473], [40.4035783, 44.1691545], [40.4060976, 44.1673127], [40.4056664, 44.1639607], [40.3995572, 44.1595626], [40.4033845, 44.153619], [40.4029257, 44.1521337], [40.4064616, 44.1498393], [40.410176, 44.1496364], [40.4055737, 44.1406524], [40.4055461, 44.1328484], [40.4184413, 44.1277368], [40.4294591, 44.1141592], [40.4326708, 44.1140168], [40.4286226, 44.1109926], [40.4258622, 44.1063299], [40.4261828, 44.0955176], [40.420118, 44.073356], [40.412998, 44.063848], [40.429468, 44.052152], [40.430831, 44.036604], [40.439332, 44.029333], [40.441529, 44.024167], [40.448631, 44.016237], [40.450995, 44.006662], [40.457196, 44.003334], [40.457444, 43.999795], [40.467101, 43.98812], [40.47104, 43.97098], [40.47873, 43.967846], [40.480248, 43.965171], [40.4773492, 43.9631493], [40.4766896, 43.9590513], [40.4709995, 43.9575867], [40.4552604, 43.9578524], [40.4525059, 43.9563592], [40.4531595, 43.9524703], [40.4503447, 43.9483497], [40.4454574, 43.9464937], [40.4129408, 43.9418998], [40.4096867, 43.9387685], [40.4062213, 43.9218832], [40.4066401, 43.9166697], [40.4029155, 43.9083399], [40.4030101, 43.8952599], [40.4096206, 43.8885112], [40.4204242, 43.8825935], [40.4199159, 43.8804416], [40.4169724, 43.8783594], [40.4156102, 43.8725567], [40.4078255, 43.8687883], [40.4042164, 43.864868], [40.4030536, 43.86134], [40.4039292, 43.8568186], [40.4011756, 43.854573], [40.3963195, 43.8421946], [40.393716, 43.8277568], [40.3802336, 43.8200994], [40.382041, 43.801973], [40.3780817, 43.7976852], [40.376518, 43.7931959], [40.3736351, 43.791238], [40.373178, 43.7808957], [40.3713286, 43.7772619], [40.3656669, 43.7732688], [40.3566, 43.7741779], [40.3477257, 43.7721981], [40.3235494, 43.7778198], [40.3195726, 43.7818777], [40.3063388, 43.7824822], [40.2985261, 43.779058], [40.2944915, 43.7705586], [40.2753854, 43.760479], [40.2711818, 43.761753], [40.2616982, 43.7601459], [40.2512345, 43.7616286], [40.2443471, 43.7667749], [40.2404132, 43.7669279], [40.2331019, 43.7753829], [40.2289959, 43.7774391], [40.2168648, 43.7791163], [40.2158024, 43.7822461], [40.217009, 43.7846877], [40.2148235, 43.7871069], [40.2143962, 43.7922451], [40.2054823, 43.801507], [40.2081179, 43.8187816], [40.2030618, 43.820612], [40.2004658, 43.8237178], [40.1996691, 43.8253135], [40.2014592, 43.8286294], [40.1996541, 43.835012], [40.1888365, 43.8458073], [40.1912115, 43.8540828], [40.1960949, 43.8581574], [40.197142, 43.860907], [40.194397, 43.8675939], [40.1890617, 43.8729207], [40.1836709, 43.8737801], [40.1802404, 43.8722906], [40.1684415, 43.8716607], [40.1615182, 43.8669165], [40.1583055, 43.8607085], [40.1509014, 43.8576949], [40.1126714, 43.8681344], [40.1045782, 43.8668715], [40.1043605, 43.8619736], [40.1016336, 43.8566503], [40.0981833, 43.8542176], [40.0990525, 43.8495015], [40.095079, 43.8461134], [40.0913538, 43.8453821], [40.087885, 43.8461417], [40.0862006, 43.8498], [40.0757907, 43.8560382], [40.0690025, 43.8635143], [40.0699131, 43.8657823], [40.0680637, 43.8676766], [40.0611382, 43.8698108], [40.0434752, 43.880652], [40.035306, 43.8812472], [40.0269076, 43.8796596], [40.0156157, 43.8847567], [40.0124249, 43.8845766], [40.0136004, 43.8859369], [40.0084514, 43.8929409], [40.0056864, 43.892571], [40.0028056, 43.8987869], [39.9912161, 43.9059684], [39.991332, 43.9074833], [39.9869787, 43.9080059], [39.9780702, 43.9126241], [39.9767623, 43.9150811], [39.9534839, 43.9332953], [39.9487072, 43.9428248], [39.9426361, 43.9480781], [39.9435632, 43.951654], [39.9421327, 43.9563263], [39.9281061, 43.9613032], [39.925408, 43.964425], [39.92704, 43.968487], [39.923108, 43.972473], [39.908802, 43.973788], [39.902662, 43.953651], [39.912734, 43.939454], [39.887867, 43.933738], [39.883648, 43.934983], [39.879495, 43.931235], [39.866904, 43.930332], [39.851475, 43.924202], [39.844153, 43.924247], [39.824446, 43.930871], [39.807706, 43.933568], [39.805728, 43.934821], [39.804787, 43.938752], [39.798292, 43.942806], [39.797483, 43.945903], [39.793758, 43.948474], [39.790585, 43.954517], [39.777794, 43.961717], [39.819168, 43.983611], [39.817746, 43.986251], [39.810363, 43.987705], [39.797276, 43.997386], [39.796631, 44.001243], [39.798942, 44.010402], [39.796807, 44.0174], [39.8016329, 44.0307255], [39.8086093, 44.0432088], [39.828488, 44.065379], [39.830977, 44.078634], [39.829112, 44.084644], [39.815322, 44.100163], [39.801204, 44.122382], [39.793921, 44.127302], [39.776634, 44.129505], [39.773985, 44.136857], [39.761805, 44.148787], [39.76441, 44.155479], [39.764503, 44.163417], [39.7763276, 44.1697696], [39.769026, 44.1769002], [39.7683751, 44.1847552], [39.8170541, 44.1804199], [39.865187, 44.1835996], [39.8771006, 44.1682881], [39.8756356, 44.1629693], [39.8802869, 44.1585925], [39.880487, 44.154944], [39.877994, 44.148082], [39.885664, 44.142395], [39.895419, 44.12485], [39.920897, 44.117125], [39.929831, 44.111492], [39.935313, 44.105108], [39.950116, 44.099462], [39.963092, 44.102304], [39.964674, 44.104653], [39.96941, 44.097901], [39.970657, 44.098047], [39.97064, 44.095347], [39.96698, 44.093964], [39.965217, 44.091158], [39.965994, 44.089545], [39.972751, 44.085061], [39.976611, 44.085679], [39.977582, 44.083663], [39.97888, 44.08444], [39.981295, 44.081896], [39.980094, 44.079095], [39.987821, 44.076174], [39.993168, 44.076316], [40.0178518, 44.0878412], [40.0170959, 44.0927991], [40.0193649, 44.0941368], [40.0163158, 44.0980004], [40.0161267, 44.1064376], [40.0307192, 44.1153651], [40.0389979, 44.1250792], [40.0448856, 44.1280762], [40.0546729, 44.1365102], [40.0569377, 44.1375559], [40.0624775, 44.1291512], [40.0652296, 44.1271006], [40.0669829, 44.1276472], [40.0744628, 44.122049], [40.0775848, 44.1220743], [40.0788807, 44.1254162], [40.0839005, 44.1263415], [40.0855428, 44.1263807], [40.0856746, 44.123737], [40.0870654, 44.1238745], [40.0912044, 44.1261414], [40.0930244, 44.129584], [40.0928479, 44.132256], [40.0861106, 44.1357483], [40.0872088, 44.1392428], [40.0807291, 44.1386685], [40.0802376, 44.1409672], [40.0687521, 44.1456636], [40.0764598, 44.1542079], [40.0705485, 44.1609462], [40.0733061, 44.1643156], [40.0732733, 44.1711415], [40.0875585, 44.1786975], [40.0822897, 44.1900808], [40.0790793, 44.1934191], [40.0796205, 44.1969626], [40.075869, 44.198481], [40.0774814, 44.2037759], [40.0758407, 44.2146912], [40.080352, 44.2214569], [40.0795618, 44.2294398], [40.0762855, 44.2299922], [40.079547, 44.2341005], [40.0840069, 44.2363824], [40.0891305, 44.2444131], [40.0935173, 44.2468289], [40.0771821, 44.2520404], [40.077554, 44.2541969], [40.0681818, 44.2617884], [40.0652402, 44.2667895], [40.0609889, 44.2686689], [40.0456592, 44.2698765], [40.032105, 44.2676655], [40.0102118, 44.2670781], [39.989763, 44.2613097], [39.9779425, 44.2740042], [39.9740573, 44.2754138], [39.9731153, 44.279173], [39.9746021, 44.2910771], [39.9684586, 44.293466], [39.9663029, 44.3064517], [39.9719041, 44.3225142], [39.9772084, 44.3268149], [39.9742861, 44.334561], [39.9746113, 44.3385739], [39.9618624, 44.3479281], [39.9444727, 44.3479752], [39.9405666, 44.3407741], [39.9328963, 44.3397045], [39.9320664, 44.338106], [39.9222574, 44.3373143], [39.9072812, 44.3510232], [39.8954986, 44.3516376], [39.8784658, 44.346915], [39.874037, 44.3419648], [39.870402, 44.3406344], [39.8697712, 44.3381863], [39.8443135, 44.3533926], [39.8474629, 44.3574791], [39.8490101, 44.3572273], [39.8620332, 44.3776064], [39.8790917, 44.3965421], [39.8630586, 44.4070261], [39.8625972, 44.4143147], [39.8706265, 44.431669], [39.8765432, 44.4311957], [39.8794056, 44.4327656], [39.8848229, 44.5550654], [39.8723947, 44.5555539], [39.8741643, 44.5913943], [39.8830774, 44.5911233], [39.8837234, 44.5898199], [39.9291282, 44.5902936], [39.9328774, 44.6028921], [39.9304879, 44.6064275], [39.924037, 44.6107606], [39.9148784, 44.6084683], [39.9111083, 44.6208797], [39.9203841, 44.6261085], [39.9044178, 44.6417709], [39.9159623, 44.6510738], [39.8962476, 44.6618048], [39.9124892, 44.6764068], [39.9147712, 44.675124], [39.9260585, 44.6841344], [39.9273565, 44.6873103], [39.9275007, 44.6896657], [39.9251381, 44.6917746], [39.9224867, 44.6917746], [39.9179057, 44.6887594], [39.9161601, 44.6896098], [39.9153729, 44.6911776], [39.9181454, 44.6979701], [39.9158643, 44.7009398], [39.9123406, 44.7013515], [39.9104227, 44.6982841], [39.9088098, 44.6986949], [39.9082095, 44.7019179], [39.9123441, 44.7081916], [39.9100781, 44.7130039], [39.9428183, 44.7363027], [39.9608172, 44.7236194], [39.9695296, 44.7300591], [39.9875098, 44.7174554], [40.0290165, 44.7469979], [40.0083475, 44.7598879], [39.994173, 44.7851278], [39.9907257, 44.7839852], [39.981417, 44.8004363], [39.9576319, 44.7936027], [39.9519228, 44.8042193], [39.9489978, 44.8032642], [39.9454682, 44.809625], [39.948496, 44.8104625], [39.9390725, 44.8270301], [39.9507665, 44.8305083], [39.9554547, 44.8221452], [39.98539, 44.8304558], [39.9757228, 44.8473557], [39.9576832, 44.8423188], [39.9339444, 44.8838526], [39.9634786, 44.8924253], [39.9418936, 44.9297581], [39.9244132, 44.9270935], [39.9036911, 45.0021091], [39.8912365, 45.0004978], [39.8851475, 45.0230499], [39.8612535, 45.0198793], [39.8604742, 45.0163129], [39.8563637, 45.0149636], [39.8500611, 45.0132715], [39.8494118, 45.0148681], [39.7640998, 44.9903734], [39.7737527, 44.9737101], [39.6961988, 44.9516498], [39.6981295, 44.9530177], [39.6958368, 44.9537416], [39.6924252, 44.9514029], [39.6882786, 44.9539803], [39.6917231, 44.9555368], [39.6906604, 44.9565556], [39.6919288, 44.9589086], [39.6889322, 44.9598621], [39.6854077, 44.9578942], [39.6817332, 44.9637189], [39.6885894, 44.9625788], [39.6894464, 44.9660716], [39.6962324, 44.9684177], [39.6871481, 44.9723691], [39.6797435, 44.9713602], [39.6784725, 44.9733991], [39.6839163, 44.9764389], [39.6893189, 44.9769045], [39.6911015, 44.9789609], [39.6909095, 44.9814439], [39.6875089, 44.9835389], [39.6744548, 44.9783401], [39.6714623, 44.9801197], [39.6725336, 44.9826582], [39.6772472, 44.9848177], [39.6786398, 44.9900077], [39.6775674, 44.9936896], [39.6704446, 44.9911062], [39.6665442, 44.9932914], [39.64455, 44.9832324], [39.6516493, 44.9756472], [39.6200133, 44.960311], [39.5986161, 44.9827505], [39.6301235, 44.996744], [39.6442047, 45.0048641], [39.639987, 45.0072083], [39.6451339, 45.0098944], [39.6446118, 45.0143234], [39.655732, 45.0133269], [39.6568283, 45.0143603], [39.6570372, 45.0159473], [39.6533304, 45.0184568], [39.6439331, 45.0154675], [39.637094, 45.016058], [39.6355278, 45.0174973], [39.6406963, 45.0225899], [39.650879, 45.0232037], [39.6534267, 45.0271594], [39.6524243, 45.0336827], [39.6331285, 45.0422711], [39.6221292, 45.0490368], [39.6162586, 45.0476664], [39.6154939, 45.0453483], [39.6079811, 45.0423972], [39.604726, 45.0476096], [39.5963545, 45.0435281], [39.5821718, 45.0469886], [39.5881086, 45.0500054], [39.5876074, 45.0539239], [39.5830299, 45.0550568], [39.5794881, 45.053381], [39.5807447, 45.0469499], [39.579249, 45.0462273], [39.5700083, 45.0487355], [39.5660927, 45.0470757], [39.5661971, 45.0434608], [39.5701127, 45.0414688], [39.5718355, 45.0380749], [39.5687031, 45.0332788], [39.5619683, 45.0326147], [39.5605587, 45.0333894], [39.5602977, 45.0393292], [39.556852, 45.0396612], [39.5588359, 45.0310281], [39.5569042, 45.0298843], [39.5520489, 45.0328729], [39.5454186, 45.0335739], [39.5526232, 45.0393292], [39.5504882, 45.0426819], [39.555077, 45.0451576], [39.5544505, 45.0468175], [39.5518923, 45.0473339], [39.5473279, 45.0429656], [39.5436734, 45.0425506], [39.5402146, 45.0448561], [39.5344066, 45.0415361], [39.5297732, 45.0432422], [39.531992, 45.0516337], [39.5346023, 45.053109], [39.5381916, 45.0516337], [39.5424987, 45.0523713], [39.5442505, 45.0550851], [39.5231798, 45.0546178], [39.5260526, 45.0493733], [39.5239643, 45.0478979], [39.5158069, 45.0504337], [39.5137367, 45.0487453], [39.5194796, 45.0453795], [39.5200016, 45.043904], [39.5183701, 45.0428895], [39.5107348, 45.0454717], [39.5061802, 45.0451556], [39.5065561, 45.042116], [39.5131134, 45.0393419], [39.5090621, 45.0365972], [39.495113, 45.040024], [39.495963, 45.043821], [39.4939826, 45.0451647], [39.4907753, 45.0446248], [39.486961, 45.037741], [39.4886452, 45.0342364], [39.487434, 45.0322588], [39.4814576, 45.0339643], [39.4799817, 45.036171], [39.4712487, 45.0356908], [39.4739082, 44.9998528], [39.4764476, 44.9992434], [39.4747769, 44.9951795], [39.4705001, 44.9947778], [39.4765452, 44.9926458], [39.476308, 44.9912446], [39.4736082, 44.9910638], [39.4750283, 44.9876669], [39.4803568, 44.9864575], [39.4830966, 44.9871901], [39.4840079, 44.9899118], [39.4858736, 44.9904185], [39.4910526, 44.9851605], [39.491512, 44.9819405], [39.4887972, 44.9820587], [39.4869716, 44.9802809], [39.4945097, 44.9752108], [39.5016372, 44.9799331], [39.5065453, 44.979513], [39.5041616, 44.9826295], [39.5077854, 44.9841368], [39.5108774, 44.9878603], [39.5195625, 44.9870216], [39.5199777, 44.9854905], [39.517544, 44.9834923], [39.5114415, 44.9832627], [39.5207704, 44.9821621], [39.5227826, 44.980095], [39.5183411, 44.9789045], [39.517478, 44.9766814], [39.5119007, 44.9764849], [39.5091168, 44.9738526], [39.5119395, 44.9713262], [39.5050307, 44.9695181], [39.5044561, 44.9680277], [39.5108499, 44.9665928], [39.5175659, 44.9672311], [39.5246828, 44.9614627], [39.535413, 44.962441], [39.5369882, 44.9557707], [39.5478378, 44.952005], [39.5512793, 44.9473465], [39.5513795, 44.9448871], [39.5653126, 44.9432316], [39.5654854, 44.9420725], [39.5626327, 44.9420094], [39.559504, 44.9391216], [39.5663641, 44.9343139], [39.5700169, 44.9339441], [39.5726899, 44.9368534], [39.5722889, 44.9408269], [39.5748696, 44.9416169], [39.5775007, 44.9382924], [39.5772674, 44.9341097], [39.5736923, 44.9318626], [39.5751624, 44.9287637], [39.5729906, 44.9259013], [39.5795395, 44.9224237], [39.578771, 44.9252389], [39.5807729, 44.9277988], [39.5843753, 44.926408], [39.585411, 44.923096], [39.593851, 44.9233207], [39.5916926, 44.9186481], [39.596033, 44.915257], [39.6007475, 44.9141289], [39.5974062, 44.9124016], [39.5975398, 44.9111238], [39.6038999, 44.910997], [39.6054609, 44.9091342], [39.6136292, 44.9071268], [39.6150812, 44.9091508], [39.617674, 44.9090751], [39.6161771, 44.9056295], [39.6260673, 44.9023542], [39.6239138, 44.8990573], [39.6278699, 44.8980159], [39.6287058, 44.8998701], [39.6306614, 44.8980321], [39.6265985, 44.8960932], [39.6341724, 44.8965264], [39.635843, 44.8944199], [39.6381485, 44.8960531], [39.6409238, 44.8955618], [39.6455661, 44.8862769], [39.6394516, 44.8835781], [39.6371104, 44.8785319], [39.6409509, 44.8772478], [39.6422699, 44.8747501], [39.6529099, 44.8741744], [39.6509568, 44.8686643], [39.6489603, 44.8717274], [39.6436948, 44.8712143], [39.6418518, 44.8692707], [39.6452294, 44.8681818], [39.6414833, 44.8671224], [39.6419495, 44.8656063], [39.6185494, 44.8602135], [39.6146145, 44.8546026], [39.6070714, 44.8517911], [39.6075938, 44.8461567], [39.6021162, 44.8484671], [39.5941638, 44.8446569], [39.5577871, 44.8366375], [39.5590581, 44.8335563], [39.5644134, 44.8302755], [39.567662, 44.8301126], [39.5689003, 44.8277084], [39.5663494, 44.8217341], [39.5669401, 44.8181496], [39.5644282, 44.815108], [39.5657571, 44.812483], [39.5595782, 44.8069588], [39.4829903, 44.8201531], [39.4835158, 44.8177537], [39.4805773, 44.8180713], [39.4779753, 44.8153496], [39.4830868, 44.8138934], [39.4809191, 44.8107698], [39.4868351, 44.8095203], [39.4836965, 44.8068289], [39.4843287, 44.8044419], [39.4818098, 44.8045343], [39.4697971, 44.8117621], [39.459597, 44.8064349], [39.456121, 44.817524], [39.4136055, 44.8163139], [39.3926586, 44.8132528], [39.3697761, 44.814924], [39.3683802, 44.8094153], [39.3617098, 44.8115272], [39.3602897, 44.8112678], [39.3615723, 44.8089109], [39.3571894, 44.8087113], [39.3533083, 44.8093819], [39.3536766, 44.8159999], [39.3354231, 44.8212545], [39.3049311, 44.8254649], [39.256344, 44.8248743], [39.2541468, 44.8222959], [39.2481308, 44.8202783], [39.2409967, 44.8233792], [39.2161068, 44.8252938], [39.1527718, 44.8359185], [39.1458094, 44.8359329], [39.0907591, 44.8171631], [39.0894223, 44.8233274], [39.0871685, 44.8245719], [39.0753913, 44.8231407], [39.0268262, 44.8421394], [38.9893941, 44.8441235], [38.9893424, 44.8570219], [38.9760018, 44.8617922], [38.960379, 44.8625302], [38.9328247, 44.8754107], [38.8957466, 44.8857525], [38.8547547, 44.8938467], [38.8552283, 44.8974224], [38.8617321, 44.8983786], [38.8614284, 44.9059163], [38.8602344, 44.9076382], [38.8535616, 44.9077346], [38.8508216, 44.9094445], [38.8499323, 44.9115019], [38.8532786, 44.9149082], [38.8524334, 44.9161065], [38.84378, 44.9172937], [38.8462892, 44.9216149], [38.8454272, 44.9244317], [38.8360398, 44.9265144], [38.8343499, 44.9323287], [38.829803, 44.933514], [38.8285193, 44.9372886], [38.8241684, 44.9381448], [38.8157261, 44.9438934], [38.8116241, 44.9432209], [38.8095784, 44.9398264], [38.8069875, 44.939036], [38.7863397, 44.9439767], [38.7833679, 44.9469631], [38.7822818, 44.9525775], [38.7873268, 44.9565323], [38.7878753, 44.96444], [38.7818548, 44.967654], [38.7751878, 44.964077], [38.7755188, 44.9606084], [38.7616939, 44.9542464], [38.7584648, 44.9550276], [38.7569193, 44.9533675], [38.7575264, 44.9519026], [38.7538006, 44.9511018], [38.7563397, 44.950262], [38.75714, 44.9480157], [38.7541974, 44.9494417], [38.6840182, 44.9514152]]]}}, {"type": "Feature", "properties": {"slug": "kuopio", "name": "Kuopio", "osmType": "relation", "osmId": 1214215, "source": "OpenStreetMap via Nominatim", "licence": "ODbL 1.0", "simplifiedDegrees": 0.001}, "geometry": {"type": "Polygon", "coordinates": [[[26.890138, 62.963844], [26.896239, 62.956589], [26.911854, 62.953836], [26.923612, 62.942165], [26.936773, 62.923224], [26.940143, 62.9157463], [26.933891, 62.913997], [26.9243172, 62.9077724], [26.9171872, 62.9109638], [26.908, 62.907393], [26.914458, 62.902449], [26.917855, 62.9034756], [26.9266024, 62.8977264], [26.908095, 62.89355], [26.91189, 62.890157], [26.9081218, 62.888248], [26.911157, 62.8868675], [26.910707, 62.880679], [26.915759, 62.875761], [26.916688, 62.872496], [26.913586, 62.871346], [26.903723, 62.873087], [26.900564, 62.869832], [26.913158, 62.861179], [26.908956, 62.849947], [26.970558, 62.816433], [26.981228, 62.78901], [26.976931, 62.778507], [27.012244, 62.75604], [27.019965, 62.757667], [27.030327, 62.756573], [27.03616, 62.754343], [27.041716, 62.749871], [27.051477, 62.748172], [27.082093, 62.759607], [27.074375, 62.762526], [27.117726, 62.763197], [27.121496, 62.758858], [27.129622, 62.755427], [27.139854, 62.752567], [27.153221, 62.751411], [27.154743, 62.748645], [27.163749, 62.745483], [27.168955, 62.745803], [27.180548, 62.742708], [27.198602, 62.73489], [27.205675, 62.728851], [27.217066, 62.724494], [27.223571, 62.725879], [27.275753, 62.70248], [27.321229, 62.713905], [27.34072, 62.711551], [27.350531, 62.713096], [27.356917, 62.709754], [27.361217, 62.709554], [27.366931, 62.705352], [27.380562, 62.699789], [27.400369, 62.69766], [27.410003, 62.700942], [27.416369, 62.699247], [27.417974, 62.701044], [27.425907, 62.698797], [27.426475, 62.705634], [27.42899, 62.706109], [27.437841, 62.699915], [27.448842, 62.709789], [27.455461, 62.711267], [27.4575, 62.718216], [27.4609818, 62.7188882], [27.4769991, 62.7161649], [27.483613, 62.7067344], [27.4825155, 62.7057915], [27.5186142, 62.6943205], [27.5377345, 62.6937482], [27.5458762, 62.6983515], [27.5555272, 62.6972763], [27.5843234, 62.6884656], [27.5911532, 62.6886954], [27.592746, 62.6901246], [27.6673446, 62.6775288], [27.7060502, 62.6748602], [27.7134533, 62.6893388], [27.7401551, 62.6867824], [27.7737174, 62.6714938], [27.7814641, 62.6733765], [27.7915867, 62.6705053], [27.8211032, 62.6740441], [27.8231467, 62.6748259], [27.8213431, 62.6778277], [27.8250723, 62.680089], [27.8311498, 62.6788051], [27.8329686, 62.6735364], [27.8448239, 62.6681548], [27.8479503, 62.6720679], [27.848121, 62.6772288], [27.8528916, 62.6831588], [27.8623558, 62.6815663], [27.8796382, 62.6753093], [27.9400569, 62.6936453], [27.9508508, 62.6908479], [27.9480502, 62.6839764], [27.9495892, 62.6833329], [27.936754, 62.677933], [27.935039, 62.6725251], [27.9376615, 62.6713027], [27.9452624, 62.6741672], [27.9574943, 62.6716511], [27.9631461, 62.6677946], [27.9820116, 62.6655457], [27.9869919, 62.6663613], [27.9951794, 62.6717777], [28.0095288, 62.6733331], [28.0132298, 62.6772926], [28.0336622, 62.6719378], [28.0532775, 62.6717682], [28.061258, 62.6700465], [28.0649251, 62.6699165], [28.0650652, 62.6724488], [28.0738779, 62.6745035], [28.102218, 62.6689408], [28.1559578, 62.653411], [28.1663002, 62.6578356], [28.2049827, 62.6475182], [28.2051348, 62.6316975], [28.2203442, 62.6220005], [28.2188232, 62.6038101], [28.2284051, 62.5984908], [28.2581648, 62.6076823], [28.29834, 62.6079594], [28.3085899, 62.6038635], [28.3310849, 62.5989841], [28.3430492, 62.5928791], [28.3487336, 62.5922177], [28.3492756, 62.5948347], [28.3544031, 62.5978121], [28.3338652, 62.6094869], [28.334854, 62.6117703], [28.3289084, 62.6167512], [28.3381742, 62.619844], [28.3505731, 62.6134244], [28.3607485, 62.6124158], [28.3619741, 62.6166667], [28.3514105, 62.6212259], [28.3608819, 62.6231296], [28.3539021, 62.6319754], [28.366624, 62.6306533], [28.3684613, 62.6317977], [28.3162344, 62.6481055], [28.362436, 62.697957], [28.375281, 62.696209], [28.379018, 62.696997], [28.377363, 62.698952], [28.37099, 62.700805], [28.371224, 62.702186], [28.3624935, 62.7078324], [28.3617786, 62.7135853], [28.3502802, 62.720258], [28.3475015, 62.7239626], [28.3406157, 62.7267682], [28.3403302, 62.7252479], [28.3289567, 62.7255478], [28.3277598, 62.7270138], [28.3304907, 62.7369736], [28.3186265, 62.7393769], [28.2916768, 62.7643518], [28.3123709, 62.766794], [28.3310361, 62.7638659], [28.3395847, 62.7643783], [28.3283896, 62.7791129], [28.312286, 62.7880833], [28.2755248, 62.7733713], [28.2762228, 62.77], [28.2667707, 62.7676922], [28.2621336, 62.7701065], [28.260178, 62.7675058], [28.2501094, 62.76882], [28.3040101, 62.7924137], [28.3101703, 62.7892074], [28.3280661, 62.7921389], [28.3317147, 62.8004452], [28.3384475, 62.8061441], [28.3351107, 62.8158684], [28.3244157, 62.8137417], [28.3237691, 62.8154077], [28.3206924, 62.8162334], [28.319823, 62.8210255], [28.3234186, 62.8311308], [28.3219231, 62.8340052], [28.2653578, 62.810327], [28.2615576, 62.8114279], [28.2579134, 62.8187017], [28.2488428, 62.8190913], [28.2305782, 62.8237545], [28.214765, 62.834749], [28.200087, 62.841231], [28.206118, 62.843616], [28.210145, 62.847889], [28.207025, 62.850958], [28.209341, 62.854789], [28.19933, 62.860605], [28.197341, 62.863237], [28.19129, 62.865211], [28.187108, 62.869175], [28.166693, 62.876499], [28.163093, 62.884614], [28.181028, 62.884522], [28.190141, 62.889742], [28.214144, 62.883332], [28.214042, 62.881856], [28.238579, 62.872832], [28.24964, 62.870789], [28.256206, 62.872312], [28.256652, 62.875025], [28.252723, 62.878329], [28.253643, 62.879832], [28.252489, 62.88141], [28.243233, 62.885662], [28.245943, 62.889815], [28.290555, 62.881745], [28.293808, 62.884559], [28.292972, 62.887954], [28.30078, 62.889676], [28.267372, 62.897132], [28.270291, 62.902697], [28.292954, 62.899245], [28.29381, 62.902153], [28.298964, 62.901842], [28.300115, 62.9126], [28.280899, 62.914907], [28.271703, 62.919557], [28.289989, 62.927875], [28.307011, 62.928561], [28.307036, 62.931113], [28.308949, 62.931678], [28.302495, 62.936053], [28.273527, 62.942237], [28.245174, 62.944446], [28.211283, 62.953894], [28.213166, 62.955748], [28.246393, 62.946595], [28.311175, 62.943149], [28.311134, 62.941012], [28.370027, 62.945796], [28.375364, 62.948274], [28.383551, 62.948502], [28.384802, 62.950293], [28.391647, 62.952763], [28.385851, 62.963823], [28.420311, 62.981562], [28.425778, 62.989292], [28.4225841, 62.993769], [28.4291061, 62.9998203], [28.4337802, 62.9990677], [28.4394925, 62.9952172], [28.4384732, 62.9976293], [28.4424499, 62.9998389], [28.4460009, 62.9977663], [28.4551271, 63.0006221], [28.4575326, 63.0023844], [28.4569304, 63.006238], [28.4686782, 63.0116876], [28.4150248, 63.0551107], [28.4181747, 63.0783668], [28.4792829, 63.0898216], [28.4678072, 63.1062184], [28.471554, 63.107353], [28.498007, 63.105972], [28.5291, 63.108613], [28.528758, 63.112763], [28.546578, 63.113018], [28.545847, 63.124289], [28.632096, 63.125704], [28.653848, 63.122247], [28.7624182, 63.1366925], [28.707487, 63.170414], [28.698009, 63.183113], [28.653959, 63.196834], [28.600748, 63.205455], [28.594483, 63.209336], [28.555386, 63.223429], [28.549102, 63.229343], [28.541994, 63.230099], [28.536223, 63.232815], [28.498777, 63.234789], [28.467473, 63.246819], [28.460142, 63.254541], [28.4481955, 63.2727701], [28.457875, 63.2752184], [28.4521166, 63.2826095], [28.4532, 63.2844338], [28.4510017, 63.2858981], [28.45309, 63.287033], [28.4483836, 63.2928771], [28.4495268, 63.2951167], [28.4471621, 63.2962548], [28.4431468, 63.2950971], [28.4393504, 63.2970812], [28.439278, 63.2986638], [28.44539, 63.3017362], [28.4385854, 63.3073396], [28.4343058, 63.306773], [28.4363054, 63.3094081], [28.4373864, 63.3172619], [28.4410321, 63.3195205], [28.4401449, 63.3221197], [28.4463078, 63.323067], [28.4422729, 63.3287266], [28.4447227, 63.3299649], [28.4448787, 63.3317161], [28.4489929, 63.3291668], [28.4515025, 63.3300864], [28.4528279, 63.334696], [28.4465545, 63.3355041], [28.4497867, 63.3362569], [28.4402379, 63.3393074], [28.4400958, 63.3437748], [28.4365373, 63.3423342], [28.43599, 63.3449517], [28.4390697, 63.3445266], [28.4387957, 63.3473027], [28.4352465, 63.3479598], [28.4391142, 63.3488718], [28.4388662, 63.3513112], [28.4326106, 63.3536034], [28.4307882, 63.3603171], [28.4240804, 63.3611858], [28.4254516, 63.3631895], [28.4243855, 63.3657508], [28.4113031, 63.3700597], [28.4091808, 63.3747504], [28.3873007, 63.3698751], [28.375067, 63.3707047], [28.3623057, 63.3753189], [28.3591336, 63.37425], [28.3402118, 63.324897], [28.2688664, 63.3286632], [28.2593126, 63.3852811], [28.2194129, 63.3744137], [28.2117695, 63.375512], [28.2090698, 63.3708396], [28.1977314, 63.3709924], [28.194793, 63.3753186], [28.1853891, 63.3758224], [28.1784681, 63.3795068], [28.1734937, 63.3756537], [28.1640991, 63.3719545], [28.160351, 63.3762736], [28.1509125, 63.379864], [28.1491948, 63.3828118], [28.1423961, 63.3872662], [28.1327905, 63.3892102], [28.1358716, 63.386161], [28.1345382, 63.3859501], [28.1310626, 63.3897798], [28.0884219, 63.4033023], [28.08631, 63.400094], [28.0521178, 63.3821692], [28.0445792, 63.3760163], [28.030277, 63.3719197], [28.0256547, 63.3670507], [28.0302378, 63.3638674], [28.0300557, 63.3611551], [28.0242249, 63.3587809], [28.0251301, 63.3577567], [28.020919, 63.3530255], [28.0148979, 63.3492326], [28.0037418, 63.3508812], [28.0031594, 63.3487968], [28.0065842, 63.3395721], [27.9909659, 63.3377107], [27.9525323, 63.3392924], [27.9495589, 63.3351649], [27.9451353, 63.3344068], [27.9459171, 63.3322932], [27.9422841, 63.3294097], [27.9387866, 63.3300406], [27.936496, 63.3276375], [27.940766, 63.3265779], [27.9395649, 63.3238549], [27.9422454, 63.3193188], [27.9418642, 63.3096327], [27.9364107, 63.3083015], [27.9359741, 63.3067211], [27.9400533, 63.3031971], [27.9385407, 63.3012099], [27.9281854, 63.3013027], [27.9253406, 63.3030069], [27.9264639, 63.3038363], [27.9196014, 63.3057246], [27.9171238, 63.3048521], [27.9064934, 63.3096254], [27.9093409, 63.30682], [27.9081871, 63.3057405], [27.9164334, 63.3013171], [27.913679, 63.3001503], [27.916553, 63.299977], [27.9073499, 63.2944634], [27.9045459, 63.2954875], [27.9053333, 63.2973782], [27.8995923, 63.2974239], [27.899462, 63.2987264], [27.8865143, 63.3039684], [27.8698723, 63.3049235], [27.8648262, 63.2985966], [27.8591769, 63.29632], [27.8593046, 63.2892581], [27.8621504, 63.2863097], [27.8515991, 63.2833441], [27.8409377, 63.2636539], [27.8242161, 63.2587747], [27.8081374, 63.2664745], [27.7961474, 63.2671956], [27.7820138, 63.254514], [27.7779126, 63.2484893], [27.7414992, 63.2487984], [27.7271892, 63.2511719], [27.6999431, 63.2500288], [27.7007372, 63.2453808], [27.6977363, 63.2426572], [27.6999385, 63.2412997], [27.7013444, 63.2357457], [27.7223929, 63.231556], [27.7294417, 63.2286743], [27.7323562, 63.2250102], [27.7490963, 63.226289], [27.7697678, 63.2236892], [27.7804854, 63.2190505], [27.7788616, 63.2179944], [27.781771, 63.2161434], [27.8170901, 63.2066506], [27.8269855, 63.1955803], [27.8260991, 63.1939754], [27.828338, 63.1934046], [27.8267146, 63.1883361], [27.8304298, 63.1861384], [27.826535, 63.1830027], [27.8282955, 63.1800337], [27.8267146, 63.1788587], [27.8278571, 63.1765582], [27.819454, 63.1780161], [27.815968, 63.1767899], [27.818235, 63.1753793], [27.8184027, 63.1724655], [27.8160849, 63.1706545], [27.8157622, 63.1681113], [27.8139214, 63.168092], [27.8138056, 63.1655975], [27.8101401, 63.1642455], [27.8115027, 63.1626687], [27.8088694, 63.1600039], [27.8115926, 63.1585018], [27.8111379, 63.1568575], [27.8094405, 63.1550891], [27.8058506, 63.1565537], [27.8067193, 63.1545208], [27.8045313, 63.1533447], [27.804063, 63.1495696], [27.8103816, 63.1471023], [27.8215243, 63.1396305], [27.8215428, 63.1379974], [27.8321543, 63.1329194], [27.8380827, 63.127752], [27.8402166, 63.1234544], [27.8475939, 63.1220876], [27.8601075, 63.1151541], [27.8628348, 63.1150731], [27.8607037, 63.1130715], [27.86173, 63.107291], [27.857459, 63.09997], [27.856459, 63.092034], [27.860817, 63.089172], [27.88612, 63.08219], [27.876277, 63.077943], [27.865103, 63.081782], [27.855158, 63.081908], [27.843069, 63.079023], [27.83662, 63.073495], [27.836356, 63.071], [27.829238, 63.063838], [27.826304, 63.05632], [27.823964, 63.054497], [27.825443, 63.052549], [27.824288, 63.050014], [27.795681, 63.045541], [27.807472, 63.035071], [27.872468, 63.009947], [27.889899, 63.008847], [27.935412, 63.010918], [27.949165, 63.003249], [27.909773, 62.981581], [27.8504606, 63.0003506], [27.8240075, 62.9934553], [27.8315521, 62.9750264], [27.8284589, 62.9670543], [27.8319458, 62.951871], [27.8122434, 62.9524257], [27.7919358, 62.9577703], [27.7961255, 62.9613646], [27.7947092, 62.9712218], [27.7870338, 62.9767882], [27.7661662, 62.9747573], [27.7116884, 62.9629718], [27.690522, 62.9737649], [27.6904254, 62.9761488], [27.67614, 62.9795307], [27.6699065, 62.9739024], [27.6562584, 62.9689396], [27.6350625, 62.9723979], [27.6237543, 62.9691956], [27.6045711, 62.9701005], [27.600491, 62.9612833], [27.5799206, 62.9643519], [27.5770206, 62.9691639], [27.5585562, 62.9698358], [27.5581292, 62.9773597], [27.5259061, 62.9820626], [27.5207155, 62.9782013], [27.5399459, 62.9657938], [27.5289767, 62.9662478], [27.484539, 62.984265], [27.4713157, 62.976971], [27.4202625, 62.9935654], [27.4139958, 62.9974246], [27.4114402, 63.0023641], [27.4071208, 63.0046814], [27.4069856, 63.0076967], [27.3940294, 63.0109128], [27.3882788, 63.025193], [27.382688, 63.0309676], [27.3832545, 63.0408786], [27.3472374, 63.0504208], [27.3393506, 63.054327], [27.3378904, 63.0573994], [27.3534623, 63.0584222], [27.3667714, 63.0541325], [27.374405, 63.0552624], [27.3768511, 63.0524328], [27.3888943, 63.0492125], [27.4472012, 63.0652828], [27.4700203, 63.0633023], [27.4771432, 63.0749038], [27.4916068, 63.0748187], [27.5094488, 63.0842909], [27.5137994, 63.0867852], [27.5181435, 63.1016271], [27.5171425, 63.1041641], [27.5018206, 63.1090263], [27.4982372, 63.1136883], [27.4901476, 63.1119416], [27.4789467, 63.1124268], [27.4617913, 63.1199707], [27.464892, 63.1223815], [27.4723596, 63.1236223], [27.4719837, 63.1269182], [27.4765918, 63.1310216], [27.479243, 63.1433506], [27.4721876, 63.1608775], [27.4821225, 63.1601703], [27.4891821, 63.155723], [27.5266064, 63.1621635], [27.5189513, 63.1683161], [27.5077953, 63.1706302], [27.5082743, 63.1723597], [27.5039441, 63.1783558], [27.496947, 63.180441], [27.492834, 63.1847108], [27.4821562, 63.1844749], [27.4591051, 63.1777805], [27.428542, 63.1764664], [27.3899671, 63.1770817], [27.3757694, 63.1788593], [27.3576443, 63.1731215], [27.3531514, 63.1872596], [27.3305211, 63.1949208], [27.3345861, 63.2046873], [27.349158, 63.207565], [27.3373893, 63.2226076], [27.3068632, 63.2431238], [27.2986703, 63.2933793], [27.2889595, 63.2924241], [27.2711158, 63.3007046], [27.2707848, 63.311837], [27.2317474, 63.3160435], [27.222245, 63.3241474], [27.1962978, 63.3270591], [27.1841289, 63.3260575], [27.1851617, 63.3281638], [27.1799458, 63.3333023], [27.1820337, 63.3348065], [27.1748556, 63.3369061], [27.1331191, 63.3235707], [27.1380615, 63.3205647], [27.1212128, 63.3132116], [27.1139815, 63.3116576], [27.1228047, 63.3121184], [27.1258047, 63.3140584], [27.1300726, 63.3126782], [27.1331364, 63.3084758], [27.1406561, 63.3079], [27.1366083, 63.3071288], [27.1337571, 63.2917019], [27.1479907, 63.2821336], [27.1464119, 63.2780707], [27.1480606, 63.2774999], [27.1443, 63.2728706], [27.1188206, 63.2775694], [27.1133995, 63.2754789], [27.1132707, 63.2734041], [27.1043882, 63.2731851], [27.1037507, 63.2710784], [27.1066845, 63.2684198], [27.106056, 63.2669328], [27.1238022, 63.255153], [27.1081127, 63.2562607], [27.0989224, 63.2594676], [27.0802365, 63.2617806], [27.0712892, 63.2649021], [27.0595532, 63.2601969], [27.0511827, 63.2636367], [27.0459017, 63.261057], [27.0505716, 63.2638604], [27.0460239, 63.2657786], [27.0408158, 63.2631935], [27.0428253, 63.2623186], [27.033133, 63.256004], [27.0542306, 63.2520283], [27.0547986, 63.2427677], [27.0568532, 63.2419755], [27.0498955, 63.2425793], [27.0460653, 63.2395506], [27.0455932, 63.2360046], [27.0435118, 63.2348837], [27.0424925, 63.2288001], [27.0513965, 63.2204897], [27.0370344, 63.1950708], [27.1109576, 63.1625478], [27.094556, 63.1602893], [27.0894863, 63.1634313], [27.0804356, 63.1626301], [27.0757912, 63.1646268], [27.0639709, 63.1643403], [27.0467978, 63.1693306], [27.0354812, 63.1691977], [27.0108307, 63.1751678], [26.9874023, 63.1737901], [26.984363, 63.1712737], [26.9763147, 63.1692099], [26.9528659, 63.1745285], [26.9560557, 63.1647501], [26.9656748, 63.1653347], [26.9764705, 63.1626012], [26.9850011, 63.1635582], [26.9842624, 63.1614083], [26.9948828, 63.1590372], [27.0070787, 63.1482006], [27.0212338, 63.1427708], [26.9481943, 63.1340742], [26.9488971, 63.131216], [26.9575563, 63.1269354], [26.9519244, 63.1239236], [26.9560998, 63.1216457], [26.9566074, 63.1176906], [26.9605577, 63.1133975], [26.9592724, 63.1128737], [26.9592724, 63.110108], [26.9567082, 63.1094966], [26.9585, 63.1069392], [26.960517, 63.1067402], [26.9593191, 63.1048557], [26.9703961, 63.1032148], [26.9783698, 63.0944839], [26.9963942, 63.085559], [27.0033218, 63.0791504], [27.0078741, 63.0770411], [27.0250617, 63.0734783], [27.029631, 63.0706368], [27.0316694, 63.0712393], [27.0802818, 63.0526286], [27.080462, 63.049679], [27.0854617, 63.0453962], [27.0774581, 63.0437507], [27.0884916, 63.0310445], [27.1012133, 63.0318398], [27.1421368, 63.0146068], [27.1409781, 63.0140421], [27.1424404, 63.0121921], [27.125605, 63.00553], [27.117762, 63.00653], [27.098612, 63.014387], [27.092053, 63.015371], [27.089005, 63.012735], [27.072399, 63.010537], [27.0742932, 63.0038384], [27.0768056, 63.0020897], [27.075063, 62.9999192], [27.0681718, 63.0032661], [27.0474169, 63.0053649], [27.047898, 63.009201], [27.034774, 63.004271], [27.025337, 63.002773], [27.026417, 62.994248], [27.0283526, 62.9916515], [27.0143035, 62.9898496], [27.0135362, 62.9925465], [26.9935994, 62.9900094], [26.979459, 62.983272], [26.961697, 62.986553], [26.941861, 62.996075], [26.925424, 62.994842], [26.917933, 62.991653], [26.895511, 62.989035], [26.904831, 62.976717], [26.890138, 62.963844]]]}}, {"type": "Feature", "properties": {"slug": "kyiv", "name": "Kyiv", "osmType": "relation", "osmId": 421866, "source": "OpenStreetMap via Nominatim", "licence": "ODbL 1.0", "simplifiedDegrees": 0.001}, "geometry": {"type": "Polygon", "coordinates": [[[30.2361453, 50.4268097], [30.2447015, 50.4232135], [30.2509142, 50.4265315], [30.2552843, 50.4310721], [30.2600935, 50.4311921], [30.269261, 50.4262956], [30.2762464, 50.4306977], [30.2747185, 50.4316624], [30.2816114, 50.4426795], [30.2813786, 50.4473313], [30.320262, 50.4423487], [30.3489126, 50.4458865], [30.3498699, 50.4466879], [30.3474886, 50.4498527], [30.3485218, 50.4504544], [30.3492733, 50.4488655], [30.3512273, 50.4490644], [30.3515823, 50.4457485], [30.3581032, 50.4452337], [30.3601639, 50.4333992], [30.3664473, 50.4232188], [30.3931544, 50.4063327], [30.4191457, 50.3970595], [30.4171902, 50.3962897], [30.4230592, 50.3956416], [30.4220072, 50.3934385], [30.4263684, 50.391072], [30.4286333, 50.3918711], [30.4425788, 50.3814158], [30.4302718, 50.3718645], [30.4376808, 50.3669399], [30.4357352, 50.3609747], [30.4377344, 50.3601667], [30.4374998, 50.3569636], [30.4521089, 50.3546283], [30.4548551, 50.3597533], [30.4577141, 50.3609777], [30.4682435, 50.3600987], [30.4670615, 50.3585619], [30.46955, 50.3577899], [30.4701815, 50.3554633], [30.4681609, 50.3525663], [30.4728341, 50.351403], [30.4740947, 50.3403816], [30.478102, 50.3395257], [30.4776701, 50.3373892], [30.4749531, 50.3367438], [30.475114, 50.3333488], [30.4846619, 50.3336394], [30.485183, 50.336059], [30.4912582, 50.3354187], [30.497387, 50.3325372], [30.4883265, 50.3267619], [30.4961613, 50.321866], [30.509119, 50.326166], [30.5162579, 50.321044], [30.5335835, 50.3171084], [30.5316576, 50.3022605], [30.5334333, 50.3016197], [30.5332535, 50.2958491], [30.5276376, 50.2907369], [30.5463749, 50.2910255], [30.547877, 50.2826245], [30.542585, 50.2759191], [30.5536222, 50.2697443], [30.5538393, 50.277174], [30.563785, 50.2772768], [30.5639406, 50.2694615], [30.5698228, 50.262461], [30.5699106, 50.2592907], [30.575486, 50.2595356], [30.5862081, 50.2453938], [30.5936587, 50.2133337], [30.6435516, 50.2260905], [30.6369175, 50.2353595], [30.6454327, 50.2373818], [30.6453645, 50.2397833], [30.6351512, 50.2455282], [30.6327034, 50.2511841], [30.6253445, 50.2562055], [30.6248925, 50.2608834], [30.6264023, 50.2628773], [30.6184468, 50.2648315], [30.6163581, 50.2667126], [30.6159299, 50.2718455], [30.6108565, 50.2753532], [30.6102996, 50.2807286], [30.6473922, 50.2806878], [30.6498813, 50.2737078], [30.6565547, 50.2681533], [30.6572628, 50.2736393], [30.6683729, 50.2743571], [30.6723904, 50.2783704], [30.670824, 50.2804547], [30.649302, 50.2915876], [30.641921, 50.3045345], [30.6274146, 50.317448], [30.6224052, 50.3278233], [30.6128798, 50.3372747], [30.6162374, 50.3398961], [30.6113333, 50.3464106], [30.6166724, 50.3484976], [30.6264732, 50.3487124], [30.6305177, 50.3418785], [30.635581, 50.3383304], [30.6420063, 50.3378189], [30.634818, 50.3419274], [30.63735, 50.3452961], [30.6390238, 50.3561674], [30.6391095, 50.3591655], [30.6359163, 50.3611286], [30.6519063, 50.3627045], [30.662022, 50.3663902], [30.6685495, 50.3670636], [30.6706095, 50.3699105], [30.6753087, 50.3696504], [30.6791925, 50.3714023], [30.6773686, 50.3685281], [30.6723475, 50.3666256], [30.6729913, 50.3656949], [30.6686032, 50.3598431], [30.669967, 50.35875], [30.6739105, 50.3604636], [30.6758881, 50.3573174], [30.673835, 50.3549934], [30.6951906, 50.3497407], [30.69675, 50.34725], [30.711417, 50.352317], [30.7130866, 50.3546293], [30.7135432, 50.3581179], [30.7070716, 50.3657095], [30.7095551, 50.3678938], [30.7148728, 50.3688031], [30.7149196, 50.3705258], [30.7116676, 50.3728803], [30.7129718, 50.3745076], [30.7115859, 50.3785755], [30.7168528, 50.3824011], [30.725333, 50.380033], [30.7288923, 50.3768346], [30.7269825, 50.3754525], [30.7407789, 50.371988], [30.7526175, 50.3755639], [30.7621264, 50.3750563], [30.7642266, 50.3806048], [30.7773979, 50.3825986], [30.7805763, 50.3854435], [30.7758439, 50.3897466], [30.7759894, 50.394895], [30.7904232, 50.3978699], [30.7971646, 50.3941143], [30.8130841, 50.3918722], [30.8187002, 50.3943757], [30.8215322, 50.3979921], [30.8223419, 50.4006105], [30.8212611, 50.4010339], [30.8263593, 50.4040635], [30.8215047, 50.4082731], [30.8101946, 50.4107786], [30.8086617, 50.4096191], [30.7981798, 50.4153223], [30.7961902, 50.4176282], [30.801033, 50.4207558], [30.8002942, 50.4217972], [30.8021656, 50.4230183], [30.7997731, 50.4249833], [30.8015562, 50.4268059], [30.7921949, 50.4337452], [30.7899094, 50.4328796], [30.7778904, 50.4380742], [30.7761953, 50.4391392], [30.7768811, 50.4433177], [30.7590214, 50.4487412], [30.7425803, 50.4584656], [30.7546732, 50.4616015], [30.7506646, 50.464206], [30.7532713, 50.4664831], [30.7515727, 50.4676094], [30.7536858, 50.4690149], [30.7524384, 50.4697877], [30.7414507, 50.4687957], [30.7499086, 50.474364], [30.7462883, 50.4777591], [30.7486933, 50.4838431], [30.759833, 50.48355], [30.7543842, 50.4902307], [30.7491, 50.487583], [30.74695, 50.491967], [30.7402204, 50.4908905], [30.7419348, 50.4918422], [30.7376052, 50.498925], [30.7458355, 50.503106], [30.7507344, 50.502331], [30.7492742, 50.5046042], [30.7577289, 50.5078392], [30.7572488, 50.5088074], [30.7619215, 50.509033], [30.7612239, 50.5122938], [30.7524954, 50.5185383], [30.8233496, 50.5371286], [30.8213834, 50.5388441], [30.8175529, 50.5578574], [30.8139896, 50.5583377], [30.8158409, 50.5639723], [30.8122137, 50.5661052], [30.797417, 50.570067], [30.783867, 50.580017], [30.78215, 50.57865], [30.783183, 50.57745], [30.7709597, 50.5755955], [30.7663781, 50.583909], [30.7536029, 50.5832927], [30.719819, 50.5908142], [30.7176822, 50.5894969], [30.721383, 50.585867], [30.70833, 50.57281], [30.71091, 50.57178], [30.714, 50.55565], [30.6989546, 50.5546532], [30.6976485, 50.5619823], [30.6811289, 50.55579], [30.6700143, 50.5537407], [30.66407, 50.5515026], [30.6540359, 50.5341711], [30.5940703, 50.5363179], [30.5569711, 50.540275], [30.5526161, 50.5342851], [30.5541621, 50.530634], [30.5607532, 50.5279544], [30.5679784, 50.5209726], [30.5656585, 50.5157585], [30.5595848, 50.5164812], [30.5549874, 50.5219765], [30.5422014, 50.5221891], [30.5409426, 50.5231983], [30.5443901, 50.5271172], [30.5445135, 50.529327], [30.5414611, 50.5344486], [30.5321431, 50.5403368], [30.5272967, 50.5409148], [30.502038, 50.5516168], [30.4963302, 50.5568791], [30.4938307, 50.566794], [30.487446, 50.568899], [30.4840923, 50.5677462], [30.4849941, 50.5693173], [30.4816591, 50.5722659], [30.4646125, 50.5717474], [30.4631088, 50.5843452], [30.4470757, 50.5858052], [30.3708094, 50.5864925], [30.3706473, 50.573564], [30.3392026, 50.5738421], [30.3072295, 50.5704924], [30.3269164, 50.5645512], [30.3256438, 50.5628646], [30.331632, 50.5593042], [30.3379966, 50.5586642], [30.3412187, 50.5564009], [30.331472, 50.5567211], [30.3319539, 50.5532371], [30.3297488, 50.5528367], [30.3326558, 50.5513003], [30.3294311, 50.5495417], [30.3259993, 50.5500908], [30.3264556, 50.5462477], [30.3111361, 50.5552494], [30.3011418, 50.5533136], [30.298026, 50.5544188], [30.2974856, 50.5515922], [30.3031615, 50.5477795], [30.3017662, 50.5471956], [30.304444, 50.543854], [30.3025182, 50.5334296], [30.2927236, 50.5327405], [30.2902027, 50.5290086], [30.290922, 50.5273141], [30.2814685, 50.5222075], [30.2727606, 50.520804], [30.2610574, 50.5115169], [30.2601765, 50.5100079], [30.2622091, 50.507878], [30.2703759, 50.5022383], [30.270083, 50.4982362], [30.2652495, 50.4938288], [30.2664685, 50.4926431], [30.2627, 50.48775], [30.2534869, 50.4868156], [30.251669, 50.4848427], [30.2490655, 50.4742939], [30.2582145, 50.4721396], [30.2577451, 50.4697581], [30.2464369, 50.4606135], [30.2399088, 50.4524157], [30.2401829, 50.4485724], [30.2456456, 50.4434106], [30.2464771, 50.4404725], [30.2429554, 50.4385114], [30.2422661, 50.4347768], [30.2373308, 50.4315085], [30.2361453, 50.4268097]], [[30.3173721, 50.4920087], [30.3193493, 50.4958711], [30.3251978, 50.4926696], [30.3347186, 50.4933586], [30.3346981, 50.4945651], [30.3371073, 50.49434], [30.339423, 50.4982818], [30.3409555, 50.496281], [30.3411584, 50.4976411], [30.3454349, 50.4986686], [30.3463874, 50.4941189], [30.3447733, 50.4914239], [30.3460501, 50.4893765], [30.3490673, 50.4888667], [30.3480512, 50.4858839], [30.3442654, 50.4874087], [30.3412337, 50.4856343], [30.3437004, 50.4834799], [30.3413411, 50.4829673], [30.3373122, 50.485173], [30.3363696, 50.4832251], [30.320873, 50.4867039], [30.3200087, 50.4906504], [30.3173721, 50.4920087]], [[30.7217145, 50.5219732], [30.7510872, 50.5245356], [30.7521073, 50.5187802], [30.723595, 50.5112203], [30.7217145, 50.5219732]]]}}, {"type": "Feature", "properties": {"slug": "lahti", "name": "Lahti", "osmType": "relation", "osmId": 345901, "source": "OpenStreetMap via Nominatim", "licence": "ODbL 1.0", "simplifiedDegrees": 0.001}, "geometry": {"type": "Polygon", "coordinates": [[[25.5403066, 60.9982644], [25.547024, 60.984215], [25.548786, 60.984485], [25.552679, 60.97933], [25.548297, 60.979005], [25.551696, 60.97616], [25.548679, 60.974674], [25.555995, 60.971368], [25.558242, 60.9671715], [25.5611072, 60.9679328], [25.564429, 60.96496], [25.560855, 60.961502], [25.568641, 60.959574], [25.571171, 60.960364], [25.569834, 60.957657], [25.565265, 60.95541], [25.564962, 60.953118], [25.563218, 60.952919], [25.55967, 60.947711], [25.559724, 60.944876], [25.558297, 60.944196], [25.561827, 60.941218], [25.556879, 60.939657], [25.56004, 60.937465], [25.556337, 60.933691], [25.564996, 60.93189], [25.571245, 60.936076], [25.577709, 60.934269], [25.575811, 60.930497], [25.594933, 60.928095], [25.598774, 60.926304], [25.60227, 60.932381], [25.606523, 60.932982], [25.60919, 60.928934], [25.623091, 60.930334], [25.626141, 60.928884], [25.625005, 60.927436], [25.627837, 60.92549], [25.63085, 60.925315], [25.630694, 60.923796], [25.636537, 60.919969], [25.636534, 60.918317], [25.643305, 60.917766], [25.642387, 60.916824], [25.644441, 60.916638], [25.643716, 60.915051], [25.646916, 60.916519], [25.646526, 60.914855], [25.649948, 60.914593], [25.646203, 60.913353], [25.648017, 60.911872], [25.645544, 60.912359], [25.646696, 60.910844], [25.643503, 60.910507], [25.650622, 60.909107], [25.648576, 60.908673], [25.650129, 60.907701], [25.653111, 60.909096], [25.653599, 60.907135], [25.661987, 60.904894], [25.696564, 60.917413], [25.701753, 60.915866], [25.706685, 60.916972], [25.728292, 60.934555], [25.740915, 60.9186585], [25.746675, 60.9138907], [25.7778028, 60.9234968], [25.7809247, 60.9189214], [25.7776714, 60.8910501], [25.8262793, 60.8969974], [25.876387, 60.8924646], [25.9186551, 60.8866528], [25.9446177, 60.9136474], [25.9501223, 60.9285658], [25.9592023, 60.9285332], [25.9645854, 60.9258114], [25.9774302, 60.9237583], [26.014908, 60.9042163], [26.0514604, 60.8984888], [26.0837495, 60.896104], [26.0857474, 60.8917372], [26.1026823, 60.888235], [26.1131841, 60.8967773], [26.1125495, 60.898308], [26.1224377, 60.9081146], [26.1399228, 60.9072316], [26.1602291, 60.9188392], [26.1689723, 60.9293759], [26.0601971, 60.9360859], [26.0422018, 60.9729245], [26.0496843, 60.9765382], [26.0499649, 60.9789787], [26.0477057, 60.9828058], [26.0537883, 60.9850488], [26.0658731, 60.9842585], [26.0662814, 60.9813375], [26.0624519, 60.9790282], [26.062861, 60.9767727], [26.0667397, 60.973406], [26.0761296, 60.971424], [26.1167138, 60.9845494], [26.1211224, 61.0079231], [26.1329232, 61.0277283], [26.1222634, 61.0355565], [26.122981, 61.0366476], [26.1181752, 61.0409597], [26.1197983, 61.0465218], [26.1028371, 61.0487748], [26.1050095, 61.0512326], [26.1072991, 61.0765373], [26.0459054, 61.09392], [26.0510311, 61.1009871], [26.0282217, 61.0950708], [26.009244, 61.0712975], [25.9919327, 61.0859371], [25.9368491, 61.0709221], [25.9224303, 61.0778138], [25.9063416, 61.0793559], [25.858059, 61.1026648], [25.7834679, 61.0962837], [25.7522916, 61.0884089], [25.7459919, 61.0853629], [25.7214335, 61.0659488], [25.7151641, 61.0627345], [25.7167153, 61.0611299], [25.7205426, 61.0623947], [25.7210196, 61.0650371], [25.7242374, 61.065606], [25.7237146, 61.0634998], [25.7304355, 61.0656285], [25.822195, 61.0513703], [25.8146294, 61.0481619], [25.8161596, 61.0469985], [25.8079829, 61.0410748], [25.7667882, 61.0324358], [25.716089, 61.030046], [25.697886, 61.036298], [25.685269, 61.026823], [25.677624, 61.0304036], [25.6726171, 61.0299019], [25.6653025, 61.0260873], [25.6531745, 61.0301439], [25.6419382, 61.0271547], [25.6390166, 61.0349149], [25.6369183, 61.0327414], [25.6315156, 61.0315871], [25.622212, 61.032998], [25.624198, 61.034149], [25.619414, 61.034809], [25.6178677, 61.0370388], [25.5996486, 61.0340071], [25.59694, 61.039621], [25.5850939, 61.0389707], [25.591829, 61.034255], [25.586383, 61.032726], [25.586142, 61.031072], [25.598632, 61.02979], [25.595083, 61.02595], [25.577558, 61.021126], [25.576654, 61.018181], [25.580705, 61.017344], [25.583972, 61.013762], [25.5730505, 61.0017965], [25.5403066, 60.9982644]]]}}, {"type": "Feature", "properties": {"slug": "lappeenranta", "name": "Lappeenranta", "osmType": "relation", "osmId": 2273016, "source": "OpenStreetMap via Nominatim", "licence": "ODbL 1.0", "simplifiedDegrees": 0.001}, "geometry": {"type": "Polygon", "coordinates": [[[27.7104527, 60.789918], [27.7275408, 60.7627883], [27.7513902, 60.7575558], [27.7732803, 60.7588817], [27.7932004, 60.7692996], [27.79465, 60.7676182], [27.8043596, 60.7675429], [27.8136507, 60.7649702], [27.8149594, 60.7652945], [27.8144597, 60.7666405], [27.8191879, 60.7673129], [27.8333938, 60.7675453], [27.8493755, 60.7649726], [27.8492906, 60.7660439], [27.8530973, 60.7624704], [27.8528386, 60.7568398], [27.8558088, 60.7569424], [27.8548364, 60.7519067], [27.8580407, 60.7490395], [27.8570155, 60.7485529], [27.8596647, 60.7443501], [27.8592878, 60.7410536], [27.8665148, 60.7334784], [27.8805393, 60.7134424], [27.8892857, 60.7083301], [27.9020592, 60.6962605], [27.9526668, 60.686003], [27.9524604, 60.6836118], [27.9546235, 60.6827574], [27.9571777, 60.6774188], [27.9515, 60.6671862], [27.9669152, 60.666669], [27.9912938, 60.6689908], [27.9953655, 60.671215], [27.9980779, 60.6704129], [28.0178274, 60.68118], [28.0151664, 60.6824395], [28.0889885, 60.7205952], [28.1354613, 60.7408695], [28.1742827, 60.7786193], [28.2204938, 60.782793], [28.2558445, 60.8099522], [28.3119069, 60.8412693], [28.3242268, 60.8579147], [28.3356509, 60.8541446], [28.3927528, 60.8846819], [28.3974588, 60.8835537], [28.4001375, 60.8856615], [28.3979857, 60.8874902], [28.4654024, 60.9233269], [28.484122, 60.9256902], [28.4824115, 60.9277585], [28.4930266, 60.9370808], [28.49538, 60.9372288], [28.524607, 60.9571057], [28.527467, 60.954915], [28.5373565, 60.956476], [28.5728672, 60.9516868], [28.6148217, 60.9553598], [28.6492316, 60.9481425], [28.6550021, 60.9494999], [28.684067, 60.9789468], [28.7101878, 61.0269848], [28.7138343, 61.0444583], [28.7771684, 61.0795492], [28.749988, 61.094977], [28.734736, 61.100651], [28.73452, 61.106536], [28.739921, 61.122092], [28.733972, 61.121934], [28.729464, 61.123689], [28.740575, 61.123861], [28.745252, 61.1393], [28.7430029, 61.1418682], [28.745273, 61.143727], [28.737286, 61.148149], [28.738848, 61.154245], [28.736647, 61.155108], [28.73703, 61.158354], [28.728919, 61.158556], [28.731125, 61.172707], [28.735352, 61.17823], [28.718682, 61.18665], [28.730089, 61.192135], [28.697142, 61.207782], [28.705523, 61.211987], [28.668577, 61.221327], [28.701665, 61.231566], [28.690303, 61.2375], [28.639924, 61.228627], [28.650764, 61.222569], [28.652185, 61.216275], [28.605052, 61.2019], [28.607526, 61.198584], [28.602367, 61.198142], [28.601973, 61.201002], [28.5918152, 61.1993249], [28.593666, 61.2017793], [28.504681, 61.241249], [28.3979659, 61.2846964], [28.3092911, 61.2475199], [28.3021906, 61.2405742], [28.3156895, 61.2084841], [28.4091882, 61.176222], [28.3923955, 61.1660199], [28.3900984, 61.1669102], [28.3472268, 61.1433375], [28.3302787, 61.131904], [28.3339867, 61.1306317], [28.3319246, 61.1291697], [28.3071531, 61.1228449], [28.2983027, 61.132684], [28.2902669, 61.1336028], [28.2604408, 61.1291377], [28.2355499, 61.1174799], [28.2347994, 61.1102012], [28.2067425, 61.1071709], [28.1952416, 61.1013864], [28.184781, 61.1110533], [28.1831073, 61.1166508], [28.1714362, 61.1267142], [28.1565737, 61.1326076], [28.1351709, 61.1297179], [28.134763, 61.1259494], [28.1426167, 61.1183401], [28.1555821, 61.1135938], [28.1594366, 61.1103393], [28.1575942, 61.1072797], [28.1579566, 61.1034538], [28.1625126, 61.0950408], [28.1600833, 61.0940218], [28.1463944, 61.1009266], [28.1344735, 61.1042055], [28.1280659, 61.0962508], [28.1112401, 61.0920551], [28.1045937, 61.0960651], [28.1062781, 61.0992541], [28.0901098, 61.1088932], [28.0690544, 61.1125513], [28.0666888, 61.1018673], [28.0500166, 61.0952789], [28.0525069, 61.083296], [28.0136776, 61.0676709], [28.0080557, 61.0685273], [28.0087423, 61.0727104], [27.9984855, 61.0706085], [27.9907286, 61.0610629], [27.9769862, 61.0510073], [27.9860722, 61.0510627], [27.9909217, 61.0462483], [27.9893017, 61.0440979], [27.9673612, 61.0428331], [27.957622, 61.0396566], [27.949039, 61.0411043], [27.9298437, 61.03814], [27.9371654, 61.0350884], [27.9424198, 61.0275599], [27.9415798, 61.0200812], [27.9342305, 61.0203879], [27.9202508, 61.030798], [27.8965187, 61.0270771], [27.8840088, 61.030216], [27.8671069, 61.0266283], [27.8661722, 61.0252477], [27.8729045, 61.0177055], [27.8593808, 61.0146279], [27.8564572, 61.0113523], [27.856307, 61.0018512], [27.8610491, 60.9963688], [27.8575795, 60.9937609], [27.8703487, 60.9939572], [27.8830862, 60.9968317], [27.8858542, 60.9990529], [27.8840305, 61.0032786], [27.8896737, 61.0049093], [27.8964543, 61.0006653], [27.901207, 61.0008533], [27.9082739, 60.9895602], [27.8977632, 60.971587], [27.9036426, 60.9659222], [27.8949094, 60.9463065], [27.9008531, 60.9375834], [27.9024839, 60.9278257], [27.8913384, 60.9088494], [27.9011142, 60.891072], [27.9153382, 60.8866008], [27.9319758, 60.8841631], [27.9312593, 60.8796837], [27.9332148, 60.8793173], [27.9317485, 60.8757818], [27.911583, 60.8580267], [27.9043507, 60.855791], [27.9045653, 60.850137], [27.9010967, 60.8477925], [27.8951454, 60.8474194], [27.8889009, 60.8515331], [27.8860572, 60.8623], [27.8834187, 60.8653493], [27.9011744, 60.8737247], [27.8947519, 60.8868741], [27.8833844, 60.878109], [27.8717188, 60.8753208], [27.854974, 60.8600238], [27.8762232, 60.8485899], [27.8469215, 60.8354758], [27.8368761, 60.8293183], [27.8455782, 60.8247078], [27.8120615, 60.82184], [27.8084927, 60.8231253], [27.760758, 60.824216], [27.7599886, 60.8255485], [27.7650987, 60.8294682], [27.766881, 60.8337444], [27.7437012, 60.8316389], [27.7464922, 60.8292905], [27.7457242, 60.8197503], [27.7507084, 60.8162685], [27.717376, 60.8175103], [27.7189389, 60.8118055], [27.7189496, 60.8007861], [27.7213298, 60.7998199], [27.7185977, 60.8002146], [27.7136375, 60.7948824], [27.7160621, 60.7934409], [27.7135691, 60.7947743], [27.7104527, 60.789918]]]}}, {"type": "Feature", "properties": {"slug": "leeds", "name": "Leeds", "osmType": "relation", "osmId": 118362, "source": "OpenStreetMap via Nominatim", "licence": "ODbL 1.0", "simplifiedDegrees": 0.001}, "geometry": {"type": "Polygon", "coordinates": [[[-1.8004214, 53.88595], [-1.7947809, 53.8804838], [-1.7845284, 53.880475], [-1.7787353, 53.8785573], [-1.7783327, 53.871848], [-1.7692983, 53.8672346], [-1.7642968, 53.8669535], [-1.7605082, 53.8635944], [-1.7579729, 53.8665931], [-1.754021, 53.866017], [-1.7535548, 53.8674587], [-1.7446663, 53.8657117], [-1.74643, 53.8637372], [-1.7444636, 53.863289], [-1.7282919, 53.8657575], [-1.7188368, 53.8641198], [-1.7152826, 53.8662299], [-1.7103367, 53.8634803], [-1.7084167, 53.8642873], [-1.7051011, 53.8602688], [-1.7021421, 53.8605329], [-1.7021065, 53.8578293], [-1.6950878, 53.8575231], [-1.6930459, 53.8529485], [-1.6964903, 53.8473192], [-1.7037323, 53.8422384], [-1.7032454, 53.8399488], [-1.705048, 53.8371059], [-1.7031387, 53.836339], [-1.7046974, 53.83445], [-1.7037188, 53.8325233], [-1.7066616, 53.8286549], [-1.7049696, 53.823169], [-1.7080097, 53.8156751], [-1.7069, 53.8125446], [-1.7083136, 53.8099568], [-1.7061283, 53.8064812], [-1.7066114, 53.8040655], [-1.701278, 53.8022458], [-1.7036863, 53.8017925], [-1.7110927, 53.7916136], [-1.7072139, 53.7879515], [-1.7119922, 53.7830547], [-1.6822667, 53.7863997], [-1.6742296, 53.7799895], [-1.6406195, 53.7799609], [-1.6407181, 53.7737388], [-1.6419788, 53.7725174], [-1.6464822, 53.7714037], [-1.6530314, 53.7665091], [-1.6629132, 53.7667349], [-1.6655441, 53.7638284], [-1.6774335, 53.7601336], [-1.6816174, 53.7564534], [-1.6758858, 53.7521166], [-1.6583645, 53.7466041], [-1.6584407, 53.7454422], [-1.6378784, 53.7477134], [-1.6395364, 53.746753], [-1.6358606, 53.7425715], [-1.6367937, 53.7400298], [-1.6342736, 53.7395511], [-1.6363103, 53.7378927], [-1.6320888, 53.7320924], [-1.6322119, 53.7294476], [-1.6252581, 53.7232835], [-1.6249382, 53.7214139], [-1.6228999, 53.7210785], [-1.6233682, 53.7185319], [-1.6054521, 53.7211681], [-1.5837009, 53.7161375], [-1.57857, 53.709792], [-1.5715538, 53.7074184], [-1.5593196, 53.6989675], [-1.5550492, 53.703204], [-1.5539517, 53.7024144], [-1.547139, 53.7101204], [-1.5339763, 53.7149416], [-1.5103923, 53.7296736], [-1.5056302, 53.7291327], [-1.5059595, 53.7270264], [-1.5018683, 53.725788], [-1.504374, 53.7249849], [-1.495725, 53.722292], [-1.4892609, 53.7231022], [-1.4882952, 53.7277405], [-1.4431464, 53.7282099], [-1.43451, 53.7256168], [-1.4282676, 53.7213352], [-1.4228512, 53.7235771], [-1.4190115, 53.7220972], [-1.4121697, 53.7230499], [-1.3996722, 53.7193062], [-1.3946304, 53.7237027], [-1.3817088, 53.7266055], [-1.375809, 53.729542], [-1.3567558, 53.7314546], [-1.3393608, 53.736459], [-1.3280587, 53.7365751], [-1.3218922, 53.7350348], [-1.3137859, 53.7409362], [-1.3082004, 53.7390876], [-1.3020396, 53.741707], [-1.3100323, 53.7445208], [-1.3153532, 53.7436632], [-1.3120849, 53.7521627], [-1.3122351, 53.7558712], [-1.2949383, 53.7554454], [-1.2967455, 53.7589362], [-1.2926954, 53.7601303], [-1.2903823, 53.7631771], [-1.2955787, 53.7712953], [-1.2981224, 53.7727888], [-1.3067838, 53.773027], [-1.3034601, 53.7749105], [-1.312609, 53.7793057], [-1.3115806, 53.779694], [-1.3138068, 53.7815387], [-1.3136326, 53.7860732], [-1.311265, 53.7880109], [-1.3128233, 53.7893465], [-1.311725, 53.7954297], [-1.3148683, 53.8095402], [-1.3136199, 53.8096427], [-1.3124311, 53.8143583], [-1.3075984, 53.8136142], [-1.3036196, 53.8165186], [-1.3103946, 53.8199004], [-1.3096697, 53.8228776], [-1.3153654, 53.8235825], [-1.3360927, 53.8335724], [-1.3297359, 53.8358074], [-1.3253384, 53.8350404], [-1.326553, 53.8404059], [-1.3323393, 53.8409415], [-1.3421336, 53.8451553], [-1.3384247, 53.8517267], [-1.3427455, 53.8515007], [-1.3529653, 53.8567332], [-1.3315497, 53.8615171], [-1.3188883, 53.8622692], [-1.3125984, 53.8652992], [-1.3117791, 53.8668576], [-1.3147927, 53.8686545], [-1.3184029, 53.8774563], [-1.3170768, 53.8784662], [-1.3196885, 53.8789403], [-1.3157552, 53.8794734], [-1.3156024, 53.8816647], [-1.3207997, 53.8837705], [-1.3200155, 53.8885108], [-1.3179486, 53.8887328], [-1.3179257, 53.8918318], [-1.3167725, 53.8920085], [-1.3181404, 53.8975269], [-1.322266, 53.9004398], [-1.3217772, 53.9029034], [-1.300583, 53.9074682], [-1.3020092, 53.9096705], [-1.3011897, 53.9145336], [-1.3000768, 53.9190885], [-1.2971984, 53.9216647], [-1.3073046, 53.9214771], [-1.3042381, 53.9249467], [-1.2941749, 53.927047], [-1.3004145, 53.9293996], [-1.3022177, 53.9273878], [-1.3052713, 53.9271071], [-1.3065913, 53.9242755], [-1.3089869, 53.9240807], [-1.3069565, 53.934407], [-1.3205761, 53.9360325], [-1.332453, 53.9397356], [-1.3362675, 53.9384823], [-1.3394499, 53.9407818], [-1.3447062, 53.9394849], [-1.3403995, 53.9458715], [-1.3619475, 53.9414669], [-1.3703744, 53.9430267], [-1.3749636, 53.9409502], [-1.3816767, 53.9404708], [-1.3864661, 53.9431738], [-1.3971765, 53.9425188], [-1.3998966, 53.9414053], [-1.400652, 53.9374841], [-1.4091911, 53.9354493], [-1.4106231, 53.9301391], [-1.4067037, 53.9278333], [-1.4297781, 53.9288824], [-1.4335468, 53.9263386], [-1.4314647, 53.9232272], [-1.4301297, 53.9138042], [-1.432429, 53.9111861], [-1.434402, 53.9101627], [-1.4364296, 53.9133342], [-1.4404398, 53.9138868], [-1.450922, 53.9071169], [-1.4630937, 53.9059981], [-1.4682892, 53.9109987], [-1.4860205, 53.9108962], [-1.4934301, 53.9151339], [-1.498775, 53.9152911], [-1.5077198, 53.9117546], [-1.5214425, 53.9113102], [-1.5285904, 53.9086835], [-1.5487874, 53.9108984], [-1.5501214, 53.9043369], [-1.5518382, 53.9029249], [-1.5570413, 53.9048568], [-1.5628774, 53.9039147], [-1.5677334, 53.9107847], [-1.5836197, 53.9092787], [-1.5861153, 53.9053516], [-1.5854299, 53.9017046], [-1.5874816, 53.9012326], [-1.5992428, 53.903967], [-1.601771, 53.906838], [-1.5988899, 53.908875], [-1.5999881, 53.9097613], [-1.6071819, 53.9089742], [-1.6205321, 53.90338], [-1.6279211, 53.9053121], [-1.6379223, 53.9055269], [-1.6422553, 53.9073491], [-1.6516687, 53.9056484], [-1.6543935, 53.9080254], [-1.6522576, 53.910997], [-1.6550784, 53.9124693], [-1.6651909, 53.9130902], [-1.6705047, 53.9112453], [-1.6846229, 53.910573], [-1.6845667, 53.9119706], [-1.6891669, 53.9126306], [-1.6870153, 53.9163738], [-1.698609, 53.91678], [-1.7072725, 53.919105], [-1.7061083, 53.9170556], [-1.7164286, 53.9176197], [-1.7186981, 53.9104591], [-1.7179545, 53.9085276], [-1.7223689, 53.9119532], [-1.7288673, 53.9082642], [-1.7323239, 53.8999546], [-1.730996, 53.8969965], [-1.7320452, 53.8959283], [-1.7170537, 53.8922467], [-1.7267498, 53.8881932], [-1.7254274, 53.8856745], [-1.7351179, 53.8869743], [-1.7424868, 53.884862], [-1.7563517, 53.8846913], [-1.7672928, 53.8902019], [-1.7734615, 53.8890147], [-1.7795239, 53.8911768], [-1.7766765, 53.8938373], [-1.7874617, 53.8968858], [-1.7949599, 53.8946132], [-1.8004214, 53.88595]]]}}, {"type": "Feature", "properties": {"slug": "lille", "name": "Lille", "osmType": "relation", "osmId": 58404, "source": "OpenStreetMap via Nominatim", "licence": "ODbL 1.0", "simplifiedDegrees": 0.001}, "geometry": {"type": "Polygon", "coordinates": [[[2.9679677, 50.6350914], [2.9696887, 50.6335331], [2.9790693, 50.6350952], [2.9862686, 50.6332992], [2.9935571, 50.6274799], [2.9976567, 50.6291546], [3.0009462, 50.6272606], [3.000785, 50.6259291], [3.0139793, 50.6264904], [3.0135562, 50.6260234], [3.0072182, 50.6255522], [3.0045414, 50.6247649], [3.0186089, 50.6254162], [3.0240049, 50.6169598], [3.0280445, 50.6138212], [3.0244862, 50.6133795], [3.0238053, 50.6115183], [3.0367807, 50.6048321], [3.0415465, 50.6045666], [3.0430574, 50.6068863], [3.0491537, 50.6008363], [3.0544215, 50.6010468], [3.0619752, 50.6125874], [3.0712739, 50.6068254], [3.0794947, 50.6142757], [3.0862509, 50.6179182], [3.0891007, 50.6153149], [3.1001041, 50.6185985], [3.1059957, 50.6153558], [3.1064737, 50.6168989], [3.1147628, 50.6206586], [3.1186197, 50.6177621], [3.125703, 50.620191], [3.121491, 50.623247], [3.123631, 50.626357], [3.120809, 50.63071], [3.121575, 50.635104], [3.116447, 50.636352], [3.1010989, 50.6344377], [3.0985258, 50.6383763], [3.0962688, 50.6369363], [3.0945148, 50.6389011], [3.0967523, 50.6401811], [3.093566, 50.6409429], [3.0938666, 50.6435583], [3.1040272, 50.6522841], [3.0937657, 50.6502433], [3.0896567, 50.6514336], [3.0900339, 50.6561469], [3.0850785, 50.6571564], [3.0834842, 50.6508195], [3.0803953, 50.6490949], [3.0829919, 50.6472476], [3.077523, 50.64381], [3.075811, 50.644523], [3.075194, 50.641814], [3.06607, 50.649829], [3.0595902, 50.6510453], [3.0578265, 50.649251], [3.0524209, 50.6505316], [3.0505201, 50.6494985], [3.0513453, 50.6486453], [3.0457704, 50.6480756], [3.0390809, 50.6446626], [3.0368725, 50.6420097], [3.0369309, 50.6389016], [3.0288253, 50.6354376], [3.0195168, 50.6397228], [3.0106392, 50.6485728], [3.0066127, 50.649313], [2.9986623, 50.6556456], [2.9839422, 50.6612596], [2.9798405, 50.6606266], [2.9688532, 50.6573372], [2.9745686, 50.645929], [2.9722313, 50.6438076], [2.9727238, 50.6417869], [2.9687524, 50.6383606], [2.97028, 50.6357451], [2.9679677, 50.6350914]]]}}, {"type": "Feature", "properties": {"slug": "lisbon", "name": "Lisbon", "osmType": "relation", "osmId": 5400890, "source": "OpenStreetMap via Nominatim", "licence": "ODbL 1.0", "simplifiedDegrees": 0.001}, "geometry": {"type": "Polygon", "coordinates": [[[-9.2298356, 38.6953276], [-9.2242835, 38.6923872], [-9.2191442, 38.6932406], [-9.2159024, 38.6913994], [-9.1632581, 38.7001286], [-9.1570351, 38.7021014], [-9.1618556, 38.7021102], [-9.157253, 38.7042586], [-9.1492822, 38.7056898], [-9.1460942, 38.7043288], [-9.1352567, 38.7070277], [-9.1349596, 38.7058275], [-9.1252306, 38.709869], [-9.1053476, 38.7270318], [-9.1050849, 38.7298616], [-9.0968037, 38.7453352], [-9.0957117, 38.7450953], [-9.0967869, 38.7453971], [-9.095477, 38.7501587], [-9.0932228, 38.7497802], [-9.0954428, 38.7502583], [-9.0946145, 38.7533015], [-9.0918909, 38.7537508], [-9.0906668, 38.7589088], [-9.0921153, 38.7660283], [-9.0908779, 38.781451], [-9.0882022, 38.7819704], [-9.0863328, 38.7962254], [-9.0993972, 38.7963702], [-9.1010227, 38.789355], [-9.0991256, 38.7752176], [-9.1066477, 38.7748761], [-9.113102, 38.7800784], [-9.1220389, 38.7833615], [-9.1258606, 38.7829972], [-9.1356465, 38.7851317], [-9.1425243, 38.7885186], [-9.1450919, 38.7881465], [-9.1461021, 38.7941145], [-9.1498877, 38.7958538], [-9.1564416, 38.7938971], [-9.165494, 38.786191], [-9.1693919, 38.7855311], [-9.1739073, 38.780568], [-9.1831151, 38.7785452], [-9.1964951, 38.7683576], [-9.1985082, 38.7656692], [-9.1976348, 38.7633787], [-9.2007018, 38.7619699], [-9.1978376, 38.7605856], [-9.198053, 38.7590609], [-9.2061858, 38.7571801], [-9.2090617, 38.7549077], [-9.2086875, 38.7533376], [-9.2114161, 38.7504776], [-9.2057203, 38.7430347], [-9.2050943, 38.737706], [-9.2099141, 38.7300941], [-9.2079549, 38.7241641], [-9.2187606, 38.7182263], [-9.222284, 38.7140056], [-9.223331, 38.7100778], [-9.2221894, 38.7066643], [-9.2260696, 38.7041903], [-9.2274574, 38.6986632], [-9.2264072, 38.697579], [-9.2286844, 38.6973676], [-9.2298356, 38.6953276]]]}}, {"type": "Feature", "properties": {"slug": "liverpool", "name": "Liverpool", "osmType": "relation", "osmId": 172987, "source": "OpenStreetMap via Nominatim", "licence": "ODbL 1.0", "simplifiedDegrees": 0.001}, "geometry": {"type": "Polygon", "coordinates": [[[-3.0191726, 53.4361625], [-3.0142755, 53.4214606], [-2.9970524, 53.3839923], [-2.9784049, 53.3699391], [-2.9568055, 53.3614235], [-2.9415561, 53.3515468], [-2.90317, 53.3380833], [-2.9100589, 53.3237888], [-2.8887158, 53.3167829], [-2.8837455, 53.3136556], [-2.873439, 53.3118546], [-2.8608017, 53.3117255], [-2.8565861, 53.3138538], [-2.8271081, 53.3199802], [-2.8180724, 53.3186502], [-2.8183204, 53.3257348], [-2.8315307, 53.3351269], [-2.8324251, 53.3372831], [-2.8234268, 53.3373886], [-2.8223286, 53.3406937], [-2.8187799, 53.3397715], [-2.8198406, 53.3412007], [-2.8180003, 53.3429814], [-2.8198686, 53.3436779], [-2.8188069, 53.3479849], [-2.8404056, 53.3473152], [-2.8532945, 53.3631465], [-2.8523449, 53.3718749], [-2.8540076, 53.3771064], [-2.8561893, 53.3787342], [-2.844813, 53.3820243], [-2.821952, 53.3806504], [-2.8261532, 53.3849065], [-2.83365, 53.3889254], [-2.8324464, 53.39367], [-2.8374884, 53.3999368], [-2.85622, 53.3949446], [-2.8704558, 53.3993082], [-2.8727468, 53.4016834], [-2.8753542, 53.4009892], [-2.8816843, 53.4081669], [-2.8905426, 53.4069102], [-2.8923646, 53.4118126], [-2.8847074, 53.4166157], [-2.8711633, 53.4123692], [-2.8659277, 53.4182859], [-2.8701924, 53.4250901], [-2.8661794, 53.4280061], [-2.8693042, 53.4312616], [-2.8687909, 53.4329469], [-2.8734143, 53.4365084], [-2.8708437, 53.4379568], [-2.8706737, 53.4424273], [-2.8682565, 53.4447024], [-2.867623, 53.4485645], [-2.8719833, 53.4531728], [-2.8930276, 53.4633759], [-2.8951429, 53.4671319], [-2.9059102, 53.4701503], [-2.9039336, 53.4674824], [-2.9050282, 53.4651812], [-2.9144196, 53.4649869], [-2.9158148, 53.4688169], [-2.9186579, 53.4682962], [-2.9210476, 53.4726766], [-2.9200127, 53.473269], [-2.9226581, 53.4749885], [-2.9276247, 53.4733268], [-2.9398359, 53.4735972], [-2.9471598, 53.4721155], [-2.9563076, 53.4729775], [-2.959303, 53.4676492], [-2.9673337, 53.467746], [-2.9738124, 53.4627288], [-2.9715796, 53.4521781], [-2.9737466, 53.4496471], [-2.9734057, 53.4473229], [-2.9762662, 53.4452724], [-2.9749157, 53.4433347], [-2.9910565, 53.4401946], [-2.9939648, 53.4415575], [-3.0191726, 53.4361625]]]}}, {"type": "Feature", "properties": {"slug": "ljubljana", "name": "Ljubljana", "osmType": "relation", "osmId": 1675898, "source": "OpenStreetMap via Nominatim", "licence": "ODbL 1.0", "simplifiedDegrees": 0.001}, "geometry": {"type": "Polygon", "coordinates": [[[14.408617, 46.0814374], [14.4149552, 46.0820377], [14.4186422, 46.0793752], [14.4213984, 46.0816385], [14.42432, 46.0802028], [14.4224642, 46.0711616], [14.4291234, 46.0687287], [14.4293284, 46.067408], [14.4277972, 46.0679762], [14.4256178, 46.0662198], [14.4303388, 46.0659374], [14.4311681, 46.0644749], [14.4265355, 46.063723], [14.4292948, 46.0606056], [14.4338402, 46.0633409], [14.4332146, 46.0602561], [14.4363953, 46.0601458], [14.4369528, 46.0574223], [14.4409964, 46.053045], [14.4394777, 46.0502605], [14.442335, 46.0486946], [14.4407924, 46.0470662], [14.4367666, 46.0483439], [14.4342014, 46.0469008], [14.4356483, 46.0446122], [14.4330096, 46.0425986], [14.4345386, 46.0424494], [14.4338182, 46.0410608], [14.4356614, 46.0407702], [14.4366999, 46.0381598], [14.4407367, 46.0384377], [14.4426993, 46.0339606], [14.4308069, 46.0277985], [14.4304099, 46.026204], [14.4332178, 46.0206483], [14.4380296, 46.0173698], [14.4379282, 46.0133473], [14.4584895, 46.01045], [14.465027, 46.0060628], [14.4617472, 46.0007298], [14.4540991, 45.9972655], [14.4424927, 45.9946993], [14.4465195, 45.9935041], [14.4310046, 45.9869768], [14.4288845, 45.9822604], [14.4348473, 45.9759015], [14.4390598, 45.9740866], [14.4446142, 45.9761382], [14.4465934, 45.9745081], [14.4575823, 45.9763082], [14.4590238, 45.9793653], [14.4671627, 45.9785216], [14.4674818, 45.9761836], [14.4727817, 45.9779897], [14.4763762, 45.9772773], [14.4785598, 45.978385], [14.4720274, 45.994947], [14.509355, 46.0030848], [14.5124059, 45.9966102], [14.519777, 45.9973729], [14.5250457, 45.9921016], [14.5296071, 45.9900329], [14.5336692, 45.9905173], [14.5357718, 45.9999915], [14.5380359, 46.0041036], [14.5414298, 46.0058988], [14.5289269, 46.0140001], [14.530182, 46.0158195], [14.5593688, 46.0123271], [14.5637605, 46.0134359], [14.5684331, 46.0170617], [14.5731108, 46.0167283], [14.5735163, 46.0194291], [14.5835917, 46.0192231], [14.5828263, 46.0179517], [14.5865781, 46.0170925], [14.5860447, 46.0158669], [14.5890672, 46.0122966], [14.5877297, 46.0114358], [14.5912401, 46.0083184], [14.5977833, 46.0088004], [14.6006644, 46.0049774], [14.6090453, 46.0011462], [14.6138439, 46.0017653], [14.6180643, 45.9982253], [14.6169432, 45.9960351], [14.6146558, 45.996376], [14.6209139, 45.9883012], [14.6325474, 45.9868184], [14.6365118, 45.9875373], [14.6316043, 45.9908644], [14.6301359, 45.9942788], [14.6320254, 45.9955086], [14.6348426, 45.9950677], [14.6378929, 45.9905424], [14.6394154, 45.9906462], [14.640468, 45.9875543], [14.6413168, 45.9900493], [14.6449554, 45.9882701], [14.6499285, 45.9897609], [14.6552538, 45.9875771], [14.6573624, 45.9878803], [14.6569819, 45.9888914], [14.6625729, 45.9873347], [14.6692087, 45.9884324], [14.6676695, 45.9911273], [14.668868, 45.9936321], [14.6726648, 45.9955865], [14.6792862, 45.9958211], [14.6832444, 45.9989903], [14.6743677, 46.0046521], [14.6799323, 46.0069711], [14.6838108, 46.0106799], [14.6941674, 46.0081308], [14.6962487, 46.0123357], [14.6988694, 46.0103694], [14.7044991, 46.0153238], [14.7115948, 46.0117247], [14.714422, 46.0118937], [14.7134634, 46.0099478], [14.7145216, 46.0075571], [14.7184525, 46.0064736], [14.7201207, 46.0008135], [14.7225855, 46.0010534], [14.723457, 46.0036694], [14.7253973, 46.0003044], [14.7314748, 45.9996934], [14.7316706, 45.9979078], [14.7431351, 45.9978799], [14.7480303, 46.0016698], [14.7473603, 46.0042417], [14.7518136, 46.0074186], [14.7472635, 46.0085154], [14.7449957, 46.0074487], [14.7482003, 46.0126654], [14.74707, 46.0141745], [14.7450335, 46.0133243], [14.7418367, 46.0148468], [14.7457087, 46.0153502], [14.7405863, 46.0171294], [14.7417017, 46.0183085], [14.7401442, 46.0205655], [14.742557, 46.0210928], [14.7415833, 46.0221613], [14.7433475, 46.023308], [14.7545053, 46.0237192], [14.7545332, 46.0262026], [14.751975, 46.0263411], [14.7553057, 46.0297314], [14.7505189, 46.0309867], [14.7425419, 46.0394315], [14.7365175, 46.0406472], [14.7359012, 46.0435871], [14.7308018, 46.0456026], [14.7249688, 46.0520416], [14.7313669, 46.0516773], [14.7332927, 46.0543181], [14.7468005, 46.0594053], [14.7457392, 46.0682387], [14.7238283, 46.0656688], [14.7188517, 46.0682481], [14.7229553, 46.0696617], [14.7230844, 46.0722983], [14.7173141, 46.0757574], [14.7116337, 46.076679], [14.7116788, 46.0779568], [14.7035957, 46.0784401], [14.6991568, 46.0759866], [14.6966094, 46.0769592], [14.6913952, 46.0730358], [14.6868353, 46.0775109], [14.6818068, 46.0769339], [14.6777562, 46.0791666], [14.6775259, 46.0852855], [14.6758073, 46.086503], [14.6632887, 46.0785205], [14.648855, 46.0790359], [14.6369246, 46.0752774], [14.628277, 46.0746411], [14.6205896, 46.0761752], [14.5989819, 46.085032], [14.5922104, 46.0855624], [14.5904787, 46.0890608], [14.5922349, 46.089391], [14.5925262, 46.0972919], [14.5942358, 46.0987375], [14.5917646, 46.1041363], [14.5853407, 46.10522], [14.5829901, 46.1081807], [14.5824092, 46.1062981], [14.5807431, 46.1076687], [14.5794477, 46.1061973], [14.5795743, 46.1031386], [14.5765292, 46.1055478], [14.5724883, 46.1028515], [14.5680544, 46.1078023], [14.5700185, 46.1095306], [14.5675047, 46.1099679], [14.565162, 46.1134231], [14.5539579, 46.1167093], [14.5484456, 46.1136105], [14.5439609, 46.1162021], [14.5395513, 46.1159416], [14.539392, 46.1179834], [14.5357435, 46.1210728], [14.5319425, 46.1206975], [14.5293648, 46.123801], [14.5214824, 46.1273305], [14.5196741, 46.1314259], [14.5203754, 46.1341371], [14.5131112, 46.1389831], [14.5151463, 46.1413194], [14.5137519, 46.1441414], [14.507123, 46.1457507], [14.5009266, 46.1424128], [14.4868411, 46.141271], [14.4833441, 46.1373414], [14.4787322, 46.1377884], [14.4758913, 46.135733], [14.4718434, 46.1422017], [14.4679925, 46.1415271], [14.4676878, 46.1395642], [14.4647466, 46.1385338], [14.4649684, 46.1370142], [14.4686074, 46.1367972], [14.468499, 46.1346013], [14.4643277, 46.1350048], [14.4603986, 46.1334878], [14.4581987, 46.1304592], [14.4533973, 46.1304724], [14.4540636, 46.1285231], [14.4496077, 46.1285018], [14.4489638, 46.1247288], [14.4439543, 46.1210336], [14.4400485, 46.123417], [14.4376337, 46.128361], [14.425945, 46.1287162], [14.426979, 46.1270911], [14.4249252, 46.1248834], [14.4255554, 46.1222386], [14.4223062, 46.1211335], [14.4200039, 46.1140201], [14.4271304, 46.115079], [14.4279207, 46.1081809], [14.4313929, 46.1037641], [14.4301707, 46.1022483], [14.4399362, 46.0986551], [14.4426187, 46.095564], [14.4374286, 46.0946748], [14.4365004, 46.0931137], [14.4308191, 46.0947502], [14.4288749, 46.0926531], [14.4174685, 46.0926587], [14.411267, 46.0884341], [14.4119291, 46.0857472], [14.4095386, 46.0843673], [14.408617, 46.0814374]]]}}, {"type": "Feature", "properties": {"slug": "london", "name": "London", "osmType": "relation", "osmId": 175342, "source": "OpenStreetMap via Nominatim", "licence": "ODbL 1.0", "simplifiedDegrees": 0.001}, "geometry": {"type": "Polygon", "coordinates": [[[-0.5103751, 51.4680873], [-0.4988942, 51.4667], [-0.4938812, 51.4627222], [-0.4771407, 51.4613362], [-0.4735802, 51.4586335], [-0.458661, 51.4563153], [-0.4593147, 51.4527153], [-0.4613405, 51.4523912], [-0.4615024, 51.4489925], [-0.4574824, 51.4490908], [-0.4574646, 51.4429991], [-0.4554121, 51.4421196], [-0.4564884, 51.4381071], [-0.4463097, 51.4399968], [-0.4477379, 51.4350034], [-0.4397735, 51.4346198], [-0.440023, 51.4306234], [-0.4295557, 51.4287975], [-0.4275069, 51.4308194], [-0.4191, 51.4323591], [-0.4138275, 51.4300749], [-0.4131075, 51.4278548], [-0.4059317, 51.4226651], [-0.3978032, 51.4235497], [-0.3913847, 51.4223351], [-0.3866632, 51.4200805], [-0.387715, 51.419328], [-0.386144, 51.4142805], [-0.3903137, 51.4143379], [-0.389198, 51.41032], [-0.3781187, 51.4078886], [-0.3590651, 51.4118812], [-0.3405298, 51.4030172], [-0.3278401, 51.3918381], [-0.3172946, 51.3933552], [-0.3141342, 51.3902182], [-0.3168161, 51.3885743], [-0.313189, 51.3888333], [-0.3117401, 51.3874321], [-0.3073886, 51.3783849], [-0.3086951, 51.3754497], [-0.3169493, 51.3729184], [-0.319957, 51.359632], [-0.3305339, 51.3484212], [-0.3274808, 51.3440073], [-0.3289793, 51.3402329], [-0.3291164, 51.3302639], [-0.3307565, 51.3288556], [-0.3283144, 51.3264639], [-0.3193073, 51.3278115], [-0.3059696, 51.3351848], [-0.3041212, 51.3431351], [-0.2928707, 51.3523885], [-0.2912238, 51.3565789], [-0.2852339, 51.3611932], [-0.2884931, 51.3621295], [-0.2841052, 51.3651455], [-0.2646855, 51.3755935], [-0.2610202, 51.3795952], [-0.2534213, 51.3787686], [-0.2461558, 51.380223], [-0.245028, 51.3800591], [-0.244637, 51.3744237], [-0.2453826, 51.3668893], [-0.2331915, 51.36601], [-0.2268731, 51.3625937], [-0.2227366, 51.357086], [-0.222092, 51.3513246], [-0.220421, 51.3514197], [-0.2177777, 51.3456314], [-0.2172646, 51.3433871], [-0.2292055, 51.3358884], [-0.2208389, 51.3297994], [-0.2160855, 51.3297994], [-0.2119865, 51.3332715], [-0.2130542, 51.3355535], [-0.2011995, 51.3398841], [-0.1973195, 51.3435951], [-0.1819962, 51.3378518], [-0.1741393, 51.3332115], [-0.1728638, 51.3300135], [-0.1630769, 51.3302642], [-0.1622907, 51.3288894], [-0.1643623, 51.328126], [-0.1641872, 51.3260405], [-0.1606003, 51.3232415], [-0.1586347, 51.3239758], [-0.1564662, 51.3213894], [-0.1619055, 51.3196278], [-0.1571956, 51.3133919], [-0.1583566, 51.3109875], [-0.1543415, 51.31032], [-0.1571893, 51.3067111], [-0.1545354, 51.3064507], [-0.1577613, 51.3044296], [-0.155344, 51.3012765], [-0.1456517, 51.2998302], [-0.1435856, 51.3012623], [-0.1408816, 51.299554], [-0.1373404, 51.3007828], [-0.1243196, 51.2867601], [-0.1178023, 51.2870962], [-0.1148502, 51.2924354], [-0.1110798, 51.2922541], [-0.0943039, 51.2994401], [-0.0974047, 51.3011155], [-0.0911956, 51.301474], [-0.0888523, 51.3072199], [-0.0819589, 51.3106486], [-0.0848293, 51.3158683], [-0.0788573, 51.3180906], [-0.0789507, 51.3197703], [-0.0710433, 51.3212338], [-0.0700552, 51.3188937], [-0.0641133, 51.3185978], [-0.051334, 51.3224489], [-0.0497922, 51.3252676], [-0.0478956, 51.3252459], [-0.0511073, 51.3308462], [-0.0502875, 51.3326401], [-0.0419934, 51.3338111], [-0.0379184, 51.3387052], [-0.0327968, 51.3374385], [-0.0220838, 51.3380998], [-0.0143563, 51.3298044], [-0.0110215, 51.3335572], [-0.0087628, 51.3339001], [-0.0005905, 51.3287862], [0.002266, 51.3291383], [0.0065524, 51.3156564], [0.0103204, 51.3161404], [0.0083631, 51.3103618], [0.0149821, 51.2917873], [0.019074, 51.2916853], [0.0248114, 51.3021557], [0.0328814, 51.3075214], [0.042276, 51.3019234], [0.0442708, 51.2985819], [0.042369, 51.2926742], [0.0507623, 51.293988], [0.0560228, 51.2923966], [0.0586295, 51.2893641], [0.0815526, 51.2918366], [0.0910692, 51.2967616], [0.0863109, 51.300173], [0.082788, 51.3056342], [0.0848497, 51.3060454], [0.0835434, 51.3105283], [0.0850007, 51.3160233], [0.1048739, 51.3274126], [0.1141833, 51.3273978], [0.1178762, 51.329663], [0.1216569, 51.333636], [0.1166538, 51.3413023], [0.118429, 51.3441471], [0.1251857, 51.3458673], [0.1369309, 51.3441742], [0.1361729, 51.3459364], [0.1394139, 51.3469824], [0.142593, 51.3507346], [0.1458685, 51.3582243], [0.1450217, 51.3628506], [0.1494113, 51.3691625], [0.151593, 51.3683786], [0.1495738, 51.3735823], [0.1525105, 51.3752298], [0.1532098, 51.3780363], [0.149587, 51.3800893], [0.1504326, 51.3860182], [0.148628, 51.3886684], [0.1498093, 51.3908725], [0.1477148, 51.3928012], [0.162358, 51.3924905], [0.1589541, 51.3958213], [0.1552231, 51.4039721], [0.148666, 51.4081313], [0.1529064, 51.408709], [0.153744, 51.4112656], [0.1491339, 51.4124357], [0.1510295, 51.4176159], [0.1546106, 51.4184701], [0.1511328, 51.4204307], [0.1531089, 51.4223225], [0.1537374, 51.4275233], [0.1558489, 51.4308765], [0.1643526, 51.42862], [0.1666673, 51.4312957], [0.1666638, 51.4350513], [0.1728185, 51.4432869], [0.1760114, 51.4419943], [0.1841237, 51.4446429], [0.1873633, 51.4468762], [0.1876148, 51.4487204], [0.1910006, 51.4487583], [0.1930268, 51.4517021], [0.1990644, 51.4521137], [0.2033564, 51.4543232], [0.2032449, 51.4587476], [0.2105856, 51.4624809], [0.2114445, 51.468365], [0.2087764, 51.4709567], [0.2118496, 51.4733161], [0.211541, 51.4750926], [0.2164423, 51.4767996], [0.2168912, 51.4799081], [0.2236757, 51.4822724], [0.2103069, 51.485877], [0.2105254, 51.4902425], [0.214994, 51.4964829], [0.2299369, 51.4993652], [0.2266046, 51.5065852], [0.2418912, 51.5079594], [0.2399462, 51.5130524], [0.2411143, 51.5137423], [0.237148, 51.5193335], [0.2448778, 51.5187586], [0.2442715, 51.5204708], [0.2406966, 51.5212064], [0.2410104, 51.5226051], [0.242828, 51.5243914], [0.2458095, 51.5235152], [0.2462967, 51.526531], [0.2508241, 51.5288175], [0.2538063, 51.517885], [0.2636548, 51.5178689], [0.2642283, 51.5216412], [0.2666768, 51.5233115], [0.2653586, 51.5249548], [0.2653192, 51.5321491], [0.2977267, 51.5353173], [0.297177, 51.5376609], [0.3006946, 51.5387547], [0.3314008, 51.5400441], [0.3339956, 51.5405024], [0.333874, 51.5424923], [0.3314168, 51.5459414], [0.3288715, 51.5458356], [0.3277876, 51.550993], [0.3251291, 51.5530566], [0.3222774, 51.5527803], [0.322025, 51.5541972], [0.3152666, 51.5578336], [0.3130069, 51.5658163], [0.2902617, 51.5642976], [0.2867248, 51.5734621], [0.2712606, 51.5890281], [0.2693082, 51.5952727], [0.2698518, 51.5995725], [0.2539826, 51.6015961], [0.2580749, 51.6065322], [0.2630891, 51.6073174], [0.2640779, 51.6088748], [0.2527678, 51.6174262], [0.2240601, 51.6317345], [0.2035866, 51.6251701], [0.1859694, 51.6255193], [0.1859041, 51.6243703], [0.1812103, 51.6258236], [0.1688737, 51.6214174], [0.155885, 51.6233185], [0.1360791, 51.6235997], [0.1291603, 51.6214412], [0.1192801, 51.6153665], [0.116683, 51.6169196], [0.1038109, 51.6125496], [0.1001414, 51.6127232], [0.0980414, 51.6154198], [0.0922579, 51.6135726], [0.0948086, 51.6107753], [0.0918469, 51.6082131], [0.0925703, 51.6061951], [0.0888951, 51.604852], [0.0791434, 51.6070459], [0.0728054, 51.6046859], [0.0625412, 51.6070582], [0.0480676, 51.6133214], [0.05015, 51.6163893], [0.0541849, 51.6167189], [0.0536848, 51.618278], [0.040876, 51.6156741], [0.0290563, 51.6251117], [0.0217927, 51.6288314], [0.0257123, 51.634564], [0.0251328, 51.637288], [0.0230564, 51.6377167], [0.0226931, 51.6411141], [0.0173943, 51.6402565], [0.0010409, 51.6417612], [-0.0005211, 51.6437095], [-0.0082178, 51.6436074], [-0.0073702, 51.6461603], [-0.0122861, 51.6462275], [-0.0118202, 51.6529775], [-0.0089491, 51.6603989], [-0.0115145, 51.6637929], [-0.011092, 51.6808669], [-0.0492068, 51.6842695], [-0.0620434, 51.6830055], [-0.0839361, 51.6899624], [-0.104874, 51.6918479], [-0.1218314, 51.6885619], [-0.1354042, 51.6887224], [-0.1493951, 51.6855149], [-0.163518, 51.6881115], [-0.163632, 51.6823996], [-0.1724982, 51.673088], [-0.1753547, 51.6734462], [-0.1819574, 51.668648], [-0.1878154, 51.667876], [-0.1910918, 51.6638934], [-0.1966898, 51.6654786], [-0.1948771, 51.6683021], [-0.2033777, 51.6701231], [-0.2022548, 51.667802], [-0.2056592, 51.6685978], [-0.2079843, 51.6665911], [-0.2111586, 51.6669516], [-0.2078886, 51.6628579], [-0.2121599, 51.6613503], [-0.2134181, 51.6623747], [-0.2198257, 51.6606575], [-0.2264875, 51.6571586], [-0.2289441, 51.6599725], [-0.2478905, 51.6552445], [-0.2506075, 51.6560539], [-0.2519006, 51.6472103], [-0.2573568, 51.6418287], [-0.2632962, 51.6448302], [-0.2728903, 51.642096], [-0.2737372, 51.6386707], [-0.2961511, 51.6354435], [-0.3043497, 51.636313], [-0.3166962, 51.6405318], [-0.3329952, 51.6338323], [-0.3383075, 51.6294691], [-0.339835, 51.630808], [-0.3492457, 51.6269059], [-0.3597906, 51.6252346], [-0.3716356, 51.6193496], [-0.399487, 51.613404], [-0.4111562, 51.6138062], [-0.4166389, 51.6164214], [-0.4405967, 51.62007], [-0.4455697, 51.6196216], [-0.4488999, 51.6153225], [-0.4571519, 51.6122912], [-0.4689262, 51.6167022], [-0.4878792, 51.6267599], [-0.4915577, 51.6307636], [-0.4966035, 51.631759], [-0.4991391, 51.6305848], [-0.5003291, 51.6288025], [-0.4976544, 51.6266695], [-0.5001953, 51.622126], [-0.4954105, 51.6186847], [-0.4992526, 51.6089254], [-0.4963344, 51.6023958], [-0.5009026, 51.6001757], [-0.4985895, 51.5944415], [-0.4995764, 51.592181], [-0.4957623, 51.5881136], [-0.4947232, 51.5846132], [-0.4896241, 51.5817701], [-0.4889565, 51.5772691], [-0.4840474, 51.575125], [-0.4855549, 51.5738388], [-0.484034, 51.5711935], [-0.4847717, 51.5668401], [-0.4825999, 51.565724], [-0.4828148, 51.5628196], [-0.4811493, 51.5607614], [-0.47752, 51.560272], [-0.4766169, 51.5580292], [-0.4777396, 51.5548651], [-0.4913758, 51.546122], [-0.4918064, 51.5416027], [-0.4955081, 51.5385435], [-0.4905026, 51.5341558], [-0.4889914, 51.5290693], [-0.49084, 51.5264421], [-0.4903578, 51.5200411], [-0.4920483, 51.5160302], [-0.4897039, 51.5140566], [-0.4897625, 51.5115286], [-0.4855701, 51.5100868], [-0.4831942, 51.5066463], [-0.4861869, 51.5009092], [-0.4897638, 51.4989654], [-0.4886839, 51.495984], [-0.4904556, 51.4938524], [-0.4948145, 51.4926783], [-0.4991884, 51.4885799], [-0.498719, 51.4860786], [-0.5035141, 51.4805189], [-0.5059615, 51.4724778], [-0.5103751, 51.4680873]]]}}, {"type": "Feature", "properties": {"slug": "luxembourg", "name": "Luxembourg", "osmType": "relation", "osmId": 2171347, "source": "OpenStreetMap via Nominatim", "licence": "ODbL 1.0", "simplifiedDegrees": 0.001}, "geometry": {"type": "Polygon", "coordinates": [[[5.7356988, 49.8969246], [5.7573408, 49.8894579], [5.770607, 49.8873455], [5.7724047, 49.8847372], [5.778106, 49.8837572], [5.7788444, 49.8811425], [5.7835585, 49.8778357], [5.7826997, 49.8757447], [5.7793677, 49.8771834], [5.7780377, 49.8758875], [5.7837364, 49.872408], [5.7775325, 49.8720984], [5.7745328, 49.8672994], [5.7701973, 49.8724593], [5.7650983, 49.8693177], [5.757635, 49.8730718], [5.7539243, 49.8719176], [5.7529841, 49.8681913], [5.7570119, 49.8649081], [5.7544771, 49.8620544], [5.7607366, 49.8563747], [5.754554, 49.8565488], [5.7457393, 49.8536948], [5.7471281, 49.8518006], [5.7549175, 49.8517179], [5.758543, 49.8487356], [5.7581584, 49.846236], [5.7544844, 49.8448433], [5.7514789, 49.847252], [5.7486581, 49.8467325], [5.7484479, 49.8426348], [5.7502676, 49.8396841], [5.7409356, 49.8389011], [5.7393132, 49.8336652], [5.74385, 49.8314741], [5.7482721, 49.8245546], [5.7433941, 49.8209789], [5.7463444, 49.8156519], [5.7511796, 49.8148644], [5.7500329, 49.8090701], [5.7535278, 49.7967093], [5.7530907, 49.7933973], [5.7551549, 49.7914547], [5.7765752, 49.7946242], [5.7813457, 49.7922672], [5.7853091, 49.7962293], [5.7903622, 49.7957561], [5.793297, 49.7905727], [5.7919267, 49.7871314], [5.7984258, 49.7819023], [5.7995006, 49.7779747], [5.8040042, 49.7762905], [5.8072349, 49.7724651], [5.8094456, 49.7653338], [5.8159716, 49.7622087], [5.8178495, 49.753977], [5.8208594, 49.7532592], [5.8204589, 49.7512657], [5.8230189, 49.7494691], [5.8288856, 49.7500891], [5.8323644, 49.7469429], [5.830387, 49.7433689], [5.8326455, 49.7414705], [5.8274392, 49.7391303], [5.8282641, 49.7333982], [5.8253716, 49.732037], [5.8269098, 49.7269022], [5.8243277, 49.7260657], [5.8262869, 49.7235631], [5.8352591, 49.7245098], [5.8440049, 49.7212806], [5.8600205, 49.7272149], [5.8649323, 49.7269331], [5.8704831, 49.7233825], [5.8706943, 49.7216156], [5.8753772, 49.7216714], [5.8765969, 49.7181197], [5.8742032, 49.7174483], [5.8749128, 49.715674], [5.886986, 49.709311], [5.8657283, 49.693003], [5.8669, 49.6917247], [5.8634047, 49.6884986], [5.8645459, 49.6873564], [5.861815, 49.6810651], [5.8653864, 49.6760919], [5.8821764, 49.6718074], [5.8822854, 49.6703331], [5.8850629, 49.6704822], [5.8864986, 49.6678911], [5.8901511, 49.6704692], [5.8927543, 49.6662369], [5.8957589, 49.668738], [5.8993249, 49.6659288], [5.9022722, 49.6681784], [5.901753, 49.6643167], [5.9083887, 49.6656723], [5.9106751, 49.6624741], [5.904872, 49.6610789], [5.9029642, 49.6575868], [5.9054144, 49.6547605], [5.9017335, 49.6514412], [5.902837, 49.6513483], [5.9022139, 49.6459472], [5.9041187, 49.6456105], [5.9043513, 49.6413871], [5.9077152, 49.6390729], [5.898964, 49.6343789], [5.8976222, 49.6358221], [5.8922839, 49.6362356], [5.8838615, 49.6329796], [5.8827061, 49.6309463], [5.886775, 49.6273182], [5.8760743, 49.619951], [5.8765253, 49.6084845], [5.8658412, 49.6051519], [5.8477614, 49.5959417], [5.8500883, 49.5869315], [5.8591242, 49.5859563], [5.8642943, 49.5864621], [5.8677625, 49.5896401], [5.8710095, 49.5883515], [5.8732757, 49.5835955], [5.8659716, 49.5805336], [5.8718966, 49.5796058], [5.8697411, 49.5767359], [5.8727493, 49.5743416], [5.8612554, 49.5708039], [5.8610881, 49.5670361], [5.8520763, 49.5652747], [5.8511504, 49.5627874], [5.8428049, 49.5609304], [5.8463064, 49.5577064], [5.8419561, 49.5530966], [5.8280039, 49.5499922], [5.8260521, 49.5522075], [5.8201966, 49.5491845], [5.8179479, 49.5457474], [5.808126, 49.5425635], [5.8085478, 49.5409107], [5.8127023, 49.5418204], [5.8171695, 49.5370264], [5.8370758, 49.5425841], [5.839157, 49.5373154], [5.8458085, 49.5299027], [5.8344908, 49.5267815], [5.8360566, 49.5199632], [5.8478259, 49.5149499], [5.8505368, 49.5082391], [5.8588799, 49.5059199], [5.8662624, 49.4999133], [5.8719233, 49.5002649], [5.8756297, 49.4982567], [5.8850758, 49.4988333], [5.8893539, 49.4967563], [5.8957387, 49.4965342], [5.9034748, 49.4981528], [5.9072781, 49.5000962], [5.9076748, 49.5021315], [5.9205979, 49.5009846], [5.9275385, 49.4983827], [5.9305575, 49.5006438], [5.9324102, 49.4995739], [5.9401184, 49.5009623], [5.9431541, 49.5002317], [5.9419684, 49.4979962], [5.9438225, 49.4951792], [5.9434183, 49.4974024], [5.946208, 49.4976036], [5.955163, 49.4930916], [5.9721115, 49.491413], [5.973824, 49.4891261], [5.9681055, 49.4863961], [5.9749758, 49.4815712], [5.9742866, 49.4769481], [5.969646, 49.475508], [5.9723101, 49.4743785], [5.9719402, 49.4695669], [5.9736264, 49.4685917], [5.9740052, 49.4654859], [5.9793096, 49.4609063], [5.9814385, 49.4612191], [5.9825788, 49.4635187], [5.9880677, 49.4612931], [5.9857208, 49.4557394], [5.9823594, 49.4570367], [5.9792998, 49.4552449], [5.9790898, 49.4526846], [5.9819721, 49.4510675], [5.9979348, 49.4564975], [6.0012336, 49.4565044], [6.0078491, 49.4516399], [6.0217469, 49.4549759], [6.0266944, 49.4541951], [6.0280748, 49.4557491], [6.0292822, 49.4550472], [6.0259205, 49.451851], [6.0272513, 49.448261], [6.0325816, 49.4495358], [6.0417732, 49.4478587], [6.0530945, 49.4639025], [6.058105, 49.4664378], [6.0792273, 49.4638704], [6.0807559, 49.4585424], [6.0862288, 49.4553566], [6.0923204, 49.4531397], [6.1007732, 49.4528888], [6.1010204, 49.4578651], [6.0980927, 49.4634755], [6.0998065, 49.4674641], [6.1040629, 49.4711562], [6.1110771, 49.4725545], [6.114189, 49.4704871], [6.1234489, 49.4734661], [6.1229981, 49.4765185], [6.1274703, 49.4823053], [6.1267462, 49.4900244], [6.1280357, 49.4939221], [6.1327926, 49.4899946], [6.1417759, 49.491684], [6.1407654, 49.486674], [6.1422353, 49.4869016], [6.1531348, 49.4917123], [6.1528055, 49.4927412], [6.1558533, 49.4933926], [6.1573328, 49.4914797], [6.1618317, 49.4926678], [6.1622912, 49.4938346], [6.157082, 49.4970642], [6.1538878, 49.501634], [6.1565455, 49.5040141], [6.1636267, 49.5045437], [6.1749738, 49.5103085], [6.1768575, 49.5099782], [6.1783063, 49.5069591], [6.1808407, 49.5080131], [6.1957591, 49.5053599], [6.202501, 49.5070124], [6.21378, 49.5062858], [6.2172304, 49.506898], [6.2163688, 49.509016], [6.2181024, 49.5099631], [6.2200019, 49.5087712], [6.2275746, 49.5103568], [6.2361636, 49.5081522], [6.2406511, 49.5149372], [6.2416437, 49.5119651], [6.2451333, 49.5115114], [6.2465628, 49.5090376], [6.2569253, 49.5098217], [6.2580485, 49.5075465], [6.2626304, 49.5066973], [6.2632932, 49.503952], [6.2718566, 49.5047259], [6.2798557, 49.5032834], [6.2798345, 49.5014363], [6.2815297, 49.5008469], [6.2794001, 49.4985936], [6.2795794, 49.4945971], [6.2838509, 49.4929909], [6.2895591, 49.4938309], [6.2885562, 49.4915225], [6.2843869, 49.491473], [6.2862207, 49.4881463], [6.2894779, 49.487069], [6.2875422, 49.486152], [6.2887484, 49.4848871], [6.2912115, 49.4846793], [6.292266, 49.4874939], [6.2994667, 49.4880117], [6.2952939, 49.481971], [6.2962221, 49.4801943], [6.3054402, 49.4771385], [6.3129634, 49.4803969], [6.3146016, 49.47707], [6.3206499, 49.4774205], [6.3283008, 49.4727325], [6.3298961, 49.4700625], [6.3327878, 49.4696334], [6.3340248, 49.4669392], [6.3426494, 49.4691043], [6.3472523, 49.4658778], [6.3528535, 49.4673172], [6.3644493, 49.4595053], [6.3688512, 49.4598681], [6.3674464, 49.4667365], [6.368906, 49.4700184], [6.3683491, 49.4792309], [6.3698292, 49.488657], [6.3678303, 49.4953289], [6.368536, 49.5029697], [6.3576946, 49.5305805], [6.3613148, 49.5362759], [6.379427, 49.5485935], [6.3833294, 49.556654], [6.3805752, 49.5597134], [6.3592358, 49.5710468], [6.3587017, 49.5737247], [6.3688412, 49.5784321], [6.3777065, 49.5757084], [6.3823414, 49.5768833], [6.3830776, 49.581049], [6.3753223, 49.5875835], [6.3769283, 49.5928249], [6.385397, 49.5989971], [6.3995571, 49.6018658], [6.4061375, 49.6089115], [6.418848, 49.6165371], [6.4223003, 49.6206493], [6.4277706, 49.6333218], [6.4377918, 49.6475773], [6.4412556, 49.6561947], [6.4406681, 49.6588345], [6.4378414, 49.6604939], [6.4271336, 49.6618786], [6.4269886, 49.6638355], [6.4310856, 49.6687412], [6.4452229, 49.6760159], [6.4599133, 49.6907024], [6.4801464, 49.6965199], [6.4960041, 49.7088337], [6.5029087, 49.7123203], [6.5061588, 49.7123318], [6.5068417, 49.7164249], [6.497591, 49.7222958], [6.4960079, 49.7255459], [6.502718, 49.726305], [6.5114193, 49.7202549], [6.517683, 49.7234631], [6.5026608, 49.7322903], [6.503233, 49.7456188], [6.5007687, 49.7519016], [6.5036182, 49.7546787], [6.5149937, 49.7584515], [6.5188503, 49.7618732], [6.5181675, 49.7685909], [6.5101376, 49.774107], [6.5171871, 49.7830296], [6.5077991, 49.7871685], [6.5061207, 49.7897549], [6.5088596, 49.7920856], [6.5206661, 49.7962894], [6.5304699, 49.8044109], [6.5298519, 49.8093586], [6.5273952, 49.8110905], [6.5215549, 49.8135357], [6.5194035, 49.8129864], [6.5163059, 49.805666], [6.5115643, 49.8024731], [6.5058498, 49.8097668], [6.496027, 49.8126507], [6.4882488, 49.812315], [6.4801655, 49.8192539], [6.4715672, 49.8227863], [6.4633732, 49.8193531], [6.4542217, 49.811636], [6.4439754, 49.811636], [6.4415379, 49.8144779], [6.4298763, 49.8107929], [6.4267254, 49.812685], [6.4256535, 49.816164], [6.4095821, 49.8179264], [6.3983479, 49.8218479], [6.3640957, 49.8509655], [6.3499241, 49.8507214], [6.3412113, 49.8489246], [6.3387699, 49.846632], [6.3361912, 49.8388996], [6.3266354, 49.8363705], [6.3206463, 49.8399105], [6.3199558, 49.8430576], [6.3229847, 49.8516026], [6.3146839, 49.8598309], [6.3147717, 49.8655605], [6.3112736, 49.8699818], [6.2969265, 49.8664875], [6.2928982, 49.8698444], [6.2916355, 49.8749752], [6.2864552, 49.8753033], [6.2823963, 49.8787899], [6.2759418, 49.8768482], [6.2621021, 49.880991], [6.2468662, 49.8953266], [6.2400112, 49.8964291], [6.23382, 49.9001865], [6.232336, 49.906496], [6.2271709, 49.9104977], [6.234087, 49.9125538], [6.2317257, 49.9186459], [6.2294254, 49.9210491], [6.2181568, 49.923399], [6.2261857, 49.9293097], [6.2240264, 49.9320693], [6.2252236, 49.933359], [6.223523, 49.9339982], [6.2273314, 49.9366189], [6.2199994, 49.9433293], [6.216539, 49.9445028], [6.2239085, 49.9500812], [6.2117361, 49.9502277], [6.2084891, 49.9546048], [6.2055988, 49.9551945], [6.2007815, 49.9529284], [6.1995865, 49.9494924], [6.1982833, 49.9484474], [6.1972294, 49.9546146], [6.1939983, 49.9570103], [6.1958218, 49.9609051], [6.1930904, 49.964426], [6.1943951, 49.9659061], [6.1903706, 49.9695454], [6.1837215, 49.9679279], [6.1805172, 49.9641132], [6.1830311, 49.9574795], [6.1877956, 49.9563389], [6.1811657, 49.9533062], [6.1781521, 49.9540501], [6.1760311, 49.961813], [6.1707668, 49.9631023], [6.1651936, 49.970602], [6.1691362, 49.9834627], [6.1727971, 49.9844578], [6.1632735, 49.9873349], [6.1571567, 49.9873211], [6.1536274, 49.9894924], [6.1509876, 49.9942303], [6.1417484, 49.994997], [6.1380939, 49.9983997], [6.1395016, 50.0000973], [6.1452236, 49.9981785], [6.1498775, 50.0090313], [6.147913, 50.0104771], [6.1386967, 50.0110607], [6.129694, 50.0184956], [6.1320553, 50.0191746], [6.1349659, 50.016222], [6.1378727, 50.015749], [6.1461086, 50.0226383], [6.1301556, 50.0295696], [6.1298389, 50.0315609], [6.1345768, 50.0401516], [6.1251087, 50.0511341], [6.1216259, 50.052702], [6.1241245, 50.0598164], [6.120512, 50.060133], [6.1203365, 50.0570965], [6.1178989, 50.0564404], [6.1127453, 50.059164], [6.1137981, 50.0655727], [6.1204472, 50.0647678], [6.1212025, 50.0687504], [6.1293812, 50.0733852], [6.1249676, 50.0771008], [6.1207371, 50.0725422], [6.1162167, 50.0745831], [6.1222019, 50.0813046], [6.1222363, 50.0835514], [6.119772, 50.085783], [6.1202602, 50.091795], [6.1228046, 50.0936298], [6.1301174, 50.0921803], [6.1332989, 50.093504], [6.1324635, 50.095026], [6.1285763, 50.0954723], [6.1256123, 50.1010952], [6.1358356, 50.1035023], [6.1309872, 50.1076946], [6.1352062, 50.1132717], [6.1300869, 50.1141644], [6.1279812, 50.1161594], [6.1294003, 50.1212711], [6.13624, 50.1236782], [6.1381207, 50.1286449], [6.1368174, 50.1301406], [6.1308339, 50.1298062], [6.1265259, 50.1339946], [6.1206911, 50.1363059], [6.1120629, 50.1361628], [6.1174369, 50.1469645], [6.1256812, 50.1501128], [6.1152332, 50.1550607], [6.1204029, 50.1618286], [6.1197815, 50.1633509], [6.1024498, 50.1705495], [6.0939907, 50.1692872], [6.085071, 50.1720064], [6.0792042, 50.1707895], [6.0805112, 50.1625219], [6.0787927, 50.1565008], [6.0720105, 50.1573897], [6.0634566, 50.1533413], [6.0451698, 50.1576995], [6.0332947, 50.1624651], [6.0292903, 50.1661853], [6.0291488, 50.1728591], [6.0247809, 50.1827989], [6.0017033, 50.1760937], [5.971065, 50.1750173], [5.9683562, 50.1728496], [5.9636793, 50.1726299], [5.9641776, 50.1648859], [5.9617697, 50.1607587], [5.963195, 50.1609358], [5.9671523, 50.1551607], [5.9581365, 50.1513939], [5.9612094, 50.1498106], [5.9601728, 50.1475529], [5.9613458, 50.1425641], [5.9585396, 50.1388627], [5.9613313, 50.1313602], [5.9431358, 50.1291002], [5.9296603, 50.1261878], [5.9174095, 50.121538], [5.9140958, 50.1218989], [5.8953149, 50.1121606], [5.894558, 50.1011507], [5.8864686, 50.0905071], [5.8871608, 50.0791373], [5.8824281, 50.0761444], [5.8679369, 50.0734414], [5.8659315, 50.070654], [5.8606611, 50.0692095], [5.8542427, 50.0588806], [5.8575078, 50.0550212], [5.8610867, 50.0549928], [5.8673391, 50.0501588], [5.8699252, 50.0459307], [5.8674835, 50.0453375], [5.8683002, 50.0437326], [5.863253, 50.0422064], [5.8622969, 50.04113], [5.8636521, 50.0393754], [5.8560667, 50.0362732], [5.8580734, 50.0346866], [5.8598756, 50.0288742], [5.8532377, 50.0275645], [5.8537045, 50.0265979], [5.8515203, 50.0261008], [5.852457, 50.0229005], [5.8438092, 50.0193747], [5.8337522, 50.0184197], [5.8293019, 50.0157666], [5.8301335, 50.0148385], [5.824162, 50.0149685], [5.818987, 50.0128053], [5.8222364, 50.0058908], [5.8204281, 50.0051721], [5.8216667, 50.0028433], [5.8206827, 50.0008087], [5.8227264, 49.997935], [5.8296451, 49.9941408], [5.8324243, 49.9905131], [5.8366353, 49.9911574], [5.8401338, 49.9894361], [5.8374872, 49.9809294], [5.8318333, 49.9765127], [5.8235356, 49.9751716], [5.8195413, 49.9720436], [5.8123277, 49.9721396], [5.8096177, 49.9676541], [5.8105374, 49.9640923], [5.8070402, 49.9623953], [5.8002207, 49.9629546], [5.7957794, 49.965689], [5.7909399, 49.9638811], [5.7911851, 49.9617986], [5.7856279, 49.9609858], [5.7806074, 49.9626945], [5.7750254, 49.9607957], [5.7772285, 49.957735], [5.7736713, 49.9565028], [5.7750354, 49.953143], [5.770369, 49.949585], [5.7713347, 49.9461256], [5.7728124, 49.946514], [5.773251, 49.9447512], [5.7717791, 49.9444743], [5.7751585, 49.9377112], [5.7704238, 49.9366774], [5.7697713, 49.9331076], [5.7709707, 49.9316455], [5.7639466, 49.9314557], [5.7644922, 49.9241183], [5.7616793, 49.9232495], [5.7620266, 49.9196878], [5.7604667, 49.9173], [5.7640109, 49.9157681], [5.75308, 49.9119805], [5.7464929, 49.9082819], [5.7466705, 49.9063135], [5.7398881, 49.9041956], [5.740461, 49.9021745], [5.7376068, 49.9009719], [5.7356988, 49.8969246]]]}}, {"type": "Feature", "properties": {"slug": "lyon", "name": "Lyon", "osmType": "relation", "osmId": 120965, "source": "OpenStreetMap via Nominatim", "licence": "ODbL 1.0", "simplifiedDegrees": 0.001}, "geometry": {"type": "Polygon", "coordinates": [[[4.7718132, 45.7510347], [4.7835875, 45.7442456], [4.8024316, 45.7517608], [4.8104425, 45.7490542], [4.809533, 45.7481066], [4.8111088, 45.7475961], [4.8146261, 45.7496506], [4.818333, 45.7490757], [4.8135773, 45.7433916], [4.8145004, 45.7322733], [4.8170354, 45.7300933], [4.8233885, 45.7146968], [4.8376822, 45.7073666], [4.8404878, 45.7079597], [4.8374498, 45.718613], [4.8544946, 45.7189114], [4.8536966, 45.7297389], [4.8599312, 45.7307286], [4.8623579, 45.7269147], [4.8875539, 45.7203573], [4.886763, 45.7294895], [4.8984245, 45.7529699], [4.8755217, 45.7549366], [4.8765672, 45.7582366], [4.8737346, 45.7587437], [4.8744196, 45.7605251], [4.8718482, 45.761265], [4.861115, 45.7718742], [4.8583627, 45.772431], [4.8598286, 45.7870264], [4.8495629, 45.7852299], [4.8430325, 45.778919], [4.8376318, 45.7826787], [4.8327158, 45.7816701], [4.8236631, 45.7843234], [4.8215535, 45.7869299], [4.822446, 45.7877589], [4.8189187, 45.7897261], [4.8392887, 45.8005239], [4.841247, 45.8032167], [4.8383544, 45.8044442], [4.8369835, 45.8082628], [4.8345431, 45.8043071], [4.8321632, 45.8069995], [4.8271304, 45.8045202], [4.8228935, 45.804679], [4.8238375, 45.8020093], [4.8203344, 45.8021502], [4.8195766, 45.7993709], [4.8166179, 45.7983675], [4.8143774, 45.7944799], [4.8089261, 45.7919834], [4.8077392, 45.7890867], [4.8022112, 45.7920411], [4.7965133, 45.791578], [4.7975331, 45.7898332], [4.7935624, 45.7893187], [4.7905198, 45.7908618], [4.783995, 45.7877821], [4.7857527, 45.7858501], [4.7921055, 45.7866628], [4.7909151, 45.782167], [4.7951527, 45.7758015], [4.7912002, 45.7714369], [4.7905916, 45.7678958], [4.7868961, 45.7656306], [4.7853221, 45.7590186], [4.7821206, 45.7566762], [4.7821142, 45.7544384], [4.7731776, 45.7530526], [4.7718132, 45.7510347]]]}}, {"type": "Feature", "properties": {"slug": "madrid", "name": "Madrid", "osmType": "relation", "osmId": 5326784, "source": "OpenStreetMap via Nominatim", "licence": "ODbL 1.0", "simplifiedDegrees": 0.001}, "geometry": {"type": "Polygon", "coordinates": [[[-3.8889539, 40.5708516], [-3.8870605, 40.5664574], [-3.8838139, 40.5638375], [-3.8848169, 40.5608474], [-3.8738241, 40.5575738], [-3.8694407, 40.5474254], [-3.8656577, 40.5433947], [-3.8629446, 40.5346298], [-3.8536925, 40.524414], [-3.8543786, 40.5213591], [-3.8512914, 40.5176518], [-3.8540092, 40.5119932], [-3.8528752, 40.5103295], [-3.8370933, 40.5058845], [-3.839401, 40.499383], [-3.8344314, 40.4940779], [-3.8331637, 40.4878466], [-3.8366645, 40.4808616], [-3.8374829, 40.4755327], [-3.8361762, 40.4748125], [-3.8383521, 40.4676436], [-3.8343462, 40.4644591], [-3.8290407, 40.4663143], [-3.8152421, 40.4635655], [-3.8114215, 40.4648066], [-3.8043629, 40.463572], [-3.7958167, 40.4579451], [-3.7930489, 40.4539115], [-3.7900678, 40.4457965], [-3.788822, 40.4457534], [-3.7901068, 40.4423712], [-3.784715, 40.4443517], [-3.7708286, 40.4440573], [-3.7707828, 40.4294273], [-3.7791186, 40.424274], [-3.7813952, 40.4175676], [-3.7745596, 40.4003063], [-3.7776503, 40.3991361], [-3.7814847, 40.3941828], [-3.7893944, 40.3924188], [-3.7885871, 40.3939729], [-3.8042572, 40.3920568], [-3.8108622, 40.3928047], [-3.8206626, 40.3966177], [-3.834162, 40.3960582], [-3.8132895, 40.3698328], [-3.8105153, 40.3637165], [-3.8069304, 40.3664529], [-3.8028103, 40.3633817], [-3.7878994, 40.3587513], [-3.7804983, 40.3618947], [-3.7577072, 40.3572607], [-3.7208913, 40.3655479], [-3.7251721, 40.3346954], [-3.7148181, 40.3285525], [-3.7126029, 40.3238633], [-3.6961688, 40.3222778], [-3.6930191, 40.3201949], [-3.6847999, 40.3226346], [-3.6786042, 40.3269054], [-3.6704522, 40.325079], [-3.6635389, 40.3295062], [-3.6585003, 40.3280482], [-3.6491347, 40.3334125], [-3.6276565, 40.3196942], [-3.6188643, 40.3185662], [-3.6125064, 40.3145705], [-3.6066578, 40.313201], [-3.5901241, 40.3123486], [-3.5762155, 40.3145914], [-3.5838091, 40.3158014], [-3.5850735, 40.3183478], [-3.5843894, 40.322586], [-3.582501, 40.3262947], [-3.5715478, 40.3345984], [-3.5690894, 40.3402521], [-3.5551224, 40.3540593], [-3.5570117, 40.3550938], [-3.5549235, 40.3571608], [-3.5652234, 40.3600762], [-3.5587096, 40.3659011], [-3.5507001, 40.3771632], [-3.533639, 40.3916247], [-3.5291492, 40.3893862], [-3.5203948, 40.3920974], [-3.5183264, 40.4021529], [-3.5190627, 40.4089313], [-3.5225796, 40.4141214], [-3.5311901, 40.4200833], [-3.5302303, 40.4147088], [-3.5351716, 40.4144134], [-3.53976, 40.4104261], [-3.5640323, 40.4135356], [-3.5728834, 40.411762], [-3.577537, 40.4136194], [-3.5795288, 40.4173378], [-3.5752486, 40.4255792], [-3.5774816, 40.4260143], [-3.5763172, 40.4296774], [-3.5791282, 40.4331366], [-3.5751023, 40.4340949], [-3.5759427, 40.4367378], [-3.5737954, 40.4376687], [-3.5685469, 40.4362065], [-3.5409725, 40.4445887], [-3.5355779, 40.4447056], [-3.5354915, 40.4464812], [-3.5320115, 40.4469332], [-3.5345645, 40.4525471], [-3.5268126, 40.4559246], [-3.5296562, 40.4610418], [-3.5253123, 40.4690334], [-3.5340093, 40.4722492], [-3.5369427, 40.4864279], [-3.5409536, 40.48853], [-3.5418534, 40.4941758], [-3.5531706, 40.4997283], [-3.5534056, 40.5024597], [-3.5552156, 40.5031569], [-3.5542579, 40.5113309], [-3.5616263, 40.5106865], [-3.5721062, 40.5123682], [-3.582984, 40.5084823], [-3.5933344, 40.5014052], [-3.6022895, 40.5012569], [-3.6063498, 40.5057011], [-3.6150989, 40.5109811], [-3.6332908, 40.5075405], [-3.6448476, 40.5078909], [-3.6558629, 40.5131585], [-3.6577949, 40.5113768], [-3.6625986, 40.519938], [-3.6660546, 40.5214751], [-3.6658697, 40.5247055], [-3.6721287, 40.5243468], [-3.6771913, 40.5269828], [-3.6693614, 40.5342974], [-3.6767933, 40.5414772], [-3.678561, 40.5467804], [-3.6830616, 40.5522126], [-3.6820663, 40.5531171], [-3.689256, 40.5705457], [-3.6917935, 40.5697841], [-3.7009167, 40.5784659], [-3.6858924, 40.5828449], [-3.6672709, 40.5920774], [-3.6630328, 40.5922784], [-3.6556588, 40.5888757], [-3.6497583, 40.5774768], [-3.6254996, 40.5734303], [-3.6162815, 40.580858], [-3.6072337, 40.585122], [-3.602084, 40.5906533], [-3.6053167, 40.5966273], [-3.6157394, 40.6016533], [-3.6177287, 40.6110389], [-3.6230731, 40.6162804], [-3.6284697, 40.618152], [-3.6301761, 40.628665], [-3.6382169, 40.6386477], [-3.6438921, 40.6385171], [-3.6542196, 40.6437293], [-3.6611528, 40.6404107], [-3.6685301, 40.6283056], [-3.6667206, 40.6199379], [-3.6739453, 40.6165087], [-3.6794697, 40.6110171], [-3.6859709, 40.6075103], [-3.6965813, 40.5899969], [-3.708096, 40.5837109], [-3.7206856, 40.5822087], [-3.7372528, 40.586071], [-3.7408152, 40.5906486], [-3.7782572, 40.6017278], [-3.7834874, 40.6017634], [-3.7899011, 40.5989863], [-3.8033279, 40.598866], [-3.8005299, 40.6059105], [-3.8061264, 40.6079069], [-3.8061981, 40.6095122], [-3.8096035, 40.6098699], [-3.8127852, 40.6081379], [-3.8101036, 40.6065709], [-3.8060053, 40.5998719], [-3.8144362, 40.5954184], [-3.8282019, 40.5945741], [-3.837691, 40.5913638], [-3.8434222, 40.5923886], [-3.8549372, 40.587998], [-3.859929, 40.5881795], [-3.8673773, 40.592161], [-3.875894, 40.5901764], [-3.8836855, 40.5852714], [-3.8837329, 40.5790986], [-3.8889539, 40.5708516]]]}}, {"type": "Feature", "properties": {"slug": "malaga", "name": "M\u00e1laga", "osmType": "relation", "osmId": 340746, "source": "OpenStreetMap via Nominatim", "licence": "ODbL 1.0", "simplifiedDegrees": 0.001}, "geometry": {"type": "MultiPolygon", "coordinates": [[[[-4.5878887, 36.7841131], [-4.5848401, 36.7813684], [-4.5851362, 36.774523], [-4.5806342, 36.7653528], [-4.5858262, 36.7503479], [-4.584494, 36.7443894], [-4.5862618, 36.7426623], [-4.5861119, 36.7402756], [-4.5824285, 36.7343394], [-4.5772859, 36.732037], [-4.5755416, 36.722848], [-4.5775866, 36.7171692], [-4.5719795, 36.7172794], [-4.5673528, 36.7155016], [-4.5611048, 36.7088323], [-4.563387, 36.7048813], [-4.5624172, 36.7017662], [-4.5509974, 36.7011222], [-4.5520819, 36.69716], [-4.5485516, 36.6941503], [-4.5428647, 36.693548], [-4.5371625, 36.6972363], [-4.5277622, 36.693959], [-4.5208499, 36.6966384], [-4.5165567, 36.696247], [-4.5188459, 36.6889494], [-4.5261239, 36.687135], [-4.52567, 36.6827704], [-4.5220791, 36.6833203], [-4.5225006, 36.6794267], [-4.5255052, 36.6751398], [-4.5244458, 36.6735325], [-4.5256999, 36.6709072], [-4.527529, 36.6705382], [-4.5255713, 36.669586], [-4.5254675, 36.6669848], [-4.5283753, 36.666212], [-4.5301502, 36.6533708], [-4.5348536, 36.6494226], [-4.5346479, 36.6461922], [-4.5385825, 36.6457553], [-4.5349166, 36.6401573], [-4.5297076, 36.6358377], [-4.5109275, 36.6406272], [-4.5090847, 36.6374741], [-4.5039907, 36.6396375], [-4.5025422, 36.645494], [-4.5000517, 36.6454016], [-4.4961557, 36.6520181], [-4.4921315, 36.6523956], [-4.4928512, 36.6498899], [-4.4816857, 36.6488715], [-4.4752189, 36.6463187], [-4.4608492, 36.6617704], [-4.4543748, 36.6640533], [-4.4453911, 36.6808992], [-4.4410743, 36.6819446], [-4.4441159, 36.68329], [-4.4387792, 36.6937564], [-4.4328153, 36.7025754], [-4.4296332, 36.7040083], [-4.428545, 36.7026458], [-4.4298718, 36.7045454], [-4.4279271, 36.706851], [-4.4262962, 36.7059779], [-4.4262447, 36.7098588], [-4.4254742, 36.7057599], [-4.4276175, 36.701351], [-4.4182198, 36.7010919], [-4.420133, 36.7014273], [-4.4190679, 36.7078853], [-4.4219138, 36.7081116], [-4.4198018, 36.7085991], [-4.4228431, 36.7103883], [-4.4205302, 36.7096001], [-4.420965, 36.7107737], [-4.4172851, 36.712349], [-4.4232859, 36.7119761], [-4.41981, 36.7150725], [-4.4177279, 36.7147491], [-4.418488, 36.7171526], [-4.413235, 36.7177594], [-4.415626, 36.713824], [-4.4134731, 36.7097212], [-4.4155083, 36.7072106], [-4.4138392, 36.7043564], [-4.4145179, 36.6987111], [-4.4112786, 36.7090608], [-4.4135369, 36.7080447], [-4.4127057, 36.7102999], [-4.4137841, 36.7124707], [-4.4069843, 36.7189547], [-4.4019139, 36.7185337], [-4.4006071, 36.7206699], [-4.3960134, 36.7221584], [-4.393012, 36.7220012], [-4.3928672, 36.7206357], [-4.3918273, 36.7221381], [-4.3885936, 36.7221005], [-4.381018, 36.720238], [-4.3714511, 36.7203646], [-4.3653106, 36.7179323], [-4.3571663, 36.7180163], [-4.3399863, 36.7126416], [-4.3308397, 36.7132782], [-4.3271337, 36.7114515], [-4.3153857, 36.71245], [-4.3167351, 36.7169054], [-4.3136603, 36.7213102], [-4.3184832, 36.7314089], [-4.3167963, 36.7310745], [-4.3125016, 36.7347005], [-4.3058288, 36.735486], [-4.3030265, 36.7373344], [-4.3030084, 36.7391183], [-4.3178028, 36.7387956], [-4.3154778, 36.7421006], [-4.3175615, 36.7452032], [-4.3156817, 36.749546], [-4.3120596, 36.7523355], [-4.3053535, 36.7544551], [-4.3062196, 36.7583893], [-4.3036342, 36.7626697], [-4.3048706, 36.7687686], [-4.3029922, 36.7748485], [-4.2994074, 36.7790946], [-4.2956676, 36.7779365], [-4.2923887, 36.7822088], [-4.2904986, 36.7817606], [-4.2919486, 36.7913719], [-4.2975506, 36.793258], [-4.2963448, 36.7955337], [-4.2929333, 36.7966165], [-4.2903395, 36.795004], [-4.290269, 36.7968166], [-4.2845829, 36.7972838], [-4.2840423, 36.7984705], [-4.2745498, 36.7951652], [-4.2753258, 36.7973563], [-4.2808611, 36.799271], [-4.2806163, 36.8007249], [-4.2852978, 36.8038474], [-4.281713, 36.8053283], [-4.2763945, 36.8124525], [-4.2739783, 36.8208976], [-4.2728898, 36.819485], [-4.2669661, 36.8192508], [-4.261943, 36.8212873], [-4.2604897, 36.8290728], [-4.2620947, 36.8318953], [-4.2654318, 36.8316164], [-4.2660921, 36.8387216], [-4.2700737, 36.8370114], [-4.2699321, 36.8352282], [-4.2724311, 36.8330922], [-4.2795559, 36.8319881], [-4.283527, 36.8340907], [-4.2825168, 36.8373917], [-4.2880636, 36.8398106], [-4.2882738, 36.8423143], [-4.2919184, 36.846295], [-4.2900182, 36.853206], [-4.2881808, 36.8540454], [-4.2896833, 36.855607], [-4.2880844, 36.8558459], [-4.2869762, 36.858496], [-4.2968192, 36.8592211], [-4.2983527, 36.8617457], [-4.300059, 36.8606493], [-4.3037189, 36.8622949], [-4.3076309, 36.8621375], [-4.3097071, 36.8601966], [-4.3159649, 36.8617899], [-4.3211679, 36.8611256], [-4.3217299, 36.8640668], [-4.3237778, 36.864261], [-4.3253655, 36.870454], [-4.329762, 36.8749029], [-4.3429725, 36.878378], [-4.344408, 36.8821837], [-4.350682, 36.8848167], [-4.3526851, 36.8876874], [-4.3586166, 36.8880525], [-4.3590451, 36.8913376], [-4.3643198, 36.8938732], [-4.3685484, 36.8937435], [-4.3711549, 36.8932808], [-4.3724894, 36.8907145], [-4.3716155, 36.8889127], [-4.3807687, 36.8793512], [-4.3815298, 36.8723926], [-4.3844536, 36.8653007], [-4.3823894, 36.8634318], [-4.3845563, 36.860423], [-4.3828879, 36.8587208], [-4.3834041, 36.8568669], [-4.3924341, 36.85193], [-4.3971947, 36.8439176], [-4.4041145, 36.8467112], [-4.4092419, 36.8513311], [-4.4107501, 36.8500775], [-4.4113097, 36.8514858], [-4.4138455, 36.8506436], [-4.4148388, 36.8490161], [-4.4170207, 36.8492145], [-4.4170895, 36.8504527], [-4.4199084, 36.8492417], [-4.4197787, 36.847728], [-4.4219722, 36.8485129], [-4.4224615, 36.850977], [-4.4258644, 36.8509728], [-4.4271373, 36.8484018], [-4.4293949, 36.8493972], [-4.434404, 36.8454398], [-4.4375492, 36.846557], [-4.4390503, 36.8439397], [-4.4424, 36.8447675], [-4.441484, 36.8426322], [-4.4435324, 36.8427982], [-4.445209, 36.8407543], [-4.4469549, 36.8418298], [-4.4494296, 36.8396121], [-4.453221, 36.8457043], [-4.4657009, 36.8496705], [-4.4629887, 36.8427091], [-4.4660703, 36.8396425], [-4.4669797, 36.8361699], [-4.4697994, 36.8358467], [-4.4662449, 36.8311583], [-4.4682681, 36.8261306], [-4.4667073, 36.8218953], [-4.4669445, 36.8131644], [-4.4748805, 36.8101934], [-4.476508, 36.8073789], [-4.4938712, 36.8009966], [-4.5020868, 36.792934], [-4.5039238, 36.786574], [-4.5115746, 36.7835475], [-4.513651, 36.7808618], [-4.5247828, 36.7805216], [-4.5362475, 36.7727214], [-4.5397923, 36.7712514], [-4.5488396, 36.7715216], [-4.5500187, 36.7694241], [-4.553446, 36.7715878], [-4.5605238, 36.7813743], [-4.5727603, 36.7841067], [-4.5777587, 36.7808496], [-4.5878887, 36.7841131]]], [[[-4.2936721, 36.7778861], [-4.284243, 36.7748964], [-4.2845394, 36.7725135], [-4.2834862, 36.7725158], [-4.2744689, 36.7774172], [-4.2765472, 36.7817939], [-4.2734367, 36.7841168], [-4.2772302, 36.7864829], [-4.2818178, 36.7840268], [-4.2872144, 36.7844012], [-4.2877614, 36.7789147], [-4.2936721, 36.7778861]]]]}}, {"type": "Feature", "properties": {"slug": "malmo", "name": "Malm\u00f6", "osmType": "relation", "osmId": 10663667, "source": "OpenStreetMap via Nominatim", "licence": "ODbL 1.0", "simplifiedDegrees": 0.001}, "geometry": {"type": "Polygon", "coordinates": [[[12.9097653, 55.5826004], [12.9144143, 55.5849521], [12.9184825, 55.5838876], [12.9154769, 55.5818357], [12.9113497, 55.582629], [12.9182446, 55.581024], [12.9133977, 55.5775824], [12.9146898, 55.5774315], [12.9109073, 55.57214], [12.9110724, 55.5698974], [12.9144037, 55.5677295], [12.9217672, 55.5671354], [12.9221546, 55.5701588], [12.9261016, 55.5717214], [12.9443522, 55.5702301], [12.9428631, 55.5633332], [12.9578523, 55.5507004], [12.9813765, 55.5479606], [13.0551052, 55.5506553], [13.0648469, 55.553277], [13.0744171, 55.5589569], [13.080554, 55.5682031], [13.0704259, 55.5709935], [13.08609, 55.5754335], [13.0863046, 55.5826626], [13.087635, 55.5840937], [13.1112814, 55.5854277], [13.1123113, 55.5904481], [13.0992651, 55.5906907], [13.1046218, 55.5951073], [13.1109529, 55.5962824], [13.1117041, 55.6004497], [13.1170106, 55.6034933], [13.1295052, 55.618595], [13.0861115, 55.6204965], [13.0827861, 55.6219614], [13.0796539, 55.6211326], [13.0772585, 55.6139857], [13.0706505, 55.6117852], [13.0674169, 55.6134786], [13.0621913, 55.620101], [13.0620345, 55.6223438], [13.0951881, 55.6370079], [13.0927883, 55.6503655], [13.0813344, 55.6478862], [13.0792743, 55.649136], [13.0639986, 55.6435657], [13.0577013, 55.6388701], [13.0550952, 55.6307246], [13.0520811, 55.6284106], [13.0472609, 55.6292007], [13.0470401, 55.6323407], [13.0398746, 55.6378173], [13.0353834, 55.6364481], [13.0289289, 55.638725], [13.0217964, 55.6382455], [13.0222856, 55.6365935], [13.0280061, 55.6373476], [13.0266097, 55.6367042], [13.0284041, 55.6359323], [13.014724, 55.6344957], [13.0129644, 55.6391562], [12.9985592, 55.6377613], [12.9905855, 55.6335754], [12.9908258, 55.6292098], [12.988911, 55.628426], [12.9919131, 55.626455], [12.9904277, 55.6244664], [13.0182283, 55.6264114], [13.0196079, 55.6247991], [13.0206005, 55.6255901], [13.0183657, 55.626727], [13.0216219, 55.6269178], [13.0218794, 55.6246063], [13.036771, 55.624868], [13.035166, 55.6240538], [13.0371143, 55.6236031], [13.0237419, 55.6224207], [13.0247972, 55.6160885], [13.0229008, 55.6159502], [13.0216734, 55.6212672], [13.0187659, 55.6242461], [12.9913493, 55.6226306], [12.9950585, 55.6191329], [13.0077064, 55.6166414], [13.0054687, 55.615583], [12.994558, 55.6175877], [12.994091, 55.6164384], [13.0033742, 55.6145412], [12.9996663, 55.6133002], [12.995507, 55.6146687], [12.9968778, 55.6122736], [12.9957265, 55.6121873], [12.9919167, 55.6142067], [12.9890552, 55.6190541], [12.9873472, 55.6186156], [12.9885739, 55.6187544], [12.9903087, 55.6147937], [12.9891843, 55.614624], [12.9878552, 55.618281], [12.9850558, 55.6185114], [12.9841071, 55.6209812], [12.9773654, 55.6198055], [12.9708222, 55.6149937], [12.9721126, 55.6072554], [12.9695548, 55.6046857], [12.951152, 55.5985339], [12.933286, 55.5964552], [12.9378138, 55.5983609], [12.9345961, 55.5981974], [12.9298135, 55.5947628], [12.931081, 55.5937604], [12.9264133, 55.5887832], [12.9234342, 55.5891745], [12.9298395, 55.5979447], [12.9276748, 55.59543], [12.9211443, 55.5932149], [12.9157484, 55.5872824], [12.9191602, 55.5864579], [12.9228342, 55.5887436], [12.9264904, 55.5866503], [12.9229623, 55.5868914], [12.9243447, 55.5857021], [12.9220296, 55.5870444], [12.9217964, 55.5858942], [12.9134113, 55.5849571], [12.9097653, 55.5826004]]]}}, {"type": "Feature", "properties": {"slug": "manchester", "name": "Manchester", "osmType": "relation", "osmId": 146656, "source": "OpenStreetMap via Nominatim", "licence": "ODbL 1.0", "simplifiedDegrees": 0.001}, "geometry": {"type": "Polygon", "coordinates": [[[-2.3199185, 53.4116074], [-2.30734, 53.397399], [-2.3050126, 53.3970715], [-2.3000044, 53.3920964], [-2.2998744, 53.3843143], [-2.2856655, 53.3762289], [-2.2926651, 53.3702525], [-2.2985958, 53.3608087], [-2.314328, 53.3569211], [-2.3120443, 53.3546683], [-2.3055637, 53.3530959], [-2.3014517, 53.3490372], [-2.2991708, 53.3500164], [-2.2969314, 53.3485676], [-2.2983185, 53.346716], [-2.2964554, 53.344932], [-2.3028367, 53.3409771], [-2.3013286, 53.3401063], [-2.2956494, 53.3430491], [-2.2899082, 53.3422892], [-2.2846373, 53.3464916], [-2.2804296, 53.3459793], [-2.2783648, 53.3485998], [-2.2733453, 53.3503597], [-2.2670777, 53.3505572], [-2.2646126, 53.3539623], [-2.2580418, 53.3570274], [-2.2589384, 53.3594444], [-2.2564484, 53.3606605], [-2.2452057, 53.3611228], [-2.2407912, 53.3595579], [-2.2369345, 53.3701803], [-2.2414622, 53.3748516], [-2.240928, 53.3805784], [-2.2430705, 53.3830091], [-2.2426249, 53.3876742], [-2.2462223, 53.3878133], [-2.245734, 53.3902224], [-2.243914, 53.3903843], [-2.2460247, 53.3913669], [-2.2459846, 53.3938047], [-2.2444057, 53.394065], [-2.2468277, 53.3960438], [-2.2381426, 53.4008056], [-2.2225676, 53.4011799], [-2.219988, 53.4025933], [-2.2193333, 53.4051373], [-2.2125961, 53.4069518], [-2.215477, 53.4108737], [-2.2134291, 53.4188988], [-2.2096718, 53.4179275], [-2.2064965, 53.418974], [-2.2074963, 53.42044], [-2.2018613, 53.4236055], [-2.1993604, 53.4268591], [-2.1931426, 53.4276369], [-2.1913329, 53.4351767], [-2.187138, 53.4352113], [-2.1885412, 53.4366364], [-2.1764723, 53.4330829], [-2.1719659, 53.4472454], [-2.1728813, 53.4479847], [-2.1674138, 53.4494011], [-2.1660034, 53.4537697], [-2.161284, 53.451804], [-2.1603658, 53.4542663], [-2.1492417, 53.4593933], [-2.1527843, 53.4632306], [-2.1499738, 53.4636943], [-2.1468644, 53.4674815], [-2.1503915, 53.4727614], [-2.1559253, 53.4753025], [-2.1615659, 53.4748339], [-2.168065, 53.4800714], [-2.1693013, 53.4881602], [-2.166228, 53.4888521], [-2.166555, 53.4911339], [-2.1632203, 53.4921155], [-2.1640201, 53.4946905], [-2.1618663, 53.4983095], [-2.1726041, 53.5024238], [-2.1708717, 53.5031291], [-2.1755146, 53.5026343], [-2.1777496, 53.5049662], [-2.1767807, 53.5054862], [-2.1787121, 53.5058339], [-2.1736753, 53.5096381], [-2.1734329, 53.5122963], [-2.1604748, 53.5129957], [-2.1547627, 53.518017], [-2.1591894, 53.5221108], [-2.1647927, 53.52015], [-2.170503, 53.5239405], [-2.1702211, 53.5277295], [-2.204511, 53.5324817], [-2.2069084, 53.5343436], [-2.2056517, 53.536879], [-2.2071263, 53.5381786], [-2.2187273, 53.5438907], [-2.2377563, 53.5387147], [-2.2461899, 53.5434553], [-2.2517394, 53.5445923], [-2.2591259, 53.5430054], [-2.2675269, 53.5380281], [-2.2686466, 53.535907], [-2.2641167, 53.5246744], [-2.2466473, 53.5292203], [-2.2488072, 53.5247899], [-2.2517875, 53.5257445], [-2.2514572, 53.5239997], [-2.2534799, 53.5242372], [-2.2528691, 53.5224786], [-2.2564936, 53.5202426], [-2.2569683, 53.5179297], [-2.2502367, 53.5162884], [-2.2452301, 53.5121408], [-2.2503298, 53.5080333], [-2.2457686, 53.5064536], [-2.2470792, 53.5023746], [-2.2515356, 53.5038844], [-2.2554252, 53.4991032], [-2.2525067, 53.4953073], [-2.2534846, 53.4934554], [-2.2451409, 53.4860704], [-2.2626805, 53.4767156], [-2.2681616, 53.4696903], [-2.2657078, 53.4697164], [-2.2579201, 53.4623674], [-2.2537653, 53.462744], [-2.2532471, 53.4607047], [-2.2714917, 53.4507008], [-2.2862538, 53.4490718], [-2.2896489, 53.4450601], [-2.2931285, 53.4444332], [-2.28987, 53.4412718], [-2.2914923, 53.4391942], [-2.295438, 53.4387827], [-2.2943036, 53.4360449], [-2.3000969, 53.4366291], [-2.299865, 53.4334172], [-2.2889065, 53.4319495], [-2.283651, 53.4249915], [-2.27362, 53.4224846], [-2.2754403, 53.4193901], [-2.2781927, 53.4182979], [-2.2777788, 53.4154917], [-2.2845382, 53.4162133], [-2.2939421, 53.4135654], [-2.2972701, 53.4109873], [-2.2977149, 53.4083454], [-2.3199185, 53.4116074]]]}}, {"type": "Feature", "properties": {"slug": "marseille", "name": "Marseille", "osmType": "relation", "osmId": 76469, "source": "OpenStreetMap via Nominatim", "licence": "ODbL 1.0", "simplifiedDegrees": 0.001}, "geometry": {"type": "MultiPolygon", "coordinates": [[[[5.2287864, 43.1991268], [5.2289376, 43.1978882], [5.2314462, 43.1986416], [5.2306686, 43.1994107], [5.2287864, 43.1991268]]], [[[5.2781082, 43.3634973], [5.283206, 43.3559723], [5.2822277, 43.3537075], [5.2870292, 43.355182], [5.2890108, 43.3576715], [5.2966563, 43.3570777], [5.3053487, 43.3601735], [5.3173233, 43.3564639], [5.3139796, 43.3544074], [5.3125533, 43.3551439], [5.3205519, 43.350065], [5.3183343, 43.3474739], [5.3395137, 43.3347951], [5.361231, 43.3088484], [5.3580031, 43.299426], [5.3528252, 43.29716], [5.3576662, 43.2991979], [5.362932, 43.2939299], [5.354032, 43.2946394], [5.354762, 43.2894414], [5.3493045, 43.2857027], [5.3513572, 43.2852585], [5.3487491, 43.2857503], [5.3495651, 43.2849975], [5.3485717, 43.2823069], [5.3470596, 43.2831278], [5.3455512, 43.2819273], [5.346032, 43.2809971], [5.3490834, 43.2804295], [5.3492849, 43.2797817], [5.3503099, 43.2805209], [5.3521212, 43.279747], [5.3532129, 43.2805034], [5.3531179, 43.2788825], [5.3617885, 43.2742954], [5.3610027, 43.2735], [5.3630853, 43.2705401], [5.3680712, 43.2686361], [5.3676495, 43.266126], [5.3688546, 43.2682778], [5.3711224, 43.2671291], [5.3712951, 43.2658139], [5.3686438, 43.2667415], [5.3678189, 43.2642787], [5.3682243, 43.2629734], [5.3704841, 43.2636953], [5.3704558, 43.2617487], [5.3724424, 43.2612024], [5.3715171, 43.2599337], [5.3756679, 43.2580915], [5.3747605, 43.255636], [5.3729207, 43.2558296], [5.3718909, 43.2543714], [5.3734632, 43.2548188], [5.3741468, 43.2531013], [5.3726418, 43.2531238], [5.3706426, 43.2516043], [5.3730919, 43.2515488], [5.3734696, 43.245987], [5.3700231, 43.2447274], [5.3695403, 43.2463151], [5.3678019, 43.2450077], [5.3636837, 43.2463261], [5.3618049, 43.2421999], [5.3623392, 43.2397413], [5.359578, 43.2355183], [5.3533249, 43.2322646], [5.3525848, 43.2334713], [5.3479031, 43.2295175], [5.3493908, 43.228862], [5.3475541, 43.2278175], [5.349086, 43.2275528], [5.3466014, 43.2262278], [5.348223, 43.2251846], [5.3461097, 43.2245692], [5.3448343, 43.2217792], [5.3463801, 43.215437], [5.3449053, 43.2170434], [5.3426626, 43.2167498], [5.3428081, 43.2147388], [5.3360795, 43.214964], [5.3370416, 43.2136398], [5.3447024, 43.2121446], [5.3471437, 43.212995], [5.3506065, 43.211186], [5.3527042, 43.2123694], [5.3535953, 43.2124932], [5.3521228, 43.2102644], [5.3570571, 43.2084172], [5.3615415, 43.2097085], [5.3638977, 43.2072845], [5.370316, 43.2076743], [5.3719841, 43.2096663], [5.3730488, 43.2084946], [5.3799257, 43.2106592], [5.3823949, 43.2095404], [5.3841362, 43.211152], [5.3838915, 43.2098463], [5.3876665, 43.2103989], [5.3894554, 43.2121491], [5.3978947, 43.213248], [5.3992109, 43.2121233], [5.4022579, 43.2140401], [5.4250205, 43.2039519], [5.4274529, 43.2035215], [5.425731, 43.2053425], [5.4266461, 43.2061276], [5.4215683, 43.2084894], [5.4201007, 43.2097762], [5.4208534, 43.2108005], [5.4233188, 43.2113866], [5.4266507, 43.2093944], [5.4280212, 43.2104469], [5.4360191, 43.2064706], [5.4397618, 43.207236], [5.4431906, 43.2044843], [5.4463959, 43.2055929], [5.4494178, 43.2025808], [5.4522052, 43.2030545], [5.4511693, 43.2011323], [5.4550064, 43.2028065], [5.4466514, 43.2077129], [5.4475234, 43.2089903], [5.4432961, 43.2128025], [5.4539668, 43.2093193], [5.454317, 43.2121029], [5.4586466, 43.2115498], [5.4644615, 43.2083925], [5.4689834, 43.2090767], [5.4707188, 43.207933], [5.4696748, 43.2063504], [5.4763104, 43.2043124], [5.4804883, 43.2043867], [5.480903, 43.2054124], [5.4831547, 43.2062665], [5.4904802, 43.2022057], [5.492865, 43.2038483], [5.4949678, 43.2025168], [5.4943353, 43.2005827], [5.5003324, 43.1971443], [5.5045039, 43.1987392], [5.499431, 43.2011323], [5.4984254, 43.2024816], [5.5068206, 43.1990825], [5.5108562, 43.2039223], [5.5090957, 43.200093], [5.5098469, 43.1977727], [5.5113675, 43.2058119], [5.5141937, 43.2080176], [5.517967, 43.2155613], [5.5116046, 43.2202231], [5.5104165, 43.2240855], [5.5067076, 43.2268317], [5.5068226, 43.2329931], [5.5098336, 43.2350748], [5.5231454, 43.2349058], [5.5260938, 43.2375502], [5.5191979, 43.2416073], [5.5196393, 43.2443496], [5.5132215, 43.2633792], [5.5148477, 43.2674732], [5.5105982, 43.2686188], [5.5058606, 43.2744669], [5.5059682, 43.2811944], [5.5046714, 43.2816973], [5.5051947, 43.2831798], [5.5112235, 43.2821317], [5.5129345, 43.2888912], [5.5184714, 43.2879754], [5.5228289, 43.2932551], [5.5280882, 43.2938314], [5.5283674, 43.2959439], [5.53206, 43.2982653], [5.5270284, 43.3089339], [5.5310923, 43.313027], [5.5227106, 43.3143918], [5.5211462, 43.3163644], [5.5227949, 43.3207635], [5.5142572, 43.3219206], [5.5085995, 43.3184038], [5.5018377, 43.3175991], [5.4999947, 43.3151623], [5.4874819, 43.3154875], [5.4811499, 43.3136744], [5.4752137, 43.3147238], [5.471868, 43.3171416], [5.4707985, 43.3199291], [5.4502837, 43.3390806], [5.4528187, 43.3471674], [5.4647046, 43.3600919], [5.4585834, 43.3718122], [5.4475386, 43.3870682], [5.4386256, 43.3909367], [5.435375, 43.3871472], [5.4244905, 43.3834125], [5.4115973, 43.3757109], [5.4056806, 43.3766383], [5.4010297, 43.373909], [5.3948887, 43.3743607], [5.391534, 43.3720107], [5.3863489, 43.3717713], [5.3854176, 43.3702054], [5.3822496, 43.3713545], [5.3798257, 43.3697487], [5.3731692, 43.3718078], [5.3759785, 43.3721881], [5.3780825, 43.3748385], [5.3781043, 43.3763858], [5.374456, 43.3780677], [5.3776733, 43.3796011], [5.3767334, 43.3836529], [5.3781029, 43.3849633], [5.374702, 43.3885486], [5.3684903, 43.3896402], [5.3504639, 43.3827235], [5.3552682, 43.3744793], [5.3442913, 43.3751698], [5.338091, 43.377155], [5.3322569, 43.3714633], [5.3271443, 43.3723733], [5.3218191, 43.3681732], [5.3185001, 43.3702957], [5.3191861, 43.3734323], [5.3170242, 43.3770206], [5.3130403, 43.3779616], [5.30929, 43.3820168], [5.303994, 43.3808803], [5.303119, 43.3859541], [5.2970186, 43.3890035], [5.2929274, 43.3851305], [5.2857856, 43.3843861], [5.2811226, 43.3802774], [5.2787835, 43.3804542], [5.2854461, 43.374312], [5.2796828, 43.3704439], [5.2781082, 43.3634973]]], [[[5.2861137, 43.2798811], [5.2859605, 43.2788227], [5.2876942, 43.2798029], [5.2861137, 43.2798811]]], [[[5.2857016, 43.2659326], [5.2882316, 43.2633411], [5.2873067, 43.2611149], [5.2902291, 43.2608601], [5.289396, 43.2626083], [5.2919043, 43.2623992], [5.2920293, 43.2648565], [5.2943098, 43.2645756], [5.2963929, 43.2671312], [5.2988795, 43.2668668], [5.2986639, 43.2682506], [5.303431, 43.2699649], [5.2994553, 43.2696007], [5.3013917, 43.2721338], [5.3084993, 43.2729282], [5.3119723, 43.2758], [5.3041829, 43.2764336], [5.3035943, 43.2787605], [5.307751, 43.2796041], [5.3088666, 43.2814617], [5.3130551, 43.2804045], [5.3110607, 43.278168], [5.3106829, 43.2771688], [5.3165729, 43.2823266], [5.315518, 43.284091], [5.3198858, 43.2827063], [5.3218783, 43.2838866], [5.3205623, 43.284795], [5.3240059, 43.286328], [5.3191831, 43.2860957], [5.318759, 43.2846938], [5.3167022, 43.2854432], [5.3177936, 43.2860018], [5.3169068, 43.2869568], [5.3127402, 43.2873773], [5.314171, 43.2849619], [5.3122503, 43.2842568], [5.305899, 43.2854184], [5.300165, 43.2843258], [5.3054315, 43.2818404], [5.2923565, 43.2807217], [5.2980689, 43.2783808], [5.3033417, 43.2801382], [5.3020789, 43.2792206], [5.3034818, 43.2761529], [5.3014965, 43.2753671], [5.3025942, 43.2744388], [5.3012802, 43.2734915], [5.3002931, 43.2740741], [5.300846, 43.2730025], [5.2972558, 43.2722103], [5.2954817, 43.2688963], [5.2921242, 43.267419], [5.2922176, 43.2689713], [5.290023, 43.2687215], [5.2901161, 43.2669962], [5.2857016, 43.2659326]]], [[[5.2858944, 43.263916], [5.2858999, 43.2638542], [5.2859179, 43.2638897], [5.2858944, 43.263916]]], [[[5.2860393, 43.2801574], [5.2861702, 43.2800116], [5.2861223, 43.2802006], [5.2860393, 43.2801574]]], [[[5.2927098, 43.2677883], [5.2925581, 43.2676646], [5.292743, 43.2677283], [5.2927098, 43.2677883]]], [[[5.2927647, 43.2823782], [5.2927264, 43.2821489], [5.2930347, 43.2824469], [5.2927647, 43.2823782]]], [[[5.2935163, 43.2813445], [5.2934899, 43.2812989], [5.2935099, 43.2812857], [5.2935163, 43.2813445]]], [[[5.293995, 43.2691717], [5.2939701, 43.2691428], [5.2940041, 43.2691115], [5.293995, 43.2691717]]], [[[5.2942782, 43.2695669], [5.294342, 43.269489], [5.2943772, 43.269589], [5.2942782, 43.2695669]]], [[[5.2944187, 43.2694472], [5.2944043, 43.2693832], [5.2944266, 43.2693751], [5.2944187, 43.2694472]]], [[[5.2944697, 43.2693298], [5.2945416, 43.2692752], [5.2944985, 43.269353], [5.2944697, 43.2693298]]], [[[5.294524, 43.2692217], [5.2945479, 43.2691938], [5.2945511, 43.269217], [5.294524, 43.2692217]]], [[[5.2947717, 43.2706094], [5.2949918, 43.2703743], [5.2949523, 43.2705691], [5.2947717, 43.2706094]]], [[[5.2976297, 43.2827604], [5.2975138, 43.282363], [5.2977523, 43.2827264], [5.2976297, 43.2827604]]], [[[5.2976192, 43.2823826], [5.2978414, 43.2821589], [5.2980683, 43.2822369], [5.2976192, 43.2823826]]], [[[5.2996658, 43.2821568], [5.2997781, 43.281915], [5.2999176, 43.2820933], [5.2996658, 43.2821568]]], [[[5.300356, 43.2751517], [5.3003842, 43.2751371], [5.3003854, 43.2751577], [5.300356, 43.2751517]]], [[[5.3021961, 43.2831495], [5.3021118, 43.2830767], [5.3022285, 43.2830883], [5.3021961, 43.2831495]]], [[[5.3243767, 43.2794557], [5.3267565, 43.2792343], [5.3279089, 43.2800736], [5.3245576, 43.2805143], [5.3243767, 43.2794557]]], [[[5.3250626, 43.2136964], [5.3274015, 43.2133328], [5.3281586, 43.2137385], [5.3255344, 43.214982], [5.3250626, 43.2136964]]], [[[5.3279308, 43.2803112], [5.3279541, 43.2802011], [5.328056, 43.2802754], [5.3279308, 43.2803112]]], [[[5.3283058, 43.2803708], [5.3283064, 43.2802037], [5.3284246, 43.2803524], [5.3283058, 43.2803708]]], [[[5.3285604, 43.2123332], [5.3383376, 43.2079344], [5.3401206, 43.2096528], [5.337998, 43.2128488], [5.3285604, 43.2123332]]], [[[5.3376385, 43.2072837], [5.3375565, 43.2071696], [5.3377293, 43.2072163], [5.3376385, 43.2072837]]], [[[5.3379111, 43.2076233], [5.3379697, 43.2074784], [5.3381002, 43.2075768], [5.3379111, 43.2076233]]], [[[5.3441508, 43.27784], [5.3441522, 43.2772293], [5.3447324, 43.2779178], [5.3441508, 43.27784]]], [[[5.3441134, 43.2796858], [5.3441898, 43.2791791], [5.3445197, 43.2790909], [5.3446582, 43.2786528], [5.3449009, 43.2786103], [5.3441134, 43.2796858]]], [[[5.3456426, 43.2915409], [5.3501699, 43.2891317], [5.3503738, 43.2892488], [5.3456426, 43.2915409]]], [[[5.3466259, 43.2840882], [5.3464974, 43.2836348], [5.346912, 43.2838853], [5.3466259, 43.2840882]]], [[[5.346628, 43.2836072], [5.3468418, 43.283599], [5.3468839, 43.2837202], [5.346628, 43.2836072]]], [[[5.3472667, 43.2836811], [5.3471699, 43.2835259], [5.3473861, 43.2835655], [5.3472667, 43.2836811]]], [[[5.3488745, 43.2801695], [5.3489292, 43.2800009], [5.3489399, 43.2802022], [5.3488745, 43.2801695]]], [[[5.3491549, 43.2845224], [5.3491402, 43.284423], [5.3491833, 43.2845317], [5.3491549, 43.2845224]]], [[[5.3504585, 43.2801989], [5.3503973, 43.280148], [5.3504471, 43.2801308], [5.3504585, 43.2801989]]], [[[5.3552149, 43.2011945], [5.3565989, 43.1996362], [5.3585433, 43.1994713], [5.3575375, 43.2013651], [5.3552149, 43.2011945]]], [[[5.3585691, 43.1992398], [5.3585807, 43.1991385], [5.3586266, 43.1991805], [5.3585691, 43.1992398]]], [[[5.3586078, 43.1996806], [5.361284, 43.1988141], [5.3617237, 43.1970536], [5.371707, 43.1938876], [5.3629422, 43.1999531], [5.3586078, 43.1996806]]], [[[5.3616114, 43.1970331], [5.361706, 43.1969326], [5.361711, 43.1970262], [5.3616114, 43.1970331]]], [[[5.3629902, 43.2071126], [5.362859, 43.2071068], [5.3629956, 43.2070714], [5.3629902, 43.2071126]]], [[[5.3686035, 43.1780464], [5.3687341, 43.177881], [5.3688039, 43.1779491], [5.3686035, 43.1780464]]], [[[5.3702873, 43.177013], [5.3701219, 43.1765995], [5.3707077, 43.1765232], [5.3702873, 43.177013]]], [[[5.3717198, 43.1794471], [5.372947, 43.1769482], [5.3815918, 43.1762511], [5.3813701, 43.1747287], [5.3864413, 43.1740048], [5.3847539, 43.1736633], [5.3864172, 43.1726128], [5.3986749, 43.1737631], [5.3959937, 43.1760248], [5.38639, 43.1792006], [5.3839327, 43.1785921], [5.3844994, 43.1794942], [5.3808566, 43.1807623], [5.3775991, 43.179295], [5.374875, 43.1795172], [5.3750495, 43.1782684], [5.3717198, 43.1794471]]], [[[5.3789946, 43.1805444], [5.3793277, 43.1801557], [5.379497, 43.1802868], [5.3789946, 43.1805444]]], [[[5.3801147, 43.1805484], [5.3801971, 43.1804833], [5.380337, 43.1805463], [5.3801147, 43.1805484]]], [[[5.380293, 43.1808854], [5.3802842, 43.1807188], [5.3803858, 43.1808045], [5.380293, 43.1808854]]], [[[5.3807204, 43.1808496], [5.3807156, 43.180758], [5.3807847, 43.180788], [5.3807204, 43.1808496]]], [[[5.3812661, 43.189721], [5.3870398, 43.1859538], [5.3916325, 43.1862559], [5.3843781, 43.188099], [5.3853225, 43.1891751], [5.3833684, 43.190366], [5.3812661, 43.189721]]], [[[5.3824156, 43.1906635], [5.3824977, 43.1905291], [5.3825652, 43.1906019], [5.3824156, 43.1906635]]], [[[5.3892707, 43.1847914], [5.3893808, 43.184645], [5.389432, 43.1846907], [5.3892707, 43.1847914]]], [[[5.3930799, 43.1728107], [5.3929957, 43.1726962], [5.3931368, 43.1727737], [5.3930799, 43.1728107]]], [[[5.3936608, 43.1715866], [5.3938264, 43.171411], [5.394035, 43.1716052], [5.3936608, 43.1715866]]], [[[5.394507, 43.1700662], [5.3946187, 43.1696228], [5.3949979, 43.1697334], [5.394507, 43.1700662]]], [[[5.3963672, 43.1791046], [5.3958374, 43.178757], [5.3967568, 43.1787511], [5.3963672, 43.1791046]]], [[[5.3970344, 43.2123074], [5.3973024, 43.2121296], [5.3974333, 43.2123942], [5.3970344, 43.2123074]]], [[[5.4009315, 43.1765981], [5.4004903, 43.1751722], [5.4026907, 43.1762641], [5.4009315, 43.1765981]]], [[[5.4549667, 43.2117658], [5.4551006, 43.2115863], [5.4551941, 43.2117087], [5.4549667, 43.2117658]]], [[[5.4561525, 43.2107727], [5.4568983, 43.210163], [5.457153, 43.2101647], [5.4561525, 43.2107727]]], [[[5.4602876, 43.210018], [5.4603935, 43.2097846], [5.4605016, 43.2099023], [5.4602876, 43.210018]]], [[[5.4811069, 43.2044353], [5.4809133, 43.2045181], [5.4810782, 43.2042229], [5.4811069, 43.2044353]]]]}}, {"type": "Feature", "properties": {"slug": "milan", "name": "Milan", "osmType": "relation", "osmId": 44915, "source": "OpenStreetMap via Nominatim", "licence": "ODbL 1.0", "simplifiedDegrees": 0.001}, "geometry": {"type": "Polygon", "coordinates": [[[9.0408867, 45.447447], [9.0541385, 45.444714], [9.0542328, 45.4397994], [9.057669, 45.4383888], [9.0610437, 45.4343924], [9.063184, 45.4354251], [9.0643884, 45.4332084], [9.0663474, 45.4357402], [9.06925, 45.4336591], [9.0728346, 45.433855], [9.0793509, 45.4384214], [9.0754439, 45.4425196], [9.0784869, 45.4442367], [9.0763645, 45.4482346], [9.077893, 45.4493695], [9.0766628, 45.4512966], [9.0778637, 45.4523597], [9.0816804, 45.4508737], [9.0878175, 45.4533588], [9.0931203, 45.4523945], [9.0989762, 45.4469535], [9.10103, 45.446996], [9.0998962, 45.4485851], [9.1030463, 45.4473616], [9.1094714, 45.4510293], [9.1135056, 45.4433553], [9.1151303, 45.4437698], [9.1207357, 45.4375122], [9.1212523, 45.4346383], [9.1265234, 45.4302565], [9.1276304, 45.4265109], [9.1320122, 45.4236965], [9.1302656, 45.4172915], [9.1330422, 45.4138557], [9.1378681, 45.4154186], [9.1361272, 45.4175053], [9.1386103, 45.4179038], [9.1393636, 45.4165312], [9.1448426, 45.4183611], [9.148115, 45.413888], [9.1519783, 45.4163338], [9.1526563, 45.4152095], [9.1545332, 45.4161371], [9.1591498, 45.4080893], [9.1568609, 45.4040437], [9.1580235, 45.4029701], [9.1560637, 45.4016897], [9.1643553, 45.4035526], [9.1668024, 45.4001544], [9.170646, 45.4028934], [9.1705671, 45.4007975], [9.1736234, 45.4007704], [9.1728984, 45.3945564], [9.1793656, 45.3933184], [9.1856087, 45.389896], [9.1863855, 45.3914987], [9.1908888, 45.392674], [9.1909845, 45.3884577], [9.1926593, 45.3867381], [9.1955356, 45.3872385], [9.2018026, 45.3915877], [9.1996699, 45.3947059], [9.2004825, 45.3975867], [9.2033928, 45.3975383], [9.2050918, 45.3932273], [9.2074452, 45.3926056], [9.2091235, 45.3929994], [9.209224, 45.3968482], [9.2188467, 45.3974684], [9.2164193, 45.4015361], [9.2167685, 45.4046372], [9.2188349, 45.4056864], [9.2181638, 45.4072827], [9.2230439, 45.4095776], [9.2265848, 45.4072555], [9.2375331, 45.4097531], [9.2404233, 45.4083398], [9.2434949, 45.4100129], [9.2425631, 45.4108736], [9.2439419, 45.4129265], [9.2465301, 45.4121307], [9.2506462, 45.4145536], [9.2403145, 45.4195448], [9.2469139, 45.4233668], [9.2541964, 45.4234712], [9.2518167, 45.4255668], [9.266397, 45.4350442], [9.2674358, 45.4496974], [9.2651925, 45.4512255], [9.2637211, 45.4553556], [9.2645128, 45.4574266], [9.2694945, 45.4581668], [9.2701925, 45.4605579], [9.2729072, 45.4606506], [9.2713508, 45.4665231], [9.2727753, 45.4681261], [9.2725846, 45.4725723], [9.2601607, 45.4713788], [9.2602956, 45.4765714], [9.2617639, 45.4765443], [9.261396, 45.4791421], [9.2646037, 45.4793306], [9.2647661, 45.4841081], [9.2588868, 45.484503], [9.2582716, 45.4897599], [9.2611004, 45.4904519], [9.2620341, 45.4949573], [9.2601561, 45.4998672], [9.2610255, 45.5044782], [9.2719488, 45.505525], [9.271245, 45.5018397], [9.2738089, 45.5018277], [9.2775649, 45.5033007], [9.2781103, 45.5051987], [9.272088, 45.5066326], [9.2712553, 45.5091706], [9.2687648, 45.5087643], [9.2687822, 45.5103396], [9.2671446, 45.5104459], [9.2681879, 45.5123876], [9.2686812, 45.5167719], [9.2685007, 45.5156994], [9.2621594, 45.5154277], [9.2605084, 45.5198307], [9.2587437, 45.5201228], [9.2572459, 45.5180964], [9.2545906, 45.5203889], [9.2343635, 45.5173444], [9.2309642, 45.523184], [9.2208744, 45.5237664], [9.2166313, 45.5271364], [9.2166829, 45.5293146], [9.2130521, 45.5301225], [9.2098786, 45.5282336], [9.20694, 45.5283695], [9.2070624, 45.5294314], [9.2013685, 45.5285774], [9.2009745, 45.5298743], [9.1970684, 45.5271043], [9.1957992, 45.5294333], [9.1946411, 45.5292328], [9.1952424, 45.5276745], [9.1893233, 45.526861], [9.1841982, 45.5333052], [9.1800965, 45.5352425], [9.1677081, 45.535725], [9.1585217, 45.533416], [9.1556452, 45.5287778], [9.156376, 45.5263666], [9.1525807, 45.5257822], [9.1515278, 45.5241319], [9.1511554, 45.5207615], [9.1538176, 45.5186202], [9.1515419, 45.5181007], [9.1483456, 45.518632], [9.1484837, 45.5218362], [9.1438521, 45.5226252], [9.1440799, 45.5215988], [9.1413122, 45.5219114], [9.1416462, 45.5205938], [9.1370607, 45.5199694], [9.1348014, 45.5209262], [9.1358338, 45.5242464], [9.130073, 45.5228264], [9.128601, 45.5251414], [9.1288971, 45.5230258], [9.1240179, 45.5227882], [9.1236083, 45.5206869], [9.1176738, 45.5215934], [9.1182717, 45.5190004], [9.109077, 45.5239693], [9.1029891, 45.5210227], [9.100855, 45.5260247], [9.0967281, 45.5267574], [9.0987554, 45.5271967], [9.0968382, 45.5292761], [9.1011295, 45.5290713], [9.0990041, 45.5320346], [9.0936449, 45.5294558], [9.0927622, 45.5264623], [9.0963721, 45.5239606], [9.0942993, 45.5228323], [9.0955584, 45.5216439], [9.0926999, 45.5204249], [9.0987666, 45.506549], [9.0952588, 45.507412], [9.0941345, 45.5058282], [9.0916066, 45.5070918], [9.0900966, 45.4988695], [9.0835853, 45.4974092], [9.0746818, 45.4980455], [9.0720978, 45.5052715], [9.0729724, 45.5060804], [9.0658277, 45.5051989], [9.0656212, 45.5036692], [9.0618889, 45.5023371], [9.0603193, 45.5045637], [9.0538495, 45.5048644], [9.0565671, 45.4976598], [9.0637072, 45.4927827], [9.0609249, 45.4915423], [9.0614422, 45.4890299], [9.0641776, 45.488443], [9.0626001, 45.4904181], [9.0639751, 45.490377], [9.0649213, 45.4884282], [9.0665907, 45.4885166], [9.0673168, 45.4867318], [9.0656615, 45.4861589], [9.0657143, 45.4831147], [9.0752523, 45.4774742], [9.0747338, 45.4743332], [9.0777629, 45.472081], [9.0728839, 45.4703272], [9.0757183, 45.4634472], [9.0692952, 45.4648136], [9.0744559, 45.4593683], [9.0745657, 45.4573394], [9.0701269, 45.458795], [9.0664056, 45.4637748], [9.053694, 45.4613206], [9.0498771, 45.464082], [9.0468394, 45.4627529], [9.0446368, 45.4661058], [9.0429556, 45.4654675], [9.042974, 45.4636887], [9.0473622, 45.4582477], [9.0503673, 45.4511291], [9.0408867, 45.447447]]]}}, {"type": "Feature", "properties": {"slug": "minsk", "name": "Minsk", "osmType": "relation", "osmId": 59195, "source": "OpenStreetMap via Nominatim", "licence": "ODbL 1.0", "simplifiedDegrees": 0.001}, "geometry": {"type": "MultiPolygon", "coordinates": [[[[27.3740176, 53.8720395], [27.382739, 53.8662248], [27.3966685, 53.8603938], [27.399822, 53.8605343], [27.399736, 53.8644436], [27.3966479, 53.8643299], [27.3966196, 53.8677023], [27.4222341, 53.8696052], [27.428955, 53.8563241], [27.4349083, 53.8505533], [27.4477536, 53.8448483], [27.4667221, 53.8425825], [27.4641063, 53.8385259], [27.4688227, 53.8356434], [27.4727736, 53.8376578], [27.4733781, 53.8357913], [27.4780056, 53.8362751], [27.4803165, 53.8405254], [27.481904, 53.8408016], [27.5296113, 53.8356012], [27.5331065, 53.833025], [27.5390449, 53.8345585], [27.5750023, 53.832427], [27.5799113, 53.8243286], [27.5702391, 53.8241101], [27.5745665, 53.8180614], [27.5707851, 53.8168494], [27.5745135, 53.8169995], [27.5862672, 53.800445], [27.587316, 53.802919], [27.5908338, 53.803701], [27.5931024, 53.800016], [27.588003, 53.7988209], [27.5898642, 53.793847], [27.5962173, 53.7951595], [27.5947273, 53.79785], [27.5987881, 53.7996719], [27.594319, 53.7987436], [27.5935418, 53.7999084], [27.5995676, 53.8012658], [27.5972786, 53.8048668], [27.5990601, 53.8057626], [27.5961041, 53.8068166], [27.5931716, 53.8114318], [27.5949049, 53.8135771], [27.5916048, 53.8166146], [27.5927009, 53.823897], [27.5886491, 53.825963], [27.5805439, 53.824265], [27.5760196, 53.8323347], [27.6004822, 53.8330372], [27.6007467, 53.8308502], [27.6020717, 53.8301876], [27.609488, 53.8302212], [27.6112089, 53.8310335], [27.6029794, 53.8303766], [27.6009967, 53.832744], [27.6459949, 53.8338982], [27.6584028, 53.8374852], [27.6678356, 53.8444369], [27.6763772, 53.8375705], [27.6789687, 53.8331321], [27.6756971, 53.8307117], [27.6612946, 53.8260157], [27.6622247, 53.8253069], [27.6551308, 53.8156556], [27.6566301, 53.8154432], [27.6616974, 53.8235925], [27.6672584, 53.8263871], [27.6691796, 53.8252294], [27.6656665, 53.8231642], [27.6732495, 53.8184199], [27.6761743, 53.8202317], [27.6803258, 53.8189267], [27.6702468, 53.8088484], [27.681896, 53.8058539], [27.6885919, 53.8048053], [27.6949423, 53.8064593], [27.7075435, 53.8157714], [27.7129791, 53.8178178], [27.7069504, 53.8221147], [27.7061421, 53.8251009], [27.6977221, 53.8310548], [27.7140023, 53.8278751], [27.7127652, 53.829634], [27.7149871, 53.8309246], [27.7139633, 53.8350161], [27.7173297, 53.8361204], [27.7173009, 53.8385393], [27.7210731, 53.8380146], [27.7231108, 53.8394142], [27.7556647, 53.8234884], [27.769757, 53.8254668], [27.773273, 53.824152], [27.7820163, 53.8245728], [27.7825305, 53.8356414], [27.7813495, 53.8373149], [27.7824924, 53.8389863], [27.797059, 53.8390383], [27.7954991, 53.8404171], [27.8055127, 53.8431544], [27.808292, 53.8433636], [27.8096215, 53.8418827], [27.8159196, 53.8446731], [27.8184363, 53.8548431], [27.8114698, 53.8548981], [27.7962344, 53.8596344], [27.7957942, 53.8637731], [27.7938838, 53.8656841], [27.7853018, 53.8677846], [27.7830162, 53.8656843], [27.7712706, 53.865716], [27.7514843, 53.8629621], [27.7542958, 53.8693996], [27.7744556, 53.8755785], [27.8288841, 53.8722616], [27.8490114, 53.8757587], [27.8490752, 53.8992799], [27.8411286, 53.8992821], [27.8407658, 53.9025231], [27.8342188, 53.9016089], [27.82956, 53.903445], [27.8226236, 53.8993286], [27.792806, 53.9005588], [27.785929, 53.8988065], [27.7755178, 53.898855], [27.7755354, 53.9015225], [27.7451378, 53.9136716], [27.752225, 53.9192949], [27.7427883, 53.9213854], [27.74914, 53.9298963], [27.7266159, 53.9250839], [27.7188974, 53.9267036], [27.7191281, 53.9282294], [27.7157861, 53.9308527], [27.7252354, 53.9311427], [27.7328781, 53.9333206], [27.7317692, 53.935333], [27.7352797, 53.9354609], [27.732789, 53.9405241], [27.7451738, 53.941036], [27.7397475, 53.9519552], [27.7438485, 53.9517575], [27.7463197, 53.9554513], [27.7443493, 53.9610878], [27.7386546, 53.9636982], [27.7245235, 53.9582747], [27.7190346, 53.9601246], [27.6926371, 53.9612214], [27.6921613, 53.9584384], [27.6862366, 53.9591057], [27.6851743, 53.9580355], [27.6864897, 53.9565108], [27.6897691, 53.9574648], [27.6905179, 53.9553322], [27.6725242, 53.9501512], [27.6702343, 53.9525265], [27.6641829, 53.9508307], [27.6622071, 53.9481697], [27.6642877, 53.946682], [27.6330096, 53.9578412], [27.6350133, 53.9592054], [27.6333416, 53.9600335], [27.6311995, 53.9585835], [27.6302219, 53.9589742], [27.6321289, 53.9616602], [27.6412079, 53.9637934], [27.6413096, 53.9668288], [27.6323004, 53.967661], [27.6331151, 53.9663024], [27.6311475, 53.9655063], [27.6332743, 53.9635172], [27.6357333, 53.9640065], [27.6312858, 53.9626738], [27.6320887, 53.9618581], [27.6242802, 53.9609604], [27.5951759, 53.9715527], [27.5076346, 53.9693486], [27.4693114, 53.9659746], [27.4596336, 53.9617371], [27.4460868, 53.9515812], [27.4405734, 53.9513421], [27.4421515, 53.9488868], [27.4388353, 53.9461906], [27.432149, 53.9457286], [27.4351928, 53.9434015], [27.4192141, 53.9289166], [27.4099823, 53.9131456], [27.4024441, 53.911595], [27.4083371, 53.9093142], [27.4068932, 53.9020275], [27.4056997, 53.9018753], [27.4113543, 53.8914909], [27.4020323, 53.8903242], [27.4026528, 53.8949019], [27.400251, 53.8981634], [27.4021212, 53.9023086], [27.398796, 53.9033083], [27.3972352, 53.9018237], [27.3995171, 53.901092], [27.3997557, 53.895931], [27.4015133, 53.8945884], [27.4012447, 53.8907933], [27.3990905, 53.8889943], [27.4031046, 53.8858097], [27.4109196, 53.8858222], [27.4124704, 53.8867263], [27.4102764, 53.8909684], [27.4115706, 53.891272], [27.4171494, 53.8796825], [27.4127115, 53.8789153], [27.4114494, 53.882054], [27.4085299, 53.8820501], [27.4085359, 53.8804904], [27.3996806, 53.8816187], [27.3987384, 53.874718], [27.3947856, 53.8747123], [27.3947792, 53.8762396], [27.3861105, 53.8762332], [27.3861168, 53.8741105], [27.383161, 53.8730827], [27.3740176, 53.8720395]], [[27.4087766, 53.8739958], [27.4139426, 53.8739698], [27.4125978, 53.8768614], [27.4185059, 53.8768752], [27.4210231, 53.8720503], [27.4109381, 53.8721138], [27.4088045, 53.8725702], [27.4087766, 53.8739958]], [[27.4660126, 53.8389148], [27.4746536, 53.8414807], [27.477459, 53.8411785], [27.4695075, 53.8379014], [27.4660126, 53.8389148]], [[27.6722386, 53.8099766], [27.6748467, 53.812611], [27.6821071, 53.8106058], [27.6834153, 53.8116393], [27.6893661, 53.8092173], [27.6948481, 53.8140648], [27.7021874, 53.8177825], [27.7010705, 53.8170978], [27.7028737, 53.8158175], [27.7062743, 53.815675], [27.6954987, 53.8073855], [27.6893189, 53.8052124], [27.6749637, 53.8079493], [27.6722386, 53.8099766]], [[27.6843076, 53.8613846], [27.6957427, 53.8745363], [27.6980111, 53.8735772], [27.7099429, 53.8760261], [27.7122933, 53.8753355], [27.7110449, 53.8728295], [27.714977, 53.8731786], [27.7179866, 53.8698811], [27.7287842, 53.8733684], [27.7363638, 53.86492], [27.7306903, 53.8480561], [27.7301304, 53.8448918], [27.7319269, 53.843788], [27.7264559, 53.838365], [27.7101101, 53.8462361], [27.7103309, 53.8476264], [27.7066771, 53.8480071], [27.6855165, 53.8583346], [27.6843076, 53.8613846]], [[27.7024014, 53.8176521], [27.7040335, 53.8186537], [27.7060952, 53.8173605], [27.7041194, 53.8163779], [27.7024014, 53.8176521]], [[27.7280541, 53.8874891], [27.7315198, 53.8884058], [27.7374393, 53.8937472], [27.7460375, 53.8971683], [27.7621421, 53.8968139], [27.7711965, 53.8945056], [27.77835, 53.8903692], [27.7641781, 53.887298], [27.7634583, 53.8844813], [27.7652078, 53.8816569], [27.7601659, 53.8810372], [27.7545866, 53.8845664], [27.7301479, 53.88612], [27.7303077, 53.8874751], [27.7280541, 53.8874891]]], [[[27.8797495, 53.8746897], [27.8868324, 53.8699324], [27.8958883, 53.8695303], [27.8967104, 53.8714676], [27.9057408, 53.8703976], [27.9062775, 53.873034], [27.9083805, 53.8728164], [27.9081326, 53.8717014], [27.9181042, 53.8746758], [27.9165042, 53.8769685], [27.9101579, 53.8780834], [27.9093494, 53.8856124], [27.9040064, 53.88627], [27.9032341, 53.8877846], [27.894433, 53.8868061], [27.8887304, 53.8819191], [27.8895637, 53.8771161], [27.8797495, 53.8746897]]], [[[27.9998506, 53.9010734], [28.0011268, 53.8988343], [28.0203854, 53.8858144], [28.0171215, 53.8840602], [28.0219681, 53.8814379], [28.0254359, 53.8823347], [28.05719, 53.8623648], [28.0607636, 53.8643558], [28.0573478, 53.8691155], [28.058178, 53.8709022], [28.0619031, 53.8702287], [28.0707223, 53.8737217], [28.0758733, 53.8727012], [28.0799469, 53.8741918], [28.076124, 53.8768716], [28.0790029, 53.8781056], [28.0773239, 53.8793998], [28.0103165, 53.9242331], [28.0061748, 53.9219885], [28.0203532, 53.9127212], [27.9998506, 53.9010734]]]]}}, {"type": "Feature", "properties": {"slug": "monaco", "name": "Monaco", "osmType": "relation", "osmId": 1124039, "source": "OpenStreetMap via Nominatim", "licence": "ODbL 1.0", "simplifiedDegrees": 0.001}, "geometry": {"type": "Polygon", "coordinates": [[[7.4090279, 43.7295783], [7.4185234, 43.7247599], [7.5002447, 43.5165358], [7.5329917, 43.5368308], [7.4524351, 43.742195], [7.438446, 43.7493826], [7.4386746, 43.7512457], [7.436885, 43.7519173], [7.4359783, 43.7499924], [7.4306408, 43.7490241], [7.4245108, 43.7408544], [7.4222221, 43.7414143], [7.4127007, 43.7346954], [7.4129057, 43.7316907], [7.4090279, 43.7295783]]]}}, {"type": "Feature", "properties": {"slug": "montpellier", "name": "Montpellier", "osmType": "relation", "osmId": 28722, "source": "OpenStreetMap via Nominatim", "licence": "ODbL 1.0", "simplifiedDegrees": 0.001}, "geometry": {"type": "Polygon", "coordinates": [[[3.8070597, 43.6346491], [3.8129662, 43.634337], [3.8162428, 43.6313157], [3.8156173, 43.6289548], [3.8074907, 43.6224857], [3.8108917, 43.6218657], [3.8153841, 43.6177448], [3.8197018, 43.6087338], [3.8195432, 43.6058835], [3.816441, 43.6026273], [3.8180544, 43.5989253], [3.8202176, 43.5977747], [3.8180047, 43.5962618], [3.8185243, 43.5946043], [3.816346, 43.5912906], [3.8285815, 43.592699], [3.8362173, 43.5952404], [3.8425219, 43.5875751], [3.8482535, 43.5841199], [3.8605605, 43.5667083], [3.8676555, 43.5749015], [3.9057467, 43.5916159], [3.9163823, 43.5916543], [3.9374168, 43.5950033], [3.9413208, 43.5977313], [3.9354396, 43.6062741], [3.9393292, 43.6136458], [3.939606, 43.6194344], [3.9374992, 43.6208554], [3.9356035, 43.6275568], [3.933055, 43.6289564], [3.9206098, 43.6184106], [3.9097551, 43.622111], [3.8970321, 43.6223583], [3.8976462, 43.6265913], [3.8952333, 43.6276304], [3.8922148, 43.6335211], [3.8894351, 43.6341006], [3.893343, 43.638203], [3.8929336, 43.6410383], [3.8897899, 43.6414352], [3.8902666, 43.6435411], [3.8865754, 43.6439446], [3.8790183, 43.6492629], [3.8685545, 43.6477282], [3.8569068, 43.653358], [3.8546754, 43.6510617], [3.8514399, 43.6514741], [3.8483262, 43.6485428], [3.841208, 43.6476587], [3.8387565, 43.650492], [3.8356523, 43.6455768], [3.8356123, 43.6425485], [3.831017, 43.6439496], [3.8287384, 43.6403244], [3.8244378, 43.6381141], [3.8240936, 43.6400489], [3.8202297, 43.6417409], [3.8243131, 43.6428977], [3.8183796, 43.6441002], [3.8075708, 43.6399775], [3.8084164, 43.6359969], [3.8070597, 43.6346491]]]}}, {"type": "Feature", "properties": {"slug": "moscow", "name": "Moscow", "osmType": "relation", "osmId": 102269, "source": "OpenStreetMap via Nominatim", "licence": "ODbL 1.0", "simplifiedDegrees": 0.001}, "geometry": {"type": "MultiPolygon", "coordinates": [[[[36.8031012, 55.4408329], [36.8113604, 55.436299], [36.8191279, 55.426764], [36.8219237, 55.4292788], [36.8282363, 55.4286426], [36.8211988, 55.4252289], [36.8258145, 55.4214344], [36.8420879, 55.4186994], [36.8342961, 55.4139868], [36.8618745, 55.4010347], [36.8482657, 55.3920817], [36.8628646, 55.3848405], [36.8557881, 55.3805025], [36.9040847, 55.3570066], [36.9029439, 55.3556966], [36.9155903, 55.3540829], [36.9162405, 55.3507965], [36.936134, 55.3412569], [36.9368876, 55.3365924], [36.9391706, 55.3366222], [36.9422175, 55.3325707], [36.9466292, 55.3306699], [36.94473, 55.3293694], [36.9604066, 55.3219045], [36.9636827, 55.3240984], [36.9864415, 55.3155888], [36.9883868, 55.3083172], [36.9846594, 55.301825], [36.9873663, 55.299957], [36.9838119, 55.296971], [36.9927361, 55.2927428], [36.9933511, 55.2910392], [36.9977408, 55.2915579], [37.0025673, 55.2890093], [37.0216065, 55.2887924], [37.021409, 55.2844293], [37.0259868, 55.2843746], [37.0260365, 55.2830207], [37.0212593, 55.2819784], [36.9867967, 55.2763316], [36.9834123, 55.2681383], [36.9804835, 55.2690665], [36.9750672, 55.2662075], [36.9619392, 55.2673536], [36.9525171, 55.2648355], [36.9571023, 55.2607625], [36.9490731, 55.2572346], [36.9477649, 55.2497062], [36.9526161, 55.2492727], [36.9514323, 55.2456509], [36.9427793, 55.2474012], [36.9433328, 55.2447825], [36.9372604, 55.2416096], [36.9494394, 55.2402372], [36.9488563, 55.2343118], [36.9458295, 55.2307229], [36.9496407, 55.2246956], [36.9458962, 55.2228045], [36.9484587, 55.2203112], [36.9470709, 55.2185131], [36.9572593, 55.2166115], [36.9622748, 55.2141413], [36.9621872, 55.2125713], [36.9650317, 55.21207], [36.9616364, 55.2089772], [36.9663044, 55.2053499], [36.9670967, 55.1997366], [36.9757102, 55.1895425], [36.9810681, 55.186116], [36.9826115, 55.1804662], [36.991471, 55.1828603], [36.9971734, 55.1801419], [37.0012075, 55.1815111], [37.0065509, 55.1806037], [37.0103878, 55.1833315], [37.0197139, 55.1829503], [37.0142189, 55.1773], [37.0180939, 55.1772688], [37.0198904, 55.1611199], [37.0152269, 55.1599986], [37.0274341, 55.1526132], [37.0279371, 55.1501468], [37.0378396, 55.1460157], [37.0392054, 55.1425215], [37.064748, 55.1442772], [37.0643935, 55.147119], [37.1112104, 55.149187], [37.1105834, 55.1541636], [37.1420798, 55.1556758], [37.1407765, 55.1643778], [37.1563181, 55.1647621], [37.1571762, 55.1617451], [37.1620628, 55.1647183], [37.169879, 55.1643393], [37.1713388, 55.1654708], [37.1672809, 55.1854214], [37.1733621, 55.1916136], [37.1744385, 55.1950437], [37.1688774, 55.1946373], [37.1666677, 55.2114437], [37.167991, 55.2116104], [37.1695854, 55.2157646], [37.1662744, 55.2161455], [37.1633611, 55.2315787], [37.1715136, 55.2313471], [37.1848703, 55.2368846], [37.1939404, 55.2348099], [37.2049599, 55.2417049], [37.2011838, 55.2443623], [37.2059444, 55.2494691], [37.2078402, 55.2491025], [37.2142064, 55.2526908], [37.2190046, 55.2531095], [37.2342665, 55.2479159], [37.233157, 55.245576], [37.2355324, 55.2443924], [37.2347826, 55.2427651], [37.2455159, 55.2392653], [37.2474556, 55.2419298], [37.2512725, 55.2399967], [37.2701554, 55.2404862], [37.2744925, 55.2446116], [37.2768652, 55.2515818], [37.2678845, 55.2564651], [37.2715607, 55.2588241], [37.291024, 55.2485853], [37.2944596, 55.2423799], [37.3029831, 55.2429011], [37.3069924, 55.2401223], [37.3049981, 55.2358075], [37.306662, 55.2316975], [37.2999211, 55.2306084], [37.3008467, 55.2245258], [37.3169676, 55.2207156], [37.3166632, 55.2282851], [37.3333916, 55.2286723], [37.3344099, 55.2380419], [37.3532432, 55.2388534], [37.4053152, 55.2505764], [37.4109072, 55.2787407], [37.4154462, 55.286497], [37.4152262, 55.2900262], [37.4179872, 55.2912782], [37.409719, 55.2901725], [37.4085699, 55.2919091], [37.41323, 55.2935885], [37.4108982, 55.2962582], [37.4028638, 55.2965262], [37.404074, 55.3004863], [37.3994496, 55.3016912], [37.392513, 55.2995215], [37.389964, 55.3025414], [37.3950736, 55.3080662], [37.3827304, 55.3167873], [37.395524, 55.3149424], [37.3966906, 55.3160378], [37.4097827, 55.309415], [37.4146471, 55.311858], [37.4221271, 55.3115196], [37.4278176, 55.3147269], [37.4249141, 55.3172176], [37.4247546, 55.3224923], [37.4208414, 55.3289206], [37.4079148, 55.3338205], [37.4051145, 55.3365341], [37.4142545, 55.3412899], [37.422863, 55.3432068], [37.419933, 55.3513156], [37.4430878, 55.3529225], [37.4275721, 55.3646524], [37.4301001, 55.3647014], [37.4314132, 55.3671481], [37.4293322, 55.3688048], [37.4342001, 55.3700291], [37.4353002, 55.3727901], [37.4382338, 55.3745455], [37.4451276, 55.3750456], [37.4471078, 55.3811656], [37.4543213, 55.3799374], [37.4568148, 55.3739786], [37.4621777, 55.3676752], [37.4654688, 55.369186], [37.4675039, 55.3712907], [37.4644879, 55.3766404], [37.4692698, 55.3798179], [37.4639283, 55.3882286], [37.4705403, 55.3900254], [37.4639932, 55.3980216], [37.4685178, 55.3990376], [37.4613095, 55.3994057], [37.4609465, 55.40157], [37.4633838, 55.4026522], [37.4620614, 55.4048679], [37.4689586, 55.4067817], [37.4655875, 55.4090158], [37.4672927, 55.4125651], [37.4561268, 55.4122945], [37.4523819, 55.4133069], [37.4503189, 55.4156612], [37.443536, 55.413182], [37.4369281, 55.4138807], [37.4361026, 55.4152643], [37.4392823, 55.4185887], [37.4388367, 55.4203019], [37.4354048, 55.420764], [37.4348987, 55.4191064], [37.4332369, 55.4191733], [37.432456, 55.4232928], [37.4269782, 55.4253606], [37.4335436, 55.4267923], [37.4302935, 55.4290124], [37.4249751, 55.4266027], [37.426521, 55.4323914], [37.3866836, 55.4344334], [37.3865229, 55.4384364], [37.3914808, 55.4377533], [37.4000303, 55.4443934], [37.3989863, 55.4454482], [37.3948177, 55.4424419], [37.3907715, 55.441942], [37.3893875, 55.4421428], [37.390163, 55.444124], [37.387714, 55.4463702], [37.3735957, 55.4453994], [37.3713843, 55.4478643], [37.3727168, 55.4499159], [37.3786694, 55.4521101], [37.3844749, 55.4512963], [37.3879022, 55.4535718], [37.3836378, 55.4570306], [37.3887682, 55.4571004], [37.3942065, 55.4631642], [37.3910316, 55.4666742], [37.3945731, 55.4690068], [37.4027853, 55.4684995], [37.4003774, 55.4669892], [37.4112571, 55.4629321], [37.4122044, 55.4656282], [37.4196233, 55.4687008], [37.429091, 55.4694207], [37.429736, 55.4717742], [37.4262247, 55.475893], [37.4345242, 55.4768387], [37.4464698, 55.4820796], [37.4496746, 55.4801239], [37.4476133, 55.4751068], [37.4520502, 55.4725548], [37.4570119, 55.4727569], [37.4600779, 55.4702088], [37.4646724, 55.4708569], [37.4642182, 55.4684469], [37.4585142, 55.4679137], [37.4579022, 55.4656842], [37.4653222, 55.4648329], [37.4740837, 55.461277], [37.4773275, 55.4616609], [37.4842097, 55.4583028], [37.4899346, 55.4608869], [37.4967152, 55.4591398], [37.492149, 55.4561663], [37.4985348, 55.4500383], [37.4857718, 55.4468986], [37.4994875, 55.4413729], [37.5030414, 55.437886], [37.5134813, 55.4359233], [37.5293944, 55.4358453], [37.5383916, 55.4374857], [37.5358069, 55.4392485], [37.5347712, 55.4449509], [37.5315207, 55.4469073], [37.5316055, 55.4517498], [37.5327639, 55.4536847], [37.5366617, 55.4533485], [37.5368187, 55.4547761], [37.5443163, 55.4578625], [37.5480083, 55.4568969], [37.5478605, 55.4598497], [37.5459199, 55.4597185], [37.5475792, 55.4616789], [37.5459091, 55.4615658], [37.5470935, 55.4645853], [37.5456016, 55.4648502], [37.5447501, 55.4726458], [37.5608448, 55.4733871], [37.5654849, 55.487418], [37.578667, 55.4866923], [37.5777803, 55.4837651], [37.5798005, 55.4836784], [37.5870275, 55.4867217], [37.5837123, 55.4876748], [37.5859645, 55.489054], [37.5818913, 55.4920181], [37.5833567, 55.4935768], [37.5950843, 55.4887276], [37.601931, 55.4892832], [37.6046793, 55.4916699], [37.6064915, 55.4882986], [37.6113541, 55.4896351], [37.6110248, 55.4914069], [37.6073946, 55.4918154], [37.610417, 55.4932414], [37.6091037, 55.500877], [37.6056731, 55.501871], [37.6089293, 55.5024075], [37.6080963, 55.509844], [37.6021162, 55.5104561], [37.6047679, 55.5125038], [37.603814, 55.5130378], [37.6008921, 55.5109247], [37.5980226, 55.5147069], [37.5918282, 55.5124933], [37.5784455, 55.5216802], [37.589454, 55.557683], [37.6035767, 55.5645916], [37.5981943, 55.5726662], [37.5984891, 55.5744262], [37.6003203, 55.5753745], [37.664279, 55.5716295], [37.6851823, 55.5741203], [37.6909246, 55.5723191], [37.6925643, 55.5771246], [37.7263489, 55.5900666], [37.7321735, 55.5887973], [37.733529, 55.5929779], [37.7538314, 55.6015974], [37.7800723, 55.6158902], [37.7869299, 55.6166549], [37.7837364, 55.618106], [37.7958476, 55.6242264], [37.818332, 55.6392096], [37.8235106, 55.6396749], [37.8226572, 55.6416176], [37.8351163, 55.6502424], [37.8390998, 55.6554662], [37.8411397, 55.6551916], [37.8416266, 55.6578452], [37.840133, 55.6582724], [37.8395998, 55.6640071], [37.8325244, 55.6836508], [37.8368553, 55.684258], [37.8568896, 55.6757013], [37.864792, 55.6873501], [37.8600053, 55.6910309], [37.8640933, 55.6936883], [37.8561665, 55.6987648], [37.858176, 55.7012543], [37.8715322, 55.6952975], [37.8869711, 55.7052153], [37.9070118, 55.7069911], [37.9073625, 55.7046228], [37.9114697, 55.7047888], [37.913525, 55.7021999], [37.9134366, 55.6978652], [37.9151667, 55.6970473], [37.9189383, 55.6994252], [37.924743, 55.6970422], [37.9266095, 55.6982211], [37.9398067, 55.6980146], [37.939877, 55.696504], [37.9282528, 55.6949993], [37.9231927, 55.6892714], [37.9186031, 55.68826], [37.9132908, 55.6833168], [37.9137928, 55.6816045], [37.9189453, 55.6805191], [37.9204717, 55.676143], [37.9633779, 55.673656], [37.9613556, 55.6756369], [37.9644024, 55.6798146], [37.9628732, 55.6856636], [37.9647713, 55.6861743], [37.9611844, 55.6890271], [37.9578801, 55.6894508], [37.9602039, 55.692774], [37.9575785, 55.6938492], [37.9539295, 55.692726], [37.9556123, 55.6945131], [37.9508767, 55.6961866], [37.9486602, 55.6950725], [37.9447161, 55.6971238], [37.9466318, 55.7000094], [37.9533496, 55.7006091], [37.9542086, 55.7027752], [37.9570098, 55.7008737], [37.9597448, 55.7045084], [37.947302, 55.7085965], [37.9496668, 55.7113411], [37.964077, 55.7093106], [37.9667063, 55.7104986], [37.9598592, 55.7140911], [37.9674277, 55.716249], [37.9584742, 55.7176168], [37.9555126, 55.720222], [37.9474751, 55.7200604], [37.9426104, 55.7220519], [37.9376089, 55.726887], [37.9235854, 55.7312255], [37.9180394, 55.7306219], [37.9150477, 55.7269838], [37.9077903, 55.724506], [37.9028954, 55.7253249], [37.8906332, 55.722309], [37.8898505, 55.7237012], [37.8854775, 55.7241916], [37.8841562, 55.7233962], [37.8871291, 55.721653], [37.8869204, 55.7202606], [37.8824863, 55.7190029], [37.8765345, 55.7204709], [37.8761077, 55.7233852], [37.8724504, 55.723377], [37.8702706, 55.7265861], [37.8734123, 55.7296476], [37.864238, 55.7347168], [37.8684891, 55.7372895], [37.8780087, 55.7378695], [37.8807532, 55.7425041], [37.8909533, 55.7421946], [37.8882457, 55.7484642], [37.8825409, 55.7493396], [37.8605434, 55.7452434], [37.8468046, 55.7445871], [37.8426549, 55.7467345], [37.8434979, 55.7669072], [37.8459341, 55.7686145], [37.8434007, 55.7747346], [37.8506765, 55.7785667], [37.8431377, 55.7792395], [37.839762, 55.8116247], [37.8437616, 55.8147738], [37.8391745, 55.8162615], [37.8360495, 55.8242232], [37.8297437, 55.8305581], [37.8273855, 55.8305991], [37.730375, 55.8806067], [37.7292909, 55.8820464], [37.7315551, 55.8856186], [37.7243624, 55.8838019], [37.7071883, 55.8923311], [37.6987201, 55.894336], [37.6769548, 55.8954621], [37.6726695, 55.8978367], [37.6691834, 55.8956784], [37.6632928, 55.8959169], [37.6292697, 55.8999289], [37.5931529, 55.9089479], [37.5903936, 55.9115316], [37.5912017, 55.9135942], [37.587256, 55.9104216], [37.5741491, 55.9112732], [37.5559156, 55.9092832], [37.5613846, 55.9280589], [37.5609557, 55.9322714], [37.5659213, 55.933349], [37.5665274, 55.9364735], [37.5702148, 55.9364521], [37.5700906, 55.9409267], [37.5645841, 55.9414007], [37.5624642, 55.9510736], [37.5794223, 55.9494679], [37.5791196, 55.9536733], [37.580707, 55.9539887], [37.5747378, 55.9561865], [37.5744299, 55.9577717], [37.5551537, 55.951529], [37.555104, 55.9535347], [37.5516576, 55.953631], [37.5518937, 55.951221], [37.5485507, 55.9511581], [37.5469335, 55.9542957], [37.5374401, 55.9528431], [37.5435935, 55.9428103], [37.530555, 55.9435748], [37.5192349, 55.9419381], [37.5363206, 55.9075674], [37.5244518, 55.9049172], [37.4859353, 55.8883988], [37.4835978, 55.8906504], [37.4823164, 55.8883802], [37.4759345, 55.8858645], [37.4628321, 55.8832171], [37.4477311, 55.8827967], [37.4424188, 55.8841651], [37.4404745, 55.8808216], [37.4266635, 55.8774643], [37.4094205, 55.8806876], [37.4093978, 55.8849173], [37.4042239, 55.8875213], [37.4041816, 55.8920695], [37.3992913, 55.9007554], [37.3913797, 55.9024645], [37.3899171, 55.9043205], [37.3900178, 55.9128443], [37.398713, 55.9166177], [37.3949359, 55.9193292], [37.3943312, 55.9226576], [37.3968464, 55.9261701], [37.4084134, 55.9241346], [37.4106248, 55.925248], [37.4077466, 55.9290304], [37.4101679, 55.9319133], [37.4076688, 55.9346914], [37.4066636, 55.939028], [37.4103667, 55.945258], [37.4208886, 55.9471995], [37.4207076, 55.9497164], [37.4224581, 55.9513146], [37.4161184, 55.9543974], [37.4113789, 55.953187], [37.4097233, 55.9542052], [37.4074765, 55.9533538], [37.4086411, 55.9527676], [37.4073959, 55.9513294], [37.3932094, 55.9486359], [37.3916139, 55.9500301], [37.3927919, 55.9522727], [37.3847345, 55.9532037], [37.3815823, 55.9507932], [37.3752549, 55.9535925], [37.3762313, 55.9554425], [37.3719719, 55.9561382], [37.358211, 55.9556423], [37.3592083, 55.9547835], [37.3581766, 55.9534769], [37.3560009, 55.9535438], [37.3534926, 55.9511259], [37.3464338, 55.953622], [37.3495832, 55.9572896], [37.3415703, 55.9568281], [37.3350259, 55.9535891], [37.3364424, 55.9507148], [37.3405276, 55.9462664], [37.3540987, 55.9389069], [37.3495479, 55.9366301], [37.3432683, 55.9389578], [37.3358152, 55.9357439], [37.3363011, 55.9347823], [37.3313205, 55.9338701], [37.3398343, 55.9307309], [37.3435269, 55.9266406], [37.3437067, 55.9241832], [37.3564628, 55.9299543], [37.377823, 55.9211143], [37.3717351, 55.9196431], [37.3660258, 55.9153807], [37.3698614, 55.9081959], [37.3662836, 55.9067026], [37.3706763, 55.9036305], [37.3617712, 55.9014555], [37.3676335, 55.8980386], [37.3655227, 55.8966179], [37.365638, 55.8947333], [37.3741352, 55.8950696], [37.3773568, 55.8927083], [37.3730104, 55.8912318], [37.3725592, 55.8876481], [37.3747747, 55.8869266], [37.3712548, 55.8833523], [37.3821655, 55.8778687], [37.404035, 55.8759958], [37.411428, 55.8709576], [37.4016622, 55.8644698], [37.3945561, 55.8544023], [37.3899694, 55.8541642], [37.3871672, 55.8558609], [37.3798725, 55.8534722], [37.3749347, 55.8551704], [37.3765154, 55.8581766], [37.3800303, 55.8594722], [37.3781735, 55.8619917], [37.3797707, 55.8632944], [37.3774496, 55.8647195], [37.3794062, 55.8673525], [37.3774889, 55.8683619], [37.3628222, 55.8676471], [37.3578908, 55.8642649], [37.3458799, 55.8629437], [37.3406337, 55.8580491], [37.3404435, 55.8515384], [37.3371557, 55.8481635], [37.3320767, 55.8462996], [37.3490019, 55.8437918], [37.3474647, 55.8406036], [37.3406559, 55.840255], [37.3403714, 55.8390079], [37.3450013, 55.8364662], [37.341868, 55.8341905], [37.3487294, 55.8322171], [37.3485673, 55.8290754], [37.3448235, 55.826067], [37.3497145, 55.8263737], [37.3515886, 55.8243916], [37.3491556, 55.8222253], [37.3523121, 55.8212845], [37.3563725, 55.8226601], [37.3540129, 55.8263994], [37.3568826, 55.8265268], [37.3589247, 55.8228877], [37.3622219, 55.8221992], [37.3689161, 55.8280237], [37.3799375, 55.8306661], [37.3939187, 55.829862], [37.3878905, 55.8097622], [37.3807281, 55.8096574], [37.3774474, 55.8126881], [37.3738627, 55.8125917], [37.3717466, 55.8092419], [37.3729467, 55.8087717], [37.3720858, 55.8033929], [37.3735617, 55.8029868], [37.376167, 55.805729], [37.3785716, 55.80568], [37.3778959, 55.8076942], [37.3793519, 55.8091719], [37.3860556, 55.8088709], [37.3867855, 55.8069524], [37.3744812, 55.7923635], [37.36724, 55.7903819], [37.3683562, 55.7899745], [37.3700515, 55.7887771], [37.3705437, 55.7883226], [37.370622, 55.7877908], [37.3688249, 55.7727246], [37.3652599, 55.771728], [37.3686444, 55.76869], [37.3656124, 55.7644124], [37.367905, 55.7641355], [37.368489, 55.7625565], [37.3689477, 55.745982], [37.3745176, 55.7343246], [37.3739824, 55.7325129], [37.3757427, 55.7318875], [37.3792684, 55.7250186], [37.378454, 55.7233384], [37.3811235, 55.7213834], [37.3843099, 55.7151659], [37.381352, 55.7130943], [37.386661, 55.7111475], [37.3924774, 55.7059193], [37.3879413, 55.7043201], [37.3904837, 55.7024365], [37.3886458, 55.7007934], [37.3921625, 55.6984232], [37.3854471, 55.6969691], [37.382014, 55.6985367], [37.3781937, 55.6968433], [37.3767396, 55.7106743], [37.3644213, 55.7089047], [37.3693474, 55.7084951], [37.3661551, 55.7070035], [37.368481, 55.7036899], [37.3709402, 55.7036925], [37.365914, 55.7029208], [37.3646683, 55.701862], [37.365595, 55.7009431], [37.3633127, 55.7018251], [37.3633195, 55.7007325], [37.355769, 55.6994601], [37.3531138, 55.7017954], [37.3560893, 55.7047715], [37.3514621, 55.7022513], [37.3518141, 55.7001658], [37.347376, 55.6976493], [37.3449652, 55.6983969], [37.3423737, 55.6932191], [37.3438553, 55.6892225], [37.3385424, 55.6872882], [37.3376329, 55.6935156], [37.3294276, 55.6857865], [37.3339095, 55.6842], [37.3348271, 55.6824529], [37.3325117, 55.6829408], [37.3309701, 55.6815531], [37.3268711, 55.6829631], [37.3292925, 55.6856526], [37.3262279, 55.68276], [37.3460859, 55.6762989], [37.3489862, 55.678562], [37.3542991, 55.6763211], [37.3611, 55.6820978], [37.3550715, 55.6855232], [37.357973, 55.6917385], [37.3610831, 55.6900911], [37.3596676, 55.6890355], [37.3639508, 55.6877694], [37.3633645, 55.6899639], [37.3679036, 55.6917278], [37.372858, 55.6910665], [37.371502, 55.6900401], [37.3748651, 55.6889363], [37.3901959, 55.6967759], [37.3936964, 55.6948131], [37.3943217, 55.6963587], [37.3966154, 55.696523], [37.3952772, 55.6989981], [37.3968641, 55.6965214], [37.4021617, 55.6988389], [37.4116931, 55.6912861], [37.41496, 55.685267], [37.4142093, 55.6820281], [37.417481, 55.6807762], [37.410585, 55.6780483], [37.4040325, 55.6710433], [37.4130736, 55.6674098], [37.4154573, 55.6647647], [37.3941332, 55.6609367], [37.3890614, 55.6619263], [37.3861581, 55.6645757], [37.3805794, 55.6645089], [37.3780033, 55.6594828], [37.370952, 55.6590578], [37.3697653, 55.6595194], [37.3699988, 55.6679968], [37.3646174, 55.6691244], [37.358244, 55.6660449], [37.3584524, 55.6625761], [37.3528876, 55.6603377], [37.3502376, 55.6611985], [37.3535824, 55.6637243], [37.3480466, 55.6658288], [37.3484908, 55.6629065], [37.3437296, 55.6623024], [37.3410192, 55.657135], [37.3320097, 55.6596748], [37.3368822, 55.6615442], [37.3371845, 55.6630316], [37.3195225, 55.664281], [37.3191526, 55.6616033], [37.3240457, 55.6610045], [37.3229081, 55.6508895], [37.3115376, 55.6511939], [37.3127913, 55.6498345], [37.3112033, 55.646572], [37.2902696, 55.6484902], [37.2901594, 55.6519416], [37.2926244, 55.6520749], [37.2929212, 55.6540814], [37.290921, 55.655349], [37.2885859, 55.6548888], [37.2902143, 55.6484944], [37.2753863, 55.6496037], [37.2714907, 55.6515065], [37.2656877, 55.6494889], [37.2573516, 55.6492982], [37.2408203, 55.6437305], [37.2406147, 55.6418635], [37.2388452, 55.6420895], [37.2350901, 55.6373606], [37.2438889, 55.6335642], [37.2350611, 55.6289021], [37.2376231, 55.6274725], [37.2357827, 55.6248652], [37.2320197, 55.6254034], [37.2256346, 55.6232302], [37.2293493, 55.6213634], [37.2273077, 55.6196406], [37.2247907, 55.6215142], [37.2221999, 55.6204884], [37.2145561, 55.6227591], [37.2112733, 55.6201053], [37.2068403, 55.622902], [37.1886489, 55.6201733], [37.1854743, 55.6187847], [37.1867703, 55.6127264], [37.1822467, 55.6128981], [37.1773901, 55.6072624], [37.1720429, 55.6052282], [37.1517971, 55.6042234], [37.147166, 55.6057528], [37.1461173, 55.6093796], [37.1457541, 55.6082916], [37.1424864, 55.6091606], [37.1326594, 55.6055784], [37.1347813, 55.6013166], [37.132427, 55.5991855], [37.1239601, 55.5989605], [37.1186071, 55.6017141], [37.1164617, 55.6056356], [37.0957269, 55.6001139], [37.0991405, 55.5961291], [37.091995, 55.5961835], [37.0948648, 55.5925064], [37.0872002, 55.5904847], [37.0964945, 55.5774029], [37.1146925, 55.5655511], [37.1254702, 55.5499634], [37.1151768, 55.5474463], [37.1135595, 55.538946], [37.1225083, 55.5383655], [37.119922, 55.5314093], [37.1159062, 55.5299985], [37.1199489, 55.5191305], [37.1173937, 55.5188677], [37.1186307, 55.5131369], [37.1363952, 55.5130264], [37.1360858, 55.5157095], [37.1384665, 55.5148805], [37.1361965, 55.5000219], [37.125581, 55.4972324], [37.1239598, 55.4961362], [37.1265898, 55.4952001], [37.1238807, 55.4927453], [37.1286974, 55.4885441], [37.1268983, 55.4874488], [37.1356016, 55.482645], [37.1382807, 55.4826559], [37.1360554, 55.4820958], [37.1391906, 55.4733418], [37.1126712, 55.4689037], [37.0933611, 55.4704043], [37.0922795, 55.4649172], [37.1500939, 55.4389602], [37.1488482, 55.4381762], [37.1413975, 55.4426533], [37.1358267, 55.4406366], [37.1371055, 55.4396022], [37.1357377, 55.4381618], [37.1339945, 55.443159], [37.1305574, 55.4415681], [37.1244078, 55.4419544], [37.118207, 55.4398839], [37.1195159, 55.439197], [37.1170058, 55.4380571], [37.1084991, 55.4395122], [37.1125655, 55.4412924], [37.1079402, 55.4450667], [37.1127784, 55.4492266], [37.0998116, 55.4457102], [37.100764, 55.4451234], [37.0970779, 55.4426935], [37.0892834, 55.4412316], [37.0872679, 55.4462724], [37.0825219, 55.4454923], [37.0806183, 55.4466848], [37.0814225, 55.4482436], [37.0786002, 55.4500415], [37.0805144, 55.4507438], [37.0803245, 55.4526986], [37.0586117, 55.4546905], [37.0606131, 55.4626603], [37.0368186, 55.464061], [37.0355766, 55.4584408], [37.0321283, 55.4559566], [37.0200709, 55.4567858], [37.0192337, 55.4451288], [37.0063088, 55.4461697], [37.0034712, 55.4495971], [37.0055731, 55.4505198], [36.999775, 55.452502], [36.9963253, 55.4564468], [36.9933152, 55.4566522], [36.9940174, 55.4583184], [36.9895955, 55.459224], [36.9892874, 55.4568512], [36.9840096, 55.4577873], [36.9829592, 55.454873], [36.9734462, 55.4554605], [36.9777907, 55.4937419], [36.9350578, 55.4961553], [36.9380657, 55.4990019], [36.9352278, 55.505233], [36.9379678, 55.5070078], [36.9377862, 55.5094618], [36.9360189, 55.5090215], [36.9419815, 55.5153293], [36.9399755, 55.5165588], [36.9335939, 55.5159321], [36.9356096, 55.5150132], [36.9197539, 55.5154461], [36.9194745, 55.5058449], [36.8162398, 55.5083513], [36.8152077, 55.4659722], [36.8045117, 55.465508], [36.8031012, 55.4408329]]], [[[36.8880788, 55.7344361], [36.8895754, 55.7330266], [36.9141952, 55.7328392], [36.9189142, 55.7310489], [36.9177111, 55.7334413], [36.9208708, 55.732897], [36.9237123, 55.7368148], [36.9107236, 55.7362346], [36.9102614, 55.7365133], [36.9101237, 55.736857], [36.9104673, 55.7385651], [36.9067721, 55.7386015], [36.9047674, 55.7413271], [36.9080318, 55.7412453], [36.9105616, 55.7385928], [36.9107647, 55.7362825], [36.9240219, 55.7368892], [36.9340787, 55.7435035], [36.937655, 55.7539187], [36.9436315, 55.7546611], [36.94566, 55.7512278], [36.948236, 55.7517362], [36.9484381, 55.7500398], [36.944602, 55.7482261], [36.9458608, 55.747483], [36.9453832, 55.7455499], [36.9426226, 55.7420828], [36.941123, 55.7423217], [36.9408813, 55.7390788], [36.9360069, 55.7395585], [36.9352279, 55.7371427], [36.9460306, 55.7367582], [36.9476722, 55.7317613], [36.9619978, 55.7327527], [36.9638402, 55.7361599], [36.9763911, 55.7384217], [36.9743208, 55.7411057], [36.9775837, 55.7421556], [36.9813821, 55.7386657], [36.9900524, 55.739648], [36.9891432, 55.7414516], [36.9901775, 55.7418442], [36.9940932, 55.7405823], [36.9925202, 55.7398484], [36.9839527, 55.7385296], [36.9895569, 55.734738], [36.9953439, 55.73834], [37.0056864, 55.7396562], [37.0031706, 55.7351713], [36.9993559, 55.7383563], [36.9942712, 55.7365282], [36.9954305, 55.7359188], [36.9908558, 55.7334623], [36.9935544, 55.7315609], [36.9856481, 55.7273289], [36.9797216, 55.7347561], [36.9738432, 55.7362565], [36.9652517, 55.7354494], [36.9620864, 55.7299294], [36.9633949, 55.7295068], [36.9625675, 55.7277732], [36.9679937, 55.7278057], [36.9912379, 55.7189466], [36.9967025, 55.7192609], [36.9998871, 55.7229565], [37.0060733, 55.7253243], [37.0070581, 55.7232026], [37.0093235, 55.7229842], [37.0083235, 55.7198193], [37.01214, 55.7204247], [37.0116706, 55.7158647], [37.0173715, 55.7156616], [37.0148396, 55.7107633], [37.0242523, 55.7095857], [37.0207248, 55.7084159], [37.0206459, 55.7069193], [37.0094324, 55.7074907], [37.0132216, 55.7121589], [37.0110243, 55.7152286], [37.0066907, 55.7158303], [36.9989761, 55.713186], [37.0033641, 55.7107485], [37.0020443, 55.7080848], [37.0002415, 55.7078854], [36.9975067, 55.711059], [36.997908, 55.712477], [36.9920438, 55.7120899], [37.0041736, 55.7054131], [37.0344352, 55.7066217], [37.0352703, 55.7075022], [37.0291475, 55.7118178], [37.0246619, 55.7097268], [37.0275145, 55.7123285], [37.0338403, 55.7139869], [37.0379436, 55.7091739], [37.0545397, 55.7097566], [37.0583929, 55.712052], [37.0616544, 55.7203735], [37.0679025, 55.7228781], [37.0788462, 55.7154165], [37.1130095, 55.7161027], [37.1120866, 55.7170626], [37.1167376, 55.7199401], [37.1230623, 55.7212047], [37.1192901, 55.7238615], [37.1277753, 55.7280823], [37.1220161, 55.7348608], [37.1116255, 55.7380078], [37.1120681, 55.738999], [37.1073875, 55.7415743], [37.0924909, 55.7436487], [37.0897839, 55.7413193], [37.0858717, 55.741638], [37.0794847, 55.7354089], [37.082354, 55.7325818], [37.0943494, 55.7287203], [37.0962655, 55.73171], [37.1051824, 55.7326387], [37.1028701, 55.7342177], [37.1076652, 55.7347674], [37.1110085, 55.7322845], [37.1158835, 55.7361734], [37.1194743, 55.734789], [37.1203158, 55.7317722], [37.1125706, 55.7271232], [37.1017724, 55.7256202], [37.0969849, 55.7261353], [37.0950375, 55.7282274], [37.0884741, 55.72737], [37.0737775, 55.7301381], [37.070237, 55.7290194], [37.0682754, 55.7231292], [37.0548139, 55.7236971], [37.048983, 55.7219833], [37.0542571, 55.720357], [37.0525396, 55.7183531], [37.0409758, 55.7192852], [37.0473855, 55.7218452], [37.0467747, 55.7268231], [37.038907, 55.7316322], [37.0272512, 55.7335201], [37.0240186, 55.7322579], [37.0233049, 55.7331091], [37.0248364, 55.7337855], [37.0291177, 55.7339643], [37.0219665, 55.7349139], [37.0242715, 55.7408832], [37.0204704, 55.7454183], [37.0101808, 55.7463877], [37.0016663, 55.7416437], [36.9992755, 55.7422746], [37.0015124, 55.7453994], [37.0081556, 55.7477279], [37.0060342, 55.749596], [36.9959948, 55.7473461], [36.9926082, 55.7491656], [36.9915739, 55.7488271], [36.9951626, 55.74769], [36.9920502, 55.7447089], [36.9861771, 55.7445116], [36.9850081, 55.7454836], [36.9911174, 55.7484322], [36.9845415, 55.7502597], [36.9873075, 55.7517866], [36.9869564, 55.7546642], [36.9827135, 55.7576446], [36.9836419, 55.758684], [36.9787545, 55.7604866], [36.974935, 55.7572142], [36.9807915, 55.7559098], [36.9781789, 55.7511847], [36.9718338, 55.7521907], [36.9720134, 55.7539217], [36.9703896, 55.7495426], [36.9681319, 55.7495498], [36.9669592, 55.7474575], [36.9590075, 55.7498752], [36.9606094, 55.7506549], [36.9581946, 55.7512045], [36.9563714, 55.7539658], [36.9571074, 55.7582455], [36.9593587, 55.755276], [36.9706585, 55.7557498], [36.9718082, 55.757945], [36.968056, 55.7600373], [36.9332186, 55.7544071], [36.9329204, 55.7526366], [36.9210193, 55.7465802], [36.9080791, 55.7487516], [36.9047551, 55.7453943], [36.8997474, 55.7453672], [36.8985833, 55.7418064], [36.8968708, 55.7421693], [36.8992183, 55.7410401], [36.8997282, 55.7337604], [36.8880788, 55.7344361]]], [[[36.9007522, 55.3148568], [36.9076917, 55.3112522], [36.9110651, 55.3135704], [36.9120709, 55.3167452], [36.9176683, 55.3163625], [36.9228058, 55.3239412], [36.9137544, 55.3258954], [36.9158469, 55.3303256], [36.910332, 55.3313028], [36.9084432, 55.3298934], [36.9101209, 55.3261704], [36.909091, 55.3199197], [36.9061728, 55.3167452], [36.9039411, 55.3172336], [36.9007522, 55.3148568]]], [[[37.1316021, 56.0164459], [37.1511709, 55.9995486], [37.1491992, 55.9983433], [37.1527443, 55.9930578], [37.1440873, 55.9898821], [37.1487335, 55.9769919], [37.1487736, 55.9702666], [37.1463797, 55.9699697], [37.1455974, 55.9660427], [37.1483029, 55.9656039], [37.1466108, 55.9637194], [37.149624, 55.9622873], [37.1594204, 55.962495], [37.1630573, 55.9590231], [37.1659944, 55.9585137], [37.1691449, 55.9588613], [37.1686421, 55.9607015], [37.1714702, 55.9606801], [37.173791, 55.9593965], [37.1725598, 55.9579344], [37.1748638, 55.9574757], [37.1825098, 55.9587334], [37.1844112, 55.9573578], [37.1832169, 55.9542615], [37.1864035, 55.9530893], [37.1888245, 55.9561139], [37.1952343, 55.9537653], [37.202851, 55.9532172], [37.2023482, 55.9485977], [37.2174548, 55.9480078], [37.2199076, 55.9502304], [37.2184454, 55.9514662], [37.2207934, 55.9540293], [37.2185558, 55.9552062], [37.2193881, 55.9571182], [37.2172453, 55.9579073], [37.212592, 55.9558441], [37.2056397, 55.9631208], [37.2115659, 55.9671511], [37.2076749, 55.9687217], [37.2085291, 55.9700967], [37.2131413, 55.9701733], [37.2113032, 55.9704557], [37.2128397, 55.9765963], [37.2170014, 55.9759938], [37.2205147, 55.9813061], [37.2237723, 55.9817038], [37.233266, 55.9784951], [37.2358184, 55.9797992], [37.2419261, 55.979338], [37.25327, 55.9704143], [37.2524878, 55.9678978], [37.268302, 55.9678365], [37.2612918, 55.9680732], [37.2614608, 55.971425], [37.263798, 55.9727113], [37.266438, 55.9794662], [37.2654083, 55.9796474], [37.2677431, 55.9819338], [37.2651738, 55.9830376], [37.2644583, 55.9871372], [37.2630137, 55.9885412], [37.2555496, 55.9872614], [37.2537923, 55.9882694], [37.2605357, 55.9931529], [37.2484437, 55.9978412], [37.2463117, 56.0008098], [37.2423008, 56.0002817], [37.2106648, 56.0124305], [37.2073752, 56.0171497], [37.2032502, 56.0154857], [37.1889779, 56.0212238], [37.1845117, 56.0200182], [37.1852849, 56.0189154], [37.1776116, 56.0151322], [37.1617302, 56.0132212], [37.1588626, 56.0137002], [37.1597544, 56.0163625], [37.158256, 56.0179977], [37.1505203, 56.0164989], [37.1360907, 56.0191079], [37.1316021, 56.0164459]]], [[[37.290502, 55.8019897], [37.2931684, 55.7963971], [37.3023539, 55.7986335], [37.3035641, 55.8035588], [37.290502, 55.8019897]]], [[[37.3079191, 55.7972282], [37.3126617, 55.7956909], [37.3209466, 55.7978523], [37.3240838, 55.7971166], [37.3249703, 55.7966009], [37.3143887, 55.7936861], [37.3164453, 55.7927791], [37.3100592, 55.7920866], [37.315399, 55.7884035], [37.3128801, 55.7877903], [37.310606, 55.7844642], [37.3118433, 55.7801654], [37.3131458, 55.7797513], [37.3128271, 55.7863845], [37.3283121, 55.781108], [37.3229729, 55.7767335], [37.3153018, 55.7746034], [37.3108516, 55.7754361], [37.3084937, 55.7705913], [37.3127565, 55.769081], [37.3189369, 55.7695065], [37.3207023, 55.7668207], [37.3322475, 55.767984], [37.3323016, 55.7719341], [37.3382839, 55.7712914], [37.3403335, 55.7704036], [37.3383438, 55.7692766], [37.3398609, 55.7690197], [37.3470671, 55.7695512], [37.3524395, 55.7737624], [37.3522319, 55.7780272], [37.3605084, 55.7830987], [37.3594889, 55.7839671], [37.3705101, 55.7880302], [37.3486793, 55.7964211], [37.3594884, 55.8012546], [37.3582512, 55.8033426], [37.3494535, 55.8064784], [37.3361042, 55.8020658], [37.334486, 55.7996108], [37.32179, 55.8007522], [37.3079191, 55.7972282]]], [[[37.7900343, 56.0029214], [37.7921011, 56.0024925], [37.7940939, 56.0031557], [37.7928913, 56.0038815], [37.7900343, 56.0029214]]], [[[37.7912235, 56.0072852], [37.7968376, 56.0047609], [37.7994322, 56.0061526], [37.7985143, 56.0097028], [37.7912235, 56.0072852]]], [[[37.8453271, 55.8135622], [37.849809, 55.8104662], [37.8488715, 55.8094232], [37.8502374, 55.808557], [37.8521852, 55.8089604], [37.8563695, 55.8060414], [37.8616973, 55.8086902], [37.8665868, 55.8042107], [37.8711986, 55.8063292], [37.8700807, 55.8077607], [37.8781481, 55.8114292], [37.8830652, 55.8162984], [37.894541, 55.8139399], [37.898549, 55.8143866], [37.8993112, 55.8162911], [37.887908, 55.8207903], [37.8737977, 55.8200036], [37.8722162, 55.8225388], [37.8576463, 55.8195971], [37.8573206, 55.8179111], [37.8453271, 55.8135622]]], [[[37.8684899, 55.8239272], [37.8689418, 55.8228697], [37.8760016, 55.8249027], [37.8735166, 55.8252341], [37.8684899, 55.8239272]]]]}}, {"type": "Feature", "properties": {"slug": "munich", "name": "Munich", "osmType": "relation", "osmId": 62428, "source": "OpenStreetMap via Nominatim", "licence": "ODbL 1.0", "simplifiedDegrees": 0.001}, "geometry": {"type": "MultiPolygon", "coordinates": [[[[11.360777, 48.1580704], [11.3711951, 48.1584195], [11.3698222, 48.15683], [11.3749147, 48.155983], [11.3739109, 48.1535523], [11.3828857, 48.1530762], [11.3831771, 48.1496722], [11.3855294, 48.1496533], [11.3872366, 48.1473301], [11.389144, 48.1479327], [11.3912725, 48.1418913], [11.3895295, 48.1412227], [11.3921849, 48.1366638], [11.3881907, 48.1345772], [11.388724, 48.1297424], [11.3896186, 48.1278656], [11.3930053, 48.1285263], [11.3944236, 48.1255105], [11.4022722, 48.1251677], [11.4128816, 48.127491], [11.4226466, 48.1324989], [11.4262618, 48.136538], [11.4299801, 48.1375559], [11.4363741, 48.1366581], [11.4381326, 48.1346137], [11.4474667, 48.1335873], [11.4481179, 48.1311538], [11.4497754, 48.1329213], [11.4533677, 48.1331361], [11.4636931, 48.129926], [11.4656651, 48.1185145], [11.4650608, 48.1147058], [11.4633954, 48.1145011], [11.4629691, 48.1052549], [11.4748504, 48.1046058], [11.470851, 48.0993754], [11.4741079, 48.0953762], [11.4720742, 48.0901146], [11.476342, 48.0887657], [11.4709217, 48.0831868], [11.4729244, 48.0812229], [11.4733659, 48.0821506], [11.4870344, 48.0763511], [11.4857966, 48.0742165], [11.488005, 48.074964], [11.4872351, 48.0762576], [11.503558, 48.0692942], [11.5025769, 48.0669437], [11.5042105, 48.0623947], [11.5087578, 48.0616244], [11.5115038, 48.0643994], [11.5156035, 48.0633629], [11.5188177, 48.0673262], [11.5229583, 48.0664605], [11.5238869, 48.0683743], [11.5282499, 48.0689844], [11.5334768, 48.0776817], [11.5423719, 48.0778567], [11.5417552, 48.0745914], [11.5436028, 48.0735282], [11.5440667, 48.0683123], [11.5454241, 48.0681278], [11.5499136, 48.0746572], [11.5539743, 48.0850231], [11.5624875, 48.0836047], [11.5629144, 48.0851799], [11.5869189, 48.0938795], [11.588558, 48.0934318], [11.5926218, 48.0850713], [11.6017741, 48.0873456], [11.6035253, 48.0850642], [11.6064974, 48.086808], [11.6119796, 48.0870427], [11.6116855, 48.0881107], [11.6237531, 48.08811], [11.633041, 48.0859672], [11.6330367, 48.0842769], [11.6655716, 48.0782116], [11.685651, 48.0774915], [11.6809575, 48.0838042], [11.6827716, 48.0918035], [11.6887349, 48.0922119], [11.6871126, 48.0935434], [11.6888833, 48.0949278], [11.7093428, 48.1025744], [11.7127047, 48.1048692], [11.7145946, 48.1108471], [11.708916, 48.1142371], [11.710668, 48.1155572], [11.6940418, 48.1193471], [11.6975662, 48.12118], [11.6941881, 48.1231033], [11.6977398, 48.1253464], [11.7042695, 48.1214437], [11.7107359, 48.1240348], [11.7119885, 48.1229767], [11.7161672, 48.1281741], [11.7117067, 48.1300689], [11.7143702, 48.1313657], [11.7122674, 48.1333845], [11.7204373, 48.134335], [11.7196799, 48.1355406], [11.7229099, 48.137117], [11.720463, 48.1390675], [11.7179981, 48.1377062], [11.7141843, 48.1386774], [11.7101299, 48.141854], [11.7127796, 48.1431936], [11.7109481, 48.1446123], [11.7134632, 48.1455237], [11.710117, 48.14818], [11.6781624, 48.144285], [11.6798009, 48.1532533], [11.673925, 48.15647], [11.6856558, 48.1674893], [11.6867422, 48.1697065], [11.6857938, 48.1717565], [11.6932605, 48.1705663], [11.6960995, 48.1742858], [11.6907035, 48.1781596], [11.6955543, 48.1799813], [11.6919782, 48.1825288], [11.6889679, 48.1827884], [11.6868297, 48.180373], [11.6622045, 48.1828884], [11.6610541, 48.1797005], [11.6655252, 48.1761816], [11.6458544, 48.1736881], [11.6375913, 48.1742731], [11.6358903, 48.174917], [11.6372115, 48.1764448], [11.6314002, 48.1778753], [11.627706, 48.1773044], [11.6315335, 48.1830639], [11.6292562, 48.1843291], [11.6377992, 48.1978661], [11.6391181, 48.2037657], [11.6480642, 48.2097556], [11.6504917, 48.2133803], [11.6505051, 48.2170076], [11.6391535, 48.221753], [11.6389922, 48.2259624], [11.624613, 48.2292444], [11.6223607, 48.2287395], [11.6224909, 48.2275567], [11.6141709, 48.2279305], [11.6129485, 48.2255761], [11.609395, 48.2255504], [11.6075414, 48.2273], [11.6088775, 48.228416], [11.6070763, 48.2281597], [11.6057154, 48.2267704], [11.6115803, 48.2191392], [11.6061897, 48.2191897], [11.6018313, 48.2168632], [11.6018342, 48.2133525], [11.5874666, 48.2134767], [11.587159, 48.2240011], [11.5823007, 48.2285636], [11.5468314, 48.227114], [11.5442711, 48.229276], [11.5311184, 48.2313437], [11.5253855, 48.2413177], [11.5011968, 48.2481162], [11.4906903, 48.2454237], [11.4919203, 48.2397346], [11.4895372, 48.2379692], [11.4900386, 48.234826], [11.4877521, 48.2320807], [11.4888895, 48.2234665], [11.4910806, 48.2230962], [11.4702641, 48.2184986], [11.4617916, 48.214465], [11.4576008, 48.2087996], [11.4188322, 48.2027723], [11.3908298, 48.2004624], [11.3885404, 48.1908446], [11.3922842, 48.1895554], [11.3912683, 48.1855524], [11.3932585, 48.1844601], [11.3853011, 48.177571], [11.3810841, 48.1793421], [11.3711004, 48.1782815], [11.369049, 48.1764125], [11.3678431, 48.1684747], [11.3654224, 48.1643455], [11.36277, 48.163048], [11.360777, 48.1580704]]], [[[11.490724, 48.0742575], [11.4903024, 48.0737742], [11.4909805, 48.0741023], [11.490724, 48.0742575]]], [[[11.5563954, 48.0804318], [11.5569527, 48.0793801], [11.5577562, 48.0795803], [11.5563954, 48.0804318]]]]}}, {"type": "Feature", "properties": {"slug": "nantes", "name": "Nantes", "osmType": "relation", "osmId": 59874, "source": "OpenStreetMap via Nominatim", "licence": "ODbL 1.0", "simplifiedDegrees": 0.001}, "geometry": {"type": "Polygon", "coordinates": [[[-1.6418115, 47.191163], [-1.6077682, 47.1843867], [-1.6014893, 47.1861339], [-1.5957914, 47.1902617], [-1.596234, 47.1924777], [-1.5785403, 47.1972637], [-1.5484223, 47.1980827], [-1.5470025, 47.1941346], [-1.5443461, 47.1951495], [-1.5386277, 47.1916081], [-1.5316269, 47.1832659], [-1.5181093, 47.1805856], [-1.516622, 47.1862366], [-1.5140574, 47.187703], [-1.5128608, 47.186973], [-1.5112131, 47.1876722], [-1.512827, 47.1893204], [-1.5255795, 47.191989], [-1.5246362, 47.1965167], [-1.5310237, 47.197009], [-1.5266225, 47.2002759], [-1.5301531, 47.2036247], [-1.5226436, 47.2072178], [-1.5109554, 47.2169899], [-1.4843974, 47.2246727], [-1.4788443, 47.227815], [-1.4872922, 47.2373139], [-1.4868433, 47.2390372], [-1.4885663, 47.2401228], [-1.4865684, 47.2411677], [-1.486417, 47.2441778], [-1.4963321, 47.2522349], [-1.4969667, 47.2555727], [-1.4942121, 47.2587187], [-1.4944882, 47.2616204], [-1.5056328, 47.2579726], [-1.5060419, 47.2615249], [-1.5081665, 47.2620147], [-1.4994616, 47.2721605], [-1.5096353, 47.2749716], [-1.5085498, 47.2796977], [-1.5106049, 47.2830984], [-1.5080174, 47.2881537], [-1.5097152, 47.2956147], [-1.5143012, 47.294134], [-1.5201744, 47.2958509], [-1.5258235, 47.2944059], [-1.5326198, 47.2949951], [-1.5331123, 47.2922444], [-1.5278184, 47.2858771], [-1.5265953, 47.280514], [-1.5300207, 47.2742149], [-1.5373082, 47.2675803], [-1.5360788, 47.2594226], [-1.5391954, 47.2549017], [-1.5492725, 47.256224], [-1.5532321, 47.2585656], [-1.5550717, 47.2640097], [-1.5584639, 47.2651996], [-1.5590182, 47.2704214], [-1.5642723, 47.2695045], [-1.567565, 47.2717592], [-1.5846263, 47.2726929], [-1.5889698, 47.2747681], [-1.5933967, 47.2734454], [-1.5762439, 47.2538284], [-1.5778972, 47.2462548], [-1.5859937, 47.2425922], [-1.5894427, 47.2391435], [-1.583907, 47.235798], [-1.5879942, 47.2319388], [-1.592354, 47.2316348], [-1.6026805, 47.2251999], [-1.6050148, 47.2164795], [-1.6167572, 47.2024687], [-1.6189926, 47.193281], [-1.6324595, 47.193055], [-1.6418115, 47.191163]]]}}, {"type": "Feature", "properties": {"slug": "naples", "name": "Naples", "osmType": "relation", "osmId": 40767, "source": "OpenStreetMap via Nominatim", "licence": "ODbL 1.0", "simplifiedDegrees": 0.001}, "geometry": {"type": "MultiPolygon", "coordinates": [[[[14.1320999, 40.8560603], [14.1377843, 40.849283], [14.1457969, 40.8522074], [14.1539154, 40.8522041], [14.1607309, 40.8463665], [14.1597974, 40.8407666], [14.1529489, 40.8379191], [14.1580162, 40.8286514], [14.1567004, 40.8282413], [14.1594346, 40.8211045], [14.1588668, 40.8169875], [14.1653248, 40.8125083], [14.1691447, 40.8062778], [14.1658523, 40.8045602], [14.1725121, 40.8058762], [14.1729727, 40.8007577], [14.1702846, 40.7975279], [14.1741926, 40.7991655], [14.1759502, 40.7967196], [14.1787952, 40.7970429], [14.1789238, 40.7954422], [14.1816297, 40.7960948], [14.1809556, 40.7939822], [14.1832916, 40.7964548], [14.1857891, 40.791811], [14.2077292, 40.801025], [14.2053084, 40.8071246], [14.207587, 40.8126347], [14.2107297, 40.8147521], [14.2146623, 40.8210911], [14.2198139, 40.822096], [14.2174703, 40.8221006], [14.2261416, 40.8268112], [14.2215665, 40.825152], [14.2204581, 40.8264605], [14.2212847, 40.8279239], [14.2227593, 40.8270711], [14.2224558, 40.8285321], [14.2236641, 40.8274801], [14.2223493, 40.8287359], [14.225893, 40.8306326], [14.2329634, 40.8320767], [14.2431426, 40.83128], [14.2478246, 40.8297664], [14.2471634, 40.8283086], [14.249906, 40.8262179], [14.251402, 40.8294045], [14.2496992, 40.8269644], [14.247968, 40.829408], [14.2503944, 40.8296085], [14.2522133, 40.8331787], [14.2556887, 40.8338184], [14.2531274, 40.833496], [14.2528099, 40.8350547], [14.2705312, 40.8327808], [14.2762126, 40.8301271], [14.2724676, 40.8331815], [14.2520933, 40.8361977], [14.2556083, 40.838079], [14.261271, 40.8370033], [14.2616983, 40.8380397], [14.2571531, 40.8394289], [14.2587513, 40.8414019], [14.2621143, 40.8404979], [14.2599724, 40.8422987], [14.2622202, 40.8437961], [14.2647695, 40.8422476], [14.2644449, 40.8446091], [14.2664069, 40.8446022], [14.2665158, 40.8432458], [14.2665312, 40.8445937], [14.268724, 40.8445948], [14.2693164, 40.8402207], [14.2689095, 40.8399008], [14.2660063, 40.8399104], [14.2659932, 40.8396789], [14.2689817, 40.8397625], [14.2698767, 40.8404814], [14.2697796, 40.8433366], [14.2721825, 40.8430927], [14.2699135, 40.8391986], [14.2708815, 40.8382818], [14.273936, 40.8401025], [14.2727969, 40.8408462], [14.2738429, 40.8446186], [14.2779234, 40.8431757], [14.2751967, 40.8399507], [14.2780179, 40.839607], [14.2796339, 40.8425344], [14.2818812, 40.8417525], [14.2810678, 40.8392025], [14.2821637, 40.8387612], [14.2829852, 40.8413032], [14.2850547, 40.8404918], [14.2841777, 40.8379248], [14.2859222, 40.837206], [14.2868126, 40.8399892], [14.29019, 40.8391205], [14.2891511, 40.8359416], [14.2904734, 40.8351941], [14.2923002, 40.8377277], [14.2952676, 40.8361534], [14.2931809, 40.8339234], [14.2989689, 40.8297587], [14.298426, 40.831422], [14.3017635, 40.8324147], [14.2997866, 40.8339118], [14.3033458, 40.8312185], [14.305405, 40.8316863], [14.3135282, 40.8260975], [14.3134054, 40.8248503], [14.3148278, 40.8244315], [14.3136493, 40.825139], [14.3151938, 40.8257832], [14.3183239, 40.823654], [14.3202754, 40.8207682], [14.3233304, 40.8229896], [14.3154359, 40.8277144], [14.3235164, 40.8268792], [14.326042, 40.8280733], [14.3241026, 40.8319511], [14.3294334, 40.8331475], [14.328425, 40.8348446], [14.3308121, 40.8356809], [14.329805, 40.8371714], [14.3424654, 40.8416223], [14.3401506, 40.8455715], [14.3495017, 40.8478164], [14.347109, 40.8488214], [14.3499315, 40.8502286], [14.3468922, 40.8558185], [14.3537681, 40.8575575], [14.3496157, 40.8642524], [14.3422193, 40.8710913], [14.3403223, 40.8709873], [14.3368458, 40.8746019], [14.3333402, 40.8741411], [14.3258406, 40.8802766], [14.3237639, 40.8782724], [14.3213846, 40.8812507], [14.3180477, 40.8797279], [14.3177032, 40.8817479], [14.3064763, 40.8752044], [14.3069418, 40.8792123], [14.3107739, 40.8812635], [14.3091263, 40.8838477], [14.3015091, 40.887836], [14.30221, 40.8901422], [14.2937347, 40.8935128], [14.2894912, 40.8992014], [14.2864597, 40.8964487], [14.2841359, 40.8978858], [14.2783543, 40.8902618], [14.2701703, 40.891429], [14.2702761, 40.8935739], [14.2676219, 40.8964797], [14.269609, 40.8982383], [14.2691117, 40.9020812], [14.2646676, 40.9011481], [14.2604438, 40.9058362], [14.2547349, 40.9058167], [14.2552973, 40.9096529], [14.2517996, 40.9097627], [14.2508341, 40.9082137], [14.2488277, 40.9111962], [14.2520685, 40.9141729], [14.2479168, 40.9144069], [14.2478681, 40.916123], [14.2402901, 40.911875], [14.237672, 40.9142216], [14.2377098, 40.9050924], [14.2338926, 40.9053697], [14.2307798, 40.9092048], [14.2258363, 40.9095875], [14.2235427, 40.8995388], [14.2091907, 40.8988181], [14.2039828, 40.8971308], [14.2022466, 40.8945507], [14.2045, 40.8903293], [14.202203, 40.8886702], [14.2023991, 40.8853561], [14.1930095, 40.882748], [14.189936, 40.8795761], [14.1850972, 40.878825], [14.1884386, 40.8706655], [14.1852714, 40.8705822], [14.1819214, 40.8734889], [14.176698, 40.8745012], [14.1668374, 40.8727535], [14.1564679, 40.8670431], [14.1447181, 40.8683043], [14.1405983, 40.8670743], [14.1412719, 40.866149], [14.1377157, 40.8622837], [14.1377549, 40.8553932], [14.1320999, 40.8560603]]], [[[14.1596866, 40.7973994], [14.1602447, 40.7936955], [14.161655, 40.7952346], [14.1606219, 40.7933626], [14.1636486, 40.7925912], [14.1703328, 40.7977744], [14.1649953, 40.7979511], [14.1629657, 40.800098], [14.1634631, 40.7985837], [14.1596866, 40.7973994]]], [[[14.1867634, 40.7921543], [14.1870641, 40.7912976], [14.1875344, 40.7920114], [14.1867634, 40.7921543]]]]}}, {"type": "Feature", "properties": {"slug": "nice", "name": "Nice", "osmType": "relation", "osmId": 170100, "source": "OpenStreetMap via Nominatim", "licence": "ODbL 1.0", "simplifiedDegrees": 0.001}, "geometry": {"type": "Polygon", "coordinates": [[[7.1819535, 43.7374561], [7.1875202, 43.6923223], [7.200571, 43.660387], [7.1992499, 43.6544517], [7.2036027, 43.6511497], [7.1995119, 43.6473364], [7.2014968, 43.6454189], [7.2127787, 43.6477792], [7.2212998, 43.6557395], [7.2207971, 43.6570954], [7.2232849, 43.6571722], [7.226147, 43.6624413], [7.2308723, 43.6659657], [7.2291508, 43.6694673], [7.2292999, 43.6734491], [7.2314409, 43.6756972], [7.2305605, 43.6785222], [7.2384844, 43.686353], [7.2451832, 43.689948], [7.2584073, 43.6937085], [7.2757642, 43.6945585], [7.2881625, 43.6903889], [7.2905121, 43.6922519], [7.2936413, 43.6907479], [7.2936977, 43.6866287], [7.2954197, 43.6855686], [7.2975529, 43.6866481], [7.3057358, 43.6855501], [7.3089488, 43.6927261], [7.3055769, 43.6944873], [7.3006091, 43.7009764], [7.300755, 43.7061677], [7.3061971, 43.7095809], [7.3052792, 43.7107582], [7.3068941, 43.7121897], [7.3135203, 43.7150021], [7.3126319, 43.7173602], [7.3146736, 43.7205936], [7.323912, 43.7234883], [7.3154416, 43.7224515], [7.3070924, 43.7266501], [7.3032302, 43.7212735], [7.2986204, 43.7289238], [7.2929378, 43.7324469], [7.2922537, 43.7335872], [7.3066885, 43.736419], [7.3094588, 43.7398096], [7.3097163, 43.7438676], [7.3122986, 43.7455162], [7.3075544, 43.7537496], [7.2995137, 43.7548935], [7.2965558, 43.7586575], [7.2970754, 43.7532746], [7.2948703, 43.7485245], [7.2984195, 43.739602], [7.2950359, 43.7363856], [7.2884595, 43.7342638], [7.2813271, 43.735867], [7.2793104, 43.7400902], [7.2799421, 43.7427688], [7.2769132, 43.7424959], [7.2736441, 43.7451647], [7.2713078, 43.74375], [7.2635753, 43.7435513], [7.261672, 43.7456525], [7.2578333, 43.7419792], [7.2513602, 43.739873], [7.2521447, 43.7443849], [7.2499462, 43.7450323], [7.2523963, 43.746139], [7.2492092, 43.7467572], [7.2483577, 43.7515338], [7.2425682, 43.7516358], [7.2422682, 43.7501762], [7.2387798, 43.7509905], [7.2326807, 43.7457804], [7.225264, 43.7439718], [7.2216337, 43.7413824], [7.2194997, 43.7432692], [7.2198058, 43.7511735], [7.2160639, 43.7517533], [7.2151157, 43.7557987], [7.1995952, 43.7607635], [7.1853671, 43.7467696], [7.1819535, 43.7374561]]]}}, {"type": "Feature", "properties": {"slug": "nicosia", "name": "Nicosia", "osmType": "relation", "osmId": 3264382, "source": "OpenStreetMap via Nominatim", "licence": "ODbL 1.0", "simplifiedDegrees": 0.001}, "geometry": {"type": "MultiPolygon", "coordinates": [[[[32.5670761, 35.1685995], [32.5687553, 35.1646506], [32.5716574, 35.1629838], [32.5747201, 35.1636186], [32.5811652, 35.1596383], [32.5849888, 35.1533337], [32.58883, 35.1512358], [32.5913456, 35.1463162], [32.594828, 35.143968], [32.6100098, 35.1408074], [32.6139415, 35.1379505], [32.6139186, 35.1299079], [32.6104079, 35.1263347], [32.610178, 35.1237759], [32.6179694, 35.1173236], [32.6218284, 35.1154787], [32.6306936, 35.1161587], [32.6347326, 35.1146304], [32.6348307, 35.1064089], [32.6321798, 35.1011381], [32.6345285, 35.0972608], [32.6331561, 35.0920618], [32.6341897, 35.0884251], [32.63311, 35.0832429], [32.6343795, 35.0809971], [32.6329529, 35.0753725], [32.6275791, 35.0738959], [32.6182209, 35.0762411], [32.6155865, 35.0678166], [32.6124796, 35.0662789], [32.6122261, 35.063349], [32.6067679, 35.0596982], [32.6181352, 35.0571258], [32.6210284, 35.0533467], [32.6207512, 35.0491169], [32.6250469, 35.0470987], [32.6301959, 35.0349633], [32.6417607, 35.0305924], [32.651328, 35.03172], [32.660275, 35.025281], [32.660671, 35.022634], [32.659195, 35.021127], [32.662344, 35.017182], [32.663592, 35.010372], [32.671943, 35.011026], [32.676129, 35.005974], [32.6785449, 34.9956961], [32.6780124, 34.9885886], [32.6706272, 34.9807101], [32.6789548, 34.9792165], [32.6764862, 34.9762465], [32.6799042, 34.9731283], [32.678019, 34.9696359], [32.6827588, 34.9645096], [32.6805043, 34.9583117], [32.6787828, 34.9579375], [32.6750935, 34.9506937], [32.6745323, 34.9454259], [32.6765108, 34.9380324], [32.6746634, 34.9389773], [32.6743569, 34.9376547], [32.6711614, 34.9377322], [32.6663485, 34.9394993], [32.6626046, 34.9345691], [32.663502, 34.9325796], [32.6618458, 34.9301708], [32.6635248, 34.9292086], [32.6657809, 34.9201173], [32.6676243, 34.9195301], [32.6689875, 34.9152952], [32.6655415, 34.9122691], [32.6663296, 34.9093275], [32.671708, 34.909516], [32.677912, 34.905649], [32.680225, 34.901794], [32.682793, 34.900907], [32.688642, 34.890617], [32.692774, 34.900456], [32.690444, 34.908593], [32.695537, 34.910326], [32.700606, 34.909892], [32.702554, 34.907377], [32.706644, 34.906316], [32.711003, 34.907687], [32.71243, 34.90364], [32.703578, 34.899314], [32.699436, 34.899735], [32.699599, 34.898171], [32.715636, 34.892998], [32.717811, 34.894599], [32.72184, 34.88994], [32.72479, 34.898889], [32.731258, 34.902489], [32.732644, 34.913158], [32.737799, 34.914695], [32.739305, 34.916889], [32.741589, 34.916404], [32.745145, 34.918662], [32.749022, 34.916258], [32.761426, 34.913358], [32.763029, 34.909262], [32.761048, 34.904859], [32.766811, 34.908325], [32.772157, 34.907802], [32.773078, 34.911325], [32.771453, 34.913063], [32.773728, 34.921725], [32.772224, 34.922479], [32.774456, 34.924148], [32.774804, 34.932501], [32.779969, 34.940814], [32.775052, 34.947588], [32.77782, 34.949681], [32.777361, 34.951654], [32.795252, 34.951537], [32.797014, 34.956547], [32.796721, 34.961441], [32.804405, 34.963231], [32.810048, 34.963026], [32.812628, 34.960226], [32.818927, 34.960625], [32.82222, 34.956507], [32.828391, 34.95404], [32.834913, 34.953907], [32.835406, 34.949861], [32.836422, 34.9511], [32.841497, 34.95089], [32.847359, 34.946444], [32.857455, 34.947673], [32.861201, 34.946556], [32.862187, 34.944141], [32.863979, 34.944928], [32.865447, 34.943594], [32.865089, 34.939616], [32.869883, 34.938378], [32.871922, 34.939455], [32.882977, 34.937652], [32.891155, 34.938458], [32.896132, 34.941829], [32.897726, 34.939786], [32.90572, 34.940967], [32.910166, 34.937323], [32.920908, 34.935483], [32.926386, 34.941473], [32.935356, 34.944326], [32.936216, 34.946952], [32.94624, 34.950692], [32.945411, 34.953048], [32.949535, 34.955471], [32.9538, 34.955495], [32.954962, 34.958394], [32.966058, 34.955037], [32.968515, 34.955796], [32.972575, 34.953509], [32.982065, 34.955533], [32.98585, 34.953428], [32.994639, 34.955104], [33.002628, 34.947236], [33.004363, 34.941404], [33.013271, 34.93135], [33.022963, 34.931243], [33.026954, 34.927793], [33.033722, 34.927112], [33.038308, 34.921582], [33.04724, 34.921098], [33.046992, 34.917493], [33.049712, 34.914843], [33.049539, 34.910444], [33.053914, 34.90563], [33.055634, 34.899717], [33.060654, 34.899658], [33.067414, 34.892941], [33.072456, 34.891604], [33.078149, 34.894099], [33.07726, 34.895358], [33.080399, 34.899639], [33.089641, 34.902033], [33.104813, 34.899831], [33.11583, 34.890307], [33.124059, 34.89182], [33.126449, 34.889821], [33.1340212, 34.8882265], [33.1358204, 34.8909988], [33.1399597, 34.8922163], [33.141551, 34.8963773], [33.1481475, 34.9020123], [33.1475854, 34.9039487], [33.1657941, 34.9051415], [33.1686025, 34.9038878], [33.1665458, 34.9062982], [33.167042, 34.9090537], [33.1649609, 34.9132821], [33.1663134, 34.9134834], [33.1664856, 34.9160524], [33.1686926, 34.9165489], [33.1682972, 34.9178571], [33.1733916, 34.919819], [33.1737052, 34.9172221], [33.1758082, 34.9169378], [33.1736257, 34.9141768], [33.1766588, 34.9126102], [33.1778703, 34.9149929], [33.1801689, 34.9153535], [33.1823498, 34.913202], [33.1803027, 34.9125192], [33.1833853, 34.909094], [33.1850524, 34.9141561], [33.1971091, 34.9138896], [33.1988996, 34.9052366], [33.2027416, 34.9039803], [33.2097479, 34.9043585], [33.2140919, 34.9063525], [33.2203634, 34.9051198], [33.2299652, 34.911462], [33.2382218, 34.9122601], [33.2401148, 34.9115284], [33.2353164, 34.9071655], [33.2429755, 34.9036583], [33.2431061, 34.9066471], [33.2475003, 34.9075091], [33.2532853, 34.9037654], [33.2533906, 34.9025936], [33.2495932, 34.9022045], [33.2538441, 34.8982394], [33.2471421, 34.8953706], [33.2449525, 34.896044], [33.245119, 34.8920956], [33.2456784, 34.894085], [33.2495531, 34.8952134], [33.2623826, 34.8920291], [33.262608, 34.895368], [33.2656734, 34.8973232], [33.2644107, 34.8986513], [33.2750731, 34.9027272], [33.2765986, 34.9013638], [33.2790445, 34.9053758], [33.2918701, 34.9081618], [33.2930549, 34.9105631], [33.2967946, 34.9118911], [33.3029151, 34.9177488], [33.308036, 34.92661], [33.3031204, 34.927896], [33.3038649, 34.9291217], [33.3059466, 34.9289857], [33.3074717, 34.9317725], [33.3203394, 34.9388607], [33.3247655, 34.945248], [33.3339284, 34.9427204], [33.3420996, 34.9347725], [33.3414958, 34.9307222], [33.3454649, 34.9299098], [33.3504358, 34.9310643], [33.3521201, 34.9295603], [33.356114, 34.9353541], [33.365749, 34.9378975], [33.3694833, 34.9366809], [33.3755627, 34.9382624], [33.3797175, 34.9358124], [33.3831244, 34.937401], [33.3995056, 34.9324853], [33.4020432, 34.9351363], [33.4075771, 34.9351792], [33.418735, 34.949608], [33.419522, 34.954068], [33.412281, 34.967101], [33.4126573, 34.9763557], [33.4183188, 34.9757956], [33.425978, 34.9725496], [33.4347619, 34.9653285], [33.4405672, 34.9636649], [33.4408543, 34.9652973], [33.4435512, 34.9661224], [33.4488775, 34.960762], [33.4506749, 34.9644066], [33.4574807, 34.967206], [33.4682175, 34.9759459], [33.4741554, 34.9757496], [33.4787186, 34.9716838], [33.4863171, 34.9710533], [33.4897787, 34.9676912], [33.4967408, 34.9661253], [33.4952735, 34.965709], [33.4983676, 34.9649275], [33.4977557, 34.9634598], [33.5011121, 34.9655806], [33.4951175, 34.9695328], [33.4956312, 34.9734908], [33.499432, 34.975495], [33.4960537, 34.9772175], [33.4965372, 34.9789856], [33.4997348, 34.9800049], [33.4975006, 34.9816646], [33.5032782, 34.9821048], [33.5032754, 34.9850309], [33.5092226, 34.9863307], [33.5087054, 34.9885982], [33.510636, 34.9881105], [33.5111616, 34.9893629], [33.508276, 34.9894346], [33.5086312, 34.9923782], [33.5109697, 34.9935356], [33.5110391, 34.9920149], [33.514189, 34.991505], [33.5127216, 34.9923531], [33.5140764, 34.9938926], [33.5114036, 34.9930909], [33.5124326, 34.9942358], [33.511314, 34.9962631], [33.5134729, 34.998254], [33.5095809, 35.0010492], [33.5113235, 35.0026678], [33.5107197, 35.0058198], [33.5129424, 35.0063178], [33.5147561, 35.002667], [33.516765, 35.0019564], [33.5190758, 35.0037784], [33.5174753, 35.0059067], [33.5181598, 35.0073546], [33.5168218, 35.0073448], [33.5189829, 35.0084906], [33.5188175, 35.009971], [33.5090497, 35.0130378], [33.5094055, 35.0171423], [33.5075155, 35.0214146], [33.503896, 35.0230633], [33.5058908, 35.0255405], [33.5033146, 35.0272968], [33.50472, 35.0291382], [33.500002, 35.0302827], [33.5012124, 35.0325386], [33.4995843, 35.0324996], [33.5008476, 35.0330946], [33.4993701, 35.0367942], [33.500388, 35.0419636], [33.4984017, 35.0446457], [33.4980233, 35.0499705], [33.4958035, 35.0497541], [33.4965054, 35.051879], [33.495125, 35.0521785], [33.4930045, 35.0494642], [33.49026, 35.0497029], [33.490855, 35.0488367], [33.4845763, 35.0495142], [33.4847434, 35.0447989], [33.4793062, 35.0273717], [33.4782834, 35.0143385], [33.4757182, 35.0076954], [33.4635265, 35.0060976], [33.4585235, 35.0030286], [33.4492104, 35.0065535], [33.4510242, 35.0176788], [33.4527125, 35.019803], [33.4502605, 35.0227802], [33.4571709, 35.0241166], [33.4669582, 35.0315815], [33.4770752, 35.0459821], [33.477564, 35.057712], [33.475948, 35.058876], [33.477785, 35.058802], [33.478263, 35.062191], [33.475984, 35.064316], [33.4779555, 35.0697601], [33.4645487, 35.1072627], [33.4563659, 35.1130305], [33.4540584, 35.1202425], [33.4503899, 35.1250165], [33.4483852, 35.1259151], [33.4460599, 35.1241933], [33.4431277, 35.124393], [33.4445642, 35.1274104], [33.441481, 35.1335889], [33.4348023, 35.1423639], [33.4286096, 35.146007], [33.423378, 35.1580944], [33.4170151, 35.1622417], [33.4122135, 35.1618412], [33.4111768, 35.163446], [33.4140392, 35.1658981], [33.4143109, 35.1684967], [33.4173911, 35.1702872], [33.4180105, 35.1751823], [33.4160739, 35.1785387], [33.4128956, 35.1786897], [33.4060989, 35.1859456], [33.4040665, 35.1909772], [33.406174, 35.1951696], [33.4049132, 35.200492], [33.400953, 35.2017504], [33.3862054, 35.2017784], [33.3770956, 35.1958255], [33.3761882, 35.1922108], [33.3740496, 35.1905695], [33.3743774, 35.1877285], [33.371802, 35.1864028], [33.3719565, 35.1793394], [33.3642405, 35.1748031], [33.3560545, 35.1739696], [33.3551102, 35.1747078], [33.3566854, 35.1778292], [33.3544198, 35.1790383], [33.3497267, 35.178046], [33.3481801, 35.1797403], [33.3501112, 35.1832604], [33.3483407, 35.1837031], [33.3384001, 35.1820681], [33.3340791, 35.1832818], [33.333693, 35.1821925], [33.3238447, 35.1823251], [33.3186577, 35.1791957], [33.3184746, 35.1767532], [33.3202439, 35.1762158], [33.3186976, 35.172592], [33.313917, 35.1746803], [33.3062762, 35.1682229], [33.3009584, 35.1695608], [33.2909087, 35.1660666], [33.2855287, 35.1672795], [33.2820448, 35.1664004], [33.2674141, 35.1744155], [33.2645889, 35.1733272], [33.2649399, 35.1712407], [33.2629031, 35.1704414], [33.252719, 35.1715019], [33.2515856, 35.1736608], [33.2462099, 35.1742079], [33.2407246, 35.1797784], [33.2353323, 35.1809973], [33.2323711, 35.1835184], [33.2198302, 35.1857945], [33.2064891, 35.192687], [33.199043, 35.1922097], [33.1877151, 35.196467], [33.1695232, 35.1991326], [33.1558661, 35.1979818], [33.1457347, 35.1933112], [33.1441136, 35.1891194], [33.140218, 35.1853736], [33.1323388, 35.1809411], [33.1245571, 35.173222], [33.121473, 35.165287], [33.1179184, 35.1624561], [33.1138149, 35.1621383], [33.1141941, 35.1597161], [33.1096875, 35.1589037], [33.1078297, 35.1567201], [33.101158, 35.1594724], [33.0994424, 35.1675682], [33.0954186, 35.170976], [33.0885801, 35.1718443], [33.0844731, 35.1701332], [33.0735318, 35.1733983], [33.0677812, 35.1732931], [33.0527668, 35.167259], [33.0342718, 35.1634711], [33.0160135, 35.1553965], [33.0108389, 35.1481341], [33.005099, 35.1479406], [32.99319, 35.1409573], [32.9903739, 35.1317139], [32.9852292, 35.1291299], [32.9781696, 35.1202144], [32.9639861, 35.112667], [32.9552099, 35.1035741], [32.9492323, 35.1041357], [32.9433438, 35.101924], [32.9337093, 35.1017133], [32.9283238, 35.1005675], [32.9254535, 35.0978291], [32.9187439, 35.0968844], [32.9094282, 35.1029424], [32.8975336, 35.1075864], [32.88785, 35.1084705], [32.8742811, 35.1068816], [32.8607561, 35.102243], [32.8600346, 35.0987302], [32.862027, 35.090804], [32.8606108, 35.0856513], [32.8529881, 35.0811041], [32.8487899, 35.08319], [32.8432976, 35.0811839], [32.8348284, 35.0833006], [32.8285238, 35.0883351], [32.8261753, 35.0927245], [32.7991947, 35.1115619], [32.7866302, 35.1248195], [32.7711628, 35.1295399], [32.7619464, 35.1283282], [32.7562953, 35.1293901], [32.7511936, 35.1374404], [32.7477117, 35.1401422], [32.7180215, 35.1421181], [32.711733, 35.147583], [32.70698, 35.154928], [32.7063224, 35.1695184], [32.7101173, 35.1833159], [32.7083559, 35.1846294], [32.7064833, 35.1835093], [32.6943923, 35.1837553], [32.6726654, 35.1883675], [32.6708559, 35.1908286], [32.6747876, 35.189644], [32.6703233, 35.1912602], [32.669254, 35.19379], [32.6632431, 35.1918284], [32.6596605, 35.1943225], [32.6545927, 35.1932976], [32.6523316, 35.1956302], [32.6453743, 35.1936109], [32.6423338, 35.1951387], [32.6418834, 35.1926317], [32.6348388, 35.1888056], [32.6282058, 35.1894036], [32.6254212, 35.1880625], [32.6235807, 35.1806491], [32.6176092, 35.1749816], [32.602576, 35.1729057], [32.5985258, 35.179118], [32.5945192, 35.1791693], [32.5928772, 35.1777399], [32.5887699, 35.1781049], [32.5828314, 35.1731644], [32.5670761, 35.1685995]]], [[[33.4845217, 35.0572165], [33.4866285, 35.0586315], [33.4868645, 35.0606514], [33.4849064, 35.0609613], [33.4845217, 35.0572165]]], [[[33.4864557, 35.0622492], [33.4940528, 35.0687832], [33.4988594, 35.0661488], [33.499546, 35.0676592], [33.4973144, 35.0694857], [33.4982846, 35.0706269], [33.4929182, 35.0687996], [33.4864557, 35.0622492]]]]}}, {"type": "Feature", "properties": {"slug": "nizhny-novgorod", "name": "Nizhny Novgorod", "osmType": "relation", "osmId": 335495, "source": "OpenStreetMap via Nominatim", "licence": "ODbL 1.0", "simplifiedDegrees": 0.001}, "geometry": {"type": "Polygon", "coordinates": [[[43.5475371, 56.3303367], [43.6340448, 56.3273454], [43.6320881, 56.3050253], [43.6657854, 56.3062364], [43.6950331, 56.3107529], [43.6999065, 56.3074972], [43.7494251, 56.309437], [43.7397454, 56.3084847], [43.7396814, 56.3063427], [43.7433781, 56.3027446], [43.7600122, 56.3065693], [43.7723287, 56.2779117], [43.7540664, 56.2764739], [43.7459246, 56.2713306], [43.7421362, 56.2664222], [43.7420446, 56.2642042], [43.75964, 56.2653378], [43.759805, 56.2641226], [43.7637162, 56.2642756], [43.7652836, 56.2625312], [43.7584853, 56.2622295], [43.7565697, 56.2565066], [43.7484443, 56.2567799], [43.7489667, 56.2515041], [43.7435348, 56.2499899], [43.7449837, 56.245657], [43.7435727, 56.2444811], [43.7442353, 56.2419832], [43.7359795, 56.2364636], [43.737613, 56.2355394], [43.7327206, 56.2331512], [43.7347537, 56.2313323], [43.7238264, 56.2289617], [43.7253123, 56.2280582], [43.7236333, 56.2270562], [43.721112, 56.2286904], [43.7171316, 56.2271487], [43.7154096, 56.2190872], [43.7184673, 56.2196062], [43.7197012, 56.2169784], [43.7085915, 56.1939496], [43.7660178, 56.1851345], [43.7921278, 56.1855545], [43.8059394, 56.1881091], [43.8070901, 56.1824296], [43.8032964, 56.1762037], [43.8108558, 56.1618138], [43.807789, 56.1616243], [43.8129756, 56.1496703], [43.8173355, 56.1486923], [43.8196883, 56.1377241], [43.8252711, 56.132015], [43.8347222, 56.1377241], [43.8491972, 56.1377241], [43.8645768, 56.1346995], [43.8821576, 56.1412052], [43.8768676, 56.1329982], [43.8772166, 56.1281062], [43.8908566, 56.1282692], [43.9048266, 56.1197492], [43.8984396, 56.1181902], [43.8974686, 56.1167212], [43.8986486, 56.1157942], [43.8932326, 56.1110352], [43.8898656, 56.1117702], [43.8849326, 56.1103132], [43.8783851, 56.1147569], [43.8793836, 56.1151922], [43.8776413, 56.1171387], [43.8684046, 56.1181872], [43.8601966, 56.1094212], [43.8883124, 56.1032392], [43.8926228, 56.097415], [43.9147496, 56.1035172], [43.9181352, 56.1025802], [43.9411226, 56.1118382], [43.9595426, 56.1161912], [43.9569146, 56.1068572], [43.9550016, 56.1061842], [43.9558986, 56.1021782], [43.9596226, 56.1008902], [43.9601936, 56.0983542], [43.9592146, 56.0967942], [43.9520186, 56.0976242], [43.9519526, 56.0963212], [43.9550696, 56.0953282], [43.9539496, 56.0893542], [43.9632076, 56.0928332], [43.9741516, 56.0899742], [43.9876396, 56.0923342], [43.9878506, 56.0839552], [43.9905476, 56.0838122], [43.9912786, 56.0787843], [43.9915726, 56.0734943], [43.9860126, 56.0637543], [43.9888676, 56.0542743], [43.9882126, 56.0471663], [43.9854696, 56.0452893], [43.9869166, 56.0437453], [43.9849426, 56.0413583], [43.9820936, 56.0413793], [43.9772786, 56.0456343], [43.9740016, 56.0456723], [43.9751166, 56.0428653], [43.9735386, 56.0427813], [43.9705526, 56.0430493], [43.9682926, 56.0459793], [43.9660506, 56.0436803], [43.9686506, 56.0415863], [43.9653256, 56.0406813], [43.9655426, 56.0384613], [43.9728696, 56.0397083], [43.9741886, 56.0373513], [43.9827316, 56.0346043], [43.9909476, 56.0291803], [43.9875346, 56.0269403], [43.9867056, 56.0228433], [43.9986956, 56.0138263], [44.0097396, 56.0129513], [44.0052236, 56.0234403], [44.0128286, 56.0280093], [44.0199736, 56.0284743], [44.0379286, 56.0116333], [44.0444186, 56.0105723], [44.0509236, 56.0135093], [44.0547946, 56.0119873], [44.0602246, 56.0068203], [44.0700556, 56.0088933], [44.0790626, 56.0080053], [44.0833006, 56.0103083], [44.0871126, 56.0100293], [44.0887166, 56.0117973], [44.0988716, 56.0126283], [44.1055986, 56.0075313], [44.1036666, 56.0054843], [44.1058186, 56.0033353], [44.1027466, 56.0026463], [44.0986996, 56.0045673], [44.0998486, 56.0031983], [44.0981656, 56.0017033], [44.0939786, 56.0022723], [44.0979116, 56.0011303], [44.1063586, 56.0016993], [44.1209996, 55.9976923], [44.1079016, 55.9884373], [44.1234246, 55.9796813], [44.1156296, 55.9778463], [44.1221166, 55.9702773], [44.1263493, 55.9736924], [44.1299184, 55.9716072], [44.1456091, 55.973215], [44.1468437, 55.9746219], [44.1450254, 55.9755011], [44.1464845, 55.9773976], [44.1448683, 55.9803491], [44.147562, 55.98055], [44.1505026, 55.978327], [44.1525677, 55.9810398], [44.1549696, 55.9814919], [44.1551941, 55.9798216], [44.1569449, 55.9795076], [44.1598855, 55.9826975], [44.154864, 55.9847838], [44.1596621, 55.9854901], [44.1608738, 55.9883126], [44.1718356, 55.9824733], [44.1811206, 55.9831703], [44.1820776, 55.9844173], [44.1900566, 55.9818463], [44.1927466, 55.9753993], [44.2019486, 55.9760683], [44.2015246, 55.9734123], [44.1988216, 55.9735073], [44.1970016, 55.9563683], [44.1993286, 55.9562333], [44.1992376, 55.9539633], [44.2063286, 55.9543143], [44.2062686, 55.9514033], [44.2089206, 55.9525463], [44.2103646, 55.9574423], [44.2166516, 55.9612423], [44.2269456, 55.9639213], [44.2289856, 55.9653073], [44.2279986, 55.9663273], [44.2326326, 55.9692293], [44.2418556, 55.9706503], [44.2452986, 55.9741373], [44.2671106, 55.9705673], [44.3102706, 55.9528663], [44.3006796, 55.9504433], [44.3014216, 55.9481433], [44.2996676, 55.9440523], [44.2961046, 55.9419694], [44.3010076, 55.9383624], [44.3006866, 55.9359384], [44.3041146, 55.9346344], [44.2984636, 55.9262134], [44.2991416, 55.9213244], [44.3054886, 55.9212864], [44.3043426, 55.9176424], [44.3164966, 55.9207544], [44.3264886, 55.9146654], [44.3316126, 55.9143364], [44.3323656, 55.9121234], [44.3419606, 55.9151624], [44.3431576, 55.9115414], [44.3503156, 55.9080364], [44.3510876, 55.9060614], [44.3498536, 55.9051954], [44.3525856, 55.9035484], [44.3549216, 55.8989964], [44.3526586, 55.8974464], [44.3475436, 55.8836914], [44.3459046, 55.8861794], [44.3438326, 55.8856454], [44.3401686, 55.8892004], [44.3418736, 55.8818414], [44.3466966, 55.8822134], [44.3487906, 55.8844404], [44.3528186, 55.8818844], [44.3523136, 55.8809464], [44.3606336, 55.8808814], [44.3627926, 55.8827744], [44.3682776, 55.8813244], [44.3730326, 55.8833744], [44.3812536, 55.8805724], [44.3800676, 55.8768444], [44.3826146, 55.8763544], [44.3828176, 55.8750144], [44.3807006, 55.8721994], [44.3861276, 55.8672564], [44.3795406, 55.8626514], [44.3827116, 55.8613764], [44.3814356, 55.8601504], [44.3836586, 55.8576244], [44.4028976, 55.8545894], [44.4103546, 55.8494354], [44.4323456, 55.8453454], [44.4363766, 55.8486994], [44.4521576, 55.8511274], [44.4524376, 55.8447184], [44.4571676, 55.8415304], [44.4621616, 55.8421544], [44.4886066, 55.8491984], [44.5019886, 55.8498794], [44.4985516, 55.8579144], [44.4909866, 55.8600804], [44.4918756, 55.8620714], [44.4989656, 55.8655004], [44.5018216, 55.8719484], [44.5071646, 55.8757144], [44.5256486, 55.8682924], [44.5389476, 55.8743334], [44.5411936, 55.8721054], [44.5469891, 55.8721396], [44.5491074, 55.8704135], [44.5671236, 55.8720064], [44.5732965, 55.8752901], [44.5791901, 55.8748296], [44.5772182, 55.8761971], [44.5766756, 55.8821974], [44.5679726, 55.8840994], [44.5675326, 55.8879384], [44.5626016, 55.8898134], [44.5577376, 55.8888354], [44.5549009, 55.8904127], [44.5546426, 55.8928994], [44.5645026, 55.8988904], [44.5707876, 55.9149524], [44.5685246, 55.9234864], [44.5820796, 55.9282834], [44.5949226, 55.9352134], [44.6034786, 55.9307174], [44.6067676, 55.9334284], [44.6105646, 55.9322364], [44.6101946, 55.9300464], [44.6117226, 55.9303704], [44.6119786, 55.9280904], [44.6139176, 55.9280714], [44.6136876, 55.9344504], [44.6190526, 55.9365524], [44.6203516, 55.9387134], [44.6310996, 55.9343124], [44.6504396, 55.9403524], [44.6721206, 55.9274784], [44.6741696, 55.9298984], [44.6796446, 55.9316994], [44.6995956, 55.9255194], [44.7122596, 55.9282224], [44.7151536, 55.9275634], [44.7216486, 55.9219844], [44.7264616, 55.9214544], [44.7272166, 55.9194824], [44.7335786, 55.9205984], [44.7456996, 55.9177094], [44.7487136, 55.9198294], [44.7587726, 55.9211344], [44.7603355, 55.9302663], [44.7637006, 55.9353984], [44.7508046, 55.9400304], [44.7544306, 55.9440933], [44.7416266, 55.9483023], [44.7434306, 55.9513533], [44.7424986, 55.9557613], [44.7390316, 55.9586403], [44.7372236, 55.9627893], [44.7261946, 55.9679083], [44.7359166, 55.9774993], [44.7415096, 55.9769883], [44.7447766, 55.9801333], [44.7492646, 55.9889513], [44.7478806, 55.9988533], [44.7419286, 55.9975813], [44.7244526, 56.0048653], [44.7140066, 56.0052183], [44.7131496, 56.0083203], [44.7104086, 56.0099053], [44.7118786, 56.0112053], [44.7057766, 56.0186003], [44.7098736, 56.0190743], [44.7099106, 56.0222433], [44.7189156, 56.0222113], [44.7201776, 56.0167213], [44.7245576, 56.0176683], [44.7248206, 56.0196693], [44.7304146, 56.0207493], [44.7424706, 56.0167743], [44.7453106, 56.0175263], [44.7469506, 56.0183893], [44.7460686, 56.0195213], [44.7418126, 56.0206553], [44.7372366, 56.0191493], [44.7352116, 56.0200653], [44.7429646, 56.0255623], [44.7478166, 56.0263103], [44.7454636, 56.0280453], [44.7527676, 56.0298083], [44.7600976, 56.0357693], [44.7538846, 56.0346683], [44.7536366, 56.0335103], [44.7484406, 56.0358303], [44.7461556, 56.0408873], [44.7392716, 56.0432623], [44.7396256, 56.0456063], [44.7726986, 56.0561423], [44.7708436, 56.0585083], [44.8128036, 56.0740083], [44.8102716, 56.0792313], [44.7752656, 56.0725963], [44.7622636, 56.0675423], [44.7650416, 56.0645743], [44.7563216, 56.0615653], [44.7432606, 56.0604973], [44.7434256, 56.0583913], [44.7344116, 56.0601783], [44.7335306, 56.0577193], [44.7361676, 56.0571173], [44.7354516, 56.0562753], [44.7172166, 56.0572853], [44.7162756, 56.0590103], [44.7225216, 56.0597093], [44.7235016, 56.0629063], [44.6990616, 56.0636943], [44.6898406, 56.0683213], [44.6767106, 56.0706723], [44.6669156, 56.0661933], [44.6660806, 56.0629693], [44.6444356, 56.0676099], [44.6100776, 56.0662103], [44.6107916, 56.0693893], [44.6011416, 56.0699793], [44.5988696, 56.0684213], [44.5944386, 56.0715853], [44.5858856, 56.0737053], [44.5647966, 56.0740613], [44.5571946, 56.0792573], [44.5490116, 56.0816222], [44.5404186, 56.0765583], [44.5207896, 56.0863532], [44.5035896, 56.0910432], [44.4496066, 56.0969492], [44.4219406, 56.1036432], [44.4009696, 56.1177462], [44.3932646, 56.1355112], [44.3755986, 56.1537082], [44.3448596, 56.1708632], [44.3387886, 56.1727482], [44.3242618, 56.1735708], [44.3260588, 56.183136], [44.3212291, 56.1901369], [44.3089709, 56.1935874], [44.2582918, 56.1944541], [44.2135598, 56.2057631], [44.2079208, 56.217894], [44.2104748, 56.232334], [44.2046268, 56.253421], [44.1526135, 56.2855844], [44.142487, 56.2995866], [44.1260397, 56.3106991], [44.1229606, 56.3142875], [44.1069102, 56.3241107], [44.0824387, 56.334723], [44.0682468, 56.3380356], [44.033315, 56.3368449], [44.009447, 56.3382236], [43.992467, 56.3362436], [43.979537, 56.3373336], [43.952677, 56.3479237], [43.928877, 56.3522837], [43.9301978, 56.3587249], [43.9339378, 56.3585449], [43.9349378, 56.3606049], [43.9275978, 56.3672749], [43.9216478, 56.3660349], [43.9248878, 56.3612349], [43.9155978, 56.3551749], [43.8925978, 56.3605749], [43.8861278, 56.3660349], [43.8809478, 56.3762649], [43.8659578, 56.392905], [43.8490478, 56.403225], [43.8356978, 56.413925], [43.8174978, 56.4204251], [43.8066578, 56.4220451], [43.785163, 56.4199679], [43.7850078, 56.417465], [43.8070276, 56.4042704], [43.8059908, 56.4036305], [43.7976928, 56.4055103], [43.782925, 56.4023129], [43.7481229, 56.4016253], [43.7350292, 56.3951602], [43.7270464, 56.3758285], [43.7383772, 56.3520336], [43.5488031, 56.3578644], [43.5475371, 56.3303367]]]}}, {"type": "Feature", "properties": {"slug": "odesa", "name": "Odesa", "osmType": "relation", "osmId": 12888405, "source": "OpenStreetMap via Nominatim", "licence": "ODbL 1.0", "simplifiedDegrees": 0.001}, "geometry": {"type": "Polygon", "coordinates": [[[30.6114013, 46.5028327], [30.6192553, 46.4654747], [30.6260638, 46.4643497], [30.6292476, 46.4648196], [30.6289093, 46.4669584], [30.6360449, 46.4669979], [30.6369224, 46.4612676], [30.64467, 46.4615545], [30.6454944, 46.4509518], [30.6532099, 46.4510664], [30.6533897, 46.4353285], [30.6498738, 46.4285285], [30.6621697, 46.4281377], [30.6640119, 46.4221953], [30.6746569, 46.4174189], [30.6790955, 46.4097641], [30.6834411, 46.4097981], [30.6842615, 46.4026276], [30.6992661, 46.4041389], [30.6998736, 46.4056234], [30.7088242, 46.4036279], [30.7052242, 46.39645], [30.6880269, 46.3938003], [30.6897657, 46.3838392], [30.7047007, 46.3859189], [30.7052121, 46.3884371], [30.7145213, 46.3897989], [30.7138792, 46.3864413], [30.7155041, 46.3832325], [30.7134445, 46.3820729], [30.7182431, 46.3824105], [30.7186584, 46.3775022], [30.7218791, 46.3751701], [30.7139081, 46.3724278], [30.7139649, 46.3663116], [30.7160856, 46.3666227], [30.7160235, 46.3650067], [30.7068405, 46.3579988], [30.706744, 46.3645506], [30.7019149, 46.3640753], [30.7020664, 46.3595071], [30.6983993, 46.3580876], [30.69832, 46.3565222], [30.6898135, 46.355894], [30.69185, 46.3495481], [30.6914445, 46.3429403], [30.7022689, 46.3432819], [30.7017204, 46.3465425], [30.7153249, 46.3589074], [30.7395433, 46.3731115], [30.7462344, 46.3754379], [30.7521961, 46.3752281], [30.7496887, 46.3798693], [30.7505771, 46.385081], [30.7524749, 46.3869536], [30.7542143, 46.3986493], [30.7592684, 46.4060246], [30.763158, 46.4170412], [30.7681713, 46.421886], [30.7687411, 46.4240032], [30.7668169, 46.4270054], [30.7726952, 46.4363853], [30.771941, 46.4485888], [30.7687489, 46.4518054], [30.768667, 46.4565478], [30.7637955, 46.4601579], [30.763112, 46.4625267], [30.7658955, 46.4769533], [30.7611007, 46.4860295], [30.7648105, 46.4867398], [30.7628154, 46.4924281], [30.7603345, 46.4962604], [30.7608213, 46.4926402], [30.7551724, 46.4891174], [30.7582738, 46.4849338], [30.7569731, 46.4840379], [30.7498951, 46.4870812], [30.7535401, 46.4880394], [30.7528017, 46.4895862], [30.7485684, 46.4877329], [30.7455169, 46.4893404], [30.7487646, 46.492336], [30.7444887, 46.4900763], [30.7411584, 46.4918923], [30.7443236, 46.4947129], [30.7424664, 46.4957257], [30.7378538, 46.4922494], [30.7345099, 46.4943964], [30.7376389, 46.496681], [30.740637, 46.496006], [30.7364914, 46.4976816], [30.7335415, 46.4966717], [30.7326211, 46.4975328], [30.7346123, 46.4982891], [30.7324919, 46.4977207], [30.7318137, 46.4989139], [30.7336416, 46.4996279], [30.7292559, 46.4990564], [30.7313079, 46.4996458], [30.7313852, 46.5021302], [30.7339696, 46.5027261], [30.7314518, 46.5023953], [30.7290106, 46.5065426], [30.7311917, 46.5069754], [30.7288871, 46.5079065], [30.7318799, 46.5078976], [30.7288509, 46.5081584], [30.7290701, 46.5121636], [30.7371886, 46.5112889], [30.7363541, 46.5094541], [30.7384315, 46.5128506], [30.7374842, 46.511609], [30.7338642, 46.5140268], [30.7310643, 46.51344], [30.7299175, 46.5137559], [30.7355653, 46.5143653], [30.7331858, 46.5148773], [30.7377819, 46.5263992], [30.736183, 46.5269297], [30.7365523, 46.5286802], [30.7412205, 46.53544], [30.7523271, 46.545339], [30.7677095, 46.5525762], [30.7853975, 46.5566927], [30.7878688, 46.5644698], [30.792851, 46.5701522], [30.80397, 46.5707151], [30.8118449, 46.5816852], [30.8022293, 46.5849558], [30.8088354, 46.594866], [30.8068684, 46.5954336], [30.8056672, 46.5940417], [30.8028801, 46.5953958], [30.8193704, 46.6075731], [30.8313753, 46.6218937], [30.8131793, 46.6291187], [30.8108601, 46.6253785], [30.8091514, 46.6258811], [30.8068467, 46.6231563], [30.8025758, 46.6244474], [30.7959115, 46.6162931], [30.7964108, 46.6139219], [30.804219, 46.6110087], [30.8011983, 46.6050484], [30.8094855, 46.6062066], [30.814286, 46.6043264], [30.8046916, 46.597313], [30.8017245, 46.5989693], [30.7987215, 46.5979436], [30.7978572, 46.6000965], [30.7941716, 46.599506], [30.7960009, 46.5950622], [30.7953057, 46.5927353], [30.7924763, 46.5932071], [30.7928208, 46.5952426], [30.790192, 46.5958305], [30.790287, 46.5974961], [30.7875899, 46.597834], [30.7839359, 46.5936409], [30.7860016, 46.592224], [30.777896, 46.585327], [30.7685897, 46.5846604], [30.763859, 46.5791381], [30.7595385, 46.5804437], [30.7574739, 46.5753462], [30.7522445, 46.5751446], [30.7559466, 46.5741568], [30.7576937, 46.5713434], [30.7579223, 46.5668817], [30.7558109, 46.5655426], [30.7427542, 46.5621923], [30.7325706, 46.5622516], [30.7249302, 46.5667441], [30.7241805, 46.5728762], [30.7208484, 46.5769325], [30.7175343, 46.5758651], [30.7243089, 46.5594457], [30.7309962, 46.5520773], [30.7250772, 46.5509273], [30.7196539, 46.551716], [30.7192045, 46.5533812], [30.7088065, 46.5526153], [30.6990438, 46.5565045], [30.6914554, 46.5493371], [30.6786796, 46.5431351], [30.6627006, 46.5427884], [30.6588502, 46.5388721], [30.6650744, 46.5389004], [30.667922, 46.5410271], [30.6740266, 46.5373001], [30.6722452, 46.5362953], [30.6760271, 46.5280131], [30.6764123, 46.5231963], [30.6735765, 46.5230425], [30.6729017, 46.520898], [30.6803313, 46.5222013], [30.681505, 46.5208881], [30.6759657, 46.515939], [30.6716677, 46.5164876], [30.663879, 46.5119697], [30.6670907, 46.5081336], [30.6725411, 46.5093465], [30.6766819, 46.5018634], [30.6726278, 46.5008758], [30.6759886, 46.4965803], [30.6742745, 46.4965273], [30.6736967, 46.4984629], [30.6672091, 46.4986592], [30.6664936, 46.5000207], [30.6588487, 46.4983987], [30.6590455, 46.492604], [30.6438249, 46.4968138], [30.6433752, 46.4954231], [30.6344199, 46.4941749], [30.6230255, 46.5068197], [30.6219965, 46.5067086], [30.6239755, 46.5040378], [30.6114013, 46.5028327]]]}}, {"type": "Feature", "properties": {"slug": "oslo", "name": "Oslo", "osmType": "relation", "osmId": 406091, "source": "OpenStreetMap via Nominatim", "licence": "ODbL 1.0", "simplifiedDegrees": 0.001}, "geometry": {"type": "Polygon", "coordinates": [[[10.4891652, 60.0172599], [10.5180704, 59.9992912], [10.5352737, 60.000552], [10.5439977, 59.9980393], [10.545443, 59.9951524], [10.549119, 59.9936568], [10.5558552, 59.9967266], [10.5837028, 59.9829212], [10.5906537, 59.9771701], [10.6104562, 59.9766096], [10.6139561, 59.9743235], [10.6205166, 59.9663405], [10.6244418, 59.9648267], [10.6232926, 59.9629232], [10.6275789, 59.961636], [10.6316919, 59.9573151], [10.6309302, 59.9553826], [10.6338839, 59.9534206], [10.6330804, 59.9521086], [10.6356154, 59.9478453], [10.6358401, 59.9453673], [10.6316121, 59.9392479], [10.635318, 59.9357866], [10.6322048, 59.9318817], [10.6264705, 59.9296337], [10.6273777, 59.9282117], [10.6254321, 59.9270884], [10.6274669, 59.9251824], [10.6256897, 59.9227085], [10.6295148, 59.9217785], [10.6303731, 59.9181664], [10.6342283, 59.917434], [10.6333474, 59.9144418], [10.6400482, 59.9140227], [10.642526, 59.9107062], [10.6477656, 59.9094077], [10.6580825, 59.8844105], [10.6889625, 59.8759281], [10.7310066, 59.8771786], [10.7440197, 59.8392832], [10.7647933, 59.829543], [10.7715533, 59.8235061], [10.7775228, 59.8262397], [10.7984454, 59.8229811], [10.812456, 59.8253619], [10.8172601, 59.8181292], [10.8377486, 59.8160354], [10.8459257, 59.8168798], [10.8479114, 59.811922], [10.8562995, 59.8093113], [10.8696685, 59.8132162], [10.880014, 59.8110051], [10.8828615, 59.8144072], [10.891805, 59.8182239], [10.8918162, 59.8210241], [10.8964952, 59.8218544], [10.8977154, 59.8243421], [10.9175893, 59.8278896], [10.9273965, 59.8268668], [10.9330079, 59.8313244], [10.9366088, 59.8317021], [10.9341414, 59.8359948], [10.9296832, 59.8385272], [10.9215544, 59.8520614], [10.9123402, 59.8601062], [10.9093487, 59.8647527], [10.9071585, 59.8698935], [10.9098871, 59.8752785], [10.9076279, 59.8849578], [10.9148162, 59.9116192], [10.9214162, 59.926475], [10.9290341, 59.9348342], [10.9459879, 59.9431696], [10.9422652, 59.9454597], [10.9426049, 59.9470392], [10.9467476, 59.9470071], [10.9513894, 59.949243], [10.9413355, 59.9543974], [10.9374771, 59.9608552], [10.9373403, 59.9700268], [10.9256503, 59.9837243], [10.9178142, 59.9845252], [10.908905, 59.9801823], [10.8931551, 59.9808021], [10.875393, 59.9855885], [10.8748702, 59.9876833], [10.8678642, 59.9912398], [10.8659076, 59.9951413], [10.857802, 59.9962016], [10.849278, 60.0020227], [10.8427165, 59.9995136], [10.8425198, 59.9971434], [10.8376886, 59.9980355], [10.8385322, 60.0013133], [10.8370156, 60.0070088], [10.8328776, 60.0099654], [10.8320394, 60.0178012], [10.8283348, 60.0221516], [10.8240595, 60.0227061], [10.821145, 60.0173781], [10.8151581, 60.0211689], [10.8117058, 60.0254666], [10.8135255, 60.0293355], [10.8120541, 60.034346], [10.8181009, 60.0378385], [10.8163734, 60.0543385], [10.8196314, 60.0647155], [10.8091656, 60.0641489], [10.7867839, 60.0682464], [10.7823251, 60.0748396], [10.7785694, 60.0771886], [10.7738487, 60.0852215], [10.7702544, 60.0870519], [10.7643713, 60.0962689], [10.7548497, 60.1002467], [10.7571108, 60.1060956], [10.7683726, 60.1123655], [10.7520772, 60.1184103], [10.7512266, 60.1208122], [10.7469401, 60.1230264], [10.7344496, 60.1255215], [10.7161563, 60.1196674], [10.7072627, 60.1194034], [10.7038482, 60.1211702], [10.7044717, 60.1251895], [10.696372, 60.1259034], [10.6803209, 60.1335306], [10.6472725, 60.1328797], [10.6189176, 60.1351064], [10.6039492, 60.1338598], [10.5727825, 60.1167848], [10.5886572, 60.100295], [10.5921226, 60.0939419], [10.5928592, 60.0825121], [10.597304, 60.0772801], [10.5807649, 60.0762384], [10.4891652, 60.0172599]]]}}, {"type": "Feature", "properties": {"slug": "oulu", "name": "Oulu", "osmType": "relation", "osmId": 2711874, "source": "OpenStreetMap via Nominatim", "licence": "ODbL 1.0", "simplifiedDegrees": 0.001}, "geometry": {"type": "Polygon", "coordinates": [[[24.1184654, 65.1845537], [24.6356355, 65.1538074], [24.9509589, 65.1411227], [25.1347909, 65.0613307], [25.1244322, 65.0506284], [25.0454002, 64.9842121], [25.3190263, 64.8844044], [25.3297449, 64.8861826], [25.3274729, 64.8824589], [25.3868058, 64.8755269], [25.4014, 64.8825717], [25.4017309, 64.8843693], [25.429396, 64.8818864], [25.4291498, 64.8809136], [25.4423509, 64.881377], [25.4452698, 64.8936142], [25.4429649, 64.8944772], [25.4362092, 64.902897], [25.4374912, 64.9038569], [25.4330202, 64.9111332], [25.434676, 64.913969], [25.4278477, 64.9147183], [25.42946, 64.9164004], [25.4256521, 64.9216086], [25.4395407, 64.9313413], [25.4414914, 64.934703], [25.4352058, 64.9407609], [25.4352483, 64.9442816], [25.4376234, 64.9482709], [25.5198215, 64.9411457], [25.519603, 64.9396209], [25.5215643, 64.9394038], [25.5303678, 64.9396304], [25.5300186, 64.9405901], [25.6141794, 64.9411077], [25.6350029, 64.9355714], [25.6359694, 64.9367019], [25.6364737, 64.9351975], [25.6713741, 64.9261301], [25.685727, 64.9313748], [25.6858746, 64.9271548], [25.6812309, 64.9260595], [25.684761, 64.9277247], [25.6807371, 64.928722], [25.6765556, 64.927137], [25.6762201, 64.9248785], [25.7193857, 64.9107093], [25.7267709, 64.9054845], [25.7286282, 64.90585], [25.7283579, 64.9044361], [25.7403933, 64.8960485], [25.734825, 64.894212], [25.7404824, 64.8908028], [25.7323506, 64.8903837], [25.7349141, 64.8887163], [25.7421424, 64.8878869], [25.7522883, 64.8897305], [25.7580459, 64.8885829], [25.7614887, 64.8864978], [25.7628202, 64.8814833], [25.768528, 64.8888386], [25.7708604, 64.8894138], [25.7712491, 64.8910857], [25.7683178, 64.8912997], [25.7931078, 64.8951566], [25.8009613, 64.8918846], [25.8178342, 64.8965567], [25.8170696, 64.8990627], [25.8192107, 64.8993397], [25.8231975, 64.8925142], [25.8263822, 64.8908381], [25.8304782, 64.8927368], [25.836141, 64.8891277], [25.8410385, 64.8906586], [25.8399701, 64.8930456], [25.8504733, 64.897473], [25.8485822, 64.8980833], [25.8495554, 64.8999523], [25.8516413, 64.9001688], [25.8510396, 64.8990013], [25.8526011, 64.8982012], [25.8584141, 64.9005491], [25.8539152, 64.9006212], [25.8569145, 64.9026541], [25.8600162, 64.9011613], [25.994772, 64.955089], [25.9886599, 64.9559785], [25.9885585, 64.9579396], [25.9805702, 64.9617486], [25.9770173, 64.9598192], [25.9723931, 64.9659817], [25.9433861, 64.9538705], [25.9397684, 64.955389], [25.9679567, 64.9774505], [25.9595463, 64.9797326], [25.9648183, 64.9786929], [25.9680958, 64.9808703], [25.9724092, 64.9775224], [25.9710694, 64.9694168], [25.973815, 64.9685947], [25.9791715, 64.97096], [25.982595, 64.9699839], [25.9847066, 64.9717866], [25.9879862, 64.9714166], [25.9762452, 64.9659539], [25.9860573, 64.9630145], [26.0389937, 64.9755516], [26.0405844, 64.9736221], [26.0509737, 64.9778206], [26.0528444, 64.9745966], [26.0578998, 64.97304], [26.0693404, 64.9742107], [26.082899, 64.9707508], [26.0953599, 64.9708097], [26.0801225, 64.9453135], [26.0887338, 64.944973], [26.108863, 64.9508452], [26.1261166, 64.9449534], [26.140751, 64.9439173], [26.156185, 64.9465687], [26.1754746, 64.9455803], [26.1799736, 64.9436423], [26.1906102, 64.9500843], [26.2073609, 64.9407069], [26.189979, 64.9347702], [26.1973909, 64.9316299], [26.1935865, 64.9307776], [26.1950514, 64.9230874], [26.2121272, 64.9167296], [26.2255955, 64.9170262], [26.2594847, 64.9120391], [26.2733028, 64.9059106], [26.2245201, 64.8797638], [26.2680942, 64.8730632], [26.2830652, 64.8729436], [26.2931241, 64.8778416], [26.3171073, 64.869424], [26.3082807, 64.8646547], [26.3329683, 64.8564905], [26.3420905, 64.8615623], [26.3943142, 64.844412], [26.4069094, 64.8651455], [26.3945367, 64.8695007], [26.3840883, 64.8772414], [26.3846371, 64.8792787], [26.3782736, 64.8808549], [26.3806089, 64.8822774], [26.3875678, 64.8813753], [26.3869256, 64.8780147], [26.3885953, 64.8751394], [26.3982631, 64.8707764], [26.3966284, 64.8698641], [26.4282988, 64.8609226], [26.4317316, 64.8624503], [26.4349542, 64.861627], [26.4270898, 64.8583018], [26.4583464, 64.8516859], [26.46809, 64.867126], [26.4646309, 64.8676892], [26.4653416, 64.8686267], [26.4775669, 64.8692603], [26.4857379, 64.8680556], [26.4895725, 64.8642334], [26.4877163, 64.8634554], [26.4996951, 64.8594693], [26.4950684, 64.8518869], [26.5169963, 64.849378], [26.5327563, 64.8623873], [26.5603896, 64.9069647], [26.575422, 64.9057072], [26.5792855, 64.9016396], [26.5911657, 64.9012175], [26.5981254, 64.8990832], [26.5995278, 64.9013652], [26.6085478, 64.9003356], [26.6073781, 64.8988075], [26.6096157, 64.8977873], [26.6320431, 64.8925098], [26.6615233, 64.8916118], [26.6770733, 64.915961], [26.6789346, 64.9163881], [26.6751228, 64.9182805], [26.6782336, 64.9195127], [26.6765247, 64.9221615], [26.6799796, 64.9233983], [26.6834901, 64.9224301], [26.6839029, 64.9202295], [26.6781456, 64.9187135], [26.6842384, 64.9164485], [26.7684503, 64.9527695], [26.7660129, 64.9526091], [26.7651323, 64.9544114], [26.7710683, 64.9569498], [26.7644453, 64.9596933], [26.7715283, 64.9613058], [26.7588741, 64.967485], [26.7389826, 64.9900822], [26.6887425, 64.9788786], [26.6792567, 64.9902414], [26.6930287, 64.9969475], [26.6748691, 64.9964768], [26.675765, 64.9988756], [26.6838788, 64.998074], [26.6998916, 65.000336], [26.7142006, 65.0073225], [26.7105819, 65.0079652], [26.7052629, 65.0140475], [26.7016588, 65.0130282], [26.6590974, 65.0144774], [26.6106192, 65.0538001], [26.6161402, 65.0594543], [26.6202287, 65.0521142], [26.6218008, 65.0521411], [26.620272, 65.0617562], [26.6188359, 65.0625892], [26.6278698, 65.0711424], [26.6264173, 65.07516], [26.6306634, 65.0748258], [26.6255823, 65.0778759], [26.6279872, 65.0833062], [26.6266868, 65.087288], [26.6420722, 65.0876749], [26.639422, 65.0905914], [26.6278681, 65.0892138], [26.6286381, 65.0970486], [26.5934237, 65.0976628], [26.5873965, 65.1019174], [26.5620333, 65.1128007], [26.4758581, 65.1467757], [26.3165578, 65.2011923], [26.233696, 65.274242], [26.2549843, 65.2841441], [26.2813161, 65.2788589], [26.2876836, 65.2810011], [26.34547, 65.3128141], [26.3536089, 65.3210112], [26.3770862, 65.3170746], [26.3986177, 65.3259471], [26.3826325, 65.3276628], [26.3397704, 65.3241551], [26.3247162, 65.3270675], [26.3192556, 65.3293272], [26.2705216, 65.3325445], [26.2674893, 65.3315826], [26.2652876, 65.3269959], [26.2610098, 65.3252096], [26.2537782, 65.324772], [26.2413049, 65.3278182], [26.2346859, 65.3238366], [26.2301377, 65.3231861], [26.2250048, 65.3278477], [26.1948291, 65.330621], [26.1941974, 65.3337357], [26.1820973, 65.3394049], [26.1659681, 65.3414798], [26.1618971, 65.3452433], [26.1518833, 65.3475565], [26.1518828, 65.3487447], [26.163982, 65.3453355], [26.1677576, 65.341845], [26.1812166, 65.3405914], [26.1972852, 65.3329561], [26.208594, 65.3323556], [26.2147786, 65.328865], [26.2255106, 65.3283058], [26.2313767, 65.3242856], [26.2370858, 65.3286835], [26.2402899, 65.3292543], [26.2583468, 65.325239], [26.2643575, 65.3272452], [26.268245, 65.3342106], [26.3001169, 65.3313955], [26.3128436, 65.3322875], [26.3312381, 65.3261479], [26.3403619, 65.3258094], [26.3882843, 65.3298909], [26.3988065, 65.333242], [26.4037961, 65.3329175], [26.4017571, 65.3345409], [26.3829555, 65.3307088], [26.3914102, 65.3496527], [26.4266842, 65.3471652], [26.4013913, 65.3736396], [26.1532957, 65.4191379], [26.1539223, 65.4453343], [26.1652287, 65.4428668], [26.1604424, 65.4452391], [26.1539866, 65.4455431], [26.154211, 65.4677906], [26.1567307, 65.468035], [26.1564884, 65.4662661], [26.1623498, 65.4619767], [26.1665703, 65.4621341], [26.1649534, 65.4645622], [26.1733547, 65.4655917], [26.1785828, 65.4679556], [26.1655819, 65.465577], [26.1598495, 65.4681695], [26.1542538, 65.4687156], [26.1545567, 65.4906691], [26.1802672, 65.4990099], [26.1750619, 65.5028788], [26.154827, 65.5027611], [26.1547151, 65.511556], [26.1627244, 65.5109003], [26.1622028, 65.5071456], [26.1691619, 65.5048087], [26.1657065, 65.5114834], [26.1549485, 65.5124968], [26.1550256, 65.5195973], [26.1585131, 65.5201244], [26.1552283, 65.5210703], [26.1566951, 65.5272366], [26.1552545, 65.5274473], [26.1557174, 65.555193], [26.0187541, 65.5545494], [26.0152701, 65.5611872], [26.004929, 65.5643522], [25.9006922, 65.5599177], [25.7891182, 65.5502905], [25.6616367, 65.4134358], [25.6523266, 65.416525], [25.6527399, 65.4184325], [25.6468535, 65.4213264], [25.636311, 65.4233102], [25.6355986, 65.4220292], [25.6455555, 65.4205984], [25.6510979, 65.4182137], [25.6508013, 65.4161108], [25.6609886, 65.4127336], [25.6389374, 65.3891199], [25.6469232, 65.3785745], [25.6455764, 65.3774703], [25.6438731, 65.3782285], [25.6396549, 65.3787582], [25.6453234, 65.3772511], [25.6413522, 65.3739135], [25.6415125, 65.3757806], [25.6369975, 65.375399], [25.6408266, 65.3734948], [25.61363, 65.3507258], [25.6629866, 65.3312395], [25.6618754, 65.3307055], [25.6653747, 65.3294029], [25.6617946, 65.3270476], [25.6673003, 65.3225488], [25.6750149, 65.3255804], [25.6845814, 65.3185212], [25.6848322, 65.3169048], [25.680876, 65.3146805], [25.6761545, 65.3074308], [25.6903142, 65.3037632], [25.6925569, 65.3020748], [25.6918995, 65.3000748], [25.6836813, 65.2945946], [25.6774419, 65.2949319], [25.6724367, 65.2985551], [25.6691393, 65.2984276], [25.6659998, 65.2953834], [25.6697717, 65.2963236], [25.6743659, 65.2942225], [25.6726016, 65.2937599], [25.6756211, 65.2917695], [25.6864335, 65.2866849], [25.7083975, 65.2836329], [25.7256358, 65.2857245], [25.7311984, 65.2828662], [25.7255543, 65.278939], [25.73125, 65.2761859], [25.7281459, 65.2742424], [25.7365513, 65.2693642], [25.6856045, 65.2499853], [25.6892855, 65.2488946], [25.6840174, 65.2493989], [25.6601773, 65.2404195], [25.6650205, 65.2392602], [25.6545414, 65.2391718], [25.6580243, 65.2405402], [25.6486842, 65.2432795], [25.6439922, 65.2397909], [25.6498417, 65.2376738], [25.6438876, 65.2377753], [25.6385022, 65.2396361], [25.6442983, 65.2414371], [25.6436412, 65.2447703], [25.6464852, 65.2441704], [25.6416861, 65.2471653], [25.6232192, 65.2504603], [25.6212163, 65.2488136], [25.623611, 65.2470892], [25.6217591, 65.2465959], [25.618116, 65.2477112], [25.6205267, 65.2489014], [25.6193035, 65.2502265], [25.577957, 65.2518895], [25.5751457, 65.2504723], [25.5741917, 65.2520418], [25.552461, 65.2529179], [25.5146695, 65.2507989], [25.4943115, 65.2515804], [25.505577, 65.2500687], [25.5003092, 65.2495334], [25.4925221, 65.2516448], [25.404108, 65.2548259], [25.4015873, 65.2560268], [25.3977574, 65.2561792], [25.4011695, 65.2549283], [25.3732744, 65.2559384], [25.3539186, 65.2566533], [25.3530612, 65.2577885], [25.346336, 65.256601], [25.319543, 65.2626344], [25.3074141, 65.2622792], [25.253523, 65.2496703], [25.2249301, 65.2367158], [25.1771684, 65.2386746], [25.1798279, 65.252291], [24.60714, 65.2114897], [24.1374975, 65.2416396], [24.1184654, 65.1845537]], [[25.3391529, 65.2537831], [25.340283, 65.2555382], [25.346336, 65.2566005], [25.3508147, 65.2522336], [25.3400735, 65.2512049], [25.3391529, 65.2537831]], [[25.9829714, 65.3516465], [25.9899666, 65.3528904], [25.9985067, 65.3517986], [26.0162308, 65.3537047], [26.0220619, 65.3529436], [26.0260433, 65.3533642], [26.0258653, 65.3558969], [26.0309078, 65.3570958], [26.0512733, 65.3587483], [26.0634806, 65.3582499], [26.0750677, 65.3519597], [26.1243774, 65.3563532], [26.133969, 65.3517807], [26.1407711, 65.3507784], [26.1479862, 65.3197737], [26.1413236, 65.3195089], [26.148233, 65.318586], [26.1504646, 65.3102249], [26.1478253, 65.3087549], [26.1511298, 65.3074193], [26.153297, 65.2997272], [26.0009261, 65.2878084], [25.9962269, 65.3053306], [25.9860141, 65.3067112], [25.9960123, 65.3060837], [25.985439, 65.3491854], [25.9829714, 65.3516465]]]}}, {"type": "Feature", "properties": {"slug": "oxford", "name": "Oxford", "osmType": "relation", "osmId": 394037, "source": "OpenStreetMap via Nominatim", "licence": "ODbL 1.0", "simplifiedDegrees": 0.001}, "geometry": {"type": "Polygon", "coordinates": [[[-1.3042472, 51.7753536], [-1.3027917, 51.7706704], [-1.2968278, 51.7622947], [-1.2952481, 51.7565398], [-1.2932464, 51.75347], [-1.2907407, 51.7533137], [-1.2908542, 51.7508813], [-1.2888051, 51.7489925], [-1.2758681, 51.7436446], [-1.2678592, 51.7427067], [-1.2533116, 51.7306901], [-1.2535273, 51.7279671], [-1.2476636, 51.7283019], [-1.2338637, 51.7220502], [-1.2321264, 51.7188083], [-1.222307, 51.7109788], [-1.2154722, 51.7157788], [-1.2101623, 51.7158053], [-1.2003669, 51.7121254], [-1.1896056, 51.7145567], [-1.1841731, 51.7215684], [-1.1890346, 51.7243084], [-1.1903322, 51.7270408], [-1.1758351, 51.7328402], [-1.1792488, 51.7362421], [-1.1940077, 51.7365249], [-1.1922269, 51.741858], [-1.1952665, 51.7451481], [-1.1943046, 51.7571242], [-1.1914387, 51.7552658], [-1.1873073, 51.7557283], [-1.1859586, 51.7599925], [-1.1796839, 51.7628441], [-1.1802277, 51.7658599], [-1.1882246, 51.765572], [-1.189014, 51.7676975], [-1.2107232, 51.7722995], [-1.2208344, 51.7722527], [-1.2279997, 51.7764126], [-1.2540044, 51.7861462], [-1.2524922, 51.7869458], [-1.2530489, 51.7888743], [-1.2581126, 51.7935045], [-1.2636935, 51.7923518], [-1.2676976, 51.7937671], [-1.2686631, 51.7956268], [-1.2770158, 51.7946013], [-1.2836682, 51.7962658], [-1.2867081, 51.792187], [-1.3002073, 51.7841023], [-1.3029959, 51.7806582], [-1.3042472, 51.7753536]]]}}, {"type": "Feature", "properties": {"slug": "paris", "name": "Paris", "osmType": "relation", "osmId": 71525, "source": "OpenStreetMap via Nominatim", "licence": "ODbL 1.0", "simplifiedDegrees": 0.001}, "geometry": {"type": "Polygon", "coordinates": [[[2.224122, 48.854199], [2.2525351, 48.8455694], [2.2516489, 48.8389058], [2.2551536, 48.834805], [2.2679483, 48.8345762], [2.2700296, 48.8330081], [2.2672998, 48.8315589], [2.2678061, 48.8278499], [2.2727442, 48.8279332], [2.2790539, 48.8324454], [2.2922207, 48.8271379], [2.3323719, 48.818207], [2.3317414, 48.8170263], [2.3444967, 48.8155755], [2.3523989, 48.8185339], [2.3559173, 48.8159723], [2.3634078, 48.8160593], [2.4024879, 48.8296469], [2.4108039, 48.8250515], [2.4297508, 48.8235653], [2.4373499, 48.8182191], [2.4586327, 48.8170123], [2.4628033, 48.8190282], [2.4661776, 48.8273334], [2.4646098, 48.8276268], [2.4652296, 48.8311514], [2.4697035, 48.8355556], [2.4627326, 48.8423677], [2.4407662, 48.8459165], [2.4405117, 48.8443462], [2.4379406, 48.8445688], [2.4371919, 48.8408914], [2.4247605, 48.8417696], [2.4221064, 48.844498], [2.4194237, 48.8424867], [2.4221777, 48.8358143], [2.4112276, 48.8338666], [2.4164374, 48.8487895], [2.4125003, 48.8763788], [2.409293, 48.8802781], [2.4000919, 48.8838165], [2.3977623, 48.8945923], [2.3955274, 48.8982617], [2.3844292, 48.902156], [2.3203576, 48.9007571], [2.2856609, 48.8865707], [2.2809934, 48.8829464], [2.2799643, 48.8787025], [2.2588875, 48.8802807], [2.2548149, 48.8740806], [2.2456228, 48.8763642], [2.2404626, 48.8718878], [2.2320761, 48.8695071], [2.2282436, 48.8651445], [2.224122, 48.854199]]]}}, {"type": "Feature", "properties": {"slug": "podgorica", "name": "Podgorica", "osmType": "relation", "osmId": 8882104, "source": "OpenStreetMap via Nominatim", "licence": "ODbL 1.0", "simplifiedDegrees": 0.001}, "geometry": {"type": "Polygon", "coordinates": [[[19.1817483, 42.4588762], [19.1970976, 42.4530173], [19.2038139, 42.4453574], [19.2030452, 42.4430635], [19.1980878, 42.4421874], [19.1955386, 42.4389201], [19.1896747, 42.4373381], [19.1904378, 42.4347969], [19.187565, 42.4304929], [19.1885581, 42.4279796], [19.1861703, 42.4285222], [19.1851389, 42.4271629], [19.1885557, 42.4240539], [19.1964314, 42.4230423], [19.1988704, 42.4202217], [19.1986536, 42.4144841], [19.1940895, 42.4088241], [19.2197981, 42.412597], [19.2173611, 42.3987777], [19.2153163, 42.3953882], [19.2544605, 42.3851002], [19.252302, 42.3771251], [19.2678654, 42.3780761], [19.2782241, 42.3812974], [19.2782242, 42.3964509], [19.2949514, 42.4067462], [19.3050799, 42.4239426], [19.3106307, 42.4242412], [19.313737, 42.4294748], [19.3109248, 42.4305879], [19.3107787, 42.4366228], [19.3218968, 42.4388794], [19.3268194, 42.4423499], [19.328068, 42.4454795], [19.3237109, 42.4484802], [19.3257477, 42.4511892], [19.3241293, 42.4544853], [19.331538, 42.4580815], [19.3314813, 42.4612435], [19.3298282, 42.4626566], [19.3235557, 42.4636329], [19.315057, 42.4819656], [19.3131142, 42.4826128], [19.3040322, 42.4788099], [19.3105326, 42.4871657], [19.3078172, 42.4919717], [19.3025666, 42.4960625], [19.2875818, 42.4946805], [19.2812074, 42.491964], [19.2778055, 42.4879723], [19.2759728, 42.4887903], [19.2721546, 42.4857904], [19.2709651, 42.4874354], [19.2662744, 42.4843938], [19.2647681, 42.485718], [19.265467, 42.4879218], [19.2635117, 42.4858583], [19.259369, 42.4857665], [19.2606128, 42.4869884], [19.2584537, 42.4878225], [19.2591804, 42.4897206], [19.2579054, 42.4901219], [19.2550615, 42.4867501], [19.2507351, 42.4886419], [19.2442705, 42.4858672], [19.2410502, 42.486761], [19.2415494, 42.4881046], [19.2393315, 42.4895732], [19.2387939, 42.4875487], [19.2374661, 42.4883093], [19.2384288, 42.4895761], [19.2352272, 42.490376], [19.2336484, 42.4879164], [19.2386536, 42.4844958], [19.2356533, 42.4812571], [19.232634, 42.4806437], [19.2326083, 42.4788132], [19.2366966, 42.475837], [19.2338624, 42.4714889], [19.2264478, 42.4689779], [19.2276882, 42.4670346], [19.2261447, 42.4658014], [19.2181129, 42.4661488], [19.2127103, 42.4682832], [19.2007914, 42.4764885], [19.1866653, 42.4719854], [19.185786, 42.4687034], [19.1878386, 42.4647016], [19.184522, 42.4601203], [19.1817483, 42.4588762]]]}}, {"type": "Feature", "properties": {"slug": "pori", "name": "Pori", "osmType": "relation", "osmId": 4446212, "source": "OpenStreetMap via Nominatim", "licence": "ODbL 1.0", "simplifiedDegrees": 0.001}, "geometry": {"type": "Polygon", "coordinates": [[[20.8747853, 61.5303891], [21.4003985, 61.4996755], [21.4314144, 61.4747236], [21.5275589, 61.4514656], [21.5208302, 61.4318625], [21.5407407, 61.4272349], [21.5465902, 61.4278582], [21.5535577, 61.426176], [21.5520176, 61.4246142], [21.5822883, 61.4174732], [21.6497285, 61.4250659], [21.6581273, 61.4236245], [21.7132774, 61.3898668], [21.8035013, 61.3840243], [21.805456, 61.3950564], [21.8112545, 61.3969032], [21.8125254, 61.4049571], [21.8101851, 61.4040137], [21.8111748, 61.4131957], [21.8063726, 61.4159332], [21.8067457, 61.4253674], [21.8029915, 61.4301608], [21.8069444, 61.4309602], [21.8070443, 61.4326591], [21.8118367, 61.4326591], [21.8136372, 61.4352799], [21.8703917, 61.4428817], [21.8669498, 61.4451222], [21.8674509, 61.4485724], [21.8706748, 61.454112], [21.8721347, 61.4607238], [21.8773614, 61.4645493], [21.8785015, 61.467433], [21.8717561, 61.4764649], [21.8733328, 61.4789451], [21.8846615, 61.4780615], [21.885228, 61.4902796], [21.8799049, 61.4947521], [21.88411, 61.5038218], [21.9355248, 61.535331], [21.9606776, 61.5430171], [21.9630955, 61.5435074], [21.9620849, 61.5426365], [21.9678601, 61.5409736], [21.9700021, 61.5385821], [21.977962, 61.5404667], [21.9843721, 61.5373871], [21.9872957, 61.539323], [21.9783812, 61.5426749], [21.9799739, 61.5436312], [21.9726768, 61.5454094], [21.9830673, 61.5474576], [22.0045032, 61.5376169], [22.0153881, 61.5425504], [22.0161121, 61.5413543], [22.0226473, 61.5431515], [22.0209485, 61.5440123], [22.0222036, 61.548488], [22.0252779, 61.5478116], [22.0343759, 61.5411249], [22.0439882, 61.5415679], [22.0318327, 61.557963], [22.0390095, 61.5599526], [22.0594391, 61.5510092], [22.0626504, 61.5578349], [22.0603184, 61.5609233], [22.0970478, 61.5732492], [22.2419694, 61.5721814], [22.4341638, 61.4889232], [22.5824813, 61.5483052], [22.6027822, 61.5424817], [22.6271398, 61.5547545], [22.6233467, 61.5554434], [22.6293642, 61.5557982], [22.6408189, 61.5611721], [22.6422329, 61.5652822], [22.6452814, 61.5651469], [22.6474069, 61.5721885], [22.6445818, 61.5727876], [22.64647, 61.5785023], [22.6458321, 61.5841351], [22.6960427, 61.5997655], [22.6609159, 61.641651], [22.7042839, 61.623876], [22.7249099, 61.6449367], [22.7202523, 61.6503838], [22.7142763, 61.6535372], [22.7127099, 61.6576478], [22.7139805, 61.6596923], [22.7124524, 61.6600314], [22.7119159, 61.6627612], [22.7132678, 61.6637287], [22.7115726, 61.6702972], [22.7168727, 61.6706027], [22.7163337, 61.6719499], [22.7033114, 61.6707147], [22.6998353, 61.6757648], [22.6894416, 61.6749299], [22.685443, 61.6606465], [22.6550144, 61.654073], [22.6484293, 61.6677314], [22.6787981, 61.671092], [22.653921, 61.6820657], [22.64718, 61.6965005], [22.5561665, 61.6860698], [22.3826271, 61.7093737], [22.3579395, 61.7149647], [22.334438, 61.7175822], [22.3324048, 61.7167891], [22.3344701, 61.7145777], [22.3328179, 61.7131058], [22.3402262, 61.7094144], [22.3380482, 61.7085398], [22.339282, 61.7080923], [22.3378672, 61.706207], [22.3338405, 61.70465], [22.2367902, 61.6960389], [22.2348281, 61.694811], [22.2316959, 61.6955866], [22.232939, 61.6944658], [22.2299219, 61.6637394], [22.1816072, 61.6387788], [22.1774194, 61.6408353], [22.1748533, 61.638972], [22.1699321, 61.6390115], [22.1649552, 61.6351817], [22.154282, 61.6360806], [22.1390779, 61.6334947], [22.1348414, 61.6343705], [22.1273933, 61.6391806], [22.1217941, 61.6216674], [22.0803365, 61.6221784], [22.0577658, 61.619471], [22.0570583, 61.6171129], [22.0359519, 61.616812], [22.0343413, 61.6150122], [21.9828356, 61.6293943], [21.8473286, 61.6832742], [21.8481961, 61.6838625], [21.8460164, 61.6859097], [21.8381187, 61.6868268], [21.8392592, 61.6884183], [21.8406091, 61.6866395], [21.8437989, 61.6879755], [21.8381085, 61.6915234], [21.8349119, 61.6893643], [21.8306364, 61.6898604], [21.7280496, 61.7479212], [21.7008439, 61.7383219], [21.6340756, 61.7435404], [21.6337538, 61.7423671], [21.6307604, 61.7426007], [21.6217348, 61.7468963], [21.6083693, 61.7444597], [21.5772027, 61.7479873], [21.5697053, 61.746405], [21.5695624, 61.7450676], [21.5634748, 61.7489992], [21.5557175, 61.7496793], [21.5525499, 61.7489214], [21.549456, 61.7414665], [21.4459897, 61.7225995], [21.4231235, 61.7222409], [21.3652144, 61.727747], [20.8889533, 61.6999218], [20.903203, 61.6462488], [20.8747853, 61.5303891]]]}}, {"type": "Feature", "properties": {"slug": "porto", "name": "Porto", "osmType": "relation", "osmId": 3372453, "source": "OpenStreetMap via Nominatim", "licence": "ODbL 1.0", "simplifiedDegrees": 0.001}, "geometry": {"type": "Polygon", "coordinates": [[[-8.691289, 41.1687516], [-8.6862528, 41.1628492], [-8.6855796, 41.1576724], [-8.6844762, 41.1586026], [-8.6820974, 41.1566568], [-8.6749272, 41.1478094], [-8.677407, 41.1466789], [-8.6746385, 41.1472923], [-8.6764405, 41.1468372], [-8.6798343, 41.1448218], [-8.6745427, 41.146996], [-8.6707481, 41.1434745], [-8.6610299, 41.1428056], [-8.639072, 41.1474684], [-8.6156035, 41.138902], [-8.600871, 41.1412024], [-8.5941835, 41.1383507], [-8.5820928, 41.142424], [-8.577905, 41.1418914], [-8.5757632, 41.1399579], [-8.5738805, 41.1423049], [-8.5695395, 41.1438147], [-8.5693305, 41.1466122], [-8.5641145, 41.145988], [-8.5623, 41.1496305], [-8.5519965, 41.1544461], [-8.5615413, 41.1580425], [-8.5609776, 41.1592271], [-8.5653271, 41.1629252], [-8.5668671, 41.1668642], [-8.5706997, 41.1679071], [-8.5702994, 41.1700178], [-8.5671097, 41.1715699], [-8.5678639, 41.1739193], [-8.566043, 41.1757551], [-8.5709623, 41.1797519], [-8.5841105, 41.1813614], [-8.5902759, 41.1798753], [-8.6041556, 41.1859353], [-8.6160542, 41.1842554], [-8.621818, 41.1803529], [-8.6324014, 41.1792118], [-8.6426328, 41.1843187], [-8.6577835, 41.1774354], [-8.6618453, 41.1769581], [-8.6666841, 41.1791043], [-8.6757738, 41.1719506], [-8.6900328, 41.1733576], [-8.6887934, 41.1698972], [-8.691289, 41.1687516]]]}}, {"type": "Feature", "properties": {"slug": "porvoo", "name": "Porvoo", "osmType": "relation", "osmId": 37197, "source": "OpenStreetMap via Nominatim", "licence": "ODbL 1.0", "simplifiedDegrees": 0.001}, "geometry": {"type": "Polygon", "coordinates": [[[25.3290779, 59.9375507], [25.5826893, 59.9281997], [26.0173046, 59.9767969], [26.0750701, 60.0140664], [26.1885563, 60.0382204], [26.2712854, 60.0446916], [26.0554904, 60.2602061], [25.9830287, 60.246991], [25.9853588, 60.24073], [25.9754584, 60.2391316], [25.9661787, 60.2382411], [25.9388889, 60.2406846], [25.9303448, 60.2396551], [25.9281119, 60.2436505], [25.9238815, 60.2445607], [25.922712, 60.2477574], [25.9445399, 60.2483652], [25.9614624, 60.2536118], [25.9598363, 60.2563673], [25.9486461, 60.2579657], [25.943119, 60.2636771], [25.9327068, 60.2664928], [25.9269173, 60.2822285], [25.9188501, 60.2902199], [25.9182944, 60.3133969], [25.9229656, 60.3343662], [25.9226962, 60.3476], [25.9266665, 60.3554103], [25.9305355, 60.3588938], [25.9501016, 60.387442], [25.9467949, 60.4080886], [25.9223686, 60.4318252], [25.9065782, 60.4369462], [25.8695439, 60.4427374], [25.855383, 60.4544648], [25.8171041, 60.4734754], [25.8010105, 60.4869066], [25.8084371, 60.5046139], [25.8250162, 60.5365727], [25.8256962, 60.5487694], [25.8232078, 60.5510037], [25.757555, 60.541988], [25.759085, 60.5408359], [25.7574953, 60.5384287], [25.7587688, 60.536435], [25.7676642, 60.5303739], [25.7667328, 60.5290297], [25.7678876, 60.5276558], [25.7750153, 60.5274384], [25.7679874, 60.5274618], [25.7680061, 60.5256048], [25.7633259, 60.5209092], [25.7645788, 60.5202525], [25.7630331, 60.5181878], [25.7603571, 60.5166957], [25.7541798, 60.5182556], [25.732312, 60.5031659], [25.7371669, 60.4998999], [25.7217609, 60.4809969], [25.7134715, 60.4799016], [25.6989281, 60.4833972], [25.6863593, 60.48236], [25.678119, 60.4875182], [25.6768086, 60.4869323], [25.6741321, 60.4886382], [25.6748982, 60.4895485], [25.6605386, 60.4939454], [25.6614204, 60.4946427], [25.6526064, 60.5017297], [25.6072065, 60.469907], [25.6000452, 60.4790072], [25.5994078, 60.4827957], [25.5944463, 60.4864386], [25.5904372, 60.4921385], [25.5876858, 60.4992699], [25.5856949, 60.4991704], [25.585501, 60.4965181], [25.5829727, 60.4936653], [25.5704839, 60.4925755], [25.5709636, 60.4909931], [25.5660015, 60.4921912], [25.555477, 60.4912752], [25.5593113, 60.4902254], [25.5592432, 60.4887308], [25.5562108, 60.4894735], [25.5484472, 60.4863909], [25.5410244, 60.4870819], [25.5385158, 60.4856762], [25.5357305, 60.4879189], [25.5300908, 60.4890677], [25.5073601, 60.4856121], [25.5038467, 60.4861136], [25.5060452, 60.4869111], [25.4555147, 60.4822493], [25.4314817, 60.4829459], [25.4744787, 60.4632377], [25.4993595, 60.453845], [25.5101834, 60.4397932], [25.4912072, 60.4288121], [25.4672468, 60.4216905], [25.4307152, 60.4144746], [25.4317021, 60.4142855], [25.4288955, 60.4126222], [25.4268135, 60.4138414], [25.4104724, 60.4112527], [25.4096127, 60.4094795], [25.4066551, 60.4106088], [25.4021772, 60.4039863], [25.4077935, 60.4016645], [25.4073144, 60.4007437], [25.4008565, 60.4041662], [25.4055558, 60.4104812], [25.363438, 60.4061001], [25.3657539, 60.398862], [25.365566, 60.3915792], [25.3628006, 60.3894205], [25.3657559, 60.3878065], [25.365174, 60.3755436], [25.373769, 60.3682271], [25.3730234, 60.3670284], [25.3756842, 60.3666046], [25.4123064, 60.3363573], [25.4171038, 60.332205], [25.4161452, 60.3311801], [25.4184459, 60.3290352], [25.4207466, 60.3290542], [25.4659009, 60.2944179], [25.4818014, 60.2871733], [25.4805686, 60.2844498], [25.4919845, 60.2796837], [25.4950646, 60.2808556], [25.5016837, 60.2776485], [25.5012451, 60.2760032], [25.5054318, 60.2758163], [25.5269348, 60.2652641], [25.4889393, 60.2403718], [25.4916951, 60.2335794], [25.3888994, 60.1693657], [25.3559197, 60.103], [25.3290779, 59.9375507]]]}}, {"type": "Feature", "properties": {"slug": "prague", "name": "Prague", "osmType": "relation", "osmId": 435514, "source": "OpenStreetMap via Nominatim", "licence": "ODbL 1.0", "simplifiedDegrees": 0.001}, "geometry": {"type": "Polygon", "coordinates": [[[14.2244355, 50.1029963], [14.2265266, 50.100392], [14.2328865, 50.1022635], [14.2369525, 50.1010259], [14.2498381, 50.1034693], [14.2583441, 50.0993837], [14.2546624, 50.0986609], [14.2544382, 50.097063], [14.2609996, 50.0962906], [14.2610944, 50.0870952], [14.2682714, 50.0857469], [14.273347, 50.087619], [14.2752539, 50.0810719], [14.2845716, 50.0814296], [14.2850094, 50.0782609], [14.2893735, 50.0771366], [14.2901916, 50.073178], [14.2824327, 50.0743046], [14.2772618, 50.072986], [14.2785556, 50.0709193], [14.2753003, 50.0730871], [14.2580521, 50.0715166], [14.2587145, 50.0644236], [14.2475584, 50.0622236], [14.2480852, 50.0583091], [14.2508469, 50.0567694], [14.2555965, 50.0570871], [14.2572299, 50.0544227], [14.262304, 50.0555304], [14.2643067, 50.0523325], [14.2716323, 50.0543186], [14.2726358, 50.0506112], [14.2681736, 50.0486908], [14.2710433, 50.0469324], [14.2698804, 50.0433626], [14.2686422, 50.0433361], [14.2700997, 50.040097], [14.2741417, 50.0357181], [14.2872209, 50.0279596], [14.2975722, 50.0235558], [14.3003188, 50.0246487], [14.3158709, 50.0235953], [14.3165362, 50.0199126], [14.3149045, 50.0143728], [14.3126082, 50.0129442], [14.3114577, 50.006978], [14.3064277, 50.0079528], [14.3007933, 50.0118141], [14.30053, 50.0043801], [14.2948377, 50.0022104], [14.301838, 49.9999485], [14.301036, 49.9977892], [14.306243, 49.997556], [14.3101027, 49.9938383], [14.3139613, 49.9947832], [14.3181007, 49.9888931], [14.3349811, 49.9938485], [14.3427555, 49.9906307], [14.3353151, 49.988665], [14.3350921, 49.9864441], [14.3389486, 49.9854985], [14.337585, 49.9823912], [14.3395901, 49.9807519], [14.3323413, 49.9773057], [14.3326069, 49.9758816], [14.3299338, 49.9754165], [14.3302094, 49.9741786], [14.3268149, 49.9718587], [14.3274645, 49.9707322], [14.332299, 49.9710301], [14.3406194, 49.9746139], [14.3461789, 49.9747107], [14.3449986, 49.9736168], [14.3470757, 49.9724752], [14.344916, 49.9676279], [14.3412479, 49.9657086], [14.3346987, 49.9675302], [14.3292319, 49.9648505], [14.3272989, 49.9632982], [14.3254392, 49.9572087], [14.3343125, 49.9530497], [14.3376345, 49.9483835], [14.3428774, 49.9475842], [14.3587366, 49.9486837], [14.3603929, 49.9474546], [14.3683756, 49.9513236], [14.3716866, 49.9503234], [14.373208, 49.9471224], [14.3768119, 49.9466207], [14.3797583, 49.9492145], [14.3879707, 49.9497837], [14.3890496, 49.9451745], [14.395562, 49.9419006], [14.3968649, 49.9444156], [14.3942296, 49.9538976], [14.4006472, 49.9706693], [14.4194183, 49.9635636], [14.4277435, 49.9645], [14.4302341, 49.966839], [14.4386195, 49.9681197], [14.4445941, 49.9738632], [14.4622402, 49.9707711], [14.4625192, 49.9725303], [14.4641082, 49.972691], [14.4663038, 49.9810366], [14.4739923, 49.9804035], [14.473704, 49.9837523], [14.486985, 49.9856871], [14.4870376, 49.9875848], [14.4845836, 49.9874152], [14.4839335, 49.9924191], [14.5072536, 49.9974772], [14.5093561, 49.9938535], [14.5075143, 49.9934731], [14.5081846, 49.9921388], [14.5137466, 49.992583], [14.5134214, 49.9945336], [14.5179512, 49.9944175], [14.5191339, 49.9971001], [14.5243223, 49.9974342], [14.5300192, 50.0007153], [14.520994, 50.0077216], [14.5274725, 50.0108381], [14.5354842, 50.011751], [14.5423599, 50.0086999], [14.5508521, 50.0079867], [14.5534669, 50.0094627], [14.5542317, 50.0121565], [14.5627521, 50.0115863], [14.5640792, 50.0097357], [14.5675263, 50.0094888], [14.5683172, 50.0073516], [14.582393, 50.0163634], [14.5817136, 50.010951], [14.5870869, 50.0114527], [14.5891623, 50.008657], [14.5944084, 50.0100508], [14.5949721, 50.007143], [14.6022636, 50.0094315], [14.6039007, 50.0019258], [14.6078305, 50.002937], [14.6103406, 49.9986363], [14.6134893, 49.9999981], [14.6191943, 49.9975247], [14.6223474, 49.9986156], [14.6291605, 49.9955374], [14.6339958, 49.9961302], [14.6401518, 49.9944411], [14.6469229, 49.9987546], [14.6382891, 50.0057827], [14.6438141, 50.0065389], [14.6454958, 50.0047342], [14.6498044, 50.0087938], [14.6577854, 50.0043495], [14.6626193, 50.0084011], [14.6615855, 50.0127833], [14.6685483, 50.0134346], [14.669537, 50.0188407], [14.6561272, 50.0309551], [14.6569571, 50.0378173], [14.6668511, 50.0385277], [14.6538674, 50.0492542], [14.6479462, 50.0436683], [14.6440386, 50.0421831], [14.6402196, 50.0484131], [14.6413491, 50.0541306], [14.6401916, 50.0568947], [14.6458266, 50.0587354], [14.6448369, 50.0600564], [14.652135, 50.059538], [14.6514504, 50.0619535], [14.6581022, 50.061066], [14.6581693, 50.0622841], [14.6671358, 50.0637853], [14.6747647, 50.067558], [14.6908607, 50.0720182], [14.6999919, 50.0721289], [14.7067867, 50.0870194], [14.7039175, 50.0917426], [14.6886937, 50.0963003], [14.688646, 50.0988438], [14.6911956, 50.0998951], [14.6903288, 50.1006277], [14.6768033, 50.1016454], [14.6685944, 50.103972], [14.665884, 50.1026521], [14.6606212, 50.1065345], [14.6574355, 50.1065009], [14.6567598, 50.1098902], [14.6591154, 50.1226041], [14.6352008, 50.1239183], [14.6354185, 50.1263749], [14.6322995, 50.1299032], [14.6086335, 50.1271149], [14.6005164, 50.129523], [14.5952125, 50.1339214], [14.5923328, 50.138741], [14.5897331, 50.1396718], [14.591358, 50.1426913], [14.5877286, 50.1452435], [14.5884301, 50.1471545], [14.5931774, 50.1476305], [14.5934964, 50.1500718], [14.5990028, 50.1541328], [14.584351, 50.1536431], [14.5785323, 50.1502016], [14.5687846, 50.1500378], [14.5661556, 50.1516488], [14.5632297, 50.1501702], [14.5604828, 50.1553647], [14.5627472, 50.1560274], [14.5609936, 50.1615751], [14.550447, 50.164824], [14.5505391, 50.1661221], [14.542381, 50.1625767], [14.5403349, 50.1650878], [14.5342355, 50.1615652], [14.5305116, 50.1661902], [14.5326164, 50.1674735], [14.5313005, 50.1725034], [14.5324832, 50.1771831], [14.5268552, 50.1774302], [14.5195803, 50.1748765], [14.5090714, 50.1741607], [14.506904, 50.1714363], [14.4795218, 50.1722942], [14.4801495, 50.1698783], [14.4669127, 50.1695438], [14.4667688, 50.1654264], [14.4638436, 50.1648787], [14.4641231, 50.159923], [14.4518653, 50.1578317], [14.4366841, 50.1575069], [14.4360049, 50.1590913], [14.4281375, 50.1576674], [14.4289771, 50.1535113], [14.4200136, 50.1529649], [14.4206908, 50.1503338], [14.422502, 50.1498333], [14.4071204, 50.1469772], [14.3999734, 50.1479062], [14.3991472, 50.1433746], [14.3970345, 50.1435221], [14.3949016, 50.141429], [14.3920497, 50.1417845], [14.3911145, 50.1439606], [14.3848779, 50.1469262], [14.3657037, 50.1480324], [14.3560896, 50.1411726], [14.357788, 50.1405714], [14.3574303, 50.1392881], [14.3541236, 50.137526], [14.3544189, 50.1362567], [14.3561548, 50.1366347], [14.3574439, 50.1296478], [14.3600421, 50.1295213], [14.3556407, 50.1246523], [14.3612434, 50.1178977], [14.3607835, 50.1160189], [14.3276429, 50.116752], [14.3206068, 50.1152415], [14.3156962, 50.1229456], [14.3158782, 50.1286167], [14.3103247, 50.1277719], [14.3024335, 50.1300768], [14.3002026, 50.1266435], [14.2946854, 50.1247846], [14.2971713, 50.1205942], [14.2883495, 50.1162211], [14.2846626, 50.1154697], [14.2788382, 50.1190811], [14.2600445, 50.1134439], [14.2571607, 50.1145639], [14.2560759, 50.1125388], [14.2500356, 50.1107913], [14.2451109, 50.1099769], [14.2388054, 50.1117993], [14.2370135, 50.1102209], [14.2393227, 50.1072816], [14.2244355, 50.1029963]]]}}, {"type": "Feature", "properties": {"slug": "pristina", "name": "Pristina", "osmType": "relation", "osmId": 19425413, "source": "OpenStreetMap via Nominatim", "licence": "ODbL 1.0", "simplifiedDegrees": 0.001}, "geometry": {"type": "Polygon", "coordinates": [[[21.1066198, 42.641346], [21.1101671, 42.637093], [21.1186603, 42.6408373], [21.1272327, 42.6400331], [21.1361272, 42.641626], [21.1337389, 42.6397695], [21.135352, 42.6382002], [21.122573, 42.6334134], [21.1238556, 42.6304626], [21.1296735, 42.6270764], [21.1265325, 42.6169431], [21.1280504, 42.6166418], [21.127046, 42.614046], [21.1279146, 42.6128896], [21.1297819, 42.6140543], [21.1309194, 42.6110148], [21.1331014, 42.6117876], [21.132923, 42.6095308], [21.1377495, 42.6088014], [21.1492186, 42.6254865], [21.1504712, 42.6238014], [21.1586316, 42.6230513], [21.1586584, 42.6176227], [21.160695, 42.6176772], [21.1634529, 42.614955], [21.171171, 42.6217124], [21.1767657, 42.6244821], [21.1926222, 42.6259983], [21.1929685, 42.6351721], [21.1841814, 42.6363779], [21.1745883, 42.6346341], [21.1675537, 42.6418218], [21.1771433, 42.6542453], [21.1813859, 42.6563094], [21.1827689, 42.6588082], [21.1890623, 42.6553047], [21.2033137, 42.6514518], [21.210428, 42.6499408], [21.2136267, 42.6515019], [21.2082596, 42.651853], [21.206653, 42.6541177], [21.2025863, 42.6549768], [21.1902432, 42.6658327], [21.1858376, 42.6655736], [21.1919805, 42.6672835], [21.1981251, 42.6736639], [21.1956963, 42.6774379], [21.189542, 42.676224], [21.1840608, 42.6787179], [21.1813218, 42.6825118], [21.1738934, 42.6818685], [21.1781576, 42.6886789], [21.174661, 42.6912862], [21.171828, 42.6902216], [21.1699096, 42.6920193], [21.1699127, 42.696965], [21.1683259, 42.6950447], [21.1536174, 42.694859], [21.1322115, 42.6860425], [21.1326652, 42.680039], [21.1346259, 42.6793312], [21.1281267, 42.6729988], [21.1328438, 42.6703307], [21.1262962, 42.6654404], [21.1291156, 42.6631951], [21.1196267, 42.66099], [21.1221572, 42.652862], [21.1132596, 42.6483029], [21.1077185, 42.6473366], [21.1097223, 42.6422518], [21.1066198, 42.641346]]]}}, {"type": "Feature", "properties": {"slug": "rauma", "name": "Rauma", "osmType": "relation", "osmId": 2377364, "source": "OpenStreetMap via Nominatim", "licence": "ODbL 1.0", "simplifiedDegrees": 0.001}, "geometry": {"type": "Polygon", "coordinates": [[[20.7731388, 61.1334796], [21.2718137, 61.1026239], [21.3160315, 61.1035621], [21.3397533, 61.0873656], [21.3452554, 61.0859768], [21.3488771, 61.0814732], [21.374058, 61.0737995], [21.3782751, 61.0750026], [21.3893833, 61.0701875], [21.3889099, 61.0660605], [21.417079, 61.0551975], [21.4204102, 61.0461349], [21.4222659, 61.0462929], [21.4233025, 61.0434583], [21.4214344, 61.0433037], [21.4271613, 61.0273994], [21.4489754, 61.0175775], [21.4615365, 61.0143701], [21.4632478, 61.0154754], [21.4668248, 61.0134479], [21.4656921, 61.0122069], [21.4776063, 61.0090207], [21.4768708, 61.0078959], [21.4819254, 61.0037123], [21.4799564, 61.0033339], [21.4802069, 60.9994788], [21.5276537, 61.0051137], [21.550661, 61.0048018], [21.5663571, 61.0092224], [21.5992799, 61.0095371], [21.6034459, 61.0069255], [21.6034558, 61.0095785], [21.6070125, 61.0107048], [21.591385, 61.0297876], [21.6071872, 61.0337697], [21.6084702, 61.041158], [21.6212164, 61.051787], [21.6345424, 61.0367832], [21.6377236, 61.0385246], [21.6385293, 61.0373622], [21.6347888, 61.0364833], [21.6514043, 61.017362], [21.6546434, 60.9999165], [21.6655924, 60.9963322], [21.6728414, 60.9973779], [21.6737549, 60.9990907], [21.6762766, 60.9980888], [21.6915762, 61.001195], [21.691625, 61.0030935], [21.6933146, 61.0035538], [21.7050238, 61.0025903], [21.7136368, 60.9990342], [21.7343852, 61.0008914], [21.7660291, 61.0136953], [21.7532484, 61.02656], [21.7757539, 61.0341078], [21.8252136, 61.0341737], [21.8049756, 61.0201], [21.8339384, 61.0121252], [21.8322079, 61.0110513], [21.8355229, 61.011004], [21.8345945, 61.0119317], [21.8440946, 61.0094061], [21.8757314, 61.0151727], [21.8857307, 61.01535], [21.8874344, 61.0147584], [21.8870911, 61.0130011], [21.8919405, 61.0154862], [21.9202432, 61.0154342], [21.9356711, 61.0183944], [21.945437, 61.022881], [21.9560324, 61.0164983], [21.9673714, 61.0186667], [21.9741198, 61.0174581], [21.9817476, 61.01911], [21.9825287, 61.0257716], [21.9910403, 61.0313661], [22.0001909, 61.0325006], [22.0216061, 61.0303415], [22.0707173, 61.0424248], [22.0505024, 61.0807301], [22.0269724, 61.0891621], [21.9904348, 61.0855787], [21.9326486, 61.1069196], [21.9347812, 61.1078304], [21.932427, 61.1089277], [21.9329701, 61.1128273], [21.9306085, 61.1129176], [21.9300048, 61.1099068], [21.9273437, 61.108696], [21.9042463, 61.1162322], [21.8917685, 61.1309069], [21.8657805, 61.1466767], [21.8641363, 61.1456822], [21.8651477, 61.1467053], [21.8292715, 61.1624441], [21.8283449, 61.1618091], [21.8295204, 61.1611649], [21.8261701, 61.16031], [21.8292964, 61.1591726], [21.8257097, 61.1600031], [21.8116555, 61.1503373], [21.7653434, 61.1480024], [21.7434666, 61.1430129], [21.7393673, 61.1404942], [21.7343171, 61.1398168], [21.7342527, 61.1381756], [21.72995, 61.1384032], [21.7315671, 61.1401695], [21.7184894, 61.1404453], [21.7141274, 61.1382475], [21.7129788, 61.1407677], [21.6934187, 61.1420417], [21.6746432, 61.1456585], [21.6732726, 61.1472193], [21.6721522, 61.1460468], [21.6532524, 61.1489019], [21.6528569, 61.151293], [21.647021, 61.1498356], [21.6372299, 61.1540838], [21.6368866, 61.15603], [21.6201993, 61.1629866], [21.6163731, 61.1676037], [21.6139919, 61.1674473], [21.6205042, 61.1695512], [21.6140442, 61.1704992], [21.6153425, 61.1713931], [21.6132333, 61.171419], [21.5979392, 61.1888645], [21.5839486, 61.1856232], [21.5853324, 61.1841538], [21.5793562, 61.1828152], [21.567131, 61.186256], [21.5575877, 61.194423], [21.5140208, 61.2063128], [21.5127124, 61.204917], [21.5117144, 61.2060177], [21.5130027, 61.2065999], [21.5054065, 61.2088161], [21.5060147, 61.211002], [21.5033444, 61.2139799], [21.4846352, 61.2164341], [21.4253775, 61.2346793], [21.4114504, 61.2450932], [21.3689227, 61.2503733], [20.8121335, 61.2848724], [20.7731388, 61.1334796]]]}}, {"type": "Feature", "properties": {"slug": "reykjavik", "name": "Reykjav\u00edk", "osmType": "relation", "osmId": 2580605, "source": "OpenStreetMap via Nominatim", "licence": "ODbL 1.0", "simplifiedDegrees": 0.001}, "geometry": {"type": "MultiPolygon", "coordinates": [[[[-21.9838299, 64.1501821], [-21.9760894, 64.148262], [-21.9770798, 64.1447603], [-21.972412, 64.1434375], [-21.9731796, 64.1418852], [-21.9658037, 64.1407929], [-21.9631145, 64.1345212], [-21.9599327, 64.1326949], [-21.95728, 64.1276024], [-21.9493841, 64.1247265], [-21.9418799, 64.1241493], [-21.9384481, 64.1198731], [-21.9297712, 64.1214026], [-21.9043839, 64.1199333], [-21.9001164, 64.1166557], [-21.8935274, 64.1177788], [-21.8477472, 64.1158936], [-21.8457985, 64.1146666], [-21.8467678, 64.113757], [-21.8440345, 64.1133526], [-21.8456727, 64.1095531], [-21.8496925, 64.1071049], [-21.8482893, 64.1067382], [-21.8617781, 64.1050688], [-21.8596398, 64.0982509], [-21.8348032, 64.0897388], [-21.8131967, 64.0978916], [-21.7881758, 64.0970233], [-21.7837627, 64.0984542], [-21.7829345, 64.0959647], [-21.7840743, 64.0946669], [-21.793827, 64.0936559], [-21.7844608, 64.0845499], [-21.7850314, 64.0827966], [-21.7881082, 64.0816334], [-21.7863078, 64.0763728], [-21.8001426, 64.0683212], [-21.8259044, 64.0595433], [-21.8103414, 64.0404021], [-21.7932204, 64.0480286], [-21.7548782, 64.0566091], [-21.7368542, 64.0458838], [-21.6960205, 64.0585425], [-21.6608052, 64.0524971], [-21.7026223, 64.0647978], [-21.6720815, 64.0801142], [-21.6841999, 64.0850887], [-21.7013615, 64.0874021], [-21.7038532, 64.0884255], [-21.7024579, 64.0906176], [-21.7066437, 64.0923123], [-21.6973033, 64.098459], [-21.680056, 64.1015732], [-21.6986092, 64.1060195], [-21.6853263, 64.1330146], [-21.6836883, 64.1330096], [-21.6834208, 64.1373878], [-21.6692413, 64.1412583], [-21.7207362, 64.1481284], [-21.7205043, 64.1510846], [-21.7424875, 64.1476108], [-21.7512558, 64.1534769], [-21.7447125, 64.15784], [-21.7464778, 64.1589247], [-21.7448876, 64.1624166], [-21.7465271, 64.1631392], [-21.7464708, 64.1652039], [-21.7689286, 64.1559558], [-21.7711726, 64.1562282], [-21.7705446, 64.1577363], [-21.7870907, 64.1564171], [-21.7901363, 64.1570058], [-21.7888306, 64.159578], [-21.789645, 64.1604868], [-21.7904175, 64.160839], [-21.7848219, 64.1604279], [-21.7856268, 64.1596795], [-21.7819296, 64.1606982], [-21.7805319, 64.1674813], [-21.8045997, 64.1747878], [-21.8183699, 64.1733841], [-21.8207061, 64.1745548], [-21.8255812, 64.1718326], [-21.8244748, 64.1688531], [-21.8176188, 64.1644935], [-21.7896649, 64.1602237], [-21.7902608, 64.1580025], [-21.7932595, 64.1563961], [-21.7979325, 64.1574232], [-21.8112432, 64.1542934], [-21.8192399, 64.1550244], [-21.8202458, 64.1527167], [-21.8236889, 64.1514049], [-21.8194813, 64.1494826], [-21.8264744, 64.1426074], [-21.8211596, 64.1366776], [-21.791146, 64.1298671], [-21.7922956, 64.1278145], [-21.795084, 64.1270796], [-21.8098482, 64.1296297], [-21.8132336, 64.1338872], [-21.8206777, 64.133251], [-21.819133, 64.1349628], [-21.827229, 64.1363328], [-21.8314011, 64.1315857], [-21.8359046, 64.1333013], [-21.8355824, 64.1302605], [-21.8374519, 64.1273607], [-21.8419189, 64.1250118], [-21.8428759, 64.1253885], [-21.8378351, 64.1274359], [-21.8361361, 64.130691], [-21.8417871, 64.1296142], [-21.844211, 64.125252], [-21.8456603, 64.1270761], [-21.8447457, 64.1289172], [-21.8404028, 64.130714], [-21.8362877, 64.1339634], [-21.8386597, 64.1343376], [-21.8372389, 64.1336592], [-21.838022, 64.1328182], [-21.8414519, 64.1339582], [-21.8458213, 64.12991], [-21.8433324, 64.1337985], [-21.8368227, 64.1350097], [-21.8387977, 64.1468953], [-21.8472408, 64.1510267], [-21.8577736, 64.1485335], [-21.8609253, 64.1508067], [-21.8563945, 64.1521612], [-21.8648753, 64.1566408], [-21.8674046, 64.156439], [-21.8646477, 64.1581046], [-21.8681748, 64.1559844], [-21.8752743, 64.155455], [-21.8797073, 64.1573188], [-21.8795912, 64.1553344], [-21.8892267, 64.1529537], [-21.8882238, 64.1509672], [-21.8939766, 64.1480124], [-21.9151939, 64.1461589], [-21.9316181, 64.1513313], [-21.9344458, 64.1503859], [-21.9366539, 64.1515357], [-21.9351097, 64.1504691], [-21.9374777, 64.1493946], [-21.9438832, 64.1512819], [-21.9399923, 64.153003], [-21.944836, 64.1516505], [-21.9488911, 64.1529547], [-21.9426319, 64.154644], [-21.9411182, 64.1536938], [-21.9398644, 64.1540734], [-21.9411911, 64.1549062], [-21.9380231, 64.155917], [-21.9350173, 64.153782], [-21.9342327, 64.1540378], [-21.9330074, 64.1533029], [-21.9321493, 64.1528333], [-21.9320167, 64.1528473], [-21.9381348, 64.1580817], [-21.9373809, 64.1597532], [-21.9388191, 64.1611403], [-21.9464207, 64.1603496], [-21.946609, 64.1585592], [-21.9558331, 64.1557334], [-21.9538201, 64.1542803], [-21.9590969, 64.1515512], [-21.9838299, 64.1501821]]], [[[-21.9688084, 64.1734466], [-21.9616944, 64.1719663], [-21.9623523, 64.170483], [-21.9600005, 64.1690993], [-21.9610825, 64.1709874], [-21.9598369, 64.1724724], [-21.9636284, 64.1724225], [-21.9671139, 64.1745273], [-21.9688084, 64.1734466]]], [[[-21.9253198, 64.1738839], [-21.9107192, 64.1678259], [-21.9069145, 64.1638019], [-21.9078798, 64.1678305], [-21.9159227, 64.1742163], [-21.9234471, 64.1758424], [-21.9253198, 64.1738839]]], [[[-21.9094141, 64.2334717], [-21.9062555, 64.2305772], [-21.9028974, 64.2308244], [-21.9037449, 64.2292572], [-21.897018, 64.2279231], [-21.8937779, 64.228084], [-21.8924582, 64.2306985], [-21.8892825, 64.2312722], [-21.8780172, 64.2284735], [-21.8673093, 64.2312454], [-21.8657338, 64.2321619], [-21.867367, 64.2331338], [-21.8661274, 64.2349121], [-21.8577827, 64.2376438], [-21.8469752, 64.2369267], [-21.8469859, 64.2384047], [-21.8433469, 64.239064], [-21.8338236, 64.2381884], [-21.8186063, 64.2324779], [-21.8120885, 64.2230339], [-21.8183005, 64.2123569], [-21.8273985, 64.2105972], [-21.8283051, 64.2087744], [-21.8260432, 64.2070539], [-21.7982161, 64.211218], [-21.7638195, 64.2027636], [-21.7210811, 64.2084861], [-21.7122513, 64.2072479], [-21.7088556, 64.2052218], [-21.7091721, 64.2026177], [-21.7129289, 64.202032], [-21.7118127, 64.2009704], [-21.7159002, 64.2028006], [-21.7180635, 64.2024367], [-21.7189193, 64.1997916], [-21.7415518, 64.1997099], [-21.741246, 64.1984117], [-21.7452157, 64.1952454], [-21.7572051, 64.1963569], [-21.7693877, 64.1950586], [-21.7704713, 64.1931717], [-21.7677355, 64.1905841], [-21.7586115, 64.186614], [-21.7690073, 64.1832086], [-21.7666743, 64.1819492], [-21.777346, 64.1771598], [-21.7692912, 64.1736928], [-21.7652571, 64.1741135], [-21.7631865, 64.1779318], [-21.7604989, 64.1793361], [-21.7494428, 64.1764176], [-21.7329047, 64.1778061], [-21.7293353, 64.1806842], [-21.717334, 64.1841666], [-21.7077228, 64.1828452], [-21.6641486, 64.1936721], [-21.6553885, 64.194239], [-21.6519472, 64.1961888], [-21.6528592, 64.1970382], [-21.6509414, 64.1999761], [-21.6426748, 64.2007734], [-21.6365567, 64.2041328], [-21.6278288, 64.2057563], [-21.605199, 64.2057896], [-21.6027059, 64.2075222], [-21.5935072, 64.2075058], [-21.5822071, 64.2097663], [-21.5729481, 64.207423], [-21.5562245, 64.2063113], [-21.5482798, 64.2091782], [-21.5451175, 64.2083058], [-21.5298702, 64.2114379], [-21.5009588, 64.2094341], [-21.4889802, 64.2108329], [-21.4832561, 64.2088631], [-21.4850697, 64.2074223], [-21.4822733, 64.2045005], [-21.4765986, 64.2022488], [-21.4534623, 64.202213], [-21.4445631, 64.2006237], [-21.4406232, 64.2020693], [-21.4415925, 64.2034236], [-21.4388489, 64.2024591], [-21.4289627, 64.2042895], [-21.4288493, 64.2059397], [-21.4230322, 64.2071361], [-21.4239776, 64.208103], [-21.419965, 64.2101845], [-21.4198373, 64.2126696], [-21.4110029, 64.2163873], [-21.4039778, 64.2172475], [-21.4019991, 64.2200349], [-21.4069705, 64.2235794], [-21.4075314, 64.2257578], [-21.4109353, 64.2271527], [-21.4044544, 64.2308455], [-21.4065746, 64.2338076], [-21.412223, 64.2364159], [-21.4107167, 64.2380896], [-21.4143365, 64.2425187], [-21.4328196, 64.2477467], [-21.4639751, 64.2405182], [-21.4702402, 64.2403783], [-21.4796579, 64.2353727], [-21.4849404, 64.2381725], [-21.5167155, 64.2443419], [-21.539762, 64.2423611], [-21.5568805, 64.2440978], [-21.5828536, 64.2584542], [-21.5971014, 64.2566454], [-21.6109241, 64.2573806], [-21.6119925, 64.2536651], [-21.6152882, 64.2509826], [-21.6553161, 64.2444705], [-21.6911016, 64.2614213], [-21.7060415, 64.266731], [-21.7106584, 64.2708325], [-21.7346542, 64.2725747], [-21.7430799, 64.2761028], [-21.7402694, 64.2791848], [-21.7402238, 64.2818001], [-21.7488178, 64.2852125], [-21.7345369, 64.2922712], [-21.7342655, 64.2978006], [-21.7359651, 64.2986626], [-21.7536475, 64.2984861], [-21.7595068, 64.2996067], [-21.7584077, 64.3006949], [-21.7605815, 64.3019531], [-21.7643103, 64.3004437], [-21.776276, 64.3024221], [-21.7820112, 64.3002741], [-21.7888616, 64.3017459], [-21.7901411, 64.3042203], [-21.7873965, 64.3079607], [-21.7730961, 64.3133425], [-21.7772651, 64.3137342], [-21.7765224, 64.3153711], [-21.7912317, 64.3085672], [-21.7998576, 64.3016454], [-21.8091059, 64.2990864], [-21.8156397, 64.293549], [-21.8356061, 64.2897838], [-21.8364537, 64.2869678], [-21.8406487, 64.2853107], [-21.8440435, 64.2822431], [-21.8447471, 64.2794865], [-21.8581688, 64.2709435], [-21.8624175, 64.265263], [-21.878736, 64.2557906], [-21.8784785, 64.249028], [-21.8835508, 64.2440564], [-21.8941775, 64.2423581], [-21.9030583, 64.2438255], [-21.9077499, 64.2430342], [-21.8955964, 64.2408463], [-21.8902052, 64.2365796], [-21.9094141, 64.2334717]]], [[[-21.8736155, 64.1740631], [-21.8707902, 64.1717685], [-21.8577485, 64.168816], [-21.8575095, 64.1673244], [-21.8607497, 64.1659666], [-21.8627304, 64.1630391], [-21.8506131, 64.1602079], [-21.8485426, 64.1570918], [-21.8409324, 64.1548784], [-21.8329729, 64.1556708], [-21.8310721, 64.1580072], [-21.8552221, 64.1688602], [-21.8535337, 64.1728224], [-21.8564358, 64.1746542], [-21.8714924, 64.1754933], [-21.8736155, 64.1740631]]], [[[-21.8333852, 64.1876131], [-21.8296539, 64.1864928], [-21.8264437, 64.1865082], [-21.8284061, 64.187533], [-21.8333852, 64.1876131]]], [[[-21.7940318, 64.1864454], [-21.7879448, 64.1832123], [-21.7921161, 64.1808368], [-21.7884794, 64.1787186], [-21.7848988, 64.1788209], [-21.7834993, 64.1814363], [-21.7748287, 64.1833738], [-21.7804244, 64.1859846], [-21.7940318, 64.1864454]]]]}}, {"type": "Feature", "properties": {"slug": "riga", "name": "Riga", "osmType": "relation", "osmId": 13048688, "source": "OpenStreetMap via Nominatim", "licence": "ODbL 1.0", "simplifiedDegrees": 0.001}, "geometry": {"type": "Polygon", "coordinates": [[[23.9325504, 57.0087886], [23.934394, 57.0077167], [23.9331688, 56.9998235], [23.9344431, 56.9956478], [23.9471426, 56.9969596], [23.970957, 56.986472], [23.9883135, 56.9891155], [24.0098262, 56.9875598], [24.0124688, 56.9852404], [24.0072783, 56.981863], [23.997204, 56.982876], [23.9885546, 56.9811048], [24.0117848, 56.9716796], [23.994734, 56.9627335], [23.9770652, 56.9602668], [23.9758679, 56.9588921], [23.9610563, 56.9587335], [23.9615304, 56.9574888], [23.9576656, 56.9561719], [23.9705707, 56.9533907], [23.9455434, 56.9440775], [23.9488118, 56.9412202], [23.9673207, 56.9333107], [23.9709319, 56.9357824], [23.9778227, 56.9357434], [23.9974752, 56.9274217], [24.0150738, 56.9290474], [24.0397211, 56.9266196], [24.04155, 56.9177965], [24.0443159, 56.9175184], [24.0453795, 56.9125775], [24.0769495, 56.9090309], [24.0759633, 56.906468], [24.0820742, 56.9051843], [24.0742921, 56.8940141], [24.07485, 56.8878425], [24.0689808, 56.8757581], [24.1048832, 56.8804754], [24.1005356, 56.8918315], [24.1115562, 56.8949764], [24.1177243, 56.8942203], [24.1230981, 56.8964685], [24.1221229, 56.8982608], [24.135769, 56.8996289], [24.1415808, 56.895352], [24.1469106, 56.8962841], [24.1458038, 56.9093167], [24.1504284, 56.9100612], [24.1524244, 56.9050337], [24.158143, 56.9048651], [24.1580499, 56.9061494], [24.1636557, 56.9044091], [24.1693133, 56.9069699], [24.1851208, 56.9005089], [24.1995652, 56.8855527], [24.2139608, 56.8784975], [24.2434863, 56.8688797], [24.2619728, 56.8581381], [24.2645312, 56.8601218], [24.2914051, 56.8573633], [24.3105659, 56.8593126], [24.2850608, 56.8659929], [24.2449739, 56.8827325], [24.2488935, 56.885893], [24.227986, 56.8965825], [24.2337475, 56.8984124], [24.2300224, 56.900321], [24.2335968, 56.9020683], [24.2368094, 56.9131183], [24.2361324, 56.9227122], [24.2376839, 56.9227145], [24.2351041, 56.9361149], [24.2334284, 56.9373535], [24.2442328, 56.9432514], [24.2531059, 56.9558262], [24.2564571, 56.9560834], [24.2583943, 56.9523968], [24.2634064, 56.9489331], [24.2699325, 56.9506678], [24.2684555, 56.9539296], [24.270028, 56.9574816], [24.2838289, 56.9572299], [24.287489, 56.9550764], [24.3052371, 56.9615144], [24.3142605, 56.9668032], [24.3221675, 56.9667514], [24.3245042, 56.9683746], [24.3239558, 56.9700927], [24.3165855, 56.9737538], [24.3144003, 56.9779415], [24.3048681, 56.9800094], [24.3084578, 56.9829763], [24.3054582, 56.9850958], [24.3061474, 56.9870956], [24.2922149, 56.9903524], [24.278874, 56.9965057], [24.2810518, 56.99715], [24.2797221, 57.0007222], [24.2833873, 57.00194], [24.2786562, 57.002509], [24.277864, 57.0034391], [24.2806938, 57.0043504], [24.2800692, 57.0051487], [24.2723678, 57.010223], [24.2631283, 57.0091461], [24.2129128, 57.0169105], [24.1977666, 57.0256326], [24.1941954, 57.0339547], [24.1987846, 57.03454], [24.1942644, 57.0390813], [24.1992472, 57.0397205], [24.196834, 57.0453489], [24.1899857, 57.0445452], [24.1870813, 57.0538617], [24.182325, 57.0528026], [24.1483234, 57.0561454], [24.1469432, 57.0571582], [24.1516158, 57.0580424], [24.1517491, 57.060633], [24.1497792, 57.0626249], [24.1438325, 57.0619835], [24.1409995, 57.0647791], [24.143451, 57.06692], [24.1416045, 57.0711729], [24.1355274, 57.0772792], [24.127313, 57.0753622], [24.1247473, 57.0785345], [24.1222063, 57.0775264], [24.1169606, 57.0816325], [24.1211156, 57.0830977], [24.1188492, 57.0861068], [24.0828344, 57.0756221], [24.0291535, 57.064441], [24.0147418, 57.0684481], [24.01013, 57.0653638], [24.0217715, 57.059046], [24.0144182, 57.0511422], [24.0022842, 57.0416788], [23.9771742, 57.0262254], [23.9325504, 57.0087886]]]}}, {"type": "Feature", "properties": {"slug": "rome", "name": "Rome", "osmType": "relation", "osmId": 41485, "source": "OpenStreetMap via Nominatim", "licence": "ODbL 1.0", "simplifiedDegrees": 0.001}, "geometry": {"type": "MultiPolygon", "coordinates": [[[[12.2344669, 41.7400461], [12.2449341, 41.7363888], [12.2455956, 41.7375829], [12.2423487, 41.7375907], [12.2408956, 41.7393163], [12.2522045, 41.7368205], [12.2462809, 41.7373865], [12.2460204, 41.7360531], [12.2537689, 41.7366714], [12.2839462, 41.726129], [12.3028617, 41.7174856], [12.3048212, 41.7181041], [12.3160266, 41.7137845], [12.3713028, 41.6859492], [12.4159448, 41.6556417], [12.4514498, 41.6817218], [12.466804, 41.6875238], [12.4886838, 41.6904473], [12.4939357, 41.6922295], [12.4952454, 41.6941407], [12.5091673, 41.6864698], [12.5148175, 41.6884736], [12.5246174, 41.6959584], [12.536443, 41.6982077], [12.5357781, 41.7000839], [12.5393077, 41.7007363], [12.5465978, 41.7078324], [12.5531462, 41.7115496], [12.567842, 41.711587], [12.5747272, 41.7144597], [12.577964, 41.7085742], [12.5862869, 41.6993435], [12.589722, 41.6978747], [12.5921473, 41.6940786], [12.6001401, 41.6899117], [12.602848, 41.6909567], [12.60072, 41.6925534], [12.6054562, 41.6981009], [12.6034497, 41.7005146], [12.6129868, 41.7091056], [12.6045009, 41.7066086], [12.6030548, 41.708433], [12.6034774, 41.7119991], [12.6018602, 41.7116369], [12.5993, 41.7160913], [12.6010746, 41.7166903], [12.6003883, 41.7198143], [12.5977022, 41.721145], [12.592799, 41.7205525], [12.5902892, 41.7271246], [12.5965934, 41.7260358], [12.596056, 41.7300233], [12.5935422, 41.7304228], [12.5925812, 41.7327578], [12.5962804, 41.733454], [12.5992843, 41.7360921], [12.5997763, 41.7390251], [12.5932678, 41.7407675], [12.5846585, 41.7397325], [12.5846092, 41.7420971], [12.5898751, 41.7485623], [12.5833449, 41.7533679], [12.5886946, 41.7552573], [12.5951451, 41.7551183], [12.5968162, 41.7586124], [12.5836451, 41.759602], [12.590068, 41.7759731], [12.5887318, 41.7765597], [12.5908989, 41.7820444], [12.5898757, 41.7844196], [12.5978524, 41.7905926], [12.5944454, 41.7925385], [12.598844, 41.7973932], [12.5944692, 41.7995994], [12.5884626, 41.8087455], [12.5933834, 41.8120071], [12.5838265, 41.8201602], [12.5865463, 41.8215904], [12.591438, 41.820543], [12.604687, 41.8078164], [12.6119781, 41.8084925], [12.6167571, 41.8045874], [12.6196276, 41.8057264], [12.6199005, 41.8078304], [12.6227725, 41.8048584], [12.6238385, 41.8052233], [12.6228278, 41.8081687], [12.6286073, 41.8067971], [12.6319036, 41.80435], [12.6300095, 41.8033459], [12.6343106, 41.8018694], [12.6329112, 41.8009558], [12.6381557, 41.798111], [12.6379944, 41.7964077], [12.6407409, 41.7959512], [12.6429513, 41.7977826], [12.643545, 41.7967387], [12.6419344, 41.7959351], [12.6446104, 41.7968133], [12.6451316, 41.7938067], [12.65196, 41.7912833], [12.6534627, 41.7921815], [12.6518351, 41.7960676], [12.6531108, 41.7964386], [12.6367796, 41.8036073], [12.6380075, 41.807304], [12.637027, 41.8089364], [12.6384688, 41.8099899], [12.626065, 41.8212318], [12.6313768, 41.8241589], [12.6292088, 41.8256262], [12.6308369, 41.8288263], [12.6408807, 41.8215557], [12.6439563, 41.8225322], [12.6516108, 41.8161629], [12.6609558, 41.8183365], [12.6580739, 41.8235438], [12.6546488, 41.8226946], [12.6512942, 41.82561], [12.6472631, 41.8250484], [12.6385023, 41.830976], [12.640637, 41.8324277], [12.6431734, 41.8317534], [12.6447546, 41.8341536], [12.6534903, 41.8316099], [12.6515239, 41.8352092], [12.6521033, 41.837923], [12.6502418, 41.8395776], [12.6518941, 41.8453085], [12.6497511, 41.8484617], [12.651232, 41.8501905], [12.6550713, 41.8475616], [12.6597671, 41.8410487], [12.6634673, 41.8410418], [12.6622188, 41.8433978], [12.6638651, 41.8444725], [12.6538525, 41.8524414], [12.6589285, 41.8533043], [12.6649854, 41.8517503], [12.6685965, 41.8479736], [12.6724695, 41.8516911], [12.6759678, 41.8522278], [12.6826238, 41.8494282], [12.6839135, 41.8461294], [12.6821993, 41.8423478], [12.6827282, 41.838853], [12.6861042, 41.8437243], [12.687895, 41.8392432], [12.6907301, 41.8400751], [12.690219, 41.8434208], [12.6856278, 41.8456256], [12.6892532, 41.8457094], [12.6936382, 41.8437248], [12.6964209, 41.8382176], [12.6976104, 41.838141], [12.6968757, 41.8425409], [12.701554, 41.8425694], [12.7055477, 41.8392404], [12.7074161, 41.8336744], [12.7165509, 41.8407248], [12.7179224, 41.8375814], [12.7242032, 41.8373856], [12.7274576, 41.8276738], [12.7426198, 41.8313615], [12.7395557, 41.8339202], [12.7381077, 41.8427119], [12.7367207, 41.8427019], [12.7339974, 41.8474604], [12.7274942, 41.8495856], [12.7273443, 41.8522128], [12.7206992, 41.8559395], [12.7194289, 41.8591987], [12.715393, 41.8593649], [12.7059057, 41.8649718], [12.6974622, 41.8905665], [12.7052436, 41.888549], [12.7053522, 41.8905493], [12.7283495, 41.8864646], [12.7368517, 41.8933449], [12.7356327, 41.8992543], [12.7413118, 41.8979232], [12.7763182, 41.9119471], [12.7844348, 41.9064138], [12.7928367, 41.9045515], [12.8005072, 41.8996455], [12.801931, 41.9002299], [12.8067328, 41.8942846], [12.8185357, 41.8848651], [12.8187004, 41.8827795], [12.8389967, 41.8720793], [12.8421959, 41.8678365], [12.8461162, 41.867144], [12.8476547, 41.8701788], [12.8466792, 41.8727397], [12.8554958, 41.8718026], [12.8557603, 41.8731661], [12.842594, 41.8787326], [12.846374, 41.8838731], [12.8510684, 41.8859651], [12.8479104, 41.8884287], [12.8436598, 41.8888498], [12.8451463, 41.8907945], [12.8432598, 41.8934309], [12.8386156, 41.8912476], [12.8351028, 41.8924702], [12.8293331, 41.8906337], [12.8189976, 41.8940632], [12.8149146, 41.8966271], [12.8150514, 41.8979174], [12.8078003, 41.9010676], [12.7990516, 41.902827], [12.795741, 41.904769], [12.7972886, 41.9073084], [12.7991793, 41.9072157], [12.8004568, 41.909724], [12.8070416, 41.909002], [12.8079007, 41.9146675], [12.8063646, 41.9169511], [12.7884875, 41.922847], [12.7798632, 41.9240867], [12.7720801, 41.9294382], [12.7692205, 41.9256267], [12.7622411, 41.9272467], [12.7622923, 41.9255716], [12.7571073, 41.9249094], [12.7538334, 41.9218497], [12.7505665, 41.9265903], [12.7463192, 41.9294564], [12.7357137, 41.9333371], [12.7301264, 41.9325212], [12.7271323, 41.9276027], [12.7194867, 41.9314058], [12.7170362, 41.9297628], [12.710664, 41.9317211], [12.7100715, 41.9333585], [12.7072805, 41.9323427], [12.7057268, 41.9350707], [12.7006972, 41.9377012], [12.6923033, 41.9331087], [12.6914808, 41.9360992], [12.6868877, 41.9359342], [12.6825257, 41.9305786], [12.677868, 41.9330399], [12.6749569, 41.932868], [12.6717586, 41.9314356], [12.6722861, 41.9278697], [12.6695044, 41.9264533], [12.6634147, 41.9314066], [12.6560464, 41.9313428], [12.6544339, 41.9353184], [12.6558452, 41.942274], [12.645089, 41.9418112], [12.6460468, 41.9484016], [12.642944, 41.9488385], [12.6418566, 41.9523647], [12.6434096, 41.9573631], [12.6274151, 41.9588037], [12.6201983, 41.9624758], [12.620106, 41.9666479], [12.6156103, 41.9711187], [12.6119364, 41.9709282], [12.6159602, 41.9794053], [12.6186465, 41.9903221], [12.6020479, 41.9964242], [12.5963835, 42.0014411], [12.60409, 42.004218], [12.6026507, 42.0103704], [12.6047864, 42.0120504], [12.6086649, 42.0117362], [12.6077024, 42.0148262], [12.6042402, 42.0151394], [12.6026031, 42.0200056], [12.6057394, 42.0215007], [12.608131, 42.0199459], [12.6127284, 42.020442], [12.6130369, 42.0263439], [12.6148193, 42.0293313], [12.6076671, 42.0310608], [12.5830546, 42.0461763], [12.580035, 42.0510319], [12.5795011, 42.0554772], [12.5781162, 42.0548547], [12.5710365, 42.0582012], [12.5701779, 42.060517], [12.5666323, 42.0621602], [12.566981, 42.0653289], [12.5626945, 42.0675853], [12.562952, 42.0771421], [12.5580597, 42.0772058], [12.5521374, 42.0731921], [12.547643, 42.072946], [12.5466086, 42.0758337], [12.5442441, 42.0770435], [12.5350769, 42.0712364], [12.5338278, 42.065956], [12.5258854, 42.0721649], [12.5225424, 42.0667885], [12.5145396, 42.0698035], [12.5044749, 42.0694052], [12.4963257, 42.0658398], [12.4964107, 42.0531969], [12.4948882, 42.0528537], [12.4926112, 42.0654775], [12.4874753, 42.0687648], [12.4860338, 42.0746081], [12.4841327, 42.0769123], [12.4772323, 42.0757908], [12.4752467, 42.0747414], [12.4757525, 42.071525], [12.4789172, 42.070112], [12.4830319, 42.0633066], [12.4799726, 42.0610116], [12.4628749, 42.0614734], [12.4534869, 42.0585124], [12.4565958, 42.0523998], [12.453702, 42.0428417], [12.4516311, 42.0415551], [12.4459232, 42.0463118], [12.4294808, 42.0445072], [12.4276541, 42.0522347], [12.4223825, 42.0529938], [12.4215426, 42.0547301], [12.413818, 42.0532175], [12.4081279, 42.0592286], [12.4042528, 42.0594794], [12.41052, 42.052914], [12.4136785, 42.0428676], [12.4193496, 42.038084], [12.4230667, 42.0387384], [12.4245777, 42.0371865], [12.4241563, 42.0346601], [12.4288957, 42.0299017], [12.4284653, 42.0246947], [12.4238329, 42.0264852], [12.4234599, 42.0310003], [12.4057794, 42.0331001], [12.4042479, 42.035901], [12.3937341, 42.0409379], [12.3921006, 42.0401828], [12.391129, 42.0445487], [12.3822743, 42.0556098], [12.3731929, 42.0552714], [12.3734589, 42.0802146], [12.3805306, 42.0809593], [12.3854418, 42.0832083], [12.3834678, 42.0839704], [12.3846391, 42.0848427], [12.3905188, 42.0858893], [12.3928358, 42.0910726], [12.3914972, 42.0953953], [12.3876047, 42.095245], [12.3844032, 42.0980442], [12.3757466, 42.1009478], [12.3705741, 42.1003091], [12.3683967, 42.0974037], [12.3627324, 42.0991627], [12.3589955, 42.0976821], [12.3573359, 42.1014743], [12.3437779, 42.1038797], [12.3407658, 42.1012617], [12.3412724, 42.0967292], [12.3397205, 42.0947071], [12.3337328, 42.0932492], [12.3279872, 42.0879352], [12.32136, 42.0903353], [12.3214242, 42.0877755], [12.3165935, 42.0858994], [12.32047, 42.0783041], [12.3192239, 42.0772623], [12.3219878, 42.0745881], [12.3154266, 42.0703635], [12.3114878, 42.0619831], [12.3076736, 42.0591016], [12.2976925, 42.0614837], [12.2936843, 42.0603857], [12.297054, 42.0543107], [12.2762965, 42.0619524], [12.261201, 42.0595526], [12.2626412, 42.0558848], [12.2602764, 42.0531291], [12.2606761, 42.0472696], [12.2644229, 42.0408507], [12.2612281, 42.0255986], [12.2635117, 42.018384], [12.242948, 42.0172404], [12.2423884, 42.0143201], [12.2443106, 42.0088612], [12.2425705, 41.9987095], [12.2458468, 41.9944989], [12.2456128, 41.9886239], [12.2517071, 41.9787017], [12.2489761, 41.9726925], [12.2551896, 41.9725156], [12.2573759, 41.9746812], [12.2621721, 41.9746904], [12.2639185, 41.9761753], [12.2635557, 41.9705446], [12.2683181, 41.9689974], [12.2694339, 41.9672135], [12.2833254, 41.9685933], [12.2861734, 41.9647965], [12.2888992, 41.9638443], [12.2943696, 41.9659267], [12.2970824, 41.9636947], [12.3001572, 41.9648984], [12.3045331, 41.9638372], [12.3009232, 41.9612051], [12.3010887, 41.9578066], [12.2985089, 41.9538976], [12.2973383, 41.9477987], [12.2926122, 41.9418909], [12.271032, 41.9242496], [12.2643241, 41.9132917], [12.2641331, 41.9087098], [12.2613761, 41.9075966], [12.256455, 41.8964565], [12.2487097, 41.8907372], [12.2409245, 41.8890997], [12.2369615, 41.8847407], [12.2385099, 41.8810034], [12.2491115, 41.8774429], [12.26005, 41.8657203], [12.2648065, 41.8531055], [12.3071999, 41.8121108], [12.3080466, 41.8103938], [12.3065683, 41.8088298], [12.3168049, 41.7979], [12.3060256, 41.7973387], [12.2975005, 41.7904043], [12.2875048, 41.7891843], [12.2814339, 41.7842888], [12.2787943, 41.7775079], [12.278349, 41.7682493], [12.2805159, 41.7629777], [12.2864575, 41.7575703], [12.2859232, 41.7558709], [12.2521175, 41.7438118], [12.2344669, 41.7400461]], [[12.4457878, 41.9019669], [12.4505145, 41.9064855], [12.4554001, 41.9073829], [12.4576569, 41.9058208], [12.4561843, 41.9027564], [12.4583653, 41.9022574], [12.4543254, 41.901403], [12.4545155, 41.9002048], [12.4457878, 41.9019669]]], [[[12.2802417, 42.118545], [12.2814424, 42.1122658], [12.2852778, 42.1101742], [12.286717, 42.1108694], [12.2865731, 42.1132819], [12.2897993, 42.114603], [12.2933825, 42.1111266], [12.2988444, 42.1107394], [12.3015639, 42.1126563], [12.3029364, 42.1070611], [12.3071533, 42.1035486], [12.3169625, 42.114696], [12.3354293, 42.1133278], [12.334939, 42.1170161], [12.3381822, 42.1247463], [12.3320151, 42.1266869], [12.3283189, 42.1258515], [12.3258521, 42.129465], [12.3205294, 42.1298484], [12.3206077, 42.1352815], [12.3185018, 42.1372611], [12.3172996, 42.1355839], [12.3071373, 42.1410285], [12.3017954, 42.1379225], [12.3005223, 42.1352622], [12.2995993, 42.1371671], [12.2959603, 42.1348616], [12.2934506, 42.1380413], [12.2853306, 42.1363807], [12.2839498, 42.1344028], [12.2853211, 42.1287709], [12.2840977, 42.1242777], [12.2802417, 42.118545]]]]}}, {"type": "Feature", "properties": {"slug": "rostov-on-don", "name": "Rostov-on-Don", "osmType": "relation", "osmId": 964255, "source": "OpenStreetMap via Nominatim", "licence": "ODbL 1.0", "simplifiedDegrees": 0.001}, "geometry": {"type": "Polygon", "coordinates": [[[39.4047313, 47.2217411], [39.4318039, 47.2037669], [39.4321378, 47.2010327], [39.4352992, 47.1996945], [39.4335965, 47.1984858], [39.434479, 47.1968214], [39.4499127, 47.1814773], [39.553307, 47.1656135], [39.5955421, 47.1770637], [39.6212589, 47.1533773], [39.6437788, 47.1555941], [39.6574473, 47.1586144], [39.6817381, 47.160032], [39.6851995, 47.1623978], [39.6877772, 47.1612879], [39.6918156, 47.1627483], [39.6972697, 47.1681105], [39.7031068, 47.1702874], [39.7098893, 47.1700493], [39.7101699, 47.1715523], [39.7119568, 47.1716749], [39.7103033, 47.1726756], [39.7120121, 47.1730324], [39.7123357, 47.1752001], [39.7155582, 47.1730266], [39.7173377, 47.1750224], [39.7201804, 47.1730816], [39.7220306, 47.1752738], [39.7343054, 47.1752792], [39.7361279, 47.173467], [39.7427553, 47.1752242], [39.7477312, 47.1696977], [39.761574, 47.1629639], [39.7677183, 47.1752911], [39.7756991, 47.1755186], [39.7757623, 47.1823972], [39.7950471, 47.1833819], [39.8205484, 47.1992464], [39.8014441, 47.2132117], [39.808807, 47.2210936], [39.8310939, 47.2294412], [39.8506322, 47.2426896], [39.8489372, 47.2440915], [39.8513903, 47.2471335], [39.8456901, 47.2491047], [39.8401594, 47.2542061], [39.825651, 47.2554059], [39.8226311, 47.2572925], [39.8374326, 47.2681241], [39.8368315, 47.2694828], [39.8406675, 47.2730024], [39.8339328, 47.2708974], [39.8330815, 47.2725455], [39.8286522, 47.27155], [39.8262594, 47.2693798], [39.8237158, 47.2708367], [39.8248782, 47.2728945], [39.8080901, 47.276293], [39.8139693, 47.2889853], [39.8072162, 47.2909655], [39.8069935, 47.2932331], [39.8036033, 47.2932276], [39.8030414, 47.3384647], [39.7946878, 47.3400824], [39.7911152, 47.3379649], [39.7813922, 47.3362598], [39.7781638, 47.3419461], [39.7723478, 47.3434938], [39.7717515, 47.3451689], [39.7582963, 47.3459135], [39.7510993, 47.3491095], [39.7515339, 47.351272], [39.757299, 47.3553767], [39.7402865, 47.3555142], [39.7401445, 47.3687328], [39.7225517, 47.3686884], [39.7315579, 47.3524856], [39.7373452, 47.3381892], [39.740341, 47.3281004], [39.7363582, 47.3270549], [39.7371537, 47.3252671], [39.744711, 47.3216071], [39.743327, 47.3205307], [39.7500111, 47.316414], [39.7350689, 47.3042708], [39.7185754, 47.3020917], [39.7158192, 47.3043182], [39.7135599, 47.3016172], [39.7038185, 47.300517], [39.7021306, 47.3015172], [39.7039093, 47.3029144], [39.7057191, 47.3019041], [39.7250477, 47.3155797], [39.7167583, 47.3201619], [39.7132597, 47.3174253], [39.6965201, 47.3187336], [39.6998236, 47.3234108], [39.7044894, 47.3254741], [39.7020053, 47.3267938], [39.7055223, 47.3306733], [39.7044502, 47.3330459], [39.7066962, 47.3354642], [39.7057389, 47.3370653], [39.7012351, 47.3369896], [39.6990256, 47.3389249], [39.700191, 47.3408517], [39.7041166, 47.3401918], [39.7064657, 47.343446], [39.7065833, 47.3446907], [39.7036059, 47.3446956], [39.6980622, 47.3503468], [39.7036448, 47.3538522], [39.7009196, 47.3551972], [39.6728443, 47.3550824], [39.6719337, 47.3017595], [39.6703017, 47.3017251], [39.6674853, 47.3065153], [39.6655807, 47.306501], [39.6660549, 47.3029888], [39.6549479, 47.3027575], [39.6602166, 47.294506], [39.6484847, 47.2928468], [39.6493313, 47.2895183], [39.6523155, 47.2904931], [39.6531488, 47.2882395], [39.6352926, 47.2814677], [39.6340448, 47.2834061], [39.617343, 47.2745558], [39.6222484, 47.2663404], [39.624491, 47.2657389], [39.6233765, 47.2642149], [39.6243251, 47.2628627], [39.6139994, 47.2541906], [39.5760738, 47.2536956], [39.5643256, 47.2566277], [39.5584584, 47.2547725], [39.5534211, 47.2519506], [39.5548573, 47.2491495], [39.5439315, 47.2466797], [39.5418077, 47.241248], [39.5391924, 47.2393113], [39.5381093, 47.2342801], [39.5322816, 47.2309131], [39.5146757, 47.235873], [39.4993208, 47.2193028], [39.4838092, 47.2220476], [39.4697103, 47.2031562], [39.4664158, 47.2066334], [39.4631681, 47.2074868], [39.4568366, 47.2019023], [39.4528466, 47.2024505], [39.4504964, 47.2100655], [39.4416207, 47.2106016], [39.4424931, 47.2172196], [39.4389478, 47.2166808], [39.4324105, 47.212247], [39.4289533, 47.2127459], [39.427178, 47.2205099], [39.4181249, 47.2181444], [39.4135586, 47.2185851], [39.4139075, 47.2228297], [39.4183406, 47.2286357], [39.4171668, 47.2308117], [39.4141488, 47.2301229], [39.4047313, 47.2217411]]]}}, {"type": "Feature", "properties": {"slug": "rotterdam", "name": "Rotterdam", "osmType": "relation", "osmId": 1411101, "source": "OpenStreetMap via Nominatim", "licence": "ODbL 1.0", "simplifiedDegrees": 0.001}, "geometry": {"type": "Polygon", "coordinates": [[[4.3793095, 51.9634066], [4.3889104, 51.9455298], [4.3951879, 51.946927], [4.393448, 51.9442595], [4.4039202, 51.9372526], [4.410803, 51.9382677], [4.4154922, 51.9407585], [4.417713, 51.9384766], [4.4095534, 51.9362121], [4.408178, 51.9321874], [4.4152351, 51.9229704], [4.4170126, 51.9225219], [4.4152519, 51.9144839], [4.4090754, 51.9120497], [4.415677, 51.9050248], [4.4123384, 51.9024211], [4.4137104, 51.9007546], [4.3964123, 51.8969977], [4.4132095, 51.8768023], [4.4141009, 51.8747912], [4.412899, 51.8717121], [4.4233724, 51.8715241], [4.4365302, 51.8685735], [4.4410203, 51.8659097], [4.4718629, 51.8616672], [4.4804027, 51.8623276], [4.4799156, 51.8652745], [4.4940403, 51.8689682], [4.5320267, 51.8687767], [4.5425787, 51.8707987], [4.5614564, 51.8782017], [4.569115, 51.8781503], [4.5763285, 51.9030317], [4.5550876, 51.9056465], [4.5492385, 51.9048821], [4.5510506, 51.9096379], [4.5568284, 51.9103857], [4.556496, 51.9148031], [4.554025, 51.9147796], [4.5539959, 51.9166178], [4.5502628, 51.9148179], [4.5476961, 51.9071738], [4.542136, 51.9062046], [4.5373118, 51.9135545], [4.5382222, 51.9153442], [4.5405227, 51.9152419], [4.5375496, 51.9197784], [4.5569125, 51.919912], [4.5655993, 51.9247567], [4.5652883, 51.9298258], [4.5605945, 51.9409101], [4.5727797, 51.9434561], [4.5640635, 51.9508089], [4.5615504, 51.956648], [4.5628992, 51.9568646], [4.5620532, 51.9588745], [4.5643672, 51.9599245], [4.5680129, 51.9580799], [4.590041, 51.9685905], [4.6018092, 51.9721397], [4.593746, 51.9760555], [4.598773, 51.9879686], [4.5943735, 51.9942735], [4.5789358, 51.9898699], [4.5796871, 51.9872671], [4.5773122, 51.9864049], [4.5789186, 51.9811342], [4.5702299, 51.9790301], [4.5735294, 51.9745761], [4.5789998, 51.9757872], [4.5738829, 51.9726601], [4.566936, 51.9711898], [4.5624196, 51.9719298], [4.5606743, 51.9696904], [4.5565594, 51.9684552], [4.5476863, 51.9728066], [4.5398552, 51.9698657], [4.5358743, 51.9704765], [4.5349852, 51.9682723], [4.5210132, 51.9634526], [4.5185865, 51.9602863], [4.4957998, 51.9718445], [4.4952581, 51.967403], [4.4690122, 51.9805492], [4.4632411, 51.9775265], [4.4600985, 51.9687825], [4.4505136, 51.9658129], [4.4466821, 51.962786], [4.428132, 51.9766201], [4.3935642, 51.9624716], [4.3897795, 51.9651264], [4.3793095, 51.9634066]]]}}, {"type": "Feature", "properties": {"slug": "rovaniemi", "name": "Rovaniemi", "osmType": "relation", "osmId": 2528474, "source": "OpenStreetMap via Nominatim", "licence": "ODbL 1.0", "simplifiedDegrees": 0.001}, "geometry": {"type": "Polygon", "coordinates": [[[24.73658, 67.1519438], [24.7508931, 67.1256655], [24.7603288, 67.1218601], [24.7559058, 67.1171403], [24.7590079, 67.1119848], [24.7714509, 67.1094423], [24.7691435, 67.1072302], [24.7612487, 67.1077312], [24.8489019, 66.9711698], [24.8582018, 66.9662491], [24.8543848, 66.9628405], [24.90576, 66.8811564], [24.9125278, 66.8854393], [24.9184587, 66.8852473], [24.9145877, 66.8812002], [24.9133088, 66.8713256], [24.9120257, 66.871243], [24.9135036, 66.8686974], [24.9371719, 66.8662031], [24.9341914, 66.8604985], [24.9192741, 66.859818], [24.9731733, 66.7747624], [24.9620654, 66.7722488], [24.9679816, 66.7723284], [24.9709513, 66.7700672], [24.960999, 66.7705866], [24.967677, 66.7679618], [24.9762816, 66.7702424], [24.9880398, 66.7543709], [24.9962241, 66.7318192], [24.997914, 66.7262419], [24.9917006, 66.7255727], [24.9993193, 66.7214309], [25.0087708, 66.687485], [25.0280437, 66.597995], [25.0504173, 66.4758689], [24.9050523, 66.3921756], [24.8016494, 66.3376517], [25.1277893, 66.2616641], [25.1317671, 66.2632513], [25.1297826, 66.2611811], [25.3333675, 66.2105223], [25.5350467, 66.2096495], [25.5399775, 66.213376], [25.5444757, 66.2097392], [25.7750767, 66.2137132], [25.9400847, 66.1830186], [25.9323623, 66.178279], [25.9428115, 66.1762682], [25.9464277, 66.1818464], [26.0870622, 66.1555137], [26.0849945, 66.1597368], [26.0934831, 66.1653115], [26.0933634, 66.1704937], [26.1030389, 66.1705337], [26.1105418, 66.1645089], [26.1325251, 66.1631015], [26.1303771, 66.1595285], [26.1583974, 66.1748876], [26.181634, 66.1817885], [26.2024188, 66.1801027], [26.2538454, 66.1961484], [26.2923625, 66.1955595], [26.3686519, 66.2228983], [26.4168821, 66.2227846], [26.4167717, 66.2159004], [26.4413376, 66.2158782], [26.4413742, 66.2092056], [26.4562104, 66.1912553], [26.4693638, 66.1877606], [26.6190658, 66.2169203], [26.6338828, 66.2248888], [26.5911204, 66.2384333], [26.5848054, 66.2457554], [26.5759026, 66.2462299], [26.571757, 66.2483984], [26.5828443, 66.2614183], [26.604982, 66.262888], [26.6034225, 66.2664791], [26.5788413, 66.2669843], [26.5796059, 66.2850011], [26.7274773, 66.2986484], [26.8675798, 66.3012806], [26.868464, 66.2973561], [26.8803502, 66.2949137], [26.9004697, 66.301895], [26.8999859, 66.2987945], [26.9033109, 66.2924669], [26.9110637, 66.2931101], [26.9188905, 66.2763598], [26.9331087, 66.2682998], [26.9324416, 66.2613729], [26.9285796, 66.2596401], [26.9394558, 66.2554815], [26.9310049, 66.2484758], [26.9351767, 66.2441171], [26.9402756, 66.242748], [26.9542505, 66.2429476], [26.9625941, 66.2463437], [26.9512995, 66.2508817], [26.9546344, 66.2537223], [26.9655988, 66.2524953], [26.9712654, 66.2422429], [27.0025575, 66.2478767], [27.0391473, 66.2344937], [27.03783, 66.2313031], [27.0429874, 66.2298671], [27.0391939, 66.2293237], [27.0361124, 66.2307182], [27.0292711, 66.2260151], [27.0291149, 66.2242751], [27.0647193, 66.2204444], [27.0681712, 66.2089438], [27.086098, 66.2063074], [27.096927, 66.2014707], [27.1871781, 66.1975233], [27.1975824, 66.2002831], [27.2342664, 66.2008736], [27.2531335, 66.2031931], [27.253916, 66.1999732], [27.2600502, 66.1982851], [27.3266437, 66.2374712], [27.3123326, 66.2435462], [27.2611835, 66.2564911], [27.2720604, 66.2769342], [27.2339094, 66.3125725], [27.249871, 66.3320028], [27.1652638, 66.353817], [27.1485788, 66.3617496], [27.1443039, 66.3615956], [27.1437237, 66.3632033], [27.1448929, 66.3635359], [26.6975595, 66.5745924], [26.7140625, 66.616846], [26.6674708, 66.7807273], [26.6629531, 66.7794299], [26.6618826, 66.7828826], [26.6668329, 66.7831096], [26.6544975, 66.822255], [26.6066769, 66.8422642], [26.5320755, 66.8965704], [26.4666205, 66.9348905], [26.517978, 66.9429333], [26.4061587, 66.9509331], [26.4136686, 66.9528892], [26.4111758, 66.9547151], [26.396199, 66.9521228], [26.3768573, 66.9563144], [26.3724465, 66.9539125], [26.3487055, 66.9666131], [26.3519657, 66.9675878], [26.3058545, 66.9920859], [26.3021095, 66.9910599], [26.135732, 67.0460733], [25.9044433, 67.119944], [25.7555636, 67.1287007], [25.7573767, 67.1259037], [25.7561229, 67.1258711], [25.7454287, 67.1291829], [25.7230677, 67.130445], [25.7218361, 67.127222], [25.7145248, 67.1262396], [25.7083974, 67.1266266], [25.7066535, 67.1313997], [25.6709955, 67.1335277], [25.6734223, 67.1281291], [25.6699943, 67.1232264], [25.6619822, 67.1007983], [25.6148945, 67.1049682], [25.6110772, 67.1367004], [24.8619295, 67.1771118], [24.73658, 67.1519438]]]}}, {"type": "Feature", "properties": {"slug": "saint-petersburg", "name": "Saint Petersburg", "osmType": "relation", "osmId": 337422, "source": "OpenStreetMap via Nominatim", "licence": "ODbL 1.0", "simplifiedDegrees": 0.001}, "geometry": {"type": "MultiPolygon", "coordinates": [[[[29.4257576, 60.1907379], [29.447724, 60.1889848], [29.4511692, 60.1858651], [29.4600232, 60.1837358], [29.4686534, 60.1852423], [29.4699632, 60.183608], [29.4683198, 60.1833957], [29.469156, 60.1815371], [29.4490735, 60.1799659], [29.4383398, 60.1754529], [29.442228, 60.174972], [29.4425965, 60.1734336], [29.4476197, 60.173685], [29.4501182, 60.1722665], [29.4494117, 60.1710974], [29.4603683, 60.1722953], [29.4649727, 60.1697115], [29.541355, 60.0424784], [29.5772818, 60.0059568], [29.6479422, 59.9282028], [29.6600456, 59.926975], [29.6613298, 59.924807], [29.6562889, 59.9166362], [29.6937193, 59.9102556], [29.7220797, 59.9015002], [29.7270172, 59.8942564], [29.7149449, 59.8892773], [29.7164173, 59.8741168], [29.7245003, 59.8711035], [29.7351915, 59.8708422], [29.7368946, 59.8724451], [29.7501241, 59.871747], [29.7501265, 59.8688408], [29.7644073, 59.8692559], [29.7713558, 59.8722202], [29.7998692, 59.8586579], [29.82334, 59.8689069], [29.8306469, 59.8655111], [29.8349059, 59.8661426], [29.8348655, 59.8681928], [29.8374727, 59.867827], [29.8590869, 59.8620716], [29.8578197, 59.8611115], [29.8625382, 59.8554419], [29.8675118, 59.8538573], [29.8719967, 59.8564694], [29.8714841, 59.8588979], [29.8742159, 59.858646], [29.8744968, 59.8568409], [29.8805624, 59.8519939], [29.8764663, 59.8481612], [29.8797591, 59.84785], [29.8812123, 59.8436161], [29.8862337, 59.8427839], [29.8926471, 59.8538816], [29.8954743, 59.8546608], [29.9037971, 59.8537493], [29.9021944, 59.8501937], [29.9094222, 59.848985], [29.9102162, 59.8513039], [29.9452073, 59.8448012], [29.9367868, 59.830588], [29.9412596, 59.8307848], [29.944345, 59.8288272], [29.978358, 59.8350956], [29.9924542, 59.8333795], [30.0035669, 59.8371039], [30.014756, 59.8350745], [30.0178105, 59.8361263], [30.0202722, 59.8332219], [30.0307902, 59.8375203], [30.0442456, 59.837299], [30.0416019, 59.8340807], [30.0423422, 59.8324363], [30.0389089, 59.8306894], [30.0390806, 59.8267153], [30.0408509, 59.8244612], [30.0382618, 59.8227762], [30.0469663, 59.8177356], [30.0909658, 59.8148603], [30.1046843, 59.817297], [30.1276856, 59.8090654], [30.1234163, 59.8044557], [30.1048977, 59.8028605], [30.1056051, 59.7973586], [30.0987841, 59.7954994], [30.0979511, 59.7839266], [30.0839294, 59.778596], [30.0846326, 59.7757298], [30.0563799, 59.7660567], [30.0453501, 59.7655258], [30.0433427, 59.7641834], [30.0438245, 59.7623881], [30.0559636, 59.763282], [30.0563043, 59.7618666], [30.060568, 59.7621912], [30.0619703, 59.7570123], [30.0718652, 59.7559438], [30.0665334, 59.7552664], [30.0682605, 59.7527314], [30.0624768, 59.752127], [30.0639893, 59.7498861], [30.0761388, 59.7479223], [30.0617277, 59.740868], [30.0550926, 59.7351849], [30.0552978, 59.7330652], [30.0500484, 59.7300039], [30.0457785, 59.7195836], [30.0384198, 59.7206975], [30.0349646, 59.7178541], [30.0409922, 59.7152416], [30.0500183, 59.7173239], [30.0555489, 59.7130753], [30.0722545, 59.7167836], [30.0732764, 59.7155986], [30.0811271, 59.7157716], [30.0852463, 59.7108968], [30.1008979, 59.6991988], [30.1090228, 59.7006129], [30.1129393, 59.6987042], [30.1159908, 59.6990682], [30.1127484, 59.6940697], [30.1177898, 59.6943607], [30.1169607, 59.6934393], [30.1197177, 59.6935631], [30.1199263, 59.6921542], [30.131051, 59.6936923], [30.1359015, 59.6963929], [30.1354049, 59.7003703], [30.1375096, 59.7004044], [30.1326087, 59.7067005], [30.1234509, 59.7068841], [30.1224581, 59.7089077], [30.1204787, 59.7079515], [30.1093114, 59.7164881], [30.1099473, 59.7179866], [30.1083031, 59.718606], [30.1112428, 59.7184856], [30.1098561, 59.7235085], [30.106895, 59.7244483], [30.1065664, 59.7289084], [30.1047381, 59.7292687], [30.1086346, 59.7310051], [30.1119835, 59.7356346], [30.1089809, 59.7364028], [30.1086866, 59.7378159], [30.1158587, 59.741397], [30.1195206, 59.7458152], [30.1170151, 59.7571896], [30.1179873, 59.7617794], [30.1166312, 59.7621759], [30.1416855, 59.7611696], [30.1527763, 59.7717536], [30.1459901, 59.7743835], [30.148506, 59.7772932], [30.1474349, 59.77798], [30.1553334, 59.7849393], [30.1540776, 59.7865703], [30.1590094, 59.7880361], [30.158855, 59.7925713], [30.1628142, 59.7962689], [30.1538767, 59.7968857], [30.1593206, 59.8011707], [30.1765628, 59.7960498], [30.1798214, 59.7934854], [30.1775295, 59.7915209], [30.1796163, 59.7907839], [30.1888778, 59.7914161], [30.2114909, 59.7976913], [30.2839407, 59.7878712], [30.2711562, 59.7785968], [30.273624, 59.7776172], [30.26879, 59.774728], [30.2708985, 59.7740398], [30.2644056, 59.7709532], [30.2585587, 59.7626787], [30.3007209, 59.7473867], [30.2939071, 59.7408573], [30.2920714, 59.7361462], [30.2795051, 59.7393289], [30.2835211, 59.7291937], [30.2725375, 59.7233259], [30.2708091, 59.7206158], [30.2795072, 59.7186446], [30.2758706, 59.7152083], [30.2695244, 59.7166565], [30.2556184, 59.7017245], [30.2477364, 59.6993611], [30.2355964, 59.6926663], [30.2370572, 59.691771], [30.2316646, 59.6893845], [30.2364564, 59.6860293], [30.2289885, 59.6841388], [30.2182227, 59.6730689], [30.227528, 59.6694311], [30.2295891, 59.6733981], [30.2423983, 59.670791], [30.2495753, 59.6710209], [30.23863, 59.6617833], [30.2430525, 59.6610257], [30.242453, 59.6581478], [30.2453579, 59.6533883], [30.2531561, 59.6526419], [30.2615423, 59.6486562], [30.242922, 59.6386297], [30.254172, 59.6337832], [30.3065058, 59.6620957], [30.3264973, 59.656861], [30.3517739, 59.6582327], [30.3518589, 59.6555483], [30.3666685, 59.6501939], [30.3789375, 59.6497553], [30.3855329, 59.6476039], [30.395214, 59.6516333], [30.4085599, 59.6489166], [30.4217139, 59.6566192], [30.424034, 59.6625252], [30.4363874, 59.6629782], [30.4675665, 59.6394423], [30.4724887, 59.6400422], [30.481653, 59.6377996], [30.4887377, 59.641864], [30.488787, 59.6432573], [30.5055449, 59.6461733], [30.5025212, 59.65858], [30.5020866, 59.6687035], [30.4894345, 59.6699988], [30.4906515, 59.6739485], [30.4888424, 59.6739276], [30.4888362, 59.6778819], [30.4788556, 59.6775961], [30.4770756, 59.680742], [30.4858375, 59.6847711], [30.4880116, 59.6885763], [30.5205408, 59.6909442], [30.5232746, 59.6935778], [30.5222673, 59.6958894], [30.5195897, 59.6964977], [30.5244328, 59.7003807], [30.524459, 59.7043457], [30.5301592, 59.7045314], [30.5307795, 59.7073363], [30.5644206, 59.7050203], [30.5763451, 59.7300056], [30.59135, 59.7291023], [30.6173379, 59.7308609], [30.6166687, 59.7354138], [30.6299784, 59.7358107], [30.6481705, 59.7212729], [30.6829839, 59.7249176], [30.6801346, 59.7299826], [30.6957389, 59.7437475], [30.7030548, 59.7452845], [30.7570118, 59.7437508], [30.7499653, 59.7485146], [30.748713, 59.75112], [30.758891, 59.7533698], [30.7589336, 59.7552503], [30.7441342, 59.7562449], [30.7373582, 59.759669], [30.7400008, 59.7652103], [30.7344187, 59.7692133], [30.7267163, 59.7708526], [30.735294, 59.7793018], [30.7249105, 59.7815223], [30.7011066, 59.7816375], [30.6739267, 59.785698], [30.6601389, 59.7896399], [30.630154, 59.7936846], [30.5937947, 59.8151925], [30.5631437, 59.8254548], [30.5612016, 59.8287728], [30.5628468, 59.8336219], [30.5603591, 59.8360776], [30.5520931, 59.8363918], [30.5408213, 59.8336241], [30.5326969, 59.8340624], [30.5096438, 59.8430852], [30.4934929, 59.847085], [30.4921682, 59.8499736], [30.4934923, 59.8582023], [30.5080003, 59.8596912], [30.5086845, 59.8612318], [30.519999, 59.8632286], [30.4974091, 59.8913632], [30.4954193, 59.891479], [30.5131012, 59.9705585], [30.5268455, 59.9740902], [30.5281667, 59.9730194], [30.5329264, 59.9739433], [30.5433014, 59.9774835], [30.5524931, 59.96899], [30.5660293, 59.9709647], [30.5561707, 59.9732775], [30.5582084, 59.9738116], [30.5540861, 59.9771796], [30.5540876, 59.9792315], [30.548434, 59.9787082], [30.5516718, 59.9811921], [30.5445315, 59.9804795], [30.5361095, 59.9829766], [30.5281057, 59.9820868], [30.5312467, 59.9832937], [30.5308149, 59.9846074], [30.5331264, 59.9845148], [30.5331659, 59.9870127], [30.5362889, 59.9866365], [30.5377789, 59.9881059], [30.533702, 59.9888018], [30.5340268, 59.9906212], [30.5365772, 59.9908469], [30.5346946, 59.992592], [30.5174593, 59.9853367], [30.5080914, 59.9871314], [30.5088128, 59.9886552], [30.5061719, 59.9905037], [30.5072589, 59.9927885], [30.5035476, 59.9956261], [30.5035186, 59.9993965], [30.4994899, 60.0004265], [30.5039835, 60.0064731], [30.4992716, 60.0084019], [30.4954624, 60.0078692], [30.4939001, 60.0096608], [30.4901558, 60.0082655], [30.4879587, 60.0102591], [30.4857937, 60.0147494], [30.4898634, 60.0186933], [30.4891097, 60.0230563], [30.4830636, 60.0201931], [30.4796977, 60.0225183], [30.4758688, 60.0227019], [30.4751664, 60.0251493], [30.4673209, 60.0229088], [30.4641057, 60.0258365], [30.4683993, 60.0273653], [30.462163, 60.0286117], [30.4682312, 60.033556], [30.4614875, 60.03454], [30.4583365, 60.0375389], [30.4419316, 60.0409456], [30.4376124, 60.039133], [30.4355682, 60.0420384], [30.4156491, 60.0467092], [30.4184151, 60.0495468], [30.3881121, 60.0570767], [30.3887672, 60.0588039], [30.3854023, 60.059742], [30.3768761, 60.0785843], [30.373529, 60.0805134], [30.3706651, 60.0877197], [30.3683113, 60.0902839], [30.3632337, 60.092016], [30.3329732, 60.0898075], [30.3088302, 60.0957146], [30.3031048, 60.0910995], [30.2918368, 60.093898], [30.2918302, 60.0959631], [30.2874353, 60.0961796], [30.2756022, 60.1028892], [30.2748766, 60.1081376], [30.2714315, 60.1102879], [30.2710959, 60.1163902], [30.2661168, 60.1195573], [30.265125, 60.123332], [30.2592415, 60.125653], [30.235842, 60.1185007], [30.2248792, 60.1180788], [30.2192447, 60.116497], [30.2201196, 60.1155265], [30.2189562, 60.1151327], [30.1894306, 60.118228], [30.1947378, 60.1215391], [30.1932634, 60.1277682], [30.1835594, 60.1274177], [30.1833164, 60.1294058], [30.1715881, 60.1287724], [30.1730935, 60.1302893], [30.1727327, 60.1334388], [30.1757755, 60.1346298], [30.1759416, 60.1361295], [30.1743316, 60.1363234], [30.1716127, 60.1329807], [30.1615287, 60.1296591], [30.1473857, 60.134373], [30.0595506, 60.1360162], [30.0180219, 60.1442872], [30.0209673, 60.1521839], [30.0124565, 60.1563325], [30.0119251, 60.1587707], [30.0073555, 60.1624671], [30.0087116, 60.1643095], [30.0073237, 60.1649981], [30.0029143, 60.1656805], [30.001458, 60.161844], [29.9988668, 60.1611532], [29.9864181, 60.1655637], [29.9873913, 60.1666368], [29.9849728, 60.1668458], [29.986596, 60.1682588], [29.9822352, 60.1672552], [29.9848047, 60.1694979], [29.9814331, 60.170166], [29.98253, 60.1713839], [29.9808813, 60.1712038], [29.9806231, 60.1726863], [29.9753713, 60.1720399], [29.9759735, 60.1730425], [29.974353, 60.1737877], [29.9693437, 60.1734814], [29.9622397, 60.176795], [29.9555174, 60.1754942], [29.9550586, 60.1768956], [29.9366169, 60.1819567], [29.9269046, 60.1833127], [29.9255802, 60.1819181], [29.892634, 60.1890909], [29.8941295, 60.1922057], [29.8926453, 60.1950813], [29.8716632, 60.1938143], [29.8631778, 60.1966974], [29.8491181, 60.1972949], [29.836887, 60.2035002], [29.8328859, 60.2027182], [29.8259926, 60.2063847], [29.8301553, 60.206915], [29.8018815, 60.2212534], [29.7856758, 60.2220783], [29.7833137, 60.2246642], [29.7768395, 60.2260699], [29.7705756, 60.2303579], [29.7710609, 60.2330525], [29.7597865, 60.2369867], [29.7580155, 60.2427009], [29.7346257, 60.2396815], [29.7216056, 60.241706], [29.7133948, 60.2414747], [29.7097028, 60.2397976], [29.7127625, 60.2395415], [29.7141161, 60.2365164], [29.7175149, 60.2352408], [29.716405, 60.234775], [29.717501, 60.2339297], [29.7141538, 60.23261], [29.7204568, 60.2282992], [29.7199024, 60.2259241], [29.7118538, 60.2268251], [29.6952496, 60.2347424], [29.7083273, 60.2398078], [29.7065102, 60.243936], [29.6998985, 60.2448369], [29.6951527, 60.2399863], [29.6831672, 60.2404694], [29.677561, 60.2369184], [29.6439646, 60.2421923], [29.6398456, 60.2390193], [29.6436999, 60.2374076], [29.6370367, 60.233675], [29.6236261, 60.2374637], [29.6213293, 60.2371631], [29.6198924, 60.2344184], [29.6077227, 60.2310287], [29.6008971, 60.2344325], [29.5982705, 60.2291949], [29.5891905, 60.2276078], [29.58475, 60.2220017], [29.5792714, 60.219815], [29.5512293, 60.2250143], [29.5387743, 60.2236739], [29.5367052, 60.2207666], [29.5212352, 60.2257153], [29.5222633, 60.2280744], [29.5212786, 60.2334783], [29.4969862, 60.2211632], [29.4900104, 60.2251179], [29.4257576, 60.1907379]], [[30.1295059, 59.7825016], [30.1499325, 59.8009257], [30.1553865, 59.7992478], [30.1392953, 59.7855661], [30.1378348, 59.7860076], [30.1332614, 59.7820046], [30.1295059, 59.7825016]]], [[[30.0650571, 59.6683027], [30.073311, 59.6673744], [30.082713, 59.6760822], [30.0839517, 59.6802946], [30.065169, 59.677984], [30.0650571, 59.6683027]]]]}}, {"type": "Feature", "properties": {"slug": "salzburg", "name": "Salzburg", "osmType": "relation", "osmId": 86538, "source": "OpenStreetMap via Nominatim", "licence": "ODbL 1.0", "simplifiedDegrees": 0.001}, "geometry": {"type": "Polygon", "coordinates": [[[12.9856478, 47.7956103], [12.9906663, 47.7933308], [13.002641, 47.7814548], [13.0019001, 47.7786754], [13.0052865, 47.7758843], [13.0013331, 47.7703124], [13.0000011, 47.7628946], [13.0135185, 47.7522225], [13.0194223, 47.751418], [13.023579, 47.7556683], [13.030461, 47.7549079], [13.0314067, 47.7528287], [13.0367577, 47.7565422], [13.059411, 47.7620092], [13.0624917, 47.7605304], [13.0640199, 47.7568209], [13.0706083, 47.7532736], [13.0709798, 47.7513224], [13.0790876, 47.7550481], [13.0748772, 47.7667023], [13.0749796, 47.7710643], [13.0816824, 47.770918], [13.0872789, 47.7727099], [13.0882539, 47.7788646], [13.0905187, 47.7797238], [13.0944352, 47.7783414], [13.1103703, 47.780777], [13.1129864, 47.7830763], [13.1123128, 47.7846133], [13.1147791, 47.7843397], [13.1157041, 47.7866855], [13.1151011, 47.7920232], [13.1180729, 47.7963568], [13.1169638, 47.7975388], [13.1249519, 47.8015683], [13.1275256, 47.8007239], [13.1226036, 47.8036786], [13.1119519, 47.8055241], [13.1098007, 47.8040985], [13.1032317, 47.8078209], [13.1038235, 47.8093306], [13.1019202, 47.81211], [13.0958472, 47.8130723], [13.0887468, 47.8097734], [13.0883497, 47.8130056], [13.0860796, 47.8132858], [13.0867027, 47.8160358], [13.0819137, 47.8181629], [13.0806158, 47.8208357], [13.0832948, 47.824723], [13.0882847, 47.8273945], [13.0815671, 47.8298849], [13.0808317, 47.8358128], [13.0659861, 47.8362175], [13.0641472, 47.8406361], [13.058702, 47.8428998], [13.060633, 47.8410213], [13.0585208, 47.8388992], [13.0597467, 47.8362237], [13.0565081, 47.8331906], [13.0506248, 47.8311021], [13.0353546, 47.8295767], [13.0224407, 47.8375996], [13.0187679, 47.8417027], [13.0203465, 47.8456635], [13.0160219, 47.8479422], [13.0118855, 47.8454608], [13.0013973, 47.8543925], [13.0040983, 47.8470009], [13.0032601, 47.842582], [12.9890728, 47.8319612], [13.0061298, 47.8197331], [12.9856478, 47.7956103]]]}}, {"type": "Feature", "properties": {"slug": "san-marino", "name": "San Marino", "osmType": "relation", "osmId": 54624, "source": "OpenStreetMap via Nominatim", "licence": "ODbL 1.0", "simplifiedDegrees": 0.001}, "geometry": {"type": "Polygon", "coordinates": [[[12.402433, 43.9532795], [12.4051163, 43.9481538], [12.4052767, 43.942306], [12.4123535, 43.9375581], [12.4152881, 43.9305948], [12.4075711, 43.9214881], [12.4125026, 43.9094041], [12.4088474, 43.9031971], [12.4112214, 43.9003393], [12.4232055, 43.9013282], [12.4277342, 43.9042548], [12.432611, 43.9013637], [12.4420244, 43.9061347], [12.4479794, 43.9024275], [12.4479174, 43.8993073], [12.450648, 43.8960897], [12.4550049, 43.8939278], [12.462394, 43.8937714], [12.4693908, 43.8957865], [12.4699145, 43.8975403], [12.4707055, 43.896119], [12.4874043, 43.8964693], [12.4895996, 43.9025535], [12.4955687, 43.9093301], [12.4933184, 43.9101372], [12.4929354, 43.9184486], [12.497393, 43.9228159], [12.5032693, 43.9236394], [12.5077487, 43.9337745], [12.5169591, 43.9408539], [12.5128462, 43.9510374], [12.5063687, 43.9580802], [12.5092669, 43.9627065], [12.5059341, 43.9711009], [12.5123185, 43.9728222], [12.510015, 43.9809254], [12.5124452, 43.9839074], [12.5159305, 43.9845966], [12.5150723, 43.9895089], [12.5095662, 43.992042], [12.5045411, 43.9911271], [12.5020711, 43.9867853], [12.4961102, 43.9862857], [12.4924554, 43.9827708], [12.4697903, 43.9776951], [12.4464731, 43.965762], [12.4365217, 43.9566339], [12.4196306, 43.9578868], [12.4159217, 43.9528117], [12.4115545, 43.952492], [12.4042688, 43.9558727], [12.402433, 43.9532795]]]}}, {"type": "Feature", "properties": {"slug": "sarajevo", "name": "Sarajevo", "osmType": "relation", "osmId": 15445108, "source": "OpenStreetMap via Nominatim", "licence": "ODbL 1.0", "simplifiedDegrees": 0.001}, "geometry": {"type": "Polygon", "coordinates": [[[18.2609843, 43.8685979], [18.2697073, 43.8633453], [18.2803745, 43.8686276], [18.2815617, 43.8673993], [18.2850761, 43.8694218], [18.2903086, 43.8693355], [18.2907096, 43.8672532], [18.2952087, 43.8667828], [18.2941666, 43.8658861], [18.2983256, 43.8616169], [18.3009328, 43.8623947], [18.3000898, 43.8603646], [18.3024081, 43.8599335], [18.3018961, 43.8573444], [18.3097095, 43.8556653], [18.3066653, 43.8541352], [18.3068587, 43.8522466], [18.3110081, 43.8504283], [18.3133117, 43.8519303], [18.3151581, 43.8486824], [18.3194936, 43.8471284], [18.3291182, 43.8468681], [18.3338269, 43.8460423], [18.3354608, 43.8440215], [18.3383513, 43.8445616], [18.3398348, 43.8427713], [18.3310172, 43.8345019], [18.3277343, 43.8370127], [18.3260928, 43.8357509], [18.3267928, 43.8343702], [18.3301906, 43.8325985], [18.3300845, 43.8309016], [18.3414559, 43.8248074], [18.3529159, 43.8209096], [18.358045, 43.826876], [18.3573873, 43.8304263], [18.3626737, 43.8356687], [18.3695001, 43.8394274], [18.3803071, 43.8392986], [18.3985518, 43.8429865], [18.4012725, 43.8448914], [18.407691, 43.8441964], [18.4180604, 43.8457053], [18.4331572, 43.8435296], [18.4485349, 43.8289069], [18.4534963, 43.8265475], [18.4596694, 43.8269198], [18.4622031, 43.8301789], [18.4633673, 43.8431557], [18.4666283, 43.8547859], [18.4642511, 43.8530089], [18.4590016, 43.8527248], [18.4542432, 43.8620849], [18.4554334, 43.8692192], [18.4662214, 43.8734848], [18.46451, 43.8786069], [18.4607527, 43.8797188], [18.4585658, 43.8785145], [18.4486268, 43.8854837], [18.434939, 43.88196], [18.4324885, 43.8832746], [18.426285, 43.881739], [18.4178978, 43.8822269], [18.4155056, 43.8828876], [18.4172205, 43.892156], [18.4130523, 43.8906842], [18.4110999, 43.8931638], [18.4064836, 43.8931371], [18.401519, 43.8959121], [18.393003, 43.8955742], [18.3907173, 43.8913744], [18.3944525, 43.8890027], [18.3924074, 43.8890762], [18.3917889, 43.8863759], [18.3944546, 43.8835482], [18.39033, 43.8842213], [18.386185, 43.881034], [18.385712, 43.8789526], [18.3883015, 43.8760849], [18.3847589, 43.8777608], [18.3834333, 43.8769134], [18.3844212, 43.8755062], [18.3813552, 43.8750519], [18.3825791, 43.8735434], [18.3769808, 43.8726516], [18.3658713, 43.8772499], [18.3692422, 43.8786718], [18.3640408, 43.8766178], [18.3617725, 43.8802697], [18.3531773, 43.8812644], [18.3480676, 43.88621], [18.3435592, 43.8820486], [18.3366767, 43.8857936], [18.3351231, 43.8892474], [18.3306445, 43.8905805], [18.3280213, 43.8907703], [18.3258177, 43.8868123], [18.3208371, 43.8913611], [18.3160958, 43.8925507], [18.3131663, 43.8973874], [18.3134898, 43.8997073], [18.3054765, 43.895334], [18.3065177, 43.8944146], [18.3054969, 43.8923403], [18.3071188, 43.8918918], [18.3062098, 43.8899403], [18.292804, 43.8907905], [18.2912124, 43.8883983], [18.2816805, 43.8934282], [18.2753838, 43.8940158], [18.2714046, 43.8970992], [18.2713699, 43.8897923], [18.2688153, 43.889838], [18.2727329, 43.8824657], [18.2728102, 43.8789765], [18.2662613, 43.8800035], [18.2609843, 43.8685979]]]}}, {"type": "Feature", "properties": {"slug": "seville", "name": "Seville", "osmType": "relation", "osmId": 342563, "source": "OpenStreetMap via Nominatim", "licence": "ODbL 1.0", "simplifiedDegrees": 0.001}, "geometry": {"type": "MultiPolygon", "coordinates": [[[[-6.0317473, 37.3094546], [-6.0326955, 37.3002036], [-6.0284847, 37.3017982], [-6.0185868, 37.3120889], [-6.0140044, 37.3148549], [-6.0182404, 37.3175311], [-6.0219649, 37.3167241], [-6.0317473, 37.3094546]]], [[[-6.0287405, 37.4426327], [-6.0281182, 37.4372875], [-6.0240389, 37.4316705], [-6.0223597, 37.4222255], [-6.0200954, 37.420139], [-6.0163892, 37.4195579], [-6.0123682, 37.421832], [-6.0140652, 37.4396382], [-6.0113314, 37.4430417], [-6.0052732, 37.4317168], [-5.9908796, 37.4243691], [-5.9952459, 37.4225195], [-5.9960093, 37.4201304], [-6.0123064, 37.4157786], [-6.015635, 37.4052597], [-6.0192158, 37.403831], [-6.0198304, 37.4015022], [-6.0173422, 37.4002334], [-6.0248113, 37.391897], [-6.0246407, 37.3856843], [-6.0218361, 37.3799533], [-6.0223177, 37.3750754], [-6.0194528, 37.3712021], [-6.0220417, 37.3673516], [-6.0224078, 37.3621252], [-6.0215801, 37.337539], [-6.0054885, 37.3250913], [-6.0030865, 37.3203047], [-5.9994827, 37.3193329], [-5.9690314, 37.3130011], [-5.9648427, 37.3194899], [-5.9641977, 37.3232051], [-5.9586862, 37.3288216], [-5.9571743, 37.3348694], [-5.9403413, 37.3572478], [-5.938588, 37.362076], [-5.9404884, 37.3642002], [-5.9484204, 37.3655345], [-5.9459148, 37.3669936], [-5.9117224, 37.3752653], [-5.9087634, 37.3775818], [-5.9042659, 37.3771968], [-5.8867897, 37.3872752], [-5.8422338, 37.3871116], [-5.8192842, 37.3903553], [-5.8195185, 37.398117], [-5.8403456, 37.3954288], [-5.8664772, 37.402475], [-5.8720503, 37.4070342], [-5.8761174, 37.4150269], [-5.8910174, 37.4311707], [-5.9048354, 37.4431311], [-5.9181339, 37.4480025], [-5.9299224, 37.4486028], [-5.9500751, 37.4529579], [-5.9772007, 37.4494032], [-5.9859553, 37.4497138], [-5.9911011, 37.4471407], [-6.0004908, 37.4483363], [-6.0086173, 37.4429937], [-6.02365, 37.446151], [-6.0287405, 37.4426327]]]]}}, {"type": "Feature", "properties": {"slug": "skopje", "name": "Skopje", "osmType": "relation", "osmId": 6966465, "source": "OpenStreetMap via Nominatim", "licence": "ODbL 1.0", "simplifiedDegrees": 0.001}, "geometry": {"type": "MultiPolygon", "coordinates": [[[[21.3154077, 41.9941059], [21.3198119, 41.9923357], [21.330986, 41.9964023], [21.3349825, 41.9939504], [21.3471369, 42.0023752], [21.3544996, 41.998279], [21.3615445, 42.0006054], [21.3675135, 41.9998564], [21.3693912, 41.997087], [21.3718187, 41.9978707], [21.372571, 41.9921443], [21.3867514, 41.9892895], [21.3892221, 41.9914745], [21.3910246, 41.9910917], [21.3906598, 41.9886515], [21.3926768, 41.9865462], [21.3886428, 41.9839943], [21.3858533, 41.9797514], [21.388514, 41.9742958], [21.384995, 41.9719986], [21.3858104, 41.9664148], [21.3891579, 41.9636708], [21.3970878, 41.9654809], [21.4098644, 41.9635907], [21.4104223, 41.965282], [21.4144993, 41.9653777], [21.4288759, 41.9638141], [21.4354599, 41.9661081], [21.4350343, 41.9620431], [21.4369226, 41.9598411], [21.4343905, 41.9567775], [21.438489, 41.9577189], [21.4441109, 41.9548786], [21.4568996, 41.9603677], [21.4669847, 41.9672603], [21.4700532, 41.9636705], [21.4685512, 41.9608623], [21.4722204, 41.9583572], [21.4767051, 41.9579583], [21.4755034, 41.9552137], [21.476748, 41.9537456], [21.4724994, 41.951671], [21.4692807, 41.9449363], [21.4733416, 41.9400344], [21.4778423, 41.9436754], [21.4839363, 41.942654], [21.4892149, 41.9440585], [21.4902234, 41.9466599], [21.4940429, 41.9480644], [21.4941931, 41.9508891], [21.4981413, 41.9499635], [21.5051365, 41.9519982], [21.5091276, 41.9584689], [21.5142775, 41.9608304], [21.5156937, 41.9656489], [21.5247917, 41.9660318], [21.5298986, 41.9631919], [21.5317869, 41.9658085], [21.5317145, 41.9705349], [21.5265942, 41.9682814], [21.5250707, 41.9726686], [21.5217662, 41.9757635], [21.5077329, 41.9826225], [21.5112305, 41.9906451], [21.5348447, 41.9909283], [21.5357351, 41.9936274], [21.5377092, 41.9942016], [21.5359343, 41.9956977], [21.5149487, 41.9990784], [21.5129317, 41.9975794], [21.5035118, 41.9989668], [21.5044344, 42.0009919], [21.5070094, 42.0005773], [21.5077604, 42.0028576], [21.5090478, 42.0026024], [21.508601, 42.0051387], [21.512524, 42.0046434], [21.5117944, 42.0083107], [21.5171099, 42.0102598], [21.5164447, 42.0130488], [21.506381, 42.0179431], [21.4998579, 42.0124271], [21.4978409, 42.0125227], [21.4835715, 42.0197445], [21.4812112, 42.02204], [21.4840865, 42.0233471], [21.477735, 42.0268858], [21.483019, 42.0289539], [21.4809537, 42.030233], [21.4849448, 42.0323049], [21.4749612, 42.038002], [21.4711576, 42.0376036], [21.4715328, 42.046239], [21.4665132, 42.0446556], [21.4670516, 42.0457412], [21.4625645, 42.0473487], [21.4629507, 42.0447035], [21.4605904, 42.0419308], [21.4537239, 42.0467113], [21.4473724, 42.0465838], [21.4475226, 42.0485637], [21.4446761, 42.0487738], [21.4416647, 42.0472531], [21.4417934, 42.0450541], [21.437081, 42.0449477], [21.4373618, 42.0427062], [21.4286238, 42.0483645], [21.4278909, 42.0466974], [21.4251866, 42.0484793], [21.4177608, 42.0478426], [21.4142418, 42.0491811], [21.4111184, 42.0440562], [21.4132333, 42.0441617], [21.4150786, 42.0404647], [21.412847, 42.0395085], [21.4157653, 42.0360025], [21.4183402, 42.0360025], [21.4170527, 42.0338987], [21.4196981, 42.0282267], [21.4022255, 42.0267104], [21.3993287, 42.0289738], [21.3965473, 42.0274616], [21.392127, 42.0279716], [21.393114, 42.0249431], [21.3773212, 42.0234129], [21.3680518, 42.0207627], [21.3636446, 42.0246861], [21.3678503, 42.0323368], [21.3644171, 42.0430463], [21.3531733, 42.0442574], [21.3510275, 42.0362893], [21.3580654, 42.034672], [21.3570661, 42.0255406], [21.3528905, 42.026953], [21.3475266, 42.0227392], [21.3577464, 42.0115092], [21.3475422, 42.01177], [21.3467894, 42.0133867], [21.3443343, 42.0135483], [21.3401699, 42.0214661], [21.329999, 42.0223508], [21.3298702, 42.0242637], [21.321137, 42.0242876], [21.3181691, 42.0211632], [21.3242483, 42.0152489], [21.32339, 42.0112951], [21.3251697, 42.0102717], [21.3215071, 42.0077048], [21.3154077, 41.9941059]]], [[[21.4434671, 42.0669448], [21.4454878, 42.0563843], [21.4510926, 42.0567106], [21.4505532, 42.0700423], [21.4456149, 42.0710396], [21.4434671, 42.0669448]]], [[[21.5065633, 41.939042], [21.5143055, 41.9356531], [21.5155534, 41.9377624], [21.5196927, 41.9372215], [21.5234165, 41.9347363], [21.5272638, 41.9403386], [21.5127446, 41.946726], [21.5105361, 41.9456457], [21.5065633, 41.939042]]]]}}, {"type": "Feature", "properties": {"slug": "sofia", "name": "Sofia", "osmType": "relation", "osmId": 4283101, "source": "OpenStreetMap via Nominatim", "licence": "ODbL 1.0", "simplifiedDegrees": 0.001}, "geometry": {"type": "MultiPolygon", "coordinates": [[[[23.167997, 42.65613], [23.172619, 42.653284], [23.171826, 42.650576], [23.1730337, 42.6491995], [23.1838661, 42.6464007], [23.1947292, 42.6466191], [23.2123257, 42.639186], [23.2231707, 42.6304236], [23.225274, 42.6270315], [23.2393529, 42.6188282], [23.2326476, 42.6116482], [23.2347208, 42.603832], [23.2325203, 42.6005246], [23.2303036, 42.600128], [23.2281333, 42.5951931], [23.2215676, 42.5956184], [23.2226428, 42.5923782], [23.2116864, 42.5856756], [23.224221, 42.583009], [23.229975, 42.575326], [23.2366, 42.573522], [23.238119, 42.570669], [23.249464, 42.57124], [23.250966, 42.568628], [23.258543, 42.563684], [23.2818, 42.563635], [23.2857572, 42.5617786], [23.2894056, 42.5639005], [23.2907408, 42.5670159], [23.2878729, 42.5751823], [23.2892767, 42.5845549], [23.2932058, 42.5868912], [23.29749, 42.587038], [23.2990282, 42.5889351], [23.3114236, 42.5888933], [23.3116679, 42.5946235], [23.3177147, 42.590745], [23.3236242, 42.5938361], [23.331466, 42.5945339], [23.3385642, 42.5980097], [23.3477975, 42.5995958], [23.3515653, 42.6039192], [23.3563522, 42.6049906], [23.3599525, 42.6090746], [23.3740984, 42.6148695], [23.3790452, 42.6201398], [23.3840278, 42.6214725], [23.38324, 42.6183032], [23.3918836, 42.6162548], [23.3994051, 42.617025], [23.4050869, 42.6139756], [23.4065124, 42.6164671], [23.4078742, 42.6146797], [23.414904, 42.6201421], [23.41667, 42.6194189], [23.4180434, 42.6208494], [23.4219104, 42.6289277], [23.4217937, 42.6342089], [23.4269251, 42.634055], [23.4268668, 42.6360073], [23.4237017, 42.63654], [23.4320475, 42.6465333], [23.4360924, 42.6434678], [23.4413141, 42.6487122], [23.4305023, 42.6513381], [23.4319936, 42.6538274], [23.4305592, 42.6556127], [23.4245875, 42.6551738], [23.4236232, 42.6574643], [23.4049478, 42.6623403], [23.4066937, 42.6658508], [23.4082251, 42.6653366], [23.4074301, 42.6672358], [23.410114, 42.6701396], [23.4059068, 42.6729654], [23.411191, 42.6771364], [23.4081731, 42.6777582], [23.4033706, 42.6855789], [23.4160672, 42.682394], [23.4232423, 42.6889584], [23.438038, 42.68719], [23.4385488, 42.6891232], [23.4369003, 42.6909254], [23.4420965, 42.6901382], [23.4409304, 42.6865555], [23.4430089, 42.6864928], [23.4456886, 42.6890506], [23.452252, 42.6880642], [23.4564205, 42.7005305], [23.4591686, 42.7037252], [23.4618662, 42.7035916], [23.4644568, 42.7083636], [23.4681185, 42.7082541], [23.4722024, 42.7166014], [23.4812513, 42.719662], [23.4863041, 42.7183809], [23.4978189, 42.7302288], [23.5162619, 42.7228887], [23.5184916, 42.7232165], [23.5184218, 42.7264427], [23.5222137, 42.729434], [23.5270071, 42.7275872], [23.5264132, 42.7310194], [23.5332297, 42.7330546], [23.5297453, 42.735108], [23.531991, 42.7370152], [23.5299594, 42.7380028], [23.532089, 42.7402364], [23.5248959, 42.7446856], [23.5396402, 42.757288], [23.5400949, 42.7584112], [23.5375549, 42.759922], [23.5421714, 42.7634702], [23.5442652, 42.7673873], [23.5554632, 42.7749087], [23.5629854, 42.7834961], [23.5657216, 42.7934034], [23.5704194, 42.8002385], [23.5734783, 42.8014136], [23.5746616, 42.8102515], [23.581279, 42.8162194], [23.5850724, 42.8127574], [23.5886057, 42.8126982], [23.5919787, 42.8166089], [23.592052, 42.8209745], [23.5996759, 42.8310208], [23.6036099, 42.8338209], [23.6070969, 42.8417458], [23.6130999, 42.845803], [23.6189303, 42.854851], [23.6215817, 42.856396], [23.609492, 42.860593], [23.604002, 42.860262], [23.601411, 42.857115], [23.596178, 42.85561], [23.596329, 42.853466], [23.59405, 42.851661], [23.591535, 42.852063], [23.590101, 42.84992], [23.586048, 42.850097], [23.577254, 42.84695], [23.57414, 42.841973], [23.571415, 42.840497], [23.569327, 42.835438], [23.567596, 42.835225], [23.566077, 42.829689], [23.557011, 42.82757], [23.548996, 42.830676], [23.5425, 42.829939], [23.539065, 42.832239], [23.536535, 42.83832], [23.533133, 42.839572], [23.534277, 42.843083], [23.530977, 42.843222], [23.534969, 42.846389], [23.533888, 42.847917], [23.527254, 42.849086], [23.524391, 42.851742], [23.524492, 42.856019], [23.516893, 42.858647], [23.513676, 42.862683], [23.506091, 42.86399], [23.496352, 42.859363], [23.4975322, 42.8582689], [23.4971404, 42.8517767], [23.4803858, 42.8329154], [23.4802664, 42.8234145], [23.4721518, 42.8151237], [23.473356, 42.8079444], [23.4705166, 42.8042281], [23.4697486, 42.7918693], [23.4597431, 42.7801263], [23.4619012, 42.7740071], [23.4580142, 42.770091], [23.4605474, 42.7691736], [23.4557687, 42.7636081], [23.4570811, 42.7632971], [23.4557447, 42.7617795], [23.4567183, 42.7611811], [23.454864, 42.7603013], [23.4658528, 42.7495487], [23.4585202, 42.7438512], [23.453828, 42.7434775], [23.4508008, 42.737081], [23.445533, 42.7323631], [23.4458627, 42.7305153], [23.4424624, 42.7306074], [23.4393181, 42.7207917], [23.4416984, 42.7183048], [23.4378066, 42.7157938], [23.4364168, 42.7193336], [23.4203819, 42.7217917], [23.4159301, 42.7253098], [23.4174729, 42.7273456], [23.4161664, 42.7295702], [23.4076448, 42.7307393], [23.4059104, 42.7348496], [23.3969967, 42.7375393], [23.3989765, 42.7406772], [23.3965975, 42.7434431], [23.3925518, 42.7439801], [23.3837169, 42.752256], [23.3850997, 42.7538727], [23.3808227, 42.7569112], [23.3809598, 42.7606901], [23.378337, 42.7608322], [23.37596, 42.7571616], [23.3383946, 42.7606764], [23.3419415, 42.770085], [23.3471161, 42.7780156], [23.3324676, 42.7838716], [23.3275802, 42.782676], [23.3213692, 42.7838716], [23.3235583, 42.7853288], [23.323151, 42.786786], [23.3187553, 42.7867451], [23.3170816, 42.7802293], [23.3130005, 42.779554], [23.3083077, 42.7815001], [23.3027155, 42.779795], [23.2948352, 42.780377], [23.2897977, 42.7826731], [23.2887547, 42.7812769], [23.2905245, 42.7798209], [23.2885415, 42.7764207], [23.285901, 42.7744683], [23.2829968, 42.7745508], [23.279094, 42.7676253], [23.2822359, 42.7586188], [23.2754544, 42.7587779], [23.2758888, 42.7564847], [23.2748375, 42.7565453], [23.2725268, 42.7584169], [23.2741031, 42.7594626], [23.2716416, 42.760632], [23.267478, 42.7577137], [23.2633371, 42.761176], [23.2639729, 42.7625641], [23.2591425, 42.7592711], [23.2564988, 42.7597877], [23.2513801, 42.7523878], [23.2492271, 42.7509379], [23.2479075, 42.7520942], [23.2302272, 42.7406103], [23.2121248, 42.7451882], [23.2052899, 42.7360384], [23.196801, 42.7283], [23.198301, 42.7226875], [23.2004493, 42.7226819], [23.1995683, 42.720597], [23.2017829, 42.7187438], [23.2012944, 42.7171897], [23.1968304, 42.7180751], [23.1964568, 42.7162398], [23.1988347, 42.7158438], [23.1987167, 42.7140954], [23.2049498, 42.7156475], [23.2032701, 42.7142138], [23.206603, 42.7102705], [23.2052458, 42.7098055], [23.2058864, 42.7088187], [23.2030954, 42.7050928], [23.1968168, 42.7033285], [23.1950853, 42.6987398], [23.1960696, 42.6973488], [23.1870099, 42.6883071], [23.1813591, 42.6727657], [23.1763458, 42.6707738], [23.1719804, 42.6656165], [23.1718572, 42.6610051], [23.167997, 42.65613]]], [[[23.4311777, 42.5727726], [23.4366379, 42.5709072], [23.4366707, 42.5682696], [23.4402195, 42.5657051], [23.448468, 42.5617373], [23.4509189, 42.5624867], [23.4587344, 42.5579851], [23.464184, 42.5628692], [23.4634035, 42.5666707], [23.4585667, 42.5713558], [23.4572286, 42.5776032], [23.4540909, 42.5808674], [23.4527299, 42.5794055], [23.4345568, 42.576207], [23.4311777, 42.5727726]]]]}}, {"type": "Feature", "properties": {"slug": "stockholm", "name": "Stockholm", "osmType": "relation", "osmId": 398021, "source": "OpenStreetMap via Nominatim", "licence": "ODbL 1.0", "simplifiedDegrees": 0.001}, "geometry": {"type": "Polygon", "coordinates": [[[17.7606914, 59.3917673], [17.7622066, 59.3888127], [17.773249, 59.3846147], [17.7880422, 59.370855], [17.7873795, 59.3671397], [17.7962864, 59.3551189], [17.8162086, 59.3581764], [17.8298588, 59.3508916], [17.8393951, 59.3525313], [17.8701277, 59.3393469], [17.8863029, 59.3340579], [17.8960809, 59.3331683], [17.9068153, 59.3277921], [17.9412552, 59.3176297], [17.9548266, 59.3107005], [17.9474736, 59.3063671], [17.909407, 59.2993346], [17.9050756, 59.2959657], [17.893221, 59.2931513], [17.8862294, 59.2871469], [17.8653014, 59.2862217], [17.8679784, 59.2795736], [17.8634922, 59.2745437], [17.8721452, 59.2732018], [17.8753089, 59.2690298], [17.8779033, 59.2681128], [17.8816301, 59.2702144], [17.8873334, 59.2702152], [17.8877802, 59.2689221], [17.892363, 59.268923], [17.8938674, 59.2673177], [17.9069992, 59.2686783], [17.9114016, 59.2720854], [17.9152808, 59.2789604], [17.9479721, 59.2877532], [17.946686, 59.2864154], [17.9499717, 59.2861191], [17.9493768, 59.2850927], [17.9561369, 59.2822504], [17.9568758, 59.2797417], [17.955273, 59.2742957], [17.9634326, 59.2684586], [17.9803195, 59.26257], [18.0181331, 59.2553889], [18.028138, 59.2498562], [18.0500006, 59.2449024], [18.0522256, 59.2467219], [18.0631271, 59.2406265], [18.0612011, 59.2381603], [18.0653057, 59.2394143], [18.073742, 59.2338918], [18.1080251, 59.2272524], [18.1081327, 59.2296019], [18.1235294, 59.2341693], [18.1219086, 59.2381686], [18.1236911, 59.2410755], [18.1273552, 59.2403034], [18.1336742, 59.2424013], [18.1468049, 59.2386073], [18.1937163, 59.2297855], [18.1966531, 59.2450501], [18.2000781, 59.2474732], [18.1806998, 59.2462718], [18.1747787, 59.2511809], [18.1707408, 59.2520529], [18.1703412, 59.2626987], [18.1497274, 59.2657543], [18.1496763, 59.2695322], [18.15207, 59.2737862], [18.1429523, 59.2796353], [18.1233056, 59.2883682], [18.119346, 59.2938288], [18.130138, 59.3012662], [18.1106092, 59.3019621], [18.114224, 59.3041031], [18.1130902, 59.3089173], [18.1054016, 59.3137197], [18.1085907, 59.315107], [18.1093278, 59.3176801], [18.1385727, 59.3202328], [18.1492465, 59.3186593], [18.1603166, 59.3208432], [18.163893, 59.3253325], [18.1603563, 59.3282256], [18.1605563, 59.334597], [18.1381377, 59.3443307], [18.1261711, 59.3476576], [18.1112023, 59.360053], [18.0954841, 59.3697415], [18.0779841, 59.3718494], [18.0711109, 59.3747793], [18.0485615, 59.3758007], [18.043765, 59.3750113], [18.0430556, 59.3722268], [18.0363903, 59.3714152], [18.0435773, 59.3655349], [18.0490057, 59.3568391], [18.0450425, 59.3543992], [18.0432939, 59.3501824], [18.0407082, 59.3511312], [18.0302946, 59.3479671], [18.0253514, 59.3443859], [18.0247724, 59.3393646], [18.0048311, 59.3418014], [17.9982384, 59.340746], [17.9814557, 59.3450362], [17.966495, 59.3538397], [17.9599803, 59.3612682], [17.9513494, 59.366153], [17.9276701, 59.3746312], [17.9291552, 59.378141], [17.9346442, 59.3805544], [17.9405258, 59.3873307], [17.9469576, 59.3898593], [17.9548763, 59.3979348], [17.9653001, 59.3993266], [17.9690996, 59.4015022], [17.9761514, 59.3995271], [17.9528876, 59.4104291], [17.9241661, 59.4202918], [17.9150883, 59.4268747], [17.9198021, 59.43393], [17.9105683, 59.437282], [17.904396, 59.4376179], [17.9028384, 59.4400861], [17.8987458, 59.4400566], [17.8936498, 59.4369355], [17.8884492, 59.4301965], [17.8938384, 59.4266235], [17.8911853, 59.4254168], [17.8919113, 59.4236723], [17.894537, 59.4226864], [17.8988995, 59.4157202], [17.8960142, 59.4115661], [17.8880219, 59.4061538], [17.8719126, 59.4020377], [17.8774899, 59.3985113], [17.8721402, 59.3955946], [17.8693742, 59.3964192], [17.8674265, 59.3933988], [17.8613823, 59.3897439], [17.8552132, 59.3891771], [17.8397412, 59.381283], [17.8249077, 59.381712], [17.8272549, 59.3915078], [17.8171541, 59.3991755], [17.7986881, 59.390507], [17.7794706, 59.3984294], [17.7606914, 59.3917673]]]}}, {"type": "Feature", "properties": {"slug": "strasbourg", "name": "Strasbourg", "osmType": "relation", "osmId": 71033, "source": "OpenStreetMap via Nominatim", "licence": "ODbL 1.0", "simplifiedDegrees": 0.001}, "geometry": {"type": "Polygon", "coordinates": [[[7.6881371, 48.5994685], [7.6885304, 48.5944634], [7.6905903, 48.5926281], [7.6885434, 48.5921961], [7.688772, 48.5863162], [7.691151, 48.5841067], [7.6904108, 48.5832799], [7.6965786, 48.5802085], [7.6954486, 48.5769545], [7.696547, 48.5759312], [7.6946489, 48.5745829], [7.7008961, 48.5705499], [7.7020723, 48.5676452], [7.7008289, 48.5645471], [7.692543, 48.5627506], [7.6939394, 48.5603723], [7.7065531, 48.5607431], [7.7043625, 48.5576787], [7.7162, 48.5596159], [7.7139512, 48.5622748], [7.7254708, 48.561712], [7.7312155, 48.557177], [7.7305353, 48.5506626], [7.734414, 48.5511292], [7.7357813, 48.548412], [7.7506197, 48.5443303], [7.7503714, 48.541475], [7.7581294, 48.5404298], [7.7561127, 48.5382999], [7.7575292, 48.5340122], [7.7614768, 48.5317164], [7.7598313, 48.529182], [7.7569335, 48.5291013], [7.7565958, 48.5263928], [7.7632609, 48.5228005], [7.7624091, 48.521054], [7.7597559, 48.5207989], [7.7599557, 48.5187139], [7.7668133, 48.5160923], [7.7629531, 48.5157875], [7.7626385, 48.5124649], [7.7593477, 48.5106192], [7.7597916, 48.5087624], [7.7559173, 48.5080458], [7.7606119, 48.501526], [7.7592279, 48.4979926], [7.7570123, 48.4962872], [7.7524907, 48.4973047], [7.7501739, 48.4946761], [7.75473, 48.4948941], [7.7572589, 48.4932022], [7.7671999, 48.4935551], [7.7706629, 48.4919357], [7.7947043, 48.5016191], [7.8047299, 48.5125879], [7.806755, 48.5217428], [7.8035192, 48.5387674], [7.8058215, 48.5564776], [7.8004874, 48.5779067], [7.8006485, 48.5847657], [7.8044453, 48.5921658], [7.8300226, 48.619402], [7.8360646, 48.6335044], [7.8266743, 48.632152], [7.8199235, 48.6362778], [7.8097256, 48.6362266], [7.809139, 48.6407431], [7.8159913, 48.6438178], [7.8132555, 48.6459587], [7.8075785, 48.6458], [7.799995, 48.6403512], [7.7955553, 48.6426247], [7.7926887, 48.6405274], [7.7931313, 48.6368169], [7.8002863, 48.6336726], [7.8035642, 48.6271111], [7.7999545, 48.6260184], [7.7881527, 48.6282654], [7.7850051, 48.6242161], [7.7858905, 48.620025], [7.7846022, 48.6183254], [7.7803581, 48.617378], [7.7715285, 48.6185345], [7.7674855, 48.614268], [7.7702941, 48.6083733], [7.765715, 48.6055211], [7.7646575, 48.6027247], [7.7565567, 48.6022483], [7.7549656, 48.5998312], [7.7396688, 48.5981431], [7.7327728, 48.6013115], [7.722333, 48.6029623], [7.7232417, 48.6044322], [7.7212171, 48.6062929], [7.7185494, 48.6056223], [7.7178315, 48.606791], [7.7094979, 48.6047805], [7.7043865, 48.6012978], [7.7002893, 48.6032102], [7.697381, 48.6010013], [7.6951542, 48.6018675], [7.6881371, 48.5994685]]]}}, {"type": "Feature", "properties": {"slug": "stuttgart", "name": "Stuttgart", "osmType": "relation", "osmId": 62375, "source": "OpenStreetMap via Nominatim", "licence": "ODbL 1.0", "simplifiedDegrees": 0.001}, "geometry": {"type": "Polygon", "coordinates": [[[9.0386007, 48.741318], [9.0516284, 48.7405159], [9.0547898, 48.7381375], [9.0565347, 48.733123], [9.0666221, 48.7341538], [9.0672598, 48.7305667], [9.062808, 48.7273789], [9.0712601, 48.7252753], [9.0869266, 48.715235], [9.1003348, 48.7116724], [9.118793, 48.7082631], [9.1396992, 48.7094492], [9.1695052, 48.7053724], [9.2015829, 48.6926511], [9.2224494, 48.692201], [9.2449713, 48.6945542], [9.2438641, 48.6977118], [9.2394043, 48.6970745], [9.2382478, 48.7040496], [9.2410846, 48.7092527], [9.2397677, 48.7115074], [9.2302489, 48.7097116], [9.2165598, 48.723784], [9.2114766, 48.7265412], [9.2125924, 48.7264028], [9.2143324, 48.7313752], [9.219812, 48.7325371], [9.226112, 48.7314662], [9.2259104, 48.7350513], [9.231934, 48.7354729], [9.2332324, 48.7380245], [9.2374924, 48.7363192], [9.2392564, 48.7371159], [9.2444158, 48.744068], [9.2512476, 48.7401356], [9.2528639, 48.740272], [9.2525787, 48.7419443], [9.2565445, 48.7414697], [9.2615849, 48.7434063], [9.2590536, 48.7454479], [9.2651625, 48.7487764], [9.2642317, 48.7503746], [9.2664299, 48.7510064], [9.2662142, 48.7535903], [9.2681588, 48.7534615], [9.2707788, 48.7567124], [9.2757292, 48.756485], [9.2752894, 48.7604147], [9.2723253, 48.7625977], [9.2746306, 48.7647229], [9.2726302, 48.7657713], [9.2739755, 48.7662552], [9.272809, 48.7676034], [9.2753408, 48.7680479], [9.2760563, 48.7699355], [9.280387, 48.768194], [9.2884564, 48.7688302], [9.3023214, 48.7759111], [9.308285, 48.7726908], [9.3084061, 48.7739073], [9.3144191, 48.7745447], [9.3160228, 48.7782175], [9.3075353, 48.7782911], [9.3070962, 48.7808946], [9.2986392, 48.7792425], [9.2992977, 48.7803373], [9.2936443, 48.7822874], [9.2992904, 48.7855809], [9.2953397, 48.7887016], [9.2911913, 48.7866991], [9.2887461, 48.7877516], [9.2913884, 48.7907501], [9.2900671, 48.79167], [9.2844513, 48.7898289], [9.2758061, 48.7905045], [9.2733294, 48.7893625], [9.2746916, 48.7913102], [9.2732899, 48.7942207], [9.2653583, 48.7913719], [9.2630056, 48.7924854], [9.264334, 48.7937277], [9.2625507, 48.795218], [9.2544576, 48.794674], [9.2513801, 48.792776], [9.2465901, 48.7950916], [9.2499824, 48.7962425], [9.2503092, 48.7990632], [9.255235, 48.8004475], [9.253208, 48.8100538], [9.2568091, 48.8107714], [9.2567539, 48.8120817], [9.2531502, 48.819405], [9.2487854, 48.8193378], [9.2454529, 48.8231069], [9.243355, 48.8229061], [9.2434208, 48.8258981], [9.2413643, 48.8262517], [9.2403632, 48.829934], [9.2432814, 48.8339182], [9.2460906, 48.8341654], [9.2393647, 48.8360562], [9.2384822, 48.8373426], [9.2401569, 48.8387495], [9.2371672, 48.8419978], [9.244139, 48.8472442], [9.2383462, 48.8463374], [9.2328979, 48.8500802], [9.233745, 48.8539033], [9.2297416, 48.8547591], [9.2304981, 48.8570788], [9.2284816, 48.8582347], [9.2303795, 48.8638639], [9.2169182, 48.8663994], [9.2152386, 48.8632212], [9.2059174, 48.8612696], [9.2075842, 48.855838], [9.2050765, 48.8544472], [9.2076705, 48.852754], [9.1938997, 48.8511785], [9.1900022, 48.8476645], [9.1833125, 48.8496819], [9.1767572, 48.849579], [9.17622, 48.8475184], [9.1743893, 48.8479905], [9.1713974, 48.8489789], [9.1698399, 48.8522164], [9.1657703, 48.8508712], [9.1601432, 48.8531059], [9.1593916, 48.8540408], [9.1613268, 48.8559942], [9.1549396, 48.8570007], [9.1536284, 48.8607207], [9.1466846, 48.8599422], [9.1410059, 48.8619084], [9.1409109, 48.8562509], [9.1337755, 48.8576257], [9.1338766, 48.8530245], [9.1390027, 48.8518399], [9.1431604, 48.8448126], [9.1336444, 48.8439168], [9.1400983, 48.8382382], [9.1380298, 48.8353758], [9.1388162, 48.8318729], [9.1370886, 48.831044], [9.1387065, 48.8314818], [9.1381626, 48.8280421], [9.113978, 48.8234961], [9.1123537, 48.8252071], [9.1087473, 48.8248186], [9.1083068, 48.8293424], [9.1027317, 48.8280322], [9.099457, 48.8291868], [9.0970419, 48.8342042], [9.0935575, 48.8355234], [9.0857264, 48.8309182], [9.0867173, 48.8260469], [9.0850955, 48.8261435], [9.0833991, 48.81905], [9.079912, 48.8183799], [9.0801736, 48.8152491], [9.07669, 48.814565], [9.0834343, 48.8115894], [9.0841349, 48.8094287], [9.0873673, 48.8097682], [9.0860646, 48.804017], [9.0841316, 48.7968915], [9.078184, 48.7946515], [9.0752586, 48.787157], [9.0883223, 48.7820005], [9.0857437, 48.7810284], [9.0866963, 48.7784844], [9.0835331, 48.7755293], [9.085809, 48.7736242], [9.0825476, 48.7697347], [9.0833177, 48.7686069], [9.0758558, 48.7671915], [9.0776067, 48.7641971], [9.0761094, 48.7594496], [9.0773896, 48.7560039], [9.0751289, 48.7547373], [9.0676757, 48.7566633], [9.065236, 48.755386], [9.0622861, 48.7501188], [9.0635775, 48.7479571], [9.0688878, 48.7485591], [9.0673367, 48.7473036], [9.0465507, 48.7475003], [9.0386007, 48.741318]]]}}, {"type": "Feature", "properties": {"slug": "tallinn", "name": "Tallinn", "osmType": "relation", "osmId": 2164745, "source": "OpenStreetMap via Nominatim", "licence": "ODbL 1.0", "simplifiedDegrees": 0.001}, "geometry": {"type": "MultiPolygon", "coordinates": [[[[24.55017, 59.4389264], [24.5623562, 59.4327296], [24.5717704, 59.4371628], [24.5776567, 59.4369517], [24.603642, 59.4312622], [24.609753, 59.4274308], [24.6105795, 59.4254198], [24.6077371, 59.4251969], [24.6044949, 59.4169485], [24.6076291, 59.4125647], [24.6192201, 59.4072365], [24.5941087, 59.3955994], [24.6270073, 59.3863464], [24.6234913, 59.3860853], [24.6108839, 59.3560314], [24.6138806, 59.3557345], [24.6145088, 59.3544093], [24.6116757, 59.3542531], [24.6128028, 59.3525721], [24.6177117, 59.3537168], [24.6288507, 59.3518076], [24.6344278, 59.3539579], [24.6490236, 59.3549278], [24.659488, 59.3626747], [24.6715991, 59.3648759], [24.6960398, 59.3562639], [24.7075199, 59.3648955], [24.714076, 59.3632956], [24.7191119, 59.3640229], [24.7146713, 59.3578686], [24.773562, 59.3600897], [24.7629716, 59.3677513], [24.7605405, 59.3749267], [24.7691705, 59.3763652], [24.7716905, 59.3741184], [24.7811042, 59.3767153], [24.7815363, 59.3798313], [24.7877444, 59.3827405], [24.7869672, 59.3845295], [24.7915713, 59.3910629], [24.7958298, 59.3931093], [24.7924545, 59.3950849], [24.7925759, 59.3980585], [24.7896281, 59.4019041], [24.7957481, 59.4075536], [24.8062119, 59.407779], [24.8136244, 59.4023372], [24.8160725, 59.4071341], [24.8146576, 59.4078546], [24.824789, 59.4119935], [24.8397836, 59.4101245], [24.8701856, 59.4107367], [24.8707514, 59.4183279], [24.8687807, 59.4213972], [24.8698866, 59.4226636], [24.9219492, 59.4321757], [24.9262831, 59.4355017], [24.9220835, 59.4390968], [24.9173688, 59.43947], [24.9172389, 59.4428789], [24.9148408, 59.4457623], [24.9110815, 59.4469017], [24.9117973, 59.4486112], [24.9101313, 59.4510497], [24.9114944, 59.4532266], [24.908964, 59.4547173], [24.9092439, 59.4567772], [24.9044329, 59.4572798], [24.9055788, 59.4588531], [24.9039322, 59.4634005], [24.9046744, 59.4672588], [24.9152694, 59.4699206], [24.9149356, 59.4728476], [24.8878318, 59.4852134], [24.8886031, 59.4908335], [24.8291977, 59.4981445], [24.8254526, 59.4949316], [24.8285544, 59.4916838], [24.8268926, 59.490739], [24.8303839, 59.4913514], [24.8361676, 59.4889162], [24.8377402, 59.4865796], [24.8334963, 59.4754928], [24.8266109, 59.4693068], [24.8216318, 59.4710205], [24.8193183, 59.4709472], [24.8181806, 59.470552], [24.8251043, 59.4695296], [24.8232351, 59.4682269], [24.8206395, 59.4689443], [24.821497, 59.4695169], [24.8195177, 59.468305], [24.8228243, 59.4669295], [24.8169892, 59.4684158], [24.8174793, 59.470108], [24.8168588, 59.4683379], [24.8207623, 59.466727], [24.8206944, 59.4645541], [24.8114995, 59.4582995], [24.8028383, 59.4486672], [24.7900663, 59.4434386], [24.7819976, 59.4440551], [24.7761718, 59.4462737], [24.7713489, 59.4435737], [24.7697715, 59.4440019], [24.7710633, 59.4459139], [24.7584744, 59.4413189], [24.7579502, 59.4427498], [24.7673277, 59.4453414], [24.7622066, 59.4454154], [24.7719597, 59.4493049], [24.7756441, 59.4491407], [24.7713991, 59.449803], [24.760684, 59.4473043], [24.7582471, 59.4496119], [24.7545976, 59.4477936], [24.7527288, 59.4486526], [24.7525533, 59.4474383], [24.7483339, 59.4457336], [24.7507171, 59.4472404], [24.744985, 59.4486416], [24.7398323, 59.4521469], [24.740134, 59.4544613], [24.7386906, 59.4552141], [24.7369192, 59.4552136], [24.7368966, 59.4551112], [24.7396464, 59.454607], [24.739498, 59.4529795], [24.732419, 59.4538885], [24.7281604, 59.4526995], [24.7302092, 59.4547592], [24.7256167, 59.4519128], [24.7208065, 59.4535095], [24.7192401, 59.4567584], [24.7221389, 59.4589277], [24.7238928, 59.4584132], [24.7188042, 59.4601297], [24.7213306, 59.4589359], [24.7192066, 59.4572767], [24.7173638, 59.4578831], [24.71871, 59.4589315], [24.7167415, 59.4579531], [24.7159083, 59.4589991], [24.7005675, 59.4554075], [24.7050019, 59.4582061], [24.7032007, 59.4594196], [24.7071339, 59.4588058], [24.7163305, 59.4641001], [24.7197388, 59.4699877], [24.7234684, 59.4729588], [24.7287473, 59.473036], [24.7132515, 59.4774448], [24.7122492, 59.4807245], [24.7081832, 59.4857546], [24.7065409, 59.4862425], [24.7069691, 59.4812908], [24.7034956, 59.4794003], [24.6994661, 59.4815625], [24.6936074, 59.4811255], [24.6891635, 59.4856607], [24.6856871, 59.4838872], [24.6853965, 59.4804687], [24.6890641, 59.4762556], [24.6973777, 59.4742671], [24.6953639, 59.4734488], [24.6971388, 59.4730041], [24.6962193, 59.4700124], [24.6924082, 59.469089], [24.6897719, 59.4652674], [24.6683934, 59.46315], [24.662107, 59.4653063], [24.6615388, 59.4668661], [24.6506403, 59.4680405], [24.6464923, 59.470855], [24.6467892, 59.4621584], [24.6480267, 59.4615418], [24.6475393, 59.4660041], [24.6517103, 59.4646004], [24.6495099, 59.4627928], [24.6520837, 59.4619927], [24.6498737, 59.4596667], [24.6563907, 59.4566185], [24.6502951, 59.4598785], [24.6525192, 59.4617187], [24.6613792, 59.4589305], [24.6630804, 59.4578641], [24.6599143, 59.4566781], [24.6631588, 59.4576899], [24.6648374, 59.4559165], [24.6602595, 59.4546084], [24.6628424, 59.4526685], [24.6616556, 59.4542181], [24.6655617, 59.455797], [24.6693337, 59.4535003], [24.6682764, 59.4525534], [24.6696126, 59.4500091], [24.6699425, 59.4520992], [24.6736796, 59.4501354], [24.6834, 59.4489906], [24.6841313, 59.4437695], [24.6808909, 59.4376893], [24.6765101, 59.4351245], [24.6778437, 59.4350107], [24.678245, 59.4342182], [24.6651995, 59.4306107], [24.6640404, 59.4285886], [24.6542974, 59.4296179], [24.6475962, 59.434533], [24.6338813, 59.4385338], [24.6157954, 59.4467226], [24.6079212, 59.4483085], [24.6057813, 59.4494349], [24.6073803, 59.4511737], [24.6016642, 59.451901], [24.6037094, 59.4532005], [24.6082009, 59.451478], [24.6084156, 59.4516279], [24.6036724, 59.4533832], [24.6003592, 59.4512929], [24.5950559, 59.4522701], [24.5873535, 59.4564006], [24.5864533, 59.4585291], [24.5767609, 59.4600768], [24.5742181, 59.4619435], [24.5703549, 59.4614997], [24.5694118, 59.4599037], [24.5758409, 59.4522339], [24.5732742, 59.4471777], [24.563744, 59.4422311], [24.5643052, 59.4412437], [24.55017, 59.4389264]]], [[[24.5715256, 59.4645075], [24.5743976, 59.4639409], [24.5766143, 59.462566], [24.5740221, 59.4642601], [24.575535, 59.464673], [24.5715256, 59.4645075]]], [[[24.5777798, 59.4647779], [24.5778112, 59.4643035], [24.5779279, 59.4639545], [24.5777798, 59.4647779]]], [[[24.5838708, 59.4623066], [24.5842331, 59.4613022], [24.5845902, 59.4618756], [24.5838708, 59.4623066]]], [[[24.6581786, 59.4558088], [24.6595292, 59.4550221], [24.6596442, 59.4550854], [24.6581786, 59.4558088]]], [[[24.7248143, 59.4581036], [24.7269503, 59.4572658], [24.7270709, 59.4573097], [24.7248143, 59.4581036]]], [[[24.7278083, 59.4569891], [24.7309091, 59.455986], [24.7353739, 59.4556813], [24.731045, 59.4560086], [24.7278083, 59.4569891]]], [[[24.7377138, 59.5803886], [24.7470701, 59.5730444], [24.757825, 59.571029], [24.7579261, 59.5724959], [24.7630565, 59.5729394], [24.7704947, 59.5764355], [24.7866759, 59.5860737], [24.7836133, 59.5893073], [24.7811694, 59.5897102], [24.7834006, 59.5908239], [24.7789972, 59.5915769], [24.7797546, 59.5858699], [24.7735147, 59.5841131], [24.763586, 59.5902443], [24.7609219, 59.5886944], [24.7554459, 59.5891091], [24.7501041, 59.586108], [24.7400813, 59.5854047], [24.7407593, 59.5843683], [24.7377138, 59.5803886]]], [[[24.7490421, 59.451902], [24.7518361, 59.4507763], [24.753163, 59.4506097], [24.7524585, 59.450948], [24.7490421, 59.451902]]]]}}, {"type": "Feature", "properties": {"slug": "tampere", "name": "Tampere", "osmType": "relation", "osmId": 3579531, "source": "OpenStreetMap via Nominatim", "licence": "ODbL 1.0", "simplifiedDegrees": 0.001}, "geometry": {"type": "Polygon", "coordinates": [[[23.5422878, 61.5333694], [23.5548337, 61.5153299], [23.5723918, 61.5040974], [23.5695775, 61.4984482], [23.568413, 61.4985663], [23.5669014, 61.4930935], [23.5904519, 61.4931495], [23.5969583, 61.4873241], [23.6080447, 61.4843113], [23.6131343, 61.4777953], [23.6674063, 61.4874693], [23.696386, 61.4813497], [23.7054759, 61.4845886], [23.7077646, 61.4872551], [23.7256195, 61.4841025], [23.7180432, 61.4746972], [23.7258508, 61.4688062], [23.7258293, 61.4649114], [23.7280634, 61.4635021], [23.7209203, 61.4618197], [23.7304455, 61.4522731], [23.7316761, 61.4485819], [23.7335343, 61.4484844], [23.7320141, 61.4477439], [23.7340617, 61.4388155], [23.7411182, 61.4321633], [23.7793011, 61.4318318], [23.7736242, 61.4245215], [23.7780008, 61.4244862], [23.7772262, 61.4233923], [23.8230171, 61.4299095], [23.8901943, 61.4273675], [23.8993455, 61.439746], [23.9164222, 61.4522827], [23.9250865, 61.4679234], [23.930314, 61.4712508], [23.9290272, 61.4738328], [23.9327611, 61.4743989], [23.9324825, 61.4783682], [23.934118, 61.4803024], [23.9320468, 61.4824666], [23.9351652, 61.4836666], [23.9357894, 61.4861441], [23.9346948, 61.4866327], [23.9379953, 61.4895562], [23.936578, 61.4899354], [23.9368112, 61.4943432], [23.9352699, 61.4954083], [23.9416838, 61.5055036], [23.9565947, 61.5019697], [23.9591475, 61.5035711], [23.9634274, 61.5018416], [23.9770205, 61.5029564], [23.9699493, 61.5222753], [24.0079745, 61.5603521], [24.0143324, 61.560372], [24.0138807, 61.5620106], [24.0092169, 61.5615446], [24.0517063, 61.6045876], [24.1030963, 61.6205424], [24.1184947, 61.6271976], [24.094613, 61.6350885], [24.0893441, 61.6422261], [24.1025586, 61.6656919], [24.1012955, 61.6838641], [24.0870558, 61.7056349], [24.0784119, 61.7149779], [24.1152553, 61.7327243], [24.0898891, 61.7761202], [24.0908023, 61.7928754], [24.0754065, 61.7936911], [23.9998595, 61.7871686], [23.8993497, 61.8164874], [23.8555302, 61.836614], [23.8078906, 61.8215982], [23.8030002, 61.7942708], [23.7826716, 61.7889791], [23.7674862, 61.7725704], [23.7619004, 61.7723388], [23.756449, 61.7686472], [23.7651539, 61.7654918], [23.7555009, 61.7495058], [23.7644277, 61.7347113], [23.7792852, 61.7257748], [23.7569816, 61.6905511], [23.7262791, 61.6861653], [23.7213207, 61.6710395], [23.7243527, 61.6482387], [23.7482928, 61.6057834], [23.7632199, 61.5398668], [23.7227942, 61.5372545], [23.706877, 61.5398817], [23.6996726, 61.5364848], [23.6932871, 61.5359263], [23.6825609, 61.536683], [23.6835875, 61.5384758], [23.6742709, 61.5393973], [23.6723509, 61.5422726], [23.6548407, 61.530485], [23.645906, 61.5298854], [23.6474069, 61.5285264], [23.6424246, 61.5272385], [23.6057883, 61.5230221], [23.5857535, 61.5160836], [23.5822163, 61.5180839], [23.5815963, 61.5200986], [23.5759522, 61.5218507], [23.5762198, 61.5233923], [23.5647061, 61.5261964], [23.5582548, 61.5260926], [23.554676, 61.528353], [23.5498982, 61.5277901], [23.548572, 61.5285695], [23.5502797, 61.5300764], [23.5487174, 61.5314273], [23.5422878, 61.5333694]]]}}, {"type": "Feature", "properties": {"slug": "tbilisi", "name": "Tbilisi", "osmType": "relation", "osmId": 1996871, "source": "OpenStreetMap via Nominatim", "licence": "ODbL 1.0", "simplifiedDegrees": 0.001}, "geometry": {"type": "Polygon", "coordinates": [[[44.5962016, 41.6877513], [44.5995676, 41.6849316], [44.6027005, 41.6769347], [44.6088032, 41.6734419], [44.6117663, 41.667398], [44.6161812, 41.6656308], [44.6155214, 41.6607215], [44.6229288, 41.6589244], [44.6351659, 41.6371838], [44.637309, 41.6379175], [44.6406823, 41.6360983], [44.6454012, 41.6395011], [44.6466833, 41.6375928], [44.6491324, 41.6374751], [44.6536195, 41.6407519], [44.6559757, 41.6382474], [44.6735537, 41.6478875], [44.6735535, 41.6417327], [44.6759677, 41.6414254], [44.6876728, 41.6408722], [44.6953332, 41.6431653], [44.7303437, 41.638302], [44.7386665, 41.6399774], [44.7569221, 41.6286838], [44.7573499, 41.6349484], [44.7623809, 41.6324944], [44.7762774, 41.631041], [44.7800562, 41.6319296], [44.7791452, 41.6342595], [44.7808952, 41.6351011], [44.7854452, 41.6315798], [44.7893287, 41.6347493], [44.7931501, 41.6280818], [44.7970346, 41.6249045], [44.7998542, 41.6260733], [44.8004818, 41.6294519], [44.8025355, 41.6303965], [44.8016341, 41.6311442], [44.8089793, 41.6346312], [44.8021253, 41.6392433], [44.7991013, 41.645397], [44.7945535, 41.6499518], [44.8013428, 41.6503901], [44.8148341, 41.6569552], [44.8363432, 41.6559962], [44.8429876, 41.6574648], [44.850837, 41.6548738], [44.8555229, 41.6556074], [44.8637599, 41.6540445], [44.8687434, 41.6502044], [44.8690653, 41.6482082], [44.8733069, 41.6502848], [44.8761999, 41.647687], [44.8856735, 41.6454502], [44.8901874, 41.643209], [44.8857695, 41.6418594], [44.8867511, 41.6389051], [44.899144, 41.6385513], [44.9023127, 41.6397692], [44.9062903, 41.6354842], [44.9004956, 41.622578], [44.9056345, 41.6214632], [44.9063742, 41.6234307], [44.9153238, 41.6218207], [44.9228671, 41.6200897], [44.9238698, 41.6177901], [44.9283627, 41.6192562], [44.9213197, 41.6300933], [44.928579, 41.637944], [44.9390295, 41.6396507], [44.9435562, 41.6350569], [44.9472551, 41.6359183], [44.950996, 41.6394129], [44.9587859, 41.6392816], [44.9616794, 41.6420296], [44.961029, 41.6464343], [44.9579993, 41.6485509], [44.9597724, 41.6502032], [44.9638908, 41.6502043], [44.9702812, 41.6544079], [44.9755598, 41.6552916], [44.9789856, 41.6602401], [44.9878309, 41.659056], [44.9965078, 41.66487], [44.9949718, 41.6711082], [45.0001195, 41.6749825], [45.0005535, 41.6821652], [45.002466, 41.6840557], [45.0104396, 41.6860092], [45.0162866, 41.6933768], [45.0172789, 41.7029791], [45.0142564, 41.7044493], [45.0156497, 41.7094868], [45.0125007, 41.711608], [45.0121764, 41.7161127], [45.0126304, 41.7186138], [45.0155122, 41.7201929], [45.0161446, 41.7241667], [45.0072593, 41.7340391], [45.0061779, 41.7375387], [44.9958467, 41.7294064], [44.9914563, 41.7294669], [44.9857843, 41.736567], [44.9855481, 41.7388806], [44.9923074, 41.7408021], [44.9944853, 41.7463029], [44.9862027, 41.7508562], [44.9756877, 41.7541978], [44.973695, 41.7533499], [44.9690132, 41.7563501], [44.9629862, 41.7561912], [44.9617883, 41.7578493], [44.9570368, 41.7581393], [44.9561083, 41.7598283], [44.9429226, 41.7610527], [44.9378979, 41.7664512], [44.9349772, 41.7648159], [44.9296697, 41.7667993], [44.9246943, 41.7636056], [44.9180746, 41.7658463], [44.914974, 41.7600203], [44.9106717, 41.7574113], [44.9018693, 41.7599843], [44.8930361, 41.7578769], [44.8773839, 41.7629274], [44.8824849, 41.7700568], [44.8860222, 41.7722039], [44.8800466, 41.782197], [44.8817992, 41.7919023], [44.8805311, 41.794109], [44.8839497, 41.7948294], [44.8807168, 41.7978237], [44.8950237, 41.801175], [44.891959, 41.8015361], [44.8947287, 41.8036423], [44.8884807, 41.8032397], [44.8898578, 41.80463], [44.8863172, 41.8112676], [44.869988, 41.8187041], [44.8529559, 41.822414], [44.8448086, 41.8225613], [44.8454222, 41.8278329], [44.8292157, 41.8273399], [44.8308277, 41.8288219], [44.8129756, 41.8304228], [44.8093309, 41.835557], [44.7922535, 41.8373557], [44.7746944, 41.8438777], [44.7642196, 41.8360543], [44.7525139, 41.8346874], [44.7477758, 41.8321915], [44.7462942, 41.8262498], [44.749589, 41.8211667], [44.7551733, 41.8216224], [44.7610044, 41.8247526], [44.7624904, 41.8235693], [44.7622948, 41.8217409], [44.758518, 41.8192638], [44.7493422, 41.8176406], [44.7420797, 41.8191157], [44.7348905, 41.8137625], [44.7254598, 41.8116314], [44.7150489, 41.8137555], [44.7128765, 41.8180992], [44.6892607, 41.8177685], [44.6947303, 41.812953], [44.665437, 41.7940173], [44.6631595, 41.7885346], [44.6597135, 41.7865276], [44.6605042, 41.7845018], [44.6755075, 41.7760864], [44.6722788, 41.7747855], [44.6790396, 41.7720082], [44.6795545, 41.7674871], [44.6816754, 41.766242], [44.6790361, 41.7659543], [44.6788983, 41.7646386], [44.688195, 41.7634592], [44.6897347, 41.7526338], [44.6940702, 41.7498365], [44.6952995, 41.7462685], [44.688385, 41.7450879], [44.681713, 41.73927], [44.6786419, 41.7391579], [44.6805328, 41.7383383], [44.6766007, 41.7349978], [44.6827376, 41.7324758], [44.6858543, 41.7283523], [44.694501, 41.7225507], [44.6932385, 41.7223067], [44.6953922, 41.7211897], [44.6922687, 41.7143332], [44.6857951, 41.7137616], [44.6793976, 41.7101919], [44.6735655, 41.7108351], [44.6748272, 41.7083874], [44.6701065, 41.7075032], [44.6669888, 41.7029676], [44.664606, 41.7030329], [44.6625914, 41.6999823], [44.6599521, 41.700519], [44.6602359, 41.6990316], [44.6572291, 41.6983809], [44.6578942, 41.6964385], [44.6524268, 41.6961023], [44.6517023, 41.6941043], [44.6457263, 41.6950335], [44.6446748, 41.6926357], [44.6425935, 41.6936236], [44.6404949, 41.6914051], [44.6397047, 41.6933238], [44.6357742, 41.6925908], [44.6334311, 41.6939681], [44.6300086, 41.6927343], [44.6243351, 41.6939551], [44.6225042, 41.6926128], [44.6154438, 41.6929925], [44.613381, 41.6916697], [44.613047, 41.6935965], [44.5962016, 41.6877513]]]}}, {"type": "Feature", "properties": {"slug": "the-hague", "name": "The Hague", "osmType": "relation", "osmId": 192737, "source": "OpenStreetMap via Nominatim", "licence": "ODbL 1.0", "simplifiedDegrees": 0.001}, "geometry": {"type": "Polygon", "coordinates": [[[4.1849984, 52.0614507], [4.1963288, 52.055677], [4.1997376, 52.0508171], [4.1988535, 52.0500024], [4.2124343, 52.0340331], [4.2095845, 52.0336547], [4.2122923, 52.0307117], [4.2192268, 52.0337368], [4.2283264, 52.0346421], [4.2350148, 52.0392951], [4.2482171, 52.0252258], [4.2726628, 52.0359171], [4.2758963, 52.0315572], [4.2778745, 52.0324983], [4.2817109, 52.0274311], [4.2852499, 52.0274224], [4.2851423, 52.0256202], [4.2882548, 52.0237577], [4.2867338, 52.0229846], [4.2943447, 52.0193587], [4.2897361, 52.0176479], [4.2955122, 52.0148485], [4.3010755, 52.0178691], [4.3026641, 52.0164881], [4.3076386, 52.0181514], [4.2979299, 52.02941], [4.2909517, 52.041573], [4.2983667, 52.0455571], [4.319882, 52.0519936], [4.321908, 52.0530517], [4.3213605, 52.0546208], [4.3403069, 52.0619468], [4.3469838, 52.0568254], [4.3445191, 52.054047], [4.3526387, 52.0490952], [4.3468775, 52.0455176], [4.3463948, 52.0428917], [4.3504056, 52.039473], [4.3537779, 52.030676], [4.3597695, 52.026546], [4.3734992, 52.0325988], [4.3797353, 52.0267327], [4.393891, 52.0329174], [4.3874362, 52.0386469], [4.3798582, 52.0359523], [4.3726456, 52.0409197], [4.3879045, 52.0511695], [4.3896762, 52.0499613], [4.394445, 52.0540539], [4.3985495, 52.0512179], [4.4016248, 52.0535364], [4.4220724, 52.0516731], [4.4152309, 52.0570129], [4.4224897, 52.057194], [4.4206907, 52.0634552], [4.4039235, 52.0778453], [4.388651, 52.0729738], [4.3845827, 52.0762343], [4.3799958, 52.074745], [4.3560111, 52.0615675], [4.3608261, 52.0584683], [4.3598227, 52.0573663], [4.3573498, 52.0562547], [4.3522815, 52.0593941], [4.3480036, 52.0564981], [4.3421957, 52.0611346], [4.3555187, 52.0680398], [4.3352132, 52.0750004], [4.3735145, 52.0922968], [4.3714668, 52.0938347], [4.3727093, 52.0947726], [4.3584893, 52.1057613], [4.3423181, 52.0974818], [4.3372529, 52.0987695], [4.3274898, 52.0955716], [4.323282, 52.0992165], [4.3322643, 52.1030401], [4.3303174, 52.104342], [4.3330604, 52.1057308], [4.3025058, 52.128616], [4.2900632, 52.1350362], [4.2569075, 52.1135876], [4.2431428, 52.1106256], [4.2375876, 52.1043047], [4.2387167, 52.0999801], [4.1849984, 52.0614507]]]}}, {"type": "Feature", "properties": {"slug": "tirana", "name": "Tirana", "osmType": "relation", "osmId": 1250106, "source": "OpenStreetMap via Nominatim", "licence": "ODbL 1.0", "simplifiedDegrees": 0.001}, "geometry": {"type": "Polygon", "coordinates": [[[19.7547343, 41.3120791], [19.758537, 41.3087375], [19.7570614, 41.306513], [19.7601879, 41.2997233], [19.7707655, 41.3036327], [19.7751537, 41.300386], [19.7836884, 41.3047298], [19.7876652, 41.3088675], [19.7797692, 41.3124403], [19.7805819, 41.3142018], [19.7895519, 41.3103542], [19.7937503, 41.3130049], [19.7976776, 41.3123792], [19.7982872, 41.3148469], [19.8071058, 41.3130248], [19.8116293, 41.3100194], [19.8116911, 41.307871], [19.8182247, 41.303701], [19.8233382, 41.305095], [19.8260584, 41.2998652], [19.8250573, 41.2982668], [19.8288978, 41.2959171], [19.8390764, 41.2979067], [19.8457126, 41.2955874], [19.8497656, 41.2974816], [19.8510251, 41.3009951], [19.8445915, 41.3121239], [19.8453374, 41.3140008], [19.8557595, 41.3187645], [19.8549062, 41.3206656], [19.8653614, 41.3266405], [19.8666043, 41.3308855], [19.876438, 41.3312611], [19.8754267, 41.3354988], [19.8725855, 41.3360635], [19.872619, 41.3379373], [19.8646497, 41.3378936], [19.8642029, 41.3394741], [19.8587864, 41.3399307], [19.8545756, 41.3441813], [19.8514871, 41.3495794], [19.8527492, 41.3495436], [19.852744, 41.3514373], [19.8578705, 41.3518892], [19.8549043, 41.354506], [19.856086, 41.3584521], [19.854324, 41.3591162], [19.8472686, 41.3591624], [19.8415672, 41.354464], [19.8336531, 41.3518386], [19.8188543, 41.3504822], [19.8108858, 41.3521141], [19.7954126, 41.3481539], [19.7765396, 41.3512877], [19.7808294, 41.3542778], [19.7775074, 41.3568549], [19.7819412, 41.3589991], [19.780317, 41.3593882], [19.7808182, 41.3612145], [19.7787817, 41.3640746], [19.7779368, 41.3624771], [19.7719699, 41.3612683], [19.7695755, 41.3646313], [19.7641271, 41.3639302], [19.7647074, 41.3622365], [19.7618377, 41.3611736], [19.757632, 41.365853], [19.7548505, 41.3598286], [19.7592269, 41.3592317], [19.7582431, 41.3548399], [19.7677029, 41.3527308], [19.780833, 41.3457364], [19.7765601, 41.3377927], [19.7834217, 41.3358287], [19.7831387, 41.3334514], [19.787393, 41.3253399], [19.7845253, 41.3239951], [19.7799635, 41.3251838], [19.7789666, 41.3234561], [19.7738107, 41.3241929], [19.775677, 41.3184723], [19.7692916, 41.3176078], [19.7680903, 41.3189569], [19.770212, 41.3214015], [19.7681104, 41.3226951], [19.7658423, 41.3199091], [19.7557188, 41.3154935], [19.7564281, 41.3131354], [19.7547343, 41.3120791]]]}}, {"type": "Feature", "properties": {"slug": "toulouse", "name": "Toulouse", "osmType": "relation", "osmId": 35738, "source": "OpenStreetMap via Nominatim", "licence": "ODbL 1.0", "simplifiedDegrees": 0.001}, "geometry": {"type": "Polygon", "coordinates": [[[1.3503311, 43.6042797], [1.3667581, 43.5959574], [1.3618995, 43.5917435], [1.3663749, 43.5899767], [1.377082, 43.5900102], [1.3704523, 43.5822949], [1.3589351, 43.5791153], [1.3689085, 43.5733802], [1.3685449, 43.571482], [1.3621244, 43.5666082], [1.3593597, 43.5603931], [1.3666486, 43.5587517], [1.3752534, 43.55333], [1.3680214, 43.5498992], [1.3810987, 43.5430437], [1.3822534, 43.5391497], [1.3845975, 43.5394486], [1.388668, 43.5367635], [1.4006991, 43.5443306], [1.4031913, 43.5451554], [1.4053083, 43.5436875], [1.4105927, 43.5490803], [1.423329, 43.5438666], [1.4282174, 43.5461482], [1.437755, 43.5445394], [1.4386083, 43.5425451], [1.461299, 43.5326969], [1.4546995, 43.5407161], [1.4571683, 43.5434384], [1.4616491, 43.5434371], [1.4609888, 43.547139], [1.4624109, 43.5490659], [1.4774816, 43.557318], [1.485809, 43.5528416], [1.5006285, 43.5538469], [1.5133012, 43.5639016], [1.5153356, 43.5700898], [1.513455, 43.5710276], [1.5129614, 43.5768477], [1.4980154, 43.5814714], [1.4913696, 43.5994408], [1.4858536, 43.604833], [1.4856293, 43.6099773], [1.4798395, 43.6283717], [1.4887376, 43.6318052], [1.4993732, 43.646109], [1.4929935, 43.6464383], [1.4909351, 43.6479017], [1.4872891, 43.6464638], [1.4856787, 43.6473789], [1.4830523, 43.6462673], [1.4826393, 43.6430161], [1.4805867, 43.6442098], [1.4760704, 43.6422711], [1.4713809, 43.6442922], [1.4706754, 43.645708], [1.4721437, 43.6464399], [1.4706559, 43.6473763], [1.4681541, 43.6472251], [1.4673279, 43.6510856], [1.4688833, 43.6547846], [1.4674579, 43.6573736], [1.4646259, 43.6598922], [1.4599493, 43.6608278], [1.4587135, 43.6602345], [1.459608, 43.6583378], [1.4531402, 43.6508652], [1.4454585, 43.6541287], [1.4431829, 43.6478333], [1.439381, 43.6622542], [1.4399208, 43.6687119], [1.4298194, 43.6664645], [1.4318126, 43.6574069], [1.4247386, 43.6604231], [1.4172213, 43.6608214], [1.4163527, 43.6647256], [1.4140748, 43.6663098], [1.4053733, 43.6650844], [1.4024448, 43.6684938], [1.4004516, 43.6678482], [1.4058631, 43.6618982], [1.4068502, 43.6552539], [1.4013241, 43.6486223], [1.4038702, 43.6357547], [1.401221, 43.6226568], [1.3994999, 43.6207901], [1.3906736, 43.620396], [1.3929143, 43.6170568], [1.3874906, 43.6154816], [1.3740947, 43.6193489], [1.3767273, 43.626121], [1.3695989, 43.628773], [1.3655545, 43.6240474], [1.3563602, 43.6205829], [1.3552709, 43.6180786], [1.3564428, 43.6145161], [1.3547427, 43.6145628], [1.3503311, 43.6042797]]]}}, {"type": "Feature", "properties": {"slug": "turin", "name": "Turin", "osmType": "relation", "osmId": 43992, "source": "OpenStreetMap via Nominatim", "licence": "ODbL 1.0", "simplifiedDegrees": 0.001}, "geometry": {"type": "MultiPolygon", "coordinates": [[[[7.5778348, 45.0418278], [7.5841364, 45.0361603], [7.60155, 45.028296], [7.6073523, 45.0297827], [7.6005142, 45.0187809], [7.5919899, 45.0198221], [7.5923843, 45.0172631], [7.5897639, 45.0163778], [7.5931153, 45.0140286], [7.5966328, 45.0145508], [7.5964017, 45.0122751], [7.6010893, 45.0135093], [7.6100458, 45.0097902], [7.6143648, 45.0111822], [7.6241516, 45.0081274], [7.6315211, 45.0103899], [7.6423854, 45.0069831], [7.6520883, 45.0089152], [7.6551163, 45.0073118], [7.6588902, 45.0162637], [7.6777934, 45.016207], [7.6851162, 45.0239965], [7.6899339, 45.0246363], [7.6956621, 45.0229351], [7.7076461, 45.0239186], [7.7081104, 45.0269469], [7.7225913, 45.0312048], [7.7326239, 45.0377587], [7.7557914, 45.0577537], [7.7733388, 45.0778731], [7.7679941, 45.0791197], [7.7689579, 45.0816716], [7.7507949, 45.0835989], [7.7416236, 45.0926101], [7.7509334, 45.0973133], [7.7523612, 45.1026439], [7.739971, 45.1095436], [7.7397627, 45.1129641], [7.7365784, 45.1128682], [7.7369529, 45.1172713], [7.7385625, 45.1188916], [7.7351074, 45.1195735], [7.7365563, 45.1235165], [7.7304336, 45.1236673], [7.7249089, 45.1269499], [7.7212463, 45.1251176], [7.7173605, 45.1273107], [7.7181091, 45.1304969], [7.7228492, 45.1316212], [7.7247499, 45.1367865], [7.7131667, 45.1375311], [7.7111503, 45.133144], [7.6967457, 45.1309003], [7.6938779, 45.1344602], [7.6906131, 45.1345823], [7.6901507, 45.1330122], [7.6866077, 45.1339863], [7.6805603, 45.1388323], [7.6751458, 45.1370953], [7.6663747, 45.138474], [7.6640195, 45.1401883], [7.6611013, 45.1361707], [7.6637159, 45.1352724], [7.6634023, 45.1340234], [7.6528657, 45.1350186], [7.6557152, 45.1332562], [7.6546002, 45.1295472], [7.6570914, 45.1281663], [7.6526056, 45.1232309], [7.6544713, 45.1127966], [7.6461189, 45.1120408], [7.6228767, 45.1138248], [7.6226273, 45.1084112], [7.6117834, 45.1071377], [7.6142285, 45.1000112], [7.6196182, 45.0951173], [7.6179721, 45.0908436], [7.6112068, 45.0862898], [7.6114072, 45.0825219], [7.6034971, 45.0711427], [7.608413, 45.070362], [7.6094674, 45.0680568], [7.6141008, 45.0662032], [7.6093437, 45.0650291], [7.6076063, 45.0605595], [7.618602, 45.0589839], [7.625076, 45.0596583], [7.6227602, 45.0522308], [7.6173751, 45.0489344], [7.6187195, 45.0483271], [7.6178871, 45.046767], [7.6211999, 45.0459162], [7.618155, 45.0439157], [7.6164445, 45.0390076], [7.6145851, 45.0398646], [7.6116114, 45.0337465], [7.5867072, 45.044852], [7.5839222, 45.0420773], [7.5803066, 45.0442955], [7.5778348, 45.0418278]]], [[[7.7404362, 45.1194717], [7.7433787, 45.1172913], [7.7485405, 45.1207137], [7.7492783, 45.1237064], [7.7456742, 45.1245649], [7.7404362, 45.1194717]]]]}}, {"type": "Feature", "properties": {"slug": "turku", "name": "Turku", "osmType": "relation", "osmId": 399906, "source": "OpenStreetMap via Nominatim", "licence": "ODbL 1.0", "simplifiedDegrees": 0.001}, "geometry": {"type": "Polygon", "coordinates": [[[22.0661599, 60.3652223], [22.072564, 60.3603208], [22.0885577, 60.3582971], [22.073355, 60.3465731], [22.0730443, 60.3415719], [22.0801033, 60.3431059], [22.1074081, 60.3383092], [22.1268242, 60.3422273], [22.1591176, 60.3385799], [22.1687038, 60.3396762], [22.1959443, 60.3335222], [22.2120582, 60.3339599], [22.2212206, 60.3401085], [22.2317993, 60.3367264], [22.2427963, 60.338813], [22.2550057, 60.3435646], [22.2732555, 60.3433045], [22.2866236, 60.3471795], [22.3040365, 60.3458525], [22.3091971, 60.3481987], [22.3157202, 60.3560162], [22.311224, 60.3621149], [22.3050431, 60.3663215], [22.3047604, 60.3683225], [22.3081004, 60.3712932], [22.3050608, 60.3730143], [22.3033289, 60.381042], [22.2882544, 60.3815573], [22.2876359, 60.3834438], [22.2817156, 60.3863956], [22.280673, 60.3883429], [22.283801, 60.3910149], [22.2797717, 60.3984271], [22.2742049, 60.402617], [22.2858333, 60.4086565], [22.2881549, 60.408058], [22.2930789, 60.4101226], [22.3013319, 60.409023], [22.3079767, 60.4107334], [22.3288922, 60.418162], [22.3403348, 60.4242214], [22.3440283, 60.4233491], [22.3469266, 60.4265066], [22.3505848, 60.4261665], [22.3629924, 60.4300604], [22.3625632, 60.4320139], [22.3674998, 60.4328679], [22.3616885, 60.4396877], [22.3687779, 60.4406659], [22.3511285, 60.4614159], [22.3436184, 60.4673923], [22.3378009, 60.4660156], [22.3311407, 60.4711205], [22.3403769, 60.4783431], [22.3391833, 60.4787211], [22.3517204, 60.4817161], [22.352626, 60.4808702], [22.351006, 60.4795961], [22.3599161, 60.4763113], [22.362929, 60.477016], [22.3725714, 60.4864704], [22.3630102, 60.4877475], [22.3606032, 60.490323], [22.3579954, 60.4892489], [22.3565553, 60.4901949], [22.3585056, 60.4911827], [22.3532097, 60.4933589], [22.3562917, 60.4945999], [22.3584696, 60.4973325], [22.3571884, 60.4983099], [22.3630815, 60.5013441], [22.3624318, 60.5036369], [22.3672705, 60.5059962], [22.3703909, 60.5128396], [22.3720294, 60.5124534], [22.3771211, 60.5187156], [22.3764946, 60.5203179], [22.378284, 60.5201947], [22.3822115, 60.5254151], [22.3766177, 60.5246453], [22.3755908, 60.5260084], [22.3793401, 60.5268739], [22.374496, 60.5277663], [22.3757829, 60.5286329], [22.3735791, 60.5298038], [22.3732801, 60.5332163], [22.3760925, 60.5331632], [22.3763002, 60.5362821], [22.3730814, 60.5359443], [22.3718856, 60.545389], [22.3767158, 60.5536629], [22.3756474, 60.5553665], [22.4059873, 60.5884621], [22.4120345, 60.5864218], [22.4170269, 60.5896339], [22.4133751, 60.5927969], [22.4300913, 60.6024136], [22.4369505, 60.6178888], [22.4408094, 60.6173049], [22.4435644, 60.6233912], [22.441105, 60.6236191], [22.4427136, 60.6276738], [22.4479016, 60.6284862], [22.4462368, 60.6323249], [22.4428677, 60.6338603], [22.4434292, 60.6352683], [22.4468459, 60.6351269], [22.4437308, 60.635955], [22.4494745, 60.6463902], [22.44879, 60.648887], [22.4531255, 60.6510059], [22.4522447, 60.6528061], [22.4538181, 60.654993], [22.4520972, 60.6589999], [22.4538857, 60.6665644], [22.4534436, 60.6720441], [22.4581649, 60.6723026], [22.453552, 60.6739989], [22.4530343, 60.6859909], [22.4479778, 60.6942141], [22.4517147, 60.6967155], [22.4499997, 60.6974935], [22.4471898, 60.6959859], [22.4149969, 60.7372962], [22.4055267, 60.6950378], [22.402911, 60.6955556], [22.4023231, 60.6933726], [22.4067669, 60.6921449], [22.406076, 60.6905214], [22.4078655, 60.6897362], [22.4043111, 60.6891805], [22.3959774, 60.6533158], [22.3922751, 60.6531573], [22.3900803, 60.649422], [22.3915083, 60.6489472], [22.3911613, 60.6475018], [22.3944781, 60.6469061], [22.3933548, 60.6419684], [22.3862945, 60.6384521], [22.3914195, 60.6354191], [22.3906066, 60.6307392], [22.3880226, 60.6304784], [22.3800385, 60.6236747], [22.3785717, 60.6200942], [22.3764057, 60.6208736], [22.3739233, 60.6177759], [22.3601718, 60.6094328], [22.324211, 60.5922317], [22.3082711, 60.5772248], [22.3107275, 60.5766604], [22.3105685, 60.5751107], [22.3058866, 60.574938], [22.3007342, 60.5720205], [22.302059, 60.5707742], [22.2995844, 60.5637026], [22.2963387, 60.5639744], [22.2959602, 60.5628514], [22.2992581, 60.5625703], [22.2941263, 60.5478261], [22.2872709, 60.5401594], [22.286587, 60.537068], [22.2852043, 60.5378555], [22.2835305, 60.5359727], [22.2854473, 60.5346924], [22.2828553, 60.5327867], [22.2818421, 60.5294071], [22.2793743, 60.5306673], [22.270515, 60.5228533], [22.2672367, 60.5223011], [22.2668745, 60.5207662], [22.2683413, 60.5207923], [22.2649217, 60.5175395], [22.2568631, 60.5229924], [22.2561136, 60.5209469], [22.2588631, 60.5175888], [22.2548854, 60.5162634], [22.2470736, 60.5208724], [22.2290301, 60.5245465], [22.2214663, 60.5243769], [22.2215787, 60.5230412], [22.2417188, 60.5152234], [22.2336249, 60.5107435], [22.2493955, 60.5033128], [22.2409902, 60.4955524], [22.2294979, 60.4883719], [22.2259372, 60.4917621], [22.2223411, 60.4903762], [22.2218793, 60.4884579], [22.2084475, 60.4828709], [22.2110043, 60.4789839], [22.2085572, 60.4751657], [22.2027558, 60.4760815], [22.1976693, 60.4693757], [22.193444, 60.4690995], [22.190157, 60.4611624], [22.1674957, 60.4632375], [22.1584133, 60.4616085], [22.1543303, 60.4643596], [22.1470421, 60.4650746], [22.1216217, 60.4622676], [22.121996, 60.4609826], [22.1173385, 60.4590666], [22.1133941, 60.4534113], [22.10874, 60.4547065], [22.1085037, 60.4478627], [22.1051125, 60.4404463], [22.0866279, 60.4387732], [22.079205, 60.4338469], [22.0758137, 60.4286326], [22.0795834, 60.4210178], [22.0845466, 60.4189199], [22.090384, 60.3945618], [22.0792301, 60.3801884], [22.0726804, 60.3766274], [22.0686633, 60.3769727], [22.0707737, 60.3748431], [22.0685468, 60.3667768], [22.0661599, 60.3652223]]]}}, {"type": "Feature", "properties": {"slug": "utrecht", "name": "Utrecht", "osmType": "relation", "osmId": 419203, "source": "OpenStreetMap via Nominatim", "licence": "ODbL 1.0", "simplifiedDegrees": 0.001}, "geometry": {"type": "Polygon", "coordinates": [[[4.970096, 52.1224417], [4.978198, 52.1128463], [4.980228, 52.1122444], [4.9796249, 52.1087224], [4.9760969, 52.1078229], [4.9732769, 52.1013741], [4.9756597, 52.0997896], [4.9893272, 52.1007553], [4.9942167, 52.0903665], [5.0050113, 52.0884853], [4.9994983, 52.0661314], [5.0180105, 52.062219], [5.0170745, 52.0611429], [5.0211332, 52.056245], [5.0271196, 52.0553956], [5.028451, 52.0506233], [5.0380644, 52.0441548], [5.0494951, 52.0312047], [5.0610208, 52.026282], [5.0630942, 52.0268667], [5.0643988, 52.0527236], [5.0705269, 52.0618689], [5.0893879, 52.0608257], [5.0941242, 52.0587547], [5.0973521, 52.0594805], [5.1043977, 52.0499378], [5.1073444, 52.0500256], [5.1112615, 52.0583236], [5.1213391, 52.0543703], [5.1244561, 52.0552569], [5.1457337, 52.0525637], [5.1577553, 52.0583418], [5.1568907, 52.0634269], [5.1595026, 52.0672629], [5.1565271, 52.068913], [5.1556617, 52.071456], [5.1604414, 52.0777885], [5.1601799, 52.0802962], [5.1669173, 52.0766812], [5.1716062, 52.078675], [5.1792926, 52.0779022], [5.1814016, 52.0761924], [5.195155, 52.0773463], [5.1927632, 52.0860611], [5.1897402, 52.0863503], [5.18617, 52.0929277], [5.1807027, 52.0946085], [5.1805641, 52.0931319], [5.1617916, 52.0942993], [5.1564028, 52.0981485], [5.161915, 52.1072154], [5.1503808, 52.1108754], [5.1481608, 52.1198028], [5.1265235, 52.1246045], [5.1070929, 52.1332112], [5.1033974, 52.1298484], [5.1010844, 52.1298446], [5.0871645, 52.1356715], [5.0761585, 52.1270491], [5.072328, 52.1253251], [5.0701987, 52.1271815], [5.0612045, 52.1225618], [5.047556, 52.1299724], [5.0408788, 52.1254764], [5.0326763, 52.1167677], [5.0122126, 52.1296004], [5.0031017, 52.1420506], [4.9863983, 52.1352547], [4.985238, 52.1324371], [4.9739383, 52.1296732], [4.970096, 52.1224417]]]}}, {"type": "Feature", "properties": {"slug": "vaasa", "name": "Vaasa", "osmType": "relation", "osmId": 1855926, "source": "OpenStreetMap via Nominatim", "licence": "ODbL 1.0", "simplifiedDegrees": 0.001}, "geometry": {"type": "MultiPolygon", "coordinates": [[[[21.0276273, 63.1082992], [21.3520915, 63.0344837], [21.3793053, 63.0418176], [21.3674329, 63.0296517], [21.3692931, 63.0280637], [21.3682489, 63.026689], [21.3844382, 63.0237929], [21.3812274, 63.0199267], [21.398154, 63.0170788], [21.4203869, 63.0180753], [21.4248606, 63.020182], [21.4962236, 63.0047113], [21.5284862, 62.9916009], [21.5359375, 62.9863922], [21.5516437, 62.9818566], [21.5630848, 62.984832], [21.5577313, 62.9889807], [21.5956471, 63.0309509], [21.6085674, 63.0376107], [21.6374788, 63.0633276], [21.6837987, 63.0496866], [21.7164847, 63.0429417], [21.7442701, 63.0428268], [21.7723225, 63.0377067], [21.7796824, 63.0404415], [21.7854827, 63.0403688], [21.785153, 63.0422224], [21.7877297, 63.0438702], [21.8288944, 63.0616736], [21.8057389, 63.095029], [21.8009113, 63.0955947], [21.800379, 63.1062402], [21.8143742, 63.111526], [21.7884208, 63.114959], [21.779966, 63.1145742], [21.7587031, 63.1251075], [21.7503978, 63.121677], [21.7535425, 63.1157036], [21.7524863, 63.1150475], [21.7551599, 63.1126288], [21.7446032, 63.1094464], [21.7405284, 63.1145289], [21.7293792, 63.1144421], [21.719318, 63.1166712], [21.7160695, 63.1111288], [21.7045493, 63.1005894], [21.679299, 63.1042508], [21.6664035, 63.1090569], [21.6641804, 63.111064], [21.6653448, 63.1127658], [21.6626211, 63.1128711], [21.6659958, 63.1137329], [21.6627909, 63.1174281], [21.6637125, 63.1201933], [21.6686757, 63.1247419], [21.6643527, 63.1267086], [21.6674029, 63.1284194], [21.6637917, 63.1295746], [21.6670098, 63.1320649], [21.6664561, 63.1334194], [21.6621719, 63.134814], [21.6617086, 63.1358171], [21.6637972, 63.1359315], [21.66207, 63.1380946], [21.6544109, 63.1439703], [21.6568148, 63.1468105], [21.6436313, 63.1479226], [21.6369164, 63.1460841], [21.6286922, 63.1461231], [21.6277075, 63.149362], [21.6198331, 63.1477438], [21.6197589, 63.1516301], [21.6160568, 63.1544879], [21.6053344, 63.157409], [21.6034823, 63.160268], [21.6000927, 63.1616641], [21.6014028, 63.1638871], [21.5970142, 63.1627751], [21.5979181, 63.1620698], [21.5694589, 63.1673678], [21.5367002, 63.1706641], [21.502355, 63.1660977], [21.4905821, 63.1742758], [21.4720401, 63.178854], [21.4630798, 63.170817], [21.443328, 63.1752267], [21.4480708, 63.1569366], [21.4115917, 63.136283], [21.3884629, 63.1442727], [21.0276273, 63.1082992]]], [[[21.8574273, 63.0542425], [21.8590602, 63.0535987], [21.8583308, 63.0518541], [21.8652941, 63.050541], [21.8707028, 63.0541168], [21.8610274, 63.0558384], [21.8574273, 63.0542425]]], [[[21.8896917, 63.0515477], [21.8987862, 63.0496842], [21.9108097, 63.0528507], [21.9121058, 63.0487646], [21.9397082, 63.0344799], [21.9559731, 63.0313661], [21.9763365, 63.0301399], [21.9858637, 63.0262373], [21.9877949, 63.0266753], [21.9870868, 63.0276388], [22.0039739, 63.0221687], [22.0232, 63.0191607], [22.0424797, 63.0048708], [22.042072, 63.0039114], [22.045789, 63.002509], [22.0380321, 63.0015009], [22.0468678, 62.9982664], [22.0471516, 62.9942526], [22.0529948, 62.98952], [22.0662256, 62.991031], [22.0670431, 62.9899869], [22.0651712, 62.98929], [22.1044114, 62.9726043], [22.1146741, 62.9698932], [22.1130004, 62.9687815], [22.1163049, 62.9693276], [22.1176352, 62.9678404], [22.1248128, 62.9667725], [22.123976, 62.964461], [22.1273711, 62.9630616], [22.1302948, 62.9642991], [22.1328106, 62.961101], [22.1375528, 62.9594378], [22.1440096, 62.963098], [22.1379065, 62.9658343], [22.138797, 62.9667657], [22.1476869, 62.9645242], [22.1647779, 62.9762698], [22.1637479, 62.979058], [22.1582483, 62.9814203], [22.162085, 62.9832399], [22.1584211, 62.9951141], [22.1491916, 62.9977496], [22.1524778, 63.0009524], [22.1555237, 62.99997], [22.1564927, 63.0034269], [22.1533431, 63.0037748], [22.1526105, 63.0052992], [22.1543823, 63.0057145], [22.151484, 63.0091542], [22.1602612, 63.0106008], [22.1651552, 63.0186733], [22.1729953, 63.0193601], [22.1949129, 63.0315722], [22.198219, 63.0342883], [22.197307, 63.0357203], [22.1997103, 63.0357397], [22.2423226, 63.0637265], [22.2199824, 63.0721278], [22.19245, 63.0869223], [22.170005, 63.0966176], [22.1710839, 63.0970044], [22.1318736, 63.1129628], [22.1249024, 63.1179092], [22.1224687, 63.1180083], [22.124007, 63.1185354], [22.1111209, 63.1274925], [22.0862402, 63.1333022], [22.0744644, 63.1334112], [22.0714066, 63.1376255], [22.0537104, 63.1374053], [22.030185, 63.1342277], [22.0336506, 63.1314892], [22.0275081, 63.1282724], [22.0228314, 63.1322073], [22.0115665, 63.1282792], [21.9870324, 63.1260321], [22.0049923, 63.1203397], [21.9982357, 63.1194506], [21.9571321, 63.093767], [21.9542293, 63.0932618], [21.9547058, 63.0922752], [21.9372713, 63.0815001], [21.9351419, 63.0823512], [21.9295894, 63.0773717], [21.9220633, 63.0776089], [21.9231034, 63.079646], [21.9159947, 63.0820013], [21.9111404, 63.0792181], [21.9163977, 63.0757235], [21.9110478, 63.0754164], [21.9087236, 63.0711455], [21.9066232, 63.0713106], [21.9038128, 63.0681108], [21.9068615, 63.0661462], [21.9060064, 63.0649188], [21.9107849, 63.0529047], [21.9085032, 63.0543308], [21.900903, 63.053121], [21.8937316, 63.055121], [21.8896917, 63.0515477]]]]}}, {"type": "Feature", "properties": {"slug": "vaduz", "name": "Vaduz", "osmType": "relation", "osmId": 1155956, "source": "OpenStreetMap via Nominatim", "licence": "ODbL 1.0", "simplifiedDegrees": 0.001}, "geometry": {"type": "MultiPolygon", "coordinates": [[[[9.4950466, 47.1569956], [9.5081922, 47.1407252], [9.514562, 47.1218308], [9.5294807, 47.1229253], [9.5354349, 47.1252184], [9.5353536, 47.1276333], [9.5329809, 47.128408], [9.5336485, 47.1301261], [9.5304622, 47.1308213], [9.5311222, 47.1384523], [9.5352449, 47.1403634], [9.5335024, 47.1456297], [9.5399462, 47.1422], [9.539406, 47.147042], [9.5418624, 47.1454511], [9.54804, 47.1453818], [9.5538522, 47.1484335], [9.552267, 47.1521247], [9.55298, 47.1560282], [9.5573508, 47.1612999], [9.5483654, 47.1633225], [9.5344748, 47.16214], [9.5225524, 47.1634591], [9.5226371, 47.1606483], [9.5198074, 47.1610629], [9.5195858, 47.1571206], [9.5162274, 47.1569644], [9.5155066, 47.15556], [9.4950466, 47.1569956]]], [[[9.5034547, 47.1934394], [9.5093903, 47.1821176], [9.5188849, 47.1816375], [9.5158272, 47.1931623], [9.5034547, 47.1934394]]], [[[9.5213906, 47.176333], [9.5280286, 47.1736979], [9.5299555, 47.1761332], [9.5222334, 47.1781201], [9.5213906, 47.176333]]], [[[9.5484097, 47.185205], [9.5499413, 47.1844373], [9.5532241, 47.1868577], [9.5496778, 47.1877743], [9.5484097, 47.185205]]], [[[9.5511596, 47.1901035], [9.5554136, 47.1855828], [9.5578684, 47.1874893], [9.5555585, 47.1901635], [9.5511596, 47.1901035]]], [[[9.585184, 47.1117681], [9.5880113, 47.0996357], [9.5855564, 47.1003491], [9.5866098, 47.0994893], [9.5852765, 47.0988152], [9.5889671, 47.0915012], [9.6055315, 47.087092], [9.6069092, 47.0879995], [9.6081434, 47.0927109], [9.6117431, 47.0976115], [9.5984097, 47.1090663], [9.6020511, 47.1119853], [9.5964872, 47.1133164], [9.5933603, 47.1103256], [9.585184, 47.1117681]]], [[[9.5912768, 47.1332824], [9.5930068, 47.1303829], [9.6012776, 47.1304813], [9.6052184, 47.1282077], [9.6105605, 47.1284244], [9.6082156, 47.1332189], [9.6086611, 47.1354458], [9.6021189, 47.140143], [9.5912768, 47.1332824]]]]}}, {"type": "Feature", "properties": {"slug": "valencia", "name": "Valencia", "osmType": "relation", "osmId": 344953, "source": "OpenStreetMap via Nominatim", "licence": "ODbL 1.0", "simplifiedDegrees": 0.001}, "geometry": {"type": "MultiPolygon", "coordinates": [[[[-0.4325512, 39.5611778], [-0.4304612, 39.5538297], [-0.4174016, 39.5470593], [-0.4115789, 39.5408095], [-0.4104276, 39.5348619], [-0.407715, 39.5341946], [-0.4073853, 39.5314403], [-0.4018969, 39.5296387], [-0.3955221, 39.5237183], [-0.398312, 39.5233488], [-0.4021199, 39.5154354], [-0.3997859, 39.5121926], [-0.4011558, 39.5091687], [-0.3969569, 39.5083869], [-0.3992268, 39.505079], [-0.3970165, 39.5045579], [-0.3974564, 39.4997592], [-0.4043067, 39.4995089], [-0.4051245, 39.4980537], [-0.4091839, 39.4989182], [-0.4111964, 39.4974726], [-0.4124599, 39.4977181], [-0.4113497, 39.501304], [-0.4241377, 39.5073915], [-0.4315753, 39.5060891], [-0.4244827, 39.4912029], [-0.4259358, 39.4876291], [-0.4103971, 39.4813644], [-0.4132977, 39.4789276], [-0.4068959, 39.4727801], [-0.4109922, 39.4725692], [-0.4182233, 39.469072], [-0.411511, 39.4664593], [-0.4158633, 39.4538753], [-0.4220406, 39.4515168], [-0.4319959, 39.4513131], [-0.4205503, 39.4351579], [-0.4022355, 39.4366022], [-0.4016236, 39.4277234], [-0.3973485, 39.4284919], [-0.3910045, 39.4266914], [-0.3891846, 39.4336002], [-0.3714629, 39.4256423], [-0.3719631, 39.4241792], [-0.3626724, 39.4193553], [-0.3571305, 39.4195179], [-0.3501881, 39.4222661], [-0.351044, 39.4017925], [-0.3341404, 39.3795086], [-0.3300717, 39.3653535], [-0.3315574, 39.365336], [-0.332622, 39.3689464], [-0.3349365, 39.3684833], [-0.3377376, 39.3735165], [-0.3429494, 39.3708274], [-0.3413374, 39.3674466], [-0.3441644, 39.3664373], [-0.3475968, 39.3705589], [-0.3536316, 39.365818], [-0.3608743, 39.364232], [-0.3599237, 39.3633852], [-0.3631385, 39.3594347], [-0.3698854, 39.3623603], [-0.3722635, 39.3591421], [-0.3782944, 39.3582513], [-0.386126, 39.3533962], [-0.3870399, 39.3434439], [-0.3887511, 39.3434711], [-0.3880083, 39.3403364], [-0.3934566, 39.3383691], [-0.3952232, 39.3363749], [-0.393307, 39.3350807], [-0.3976293, 39.3358976], [-0.3985776, 39.3337705], [-0.3956518, 39.3326419], [-0.3956947, 39.3312145], [-0.3978727, 39.3312726], [-0.3971631, 39.328519], [-0.3958567, 39.3286297], [-0.3941677, 39.3229324], [-0.3909963, 39.3221549], [-0.3898296, 39.3148019], [-0.3842973, 39.3175097], [-0.3812427, 39.3166336], [-0.3762906, 39.3121682], [-0.3794243, 39.3110664], [-0.3752292, 39.3076379], [-0.3671155, 39.3074823], [-0.3641525, 39.3051868], [-0.3574739, 39.3083258], [-0.3560355, 39.3118552], [-0.3503575, 39.3113291], [-0.3470778, 39.3164999], [-0.3376401, 39.3173585], [-0.3371861, 39.313919], [-0.3334167, 39.3137794], [-0.333299, 39.3152103], [-0.3295078, 39.3130735], [-0.3228757, 39.314769], [-0.3184612, 39.3116117], [-0.3181307, 39.3032107], [-0.3123111, 39.3034042], [-0.3056236, 39.2992272], [-0.2932105, 39.2835415], [-0.2805764, 39.2792874], [-0.2727165, 39.2784496], [-0.2750858, 39.2791792], [-0.289144, 39.302929], [-0.3119727, 39.3507646], [-0.3246847, 39.3874072], [-0.3307246, 39.4135529], [-0.3324307, 39.4132156], [-0.3331665, 39.4147334], [-0.331881, 39.4165448], [-0.3336846, 39.4172903], [-0.3329224, 39.4201095], [-0.3312803, 39.4228388], [-0.3300153, 39.4223356], [-0.329881, 39.4225314], [-0.3345789, 39.4239989], [-0.3337641, 39.42579], [-0.3319172, 39.4256022], [-0.3352084, 39.4269128], [-0.3276096, 39.4255293], [-0.3277782, 39.424507], [-0.3247162, 39.4233628], [-0.3234618, 39.4238473], [-0.3273912, 39.4246706], [-0.3267027, 39.4258749], [-0.332761, 39.4269232], [-0.3327216, 39.4281847], [-0.3302759, 39.4282571], [-0.3328274, 39.4283344], [-0.3305482, 39.4300017], [-0.3327421, 39.4300565], [-0.3325118, 39.4317901], [-0.3299671, 39.4306357], [-0.3296461, 39.4273455], [-0.3156688, 39.4229457], [-0.3176081, 39.4211717], [-0.3228561, 39.4228239], [-0.3173335, 39.4206158], [-0.3125204, 39.4233201], [-0.3091934, 39.4296209], [-0.3134681, 39.4354013], [-0.3125314, 39.433354], [-0.3148441, 39.4301694], [-0.3303333, 39.435189], [-0.3279794, 39.4400984], [-0.3196963, 39.4373789], [-0.3181363, 39.4400461], [-0.3191476, 39.4423544], [-0.3169023, 39.443042], [-0.3173081, 39.4409759], [-0.3162368, 39.4429582], [-0.3250928, 39.446278], [-0.3256533, 39.4496329], [-0.3213899, 39.4483367], [-0.3205738, 39.4498512], [-0.3263121, 39.4520726], [-0.3227959, 39.4540165], [-0.3264901, 39.4555827], [-0.32363, 39.4583374], [-0.3144612, 39.4461376], [-0.3122811, 39.4500669], [-0.3084097, 39.4504104], [-0.3127596, 39.4419209], [-0.3103836, 39.4421591], [-0.308859, 39.4450458], [-0.3050165, 39.4444617], [-0.3058614, 39.4356169], [-0.3027637, 39.4353612], [-0.3029579, 39.4335889], [-0.3021712, 39.4344296], [-0.3020637, 39.4444639], [-0.2986588, 39.4445333], [-0.2952147, 39.4511787], [-0.2988982, 39.4448608], [-0.3019227, 39.4448207], [-0.3019542, 39.4492644], [-0.3096583, 39.4509329], [-0.3110797, 39.4539625], [-0.3100008, 39.4553688], [-0.3025053, 39.4529995], [-0.3029291, 39.4520178], [-0.3023282, 39.4530793], [-0.3098652, 39.4555386], [-0.3093333, 39.4575606], [-0.3042487, 39.4602615], [-0.2863184, 39.4550059], [-0.2914687, 39.4440836], [-0.2857612, 39.4549967], [-0.3077894, 39.4628107], [-0.3084767, 39.4599451], [-0.3112636, 39.4587691], [-0.3125837, 39.4599893], [-0.311644, 39.4586113], [-0.3151578, 39.4571798], [-0.3172279, 39.4601877], [-0.3138728, 39.4602696], [-0.3208813, 39.4607871], [-0.327449, 39.4564801], [-0.3290877, 39.4573943], [-0.3314249, 39.4598152], [-0.3285934, 39.4588771], [-0.3282279, 39.460305], [-0.3313362, 39.4602452], [-0.3294094, 39.4615832], [-0.3251949, 39.4615176], [-0.3250943, 39.4602635], [-0.3177848, 39.46212], [-0.3166551, 39.4612671], [-0.3165641, 39.4625157], [-0.3105197, 39.4610623], [-0.3124652, 39.4626733], [-0.3195214, 39.4630238], [-0.3225142, 39.4730393], [-0.3233193, 39.4841197], [-0.3303979, 39.4850143], [-0.3342245, 39.4877304], [-0.3379498, 39.4859012], [-0.3528205, 39.4901558], [-0.3573613, 39.4950084], [-0.3556781, 39.497065], [-0.3570915, 39.4977738], [-0.3547592, 39.4996473], [-0.3566325, 39.5010348], [-0.3559847, 39.5019887], [-0.3598032, 39.5035041], [-0.3616038, 39.5020375], [-0.368131, 39.5044971], [-0.3722866, 39.5094576], [-0.3666089, 39.5126385], [-0.3718029, 39.5186914], [-0.3739719, 39.5267203], [-0.370796, 39.5267197], [-0.3763986, 39.5282552], [-0.3775539, 39.5301607], [-0.3853975, 39.5302626], [-0.385482, 39.5332207], [-0.3866333, 39.5317636], [-0.3891317, 39.5321022], [-0.3899071, 39.5299117], [-0.3939958, 39.5297973], [-0.3933017, 39.5275864], [-0.3948624, 39.5262315], [-0.4006263, 39.5321442], [-0.3990188, 39.533765], [-0.4032941, 39.5375097], [-0.4010681, 39.5404549], [-0.4054041, 39.5415333], [-0.4070315, 39.5461551], [-0.4177383, 39.5522011], [-0.426906, 39.5623459], [-0.4325512, 39.5611778]]], [[[-0.3669264, 39.5271984], [-0.3652884, 39.5262207], [-0.3664625, 39.5235257], [-0.3618843, 39.5203697], [-0.3614663, 39.5164484], [-0.3511929, 39.5228635], [-0.3559598, 39.5243514], [-0.3534062, 39.5292479], [-0.3616459, 39.5321288], [-0.3624105, 39.5292808], [-0.3611857, 39.528066], [-0.3657399, 39.528991], [-0.3669264, 39.5271984]]], [[[-0.3436949, 39.5475187], [-0.337682, 39.5457161], [-0.3367914, 39.5420637], [-0.3406516, 39.5419193], [-0.3416466, 39.5397259], [-0.3392726, 39.5388756], [-0.3405118, 39.5375435], [-0.338661, 39.538102], [-0.3337406, 39.5354172], [-0.3334592, 39.5375382], [-0.3307484, 39.5363234], [-0.3305603, 39.5378365], [-0.333641, 39.539362], [-0.3322682, 39.5409559], [-0.3342841, 39.5425906], [-0.3321205, 39.5455425], [-0.3295392, 39.5446426], [-0.329526, 39.5465423], [-0.3341735, 39.5492841], [-0.3320357, 39.5518542], [-0.3375863, 39.5514772], [-0.3395065, 39.5487689], [-0.3423137, 39.5499941], [-0.3436949, 39.5475187]]], [[[-0.3199035, 39.5617066], [-0.2922041, 39.5488662], [-0.2937544, 39.5513933], [-0.2908011, 39.5520098], [-0.2919738, 39.552865], [-0.2903611, 39.5546804], [-0.2884498, 39.5540517], [-0.2897897, 39.5549594], [-0.2876779, 39.5569786], [-0.3017808, 39.5632007], [-0.3159123, 39.566609], [-0.3199035, 39.5617066]]]]}}, {"type": "Feature", "properties": {"slug": "valletta", "name": "Valletta", "osmType": "relation", "osmId": 7510580, "source": "OpenStreetMap via Nominatim", "licence": "ODbL 1.0", "simplifiedDegrees": 0.001}, "geometry": {"type": "Polygon", "coordinates": [[[14.5055327, 35.8982698], [14.5084785, 35.8937875], [14.5110597, 35.8931489], [14.5184404, 35.897124], [14.5206265, 35.902932], [14.5175138, 35.9034997], [14.5153416, 35.9015414], [14.5127678, 35.9024129], [14.5055327, 35.8982698]]]}}, {"type": "Feature", "properties": {"slug": "vantaa", "name": "Vantaa", "osmType": "relation", "osmId": 34920, "source": "OpenStreetMap via Nominatim", "licence": "ODbL 1.0", "simplifiedDegrees": 0.001}, "geometry": {"type": "Polygon", "coordinates": [[[24.7462404, 60.3222773], [24.7609248, 60.3253743], [24.771801, 60.2992165], [24.7649365, 60.2712464], [24.7699768, 60.2683345], [24.7671623, 60.2663036], [24.7677636, 60.2636786], [24.7740363, 60.257415], [24.7847561, 60.2415059], [24.8336845, 60.2546667], [24.834732, 60.2584996], [24.8368518, 60.2590294], [24.8678739, 60.2523805], [24.872433, 60.2541514], [24.8772516, 60.2603098], [24.8914714, 60.2664204], [24.8928329, 60.2685353], [24.9455349, 60.2783909], [24.9525046, 60.2781911], [24.9563403, 60.2762969], [24.9558952, 60.2727928], [24.9606555, 60.2681395], [24.9708365, 60.2646914], [24.9752963, 60.2648386], [24.9780856, 60.2677774], [24.9755367, 60.2697245], [24.9774634, 60.2738576], [24.9824538, 60.2791301], [24.9956691, 60.2814264], [25.0007041, 60.2865557], [25.0059725, 60.2861348], [25.0087393, 60.2877523], [25.0209862, 60.2893227], [25.0326664, 60.2849785], [25.0379378, 60.2878716], [25.0434079, 60.2819049], [25.0424889, 60.2811016], [25.0470786, 60.2777036], [25.0506534, 60.2783206], [25.0533909, 60.2760155], [25.0766482, 60.2755487], [25.087993, 60.2712533], [25.0891139, 60.2678], [25.0863495, 60.2606268], [25.0875308, 60.2592976], [25.0824461, 60.2496964], [25.0913756, 60.2451832], [25.1358461, 60.2372286], [25.1431759, 60.2447264], [25.1522817, 60.2458958], [25.1598757, 60.2488133], [25.1573867, 60.2510766], [25.1576881, 60.2538842], [25.1539814, 60.2566462], [25.1445919, 60.2592822], [25.1417447, 60.2648484], [25.143115, 60.2658136], [25.1425242, 60.2697779], [25.1723849, 60.2764326], [25.1737823, 60.2782564], [25.1787619, 60.2778176], [25.1876582, 60.2798927], [25.1930674, 60.2922498], [25.1696032, 60.3114852], [25.1356593, 60.3204771], [25.1022098, 60.3352481], [25.117441, 60.3356195], [25.1201211, 60.3382785], [25.1199968, 60.3417759], [25.1238093, 60.3419123], [25.1247015, 60.339951], [25.1269437, 60.3400239], [25.1272032, 60.3373801], [25.1230575, 60.3356413], [25.123888, 60.3347835], [25.143237, 60.3353513], [25.1491021, 60.3381719], [25.1520261, 60.3402948], [25.1524142, 60.3461325], [25.1420988, 60.34595], [25.1419446, 60.3472026], [25.1349511, 60.3471894], [25.1344347, 60.3484973], [25.1517295, 60.3592798], [25.1153669, 60.3605738], [25.1162264, 60.3621935], [25.1146223, 60.3656896], [25.0854203, 60.3671046], [25.0885516, 60.3692511], [25.0829165, 60.3704356], [25.0845967, 60.372208], [25.0790078, 60.3744713], [25.0715376, 60.3706649], [25.0649313, 60.3695944], [25.0543579, 60.3737241], [25.0429734, 60.3679275], [25.0383433, 60.3707995], [25.0346589, 60.3695609], [25.031257, 60.371601], [25.0211986, 60.3678546], [25.0492184, 60.3488368], [25.0480453, 60.3484269], [25.0492504, 60.34747], [25.0371531, 60.3421589], [25.0038891, 60.3332469], [24.9545937, 60.3324477], [24.940795, 60.3397835], [24.9092801, 60.3627346], [24.8754461, 60.3832926], [24.8772284, 60.3858395], [24.8769683, 60.3894219], [24.8678863, 60.3944483], [24.8662502, 60.3981451], [24.8689377, 60.4012466], [24.8304537, 60.3944622], [24.7830451, 60.3635252], [24.7831956, 60.3586987], [24.7805416, 60.3618642], [24.7492994, 60.341786], [24.7462404, 60.3222773]]]}}, {"type": "Feature", "properties": {"slug": "vatican-city", "name": "Vatican City", "osmType": "relation", "osmId": 36989, "source": "OpenStreetMap via Nominatim", "licence": "ODbL 1.0", "simplifiedDegrees": 0.001}, "geometry": {"type": "Polygon", "coordinates": [[[12.4457878, 41.9019669], [12.4545155, 41.9002048], [12.4543254, 41.901403], [12.4583653, 41.9022574], [12.4561843, 41.9027564], [12.4576569, 41.9058208], [12.4554001, 41.9073829], [12.4505145, 41.9064855], [12.4457878, 41.9019669]]]}}, {"type": "Feature", "properties": {"slug": "venice", "name": "Venice", "osmType": "relation", "osmId": 44741, "source": "OpenStreetMap via Nominatim", "licence": "ODbL 1.0", "simplifiedDegrees": 0.001}, "geometry": {"type": "Polygon", "coordinates": [[[12.1668349, 45.4998785], [12.1717285, 45.498738], [12.1795116, 45.5067406], [12.1815577, 45.505828], [12.1715368, 45.4958137], [12.175883, 45.493601], [12.1824681, 45.48698], [12.1776048, 45.4769287], [12.1805837, 45.4756084], [12.177953, 45.4677158], [12.1811705, 45.4652576], [12.1890113, 45.463604], [12.1852635, 45.4607417], [12.1847798, 45.4577134], [12.1808405, 45.4579308], [12.179207, 45.4529612], [12.1850682, 45.448844], [12.1921005, 45.448034], [12.1921886, 45.4435953], [12.1945716, 45.4416178], [12.1983156, 45.4410004], [12.2028922, 45.435962], [12.2127026, 45.4341441], [12.2215838, 45.4286417], [12.2214981, 45.4273978], [12.2414748, 45.4272035], [12.2536086, 45.4197087], [12.2601512, 45.4177715], [12.2474882, 45.3957669], [12.2661252, 45.3964081], [12.2656652, 45.3600972], [12.2430779, 45.3255517], [12.2489899, 45.327018], [12.257331, 45.3244873], [12.2596841, 45.3274962], [12.2642331, 45.3294422], [12.29579, 45.3323205], [12.29978, 45.3060299], [12.2750735, 45.2365249], [12.2908244, 45.2327313], [12.3141717, 45.2312466], [12.3143797, 45.233878], [12.3051214, 45.2343417], [12.3002239, 45.2365636], [12.2985049, 45.2405124], [12.2978337, 45.246176], [12.3002834, 45.2499186], [12.299459, 45.2570935], [12.3024223, 45.2658186], [12.3042037, 45.2803673], [12.3148804, 45.310102], [12.3237404, 45.3279852], [12.3355573, 45.3267345], [12.3451579, 45.3291822], [12.3434841, 45.3341619], [12.3298083, 45.3373293], [12.3297016, 45.349036], [12.332748, 45.3560562], [12.3360878, 45.3574981], [12.3342802, 45.3581224], [12.3352127, 45.3607401], [12.3383324, 45.3646232], [12.3405414, 45.3639392], [12.3383878, 45.3646946], [12.34343, 45.3713656], [12.3453309, 45.3707839], [12.3434836, 45.3714696], [12.3478875, 45.3787138], [12.3510251, 45.3789607], [12.3494858, 45.3806425], [12.3600711, 45.3959366], [12.3618744, 45.3961718], [12.3609856, 45.3967408], [12.3636185, 45.3978143], [12.3624994, 45.3983357], [12.3636828, 45.3998681], [12.3663089, 45.4005435], [12.3651527, 45.4010928], [12.3668233, 45.4015742], [12.3665095, 45.4028254], [12.3705087, 45.4050572], [12.3698124, 45.4061573], [12.3715201, 45.4061201], [12.3710357, 45.4073331], [12.3726643, 45.4072111], [12.3722609, 45.4083121], [12.3753559, 45.4095483], [12.3749404, 45.4106182], [12.3831593, 45.417559], [12.4010601, 45.4288878], [12.4134825, 45.4265448], [12.4270687, 45.4176405], [12.4356563, 45.4218038], [12.4206622, 45.4302305], [12.4175554, 45.4335494], [12.4160004, 45.4408738], [12.4341182, 45.4580313], [12.445587, 45.4726158], [12.4552049, 45.4749307], [12.4640734, 45.4748807], [12.4696091, 45.4780738], [12.4771531, 45.485653], [12.4769925, 45.4883677], [12.4739587, 45.4921829], [12.47473, 45.4933214], [12.4802596, 45.4923296], [12.4827803, 45.4938513], [12.4854094, 45.4997764], [12.4870905, 45.5001044], [12.4953813, 45.4971424], [12.5033266, 45.4983009], [12.508441, 45.5039611], [12.5254851, 45.5029474], [12.5269576, 45.500658], [12.5329511, 45.5038289], [12.5313437, 45.5125357], [12.5386378, 45.5128862], [12.5396631, 45.510674], [12.5424144, 45.5101119], [12.5457484, 45.513764], [12.5681114, 45.52538], [12.5801244, 45.5289255], [12.5805944, 45.5319209], [12.5835041, 45.533741], [12.5856872, 45.5382842], [12.5965709, 45.5452263], [12.5733803, 45.5513118], [12.5583215, 45.5695442], [12.5482662, 45.5779981], [12.4732446, 45.5626275], [12.4637712, 45.5555907], [12.4565411, 45.5526155], [12.4583405, 45.5465859], [12.4569321, 45.5453339], [12.4374125, 45.5444506], [12.4364899, 45.5427157], [12.4301493, 45.5432023], [12.4281801, 45.5412218], [12.4150565, 45.5451764], [12.4135863, 45.5423179], [12.4100267, 45.5417869], [12.4111882, 45.5331948], [12.4072114, 45.5312809], [12.4041009, 45.5334621], [12.4041814, 45.5371861], [12.4006918, 45.5373156], [12.3934592, 45.5420463], [12.3866463, 45.5398864], [12.386079, 45.5374873], [12.3811179, 45.5382967], [12.3714134, 45.534464], [12.3639279, 45.5344389], [12.3643462, 45.5324249], [12.3606539, 45.5318318], [12.3591632, 45.533909], [12.3492581, 45.5340842], [12.3477071, 45.5329008], [12.3457396, 45.5341474], [12.343736, 45.5330066], [12.3330169, 45.5350835], [12.3289472, 45.5327963], [12.3217632, 45.5329478], [12.3243777, 45.5397092], [12.3144598, 45.5389726], [12.2982791, 45.5452424], [12.2938872, 45.5391639], [12.2913294, 45.5395065], [12.2910417, 45.5376094], [12.2881578, 45.5363169], [12.2863067, 45.5430683], [12.2823052, 45.5435474], [12.2785694, 45.5352645], [12.273609, 45.5366825], [12.2714036, 45.532487], [12.2631162, 45.5343528], [12.2604444, 45.5328873], [12.2595331, 45.5347259], [12.2544214, 45.5316581], [12.2464893, 45.5304763], [12.2425069, 45.5318965], [12.237547, 45.5377575], [12.2280072, 45.5390314], [12.2255513, 45.5376256], [12.2230901, 45.5387332], [12.2131992, 45.5376505], [12.210948, 45.5405644], [12.2071331, 45.5404315], [12.2037084, 45.5424393], [12.2042117, 45.5484194], [12.1991916, 45.5473768], [12.1990353, 45.5457781], [12.1919988, 45.5462589], [12.1902888, 45.5530028], [12.1812717, 45.5531411], [12.1814582, 45.5442413], [12.1791579, 45.5427327], [12.1792044, 45.5387939], [12.1771205, 45.5398227], [12.1688163, 45.5310079], [12.1826332, 45.5278922], [12.181408, 45.5237806], [12.1859217, 45.5242263], [12.1934831, 45.5191467], [12.1982037, 45.5192953], [12.1998585, 45.5169876], [12.1908055, 45.510385], [12.1918386, 45.5084045], [12.1945089, 45.5077684], [12.1917185, 45.504508], [12.1897254, 45.5052585], [12.1920106, 45.5080636], [12.1847811, 45.5075085], [12.1861574, 45.5106012], [12.1805864, 45.511182], [12.1818421, 45.5102053], [12.1804675, 45.507324], [12.1758219, 45.507795], [12.1668349, 45.4998785]]]}}, {"type": "Feature", "properties": {"slug": "vienna", "name": "Vienna", "osmType": "relation", "osmId": 109166, "source": "OpenStreetMap via Nominatim", "licence": "ODbL 1.0", "simplifiedDegrees": 0.001}, "geometry": {"type": "Polygon", "coordinates": [[[16.181831, 48.1711198], [16.1846104, 48.1689275], [16.1937287, 48.1663515], [16.1961889, 48.1639621], [16.1974351, 48.1609125], [16.1967023, 48.1565665], [16.1982422, 48.1541378], [16.2034635, 48.1555065], [16.2232057, 48.153185], [16.2233542, 48.1520332], [16.2194745, 48.153342], [16.2182956, 48.151619], [16.2132774, 48.150985], [16.2098585, 48.1476248], [16.2123534, 48.1466589], [16.2163991, 48.1409698], [16.2197109, 48.1396597], [16.221656, 48.1362253], [16.2207895, 48.1355562], [16.2384279, 48.1371556], [16.2361704, 48.1348335], [16.2386971, 48.1339704], [16.2386167, 48.1320488], [16.2180992, 48.1280684], [16.2146658, 48.1258865], [16.2189135, 48.1237615], [16.2360663, 48.1300117], [16.2471344, 48.1314286], [16.2573867, 48.1296422], [16.2711035, 48.1338515], [16.2838849, 48.1301558], [16.2978545, 48.129488], [16.2985545, 48.1253233], [16.3118098, 48.1194453], [16.3139266, 48.1255895], [16.3185018, 48.1245617], [16.3248936, 48.1359776], [16.3246033, 48.1377929], [16.3508866, 48.1325853], [16.358035, 48.1294043], [16.4051139, 48.121984], [16.408297, 48.1179069], [16.4128199, 48.1182387], [16.4117018, 48.1203613], [16.4205031, 48.1206387], [16.4229063, 48.1230645], [16.4370202, 48.1199322], [16.4342766, 48.1247192], [16.43313, 48.1378785], [16.455355, 48.1395149], [16.477122, 48.1541501], [16.4776252, 48.1574352], [16.4881413, 48.1551777], [16.493438, 48.158815], [16.4984294, 48.1562071], [16.5165442, 48.1584543], [16.5256693, 48.1544619], [16.5430083, 48.1433293], [16.5760306, 48.1352198], [16.5775132, 48.150425], [16.5733118, 48.1551732], [16.5763895, 48.1592294], [16.5730584, 48.1631942], [16.5681511, 48.1636137], [16.5616132, 48.1603689], [16.5578628, 48.1641057], [16.5542173, 48.1641652], [16.5562885, 48.1617103], [16.549888, 48.1644615], [16.5466545, 48.1716247], [16.550647, 48.1717291], [16.5494562, 48.1770558], [16.5457545, 48.1778881], [16.5410261, 48.176575], [16.544747, 48.1728574], [16.536692, 48.1734491], [16.5363874, 48.1746072], [16.5408179, 48.1737647], [16.5363074, 48.1775466], [16.5376898, 48.1825172], [16.5411623, 48.1808006], [16.5418346, 48.182078], [16.5379852, 48.183383], [16.5417664, 48.1914411], [16.5362709, 48.2004367], [16.5459924, 48.2162046], [16.546899, 48.223358], [16.5527397, 48.2390011], [16.5478594, 48.2402783], [16.5481993, 48.2426922], [16.5394106, 48.2428396], [16.542466, 48.2539485], [16.5469749, 48.2629977], [16.5386069, 48.2642434], [16.5302572, 48.2624186], [16.5208174, 48.2645921], [16.5191674, 48.2669867], [16.5128534, 48.267838], [16.5141152, 48.2710243], [16.5066712, 48.273607], [16.5149068, 48.2855411], [16.4964491, 48.2924897], [16.4812062, 48.2935322], [16.4835019, 48.279706], [16.4812269, 48.273435], [16.472278, 48.2763884], [16.4404077, 48.2919218], [16.440268, 48.3035468], [16.4380861, 48.3093829], [16.4377522, 48.3168088], [16.4199022, 48.322656], [16.4042221, 48.3193236], [16.4028744, 48.3167623], [16.3941214, 48.3192572], [16.3951835, 48.3225655], [16.3910038, 48.322363], [16.391326, 48.3209213], [16.3888087, 48.3210301], [16.390099, 48.3203182], [16.3893846, 48.3190492], [16.3857464, 48.3196015], [16.3817, 48.3171148], [16.3805827, 48.3128665], [16.3826498, 48.3115036], [16.3830667, 48.3053034], [16.3848371, 48.3039166], [16.3838975, 48.3027157], [16.3862308, 48.3017421], [16.3798188, 48.3020076], [16.3755628, 48.2959263], [16.3788898, 48.2920433], [16.3778682, 48.2883226], [16.3671374, 48.2868475], [16.3678289, 48.2832237], [16.3705921, 48.2816963], [16.3668893, 48.2810354], [16.3535115, 48.2837006], [16.3481253, 48.2904811], [16.3412011, 48.2889708], [16.3451761, 48.2855853], [16.3322279, 48.2808973], [16.3289764, 48.2771946], [16.3207243, 48.278188], [16.3145957, 48.2739881], [16.3058677, 48.2717422], [16.3003463, 48.2733074], [16.2913147, 48.271364], [16.285953, 48.2671121], [16.2913154, 48.2666918], [16.2940948, 48.2639959], [16.2844923, 48.2578939], [16.2640584, 48.254923], [16.269527, 48.2539226], [16.2704239, 48.2519363], [16.2647218, 48.2492964], [16.2638094, 48.2468566], [16.2587135, 48.2460675], [16.2566155, 48.2398821], [16.2501151, 48.240294], [16.2415493, 48.2383172], [16.238029, 48.2404934], [16.237303, 48.2427746], [16.2410531, 48.248374], [16.2338265, 48.2502705], [16.2213387, 48.2581905], [16.2145496, 48.2598235], [16.2094137, 48.2640181], [16.20669, 48.2635219], [16.2046979, 48.2590991], [16.2056759, 48.2562664], [16.1963078, 48.2499173], [16.1935158, 48.2432482], [16.1944873, 48.2404779], [16.19299, 48.2347296], [16.1995534, 48.230859], [16.1982718, 48.2303918], [16.1991031, 48.2285858], [16.1967223, 48.2298759], [16.1851719, 48.2231969], [16.1977769, 48.2228839], [16.1982307, 48.2218029], [16.1950403, 48.2195563], [16.1977753, 48.2142763], [16.2096215, 48.2096276], [16.2019311, 48.2047958], [16.2073935, 48.2023398], [16.1998055, 48.1861581], [16.187799, 48.1771098], [16.1875635, 48.1738707], [16.181831, 48.1711198]]]}}, {"type": "Feature", "properties": {"slug": "vilnius", "name": "Vilnius", "osmType": "relation", "osmId": 1529146, "source": "OpenStreetMap via Nominatim", "licence": "ODbL 1.0", "simplifiedDegrees": 0.001}, "geometry": {"type": "Polygon", "coordinates": [[[25.0245351, 54.6231935], [25.0660911, 54.6197302], [25.0711747, 54.6097364], [25.0744883, 54.6066733], [25.0756034, 54.6011987], [25.0784929, 54.5990436], [25.0839921, 54.6052324], [25.0993212, 54.609011], [25.1049644, 54.6038734], [25.1073421, 54.6050943], [25.1153265, 54.6012677], [25.1123952, 54.5969884], [25.1145037, 54.5920048], [25.0925476, 54.5897842], [25.1034047, 54.5828162], [25.1130318, 54.5783654], [25.1153922, 54.5787069], [25.1212789, 54.5696917], [25.1316186, 54.5736373], [25.1291364, 54.5790015], [25.1352751, 54.5774101], [25.1380545, 54.5791137], [25.1454896, 54.5781872], [25.1484424, 54.5765257], [25.1481986, 54.5735138], [25.1571464, 54.5709328], [25.1863804, 54.5695364], [25.1863538, 54.5802546], [25.1833722, 54.5893272], [25.1851478, 54.5914283], [25.1767149, 54.5959119], [25.1775483, 54.5978706], [25.1682025, 54.597677], [25.1628394, 54.5996465], [25.1688275, 54.6031089], [25.1665664, 54.6040286], [25.1682025, 54.6056133], [25.1710429, 54.6050702], [25.1733248, 54.6066919], [25.1821646, 54.6055904], [25.1906123, 54.6014882], [25.1955146, 54.6022951], [25.2007162, 54.6006479], [25.2114558, 54.5878369], [25.2140857, 54.5889774], [25.225178, 54.5877561], [25.2338457, 54.5822106], [25.2334574, 54.5773962], [25.2386351, 54.5745866], [25.2451431, 54.5773982], [25.249371, 54.5769438], [25.2362118, 54.5835735], [25.2409547, 54.5867921], [25.2363171, 54.5890971], [25.2408497, 54.5929789], [25.2468718, 54.5900694], [25.2497129, 54.5928249], [25.2488238, 54.594993], [25.256598, 54.5906513], [25.2605215, 54.5920548], [25.2633242, 54.5907146], [25.2642684, 54.5920659], [25.2795574, 54.5948569], [25.287608, 54.5946597], [25.2875464, 54.5925922], [25.31413, 54.5990306], [25.3136963, 54.6026914], [25.3224022, 54.6037618], [25.3213102, 54.6069497], [25.3308823, 54.6097023], [25.3217096, 54.6171539], [25.3207619, 54.6256107], [25.3279369, 54.6267829], [25.3259756, 54.6311654], [25.3216373, 54.6300421], [25.3205709, 54.6312757], [25.3198523, 54.6470657], [25.3220066, 54.6465284], [25.323616, 54.6486566], [25.3631422, 54.6395655], [25.364101, 54.6434565], [25.370555, 54.6473455], [25.3795335, 54.6565146], [25.3826307, 54.6639897], [25.3867593, 54.6663396], [25.4034087, 54.6689424], [25.4047674, 54.6755858], [25.4103062, 54.6763519], [25.4094369, 54.6807134], [25.4125553, 54.6815146], [25.4149907, 54.6781017], [25.420719, 54.6759894], [25.4284275, 54.6742241], [25.4312557, 54.6765858], [25.4370393, 54.6736981], [25.4510961, 54.6783034], [25.4456317, 54.6817307], [25.4494052, 54.6852726], [25.4583432, 54.6873566], [25.4624677, 54.6859435], [25.4698284, 54.6886443], [25.4752618, 54.6852504], [25.480391, 54.6860768], [25.4814056, 54.6876594], [25.4798949, 54.6931313], [25.4814574, 54.6934869], [25.479643, 54.6969647], [25.4725873, 54.6954433], [25.4604367, 54.6968994], [25.4639804, 54.7032477], [25.4660649, 54.7043409], [25.4644381, 54.7084377], [25.4519317, 54.7055827], [25.4410343, 54.7079196], [25.4332214, 54.7142774], [25.4293233, 54.7139995], [25.4275022, 54.7157568], [25.4258892, 54.7125014], [25.4287345, 54.7106562], [25.4270554, 54.7091119], [25.4145715, 54.7116569], [25.4124604, 54.7131801], [25.4120932, 54.7183558], [25.4083482, 54.7179479], [25.4081251, 54.7234531], [25.4121387, 54.7244719], [25.4120469, 54.7282069], [25.4256197, 54.7298686], [25.4249425, 54.7353982], [25.4278014, 54.736092], [25.4270454, 54.7389631], [25.4382824, 54.7402606], [25.4377977, 54.7419872], [25.4404706, 54.7440732], [25.4481191, 54.740749], [25.4514592, 54.7408738], [25.4558372, 54.7978647], [25.4550411, 54.8017385], [25.415703, 54.7992444], [25.4160416, 54.8036735], [25.408051, 54.8039222], [25.4095725, 54.8054028], [25.3771549, 54.8057796], [25.3774201, 54.8158358], [25.3606006, 54.8166343], [25.3602487, 54.821462], [25.3678941, 54.825378], [25.3662372, 54.8259809], [25.3566577, 54.8199203], [25.3601146, 54.8135957], [25.3591961, 54.8112332], [25.3608549, 54.8084455], [25.3597216, 54.8062762], [25.3565377, 54.8062803], [25.3508666, 54.8144727], [25.3494023, 54.8140778], [25.3513228, 54.8110921], [25.3501677, 54.8084078], [25.3369684, 54.8107555], [25.3315164, 54.8095335], [25.3278824, 54.8113292], [25.3288363, 54.8142781], [25.3214943, 54.8180793], [25.3354125, 54.8212972], [25.3343753, 54.8236375], [25.3314832, 54.8235273], [25.3253803, 54.8268613], [25.3200217, 54.8258292], [25.3205128, 54.8272805], [25.3144607, 54.83232], [25.3064867, 54.8293883], [25.3053269, 54.8267613], [25.3015451, 54.8256836], [25.2937484, 54.827197], [25.2894012, 54.8226708], [25.2843958, 54.8230216], [25.2875513, 54.8207383], [25.2854097, 54.8133793], [25.2941241, 54.8117016], [25.2939778, 54.8095629], [25.2891205, 54.8084177], [25.2909014, 54.8051992], [25.2894901, 54.8016335], [25.2873584, 54.8021512], [25.2878255, 54.7999706], [25.2904206, 54.7994669], [25.28863, 54.7983489], [25.2908587, 54.7981043], [25.2882478, 54.7954605], [25.2822071, 54.7965133], [25.2807912, 54.7945054], [25.2756897, 54.794179], [25.2741659, 54.7782666], [25.2845432, 54.778512], [25.2848146, 54.7743479], [25.2722639, 54.7743423], [25.2707129, 54.7763885], [25.2650644, 54.7769526], [25.2681561, 54.7727137], [25.2479669, 54.7667462], [25.2492845, 54.7655588], [25.2433511, 54.7624516], [25.2435109, 54.7601401], [25.2407036, 54.7573764], [25.2297522, 54.757667], [25.2294452, 54.7540899], [25.2182914, 54.7561846], [25.2141555, 54.7501441], [25.2029827, 54.7595102], [25.1974745, 54.7541154], [25.1940696, 54.7573958], [25.1912986, 54.7545553], [25.1868785, 54.7531849], [25.1887987, 54.750843], [25.1825255, 54.7488134], [25.1807468, 54.7523567], [25.1746809, 54.753381], [25.17362, 54.7475072], [25.1780843, 54.7440109], [25.1765176, 54.7437407], [25.1902042, 54.7358992], [25.1950557, 54.7359017], [25.1934311, 54.7412844], [25.1950635, 54.7426713], [25.2049789, 54.7452997], [25.2056906, 54.7281968], [25.2008316, 54.7260313], [25.2025566, 54.7177342], [25.2000414, 54.7169882], [25.1992, 54.7131011], [25.1961891, 54.7155703], [25.1884338, 54.7153693], [25.1865904, 54.7182532], [25.1879959, 54.719477], [25.1873166, 54.7215787], [25.1808226, 54.7221293], [25.1701109, 54.727026], [25.1678902, 54.7251212], [25.154303, 54.7296563], [25.1524836, 54.7256829], [25.1476442, 54.7247145], [25.1525327, 54.7150391], [25.1483872, 54.7108082], [25.1403798, 54.7108301], [25.1372519, 54.7088783], [25.1390987, 54.70758], [25.1344789, 54.7059973], [25.1132226, 54.7089661], [25.1010392, 54.7022387], [25.1182775, 54.698838], [25.1241556, 54.6991245], [25.1348323, 54.695377], [25.1422817, 54.6982323], [25.145949, 54.6981229], [25.1454276, 54.6968819], [25.1477038, 54.6960964], [25.1541066, 54.7008375], [25.1687984, 54.6972764], [25.1803945, 54.7013205], [25.1819824, 54.6994053], [25.1823297, 54.6943349], [25.1869543, 54.6908041], [25.1881547, 54.6854835], [25.1918925, 54.6830475], [25.1895424, 54.6808431], [25.1780233, 54.6734984], [25.1725691, 54.6722738], [25.1656222, 54.6727143], [25.159716, 54.6805336], [25.1515514, 54.6790759], [25.142228, 54.6814329], [25.1356941, 54.6809864], [25.1188981, 54.6732478], [25.1067363, 54.6746991], [25.1020911, 54.6704204], [25.1112307, 54.6677213], [25.113204, 54.6649506], [25.1059753, 54.6683574], [25.1025769, 54.6656024], [25.0937361, 54.6639254], [25.091093, 54.6655326], [25.0923604, 54.6675259], [25.0909173, 54.6681976], [25.0895101, 54.6664491], [25.0864724, 54.6670143], [25.0825538, 54.6634489], [25.0861396, 54.6618465], [25.0948721, 54.661823], [25.1098852, 54.6638582], [25.1034835, 54.6602906], [25.1096392, 54.6591332], [25.1101108, 54.6559176], [25.0738446, 54.655512], [25.0744073, 54.643712], [25.0683033, 54.6439422], [25.0683184, 54.6426407], [25.0765974, 54.6392942], [25.0717525, 54.6369559], [25.0649621, 54.637071], [25.0651688, 54.6352458], [25.0584192, 54.6350259], [25.059671, 54.6326651], [25.0448207, 54.6316759], [25.0452901, 54.6299586], [25.0401033, 54.6295304], [25.0245351, 54.6231935]]]}}, {"type": "Feature", "properties": {"slug": "volgograd", "name": "Volgograd", "osmType": "relation", "osmId": 77665, "source": "OpenStreetMap via Nominatim", "licence": "ODbL 1.0", "simplifiedDegrees": 0.001}, "geometry": {"type": "Polygon", "coordinates": [[[41.1681048, 50.7745133], [41.205859, 50.7690197], [41.2051784, 50.7667787], [41.275197, 50.749464], [41.3466781, 50.711609], [41.447823, 50.6062207], [41.5173405, 50.6089733], [41.5390969, 50.5743815], [41.4877907, 50.5637314], [41.420479, 50.4988927], [41.4963939, 50.4199447], [41.5221765, 50.362572], [41.4486434, 50.2788881], [41.4448106, 50.276157], [41.4174748, 50.2434412], [41.3821541, 50.2272099], [41.4564579, 50.1311952], [41.4846981, 50.1026779], [41.4937672, 50.0812206], [41.5086122, 50.0848959], [41.5162601, 50.0752297], [41.5202512, 50.0756745], [41.5296327, 50.071398], [41.5746247, 50.0610496], [41.5816458, 50.0584527], [41.6108025, 50.0415156], [41.6093127, 50.0383325], [41.6049918, 50.0377705], [41.6056208, 50.036295], [41.6001787, 50.0333264], [41.6011085, 50.030586], [41.5982097, 50.0278103], [41.596733, 50.0225044], [41.5924942, 50.0202905], [41.5932872, 50.0190429], [41.5912635, 50.0164247], [41.5923848, 50.015054], [41.5899782, 50.011346], [41.5910106, 50.0085604], [41.5833739, 50.0030151], [41.5805845, 49.9938388], [41.5764831, 49.9923995], [41.6173673, 49.9595742], [41.7221284, 49.9439587], [41.7513891, 49.9184765], [41.8138856, 49.9123016], [41.8439481, 49.9184262], [41.8768848, 49.9075088], [41.884488, 49.8996789], [41.8898623, 49.8891742], [41.899999, 49.8794768], [41.9046267, 49.8709263], [41.9207939, 49.850074], [41.9849235, 49.8350959], [41.9907832, 49.8315895], [42.0647032, 49.7701744], [42.1068165, 49.7481098], [42.1242564, 49.741307], [42.136251, 49.7328635], [42.1675689, 49.7040994], [42.184355, 49.6756661], [42.1304995, 49.5953126], [42.1271363, 49.5921534], [42.1243378, 49.5927141], [42.1185579, 49.5538123], [42.1032623, 49.5169626], [42.0814824, 49.5125302], [42.0791823, 49.5037965], [42.0811316, 49.5010153], [42.0762711, 49.4978658], [42.0764375, 49.4933576], [42.0727477, 49.4918057], [42.0738639, 49.4905656], [42.0714746, 49.4886206], [42.0731078, 49.4865872], [42.0720059, 49.4842548], [42.0804742, 49.4803251], [42.0750303, 49.4795759], [42.0729888, 49.4756089], [42.0679986, 49.475179], [42.0658059, 49.4713099], [42.0633108, 49.4710029], [42.0627437, 49.4675265], [42.0599462, 49.4666298], [42.0644639, 49.4647134], [42.0626114, 49.4625634], [42.0636889, 49.4589637], [42.0620065, 49.457219], [42.063273, 49.4551424], [42.0614201, 49.4527205], [42.0642263, 49.4507915], [42.0602108, 49.4477203], [42.0636511, 49.4435909], [42.0575787, 49.4412865], [42.0553188, 49.4374838], [42.0605639, 49.4360072], [42.0597797, 49.4320926], [42.056435, 49.4302509], [42.0565465, 49.4260451], [42.0521626, 49.4234286], [42.0528628, 49.4202956], [42.0442515, 49.4188002], [42.0494735, 49.4156683], [42.0455044, 49.4125783], [42.0468423, 49.4103876], [42.0431408, 49.4106633], [42.0419813, 49.4081679], [42.0370757, 49.4069491], [42.0391271, 49.4062817], [42.0380212, 49.4031325], [42.0402135, 49.401339], [42.0385202, 49.3962105], [42.0454883, 49.3870545], [42.043877, 49.3860056], [42.0373443, 49.3870545], [42.0416558, 49.3841911], [42.04048, 49.3822632], [42.041452, 49.3790787], [42.0346877, 49.3747493], [42.0374314, 49.3719703], [42.0322924, 49.371233], [42.0374314, 49.3682269], [42.0364733, 49.3651923], [42.0341068, 49.3639914], [42.0369255, 49.3620006], [42.0331548, 49.361813], [42.0328103, 49.3590851], [42.0277195, 49.358697], [42.0325622, 49.3564887], [42.0336075, 49.3529632], [42.0304197, 49.3527965], [42.0276193, 49.3494375], [42.0271969, 49.3480303], [42.0308687, 49.3468679], [42.0290696, 49.3442851], [42.0299979, 49.3422033], [42.0521652, 49.3418687], [42.0524372, 49.3440058], [42.0780869, 49.3409717], [42.0759295, 49.3239466], [42.0729789, 49.3208346], [42.0713495, 49.3117875], [42.0878308, 49.3125527], [42.0949674, 49.3098979], [42.0753069, 49.286759], [42.0939442, 49.2765436], [42.1058545, 49.2725485], [42.1003453, 49.2703021], [42.0952405, 49.2637271], [42.0853537, 49.2573167], [42.0680837, 49.2672568], [42.0580432, 49.2392806], [42.0453055, 49.2115548], [42.0987032, 49.1953827], [42.0814616, 49.1705473], [42.076451, 49.1721042], [42.0721561, 49.1678019], [42.0689446, 49.1608377], [42.0508815, 49.1521785], [42.0345713, 49.1490484], [42.0278954, 49.1438793], [42.0211122, 49.1338348], [42.0261763, 49.1314045], [42.0301281, 49.1319357], [42.0532214, 49.1276574], [42.0583022, 49.1298101], [42.062463, 49.1260664], [42.0647253, 49.1266687], [42.0669074, 49.1300885], [42.0858218, 49.1295143], [42.0905424, 49.1319472], [42.0928094, 49.1288917], [42.0986723, 49.1270508], [42.1019111, 49.1285978], [42.1000671, 49.1305623], [42.1035895, 49.1317998], [42.1089145, 49.1272044], [42.189283, 49.1223455], [42.3398042, 49.1392641], [42.3592329, 49.1287538], [42.3573637, 49.1255958], [42.358301, 49.1178363], [42.3606237, 49.1123708], [42.3625733, 49.1113346], [42.3619823, 49.1093073], [42.3646537, 49.1044013], [42.3814092, 49.1092621], [42.3827295, 49.1066787], [42.3871975, 49.062182], [42.3618991, 49.0619369], [42.3561629, 49.0585624], [42.3557546, 49.0543485], [42.350433, 49.0504011], [42.3897902, 49.0133718], [42.3941399, 49.0119211], [42.3879982, 49.0108985], [42.3880479, 49.0087408], [42.3974989, 49.0058203], [42.4059562, 49.006746], [42.4031238, 49.0030756], [42.4060643, 48.9996377], [42.4165135, 49.0033426], [42.4221895, 49.0014721], [42.4269755, 49.0019873], [42.4309025, 48.9997856], [42.4343832, 49.005321], [42.4384516, 49.0072666], [42.4491407, 49.0060127], [42.4523726, 49.0084974], [42.4658308, 49.0102305], [42.4703865, 49.0049764], [42.4755884, 49.003041], [42.4839856, 49.004768], [42.4886126, 49.0101457], [42.5003682, 49.0101486], [42.5027735, 49.0095421], [42.5019288, 49.0076924], [42.5068854, 49.003569], [42.506927, 49.0059894], [42.5133567, 49.0033831], [42.5143057, 48.9989013], [42.5217398, 48.9966217], [42.5229433, 48.9942402], [42.5280481, 48.991502], [42.5305251, 48.9923141], [42.5326493, 48.9890209], [42.538946, 48.9862498], [42.5376292, 48.9851085], [42.5395423, 48.9845541], [42.5392323, 48.9827635], [42.5460183, 48.9813802], [42.5470495, 48.9802257], [42.5460183, 48.9779166], [42.549978, 48.9775313], [42.5535077, 48.9736501], [42.5617882, 48.9718987], [42.5642241, 48.9692878], [42.5793133, 48.9698549], [42.5881974, 48.9666543], [42.6007414, 48.9650565], [42.6053405, 48.9627497], [42.619114, 48.9631167], [42.6247272, 48.9601784], [42.6375664, 48.9596], [42.6437079, 48.9558412], [42.6524652, 48.9536505], [42.6666356, 48.942689], [42.6751736, 48.9415502], [42.6797608, 48.9390601], [42.6832351, 48.9342361], [42.681702, 48.8773617], [42.6856294, 48.8705265], [42.7315119, 48.8430284], [42.7454386, 48.8284216], [42.7487161, 48.8227002], [42.7450683, 48.7742559], [42.6891723, 48.7379703], [42.6874748, 48.7385159], [42.6670061, 48.7262493], [42.6608747, 48.7146654], [42.6579632, 48.700576], [42.6725589, 48.6710919], [42.6694578, 48.6636304], [42.6701577, 48.6603251], [42.6789772, 48.6552898], [42.6799268, 48.6519875], [42.6838149, 48.6491111], [42.6868609, 48.6432393], [42.6957944, 48.6401228], [42.6955839, 48.6324094], [42.708659, 48.6131814], [42.7021148, 48.613077], [42.7044874, 48.5867117], [42.6827873, 48.5885661], [42.6735108, 48.585262], [42.6691358, 48.5856428], [42.6664879, 48.5875704], [42.6665201, 48.590473], [42.6623036, 48.5909484], [42.6576381, 48.5836806], [42.6449753, 48.5770709], [42.6413985, 48.5703328], [42.6411517, 48.5651075], [42.6469346, 48.5627289], [42.6469346, 48.5585644], [42.6375443, 48.556569], [42.6317372, 48.5583265], [42.6285024, 48.5576839], [42.6209172, 48.5517009], [42.6213195, 48.5490838], [42.6250621, 48.546167], [42.6221167, 48.5431951], [42.6098033, 48.5446089], [42.6055863, 48.5492649], [42.6058539, 48.5523862], [42.6088848, 48.5545699], [42.6089149, 48.5567685], [42.6058592, 48.5580993], [42.59829, 48.5574318], [42.595141, 48.5538051], [42.597517, 48.5495601], [42.5963213, 48.5457562], [42.590914, 48.5427162], [42.5751672, 48.5371326], [42.5706385, 48.5369173], [42.5699224, 48.538879], [42.5730225, 48.5438478], [42.5603696, 48.5424795], [42.5461449, 48.5326997], [42.5466598, 48.5316482], [42.542894, 48.528792], [42.5251592, 48.5205708], [42.5210755, 48.5232575], [42.5047536, 48.5247896], [42.4939982, 48.5171276], [42.4889003, 48.5155415], [42.4878568, 48.5171167], [42.4902415, 48.5193387], [42.4899036, 48.5221494], [42.4850245, 48.5222186], [42.481402, 48.5154565], [42.4755561, 48.5132386], [42.4669791, 48.5135284], [42.4649019, 48.5122335], [42.4629072, 48.5063436], [42.4605396, 48.5054879], [42.454122, 48.5046925], [42.4512046, 48.5063187], [42.4549913, 48.5145262], [42.4531179, 48.516724], [42.4487346, 48.5167828], [42.4463223, 48.5162871], [42.4458374, 48.5130123], [42.435922, 48.5030133], [42.4325807, 48.5028994], [42.4301984, 48.5051124], [42.4301702, 48.5065716], [42.4351375, 48.5098712], [42.4316296, 48.5135285], [42.4188539, 48.5076749], [42.4027751, 48.5047371], [42.4023994, 48.5072671], [42.4078304, 48.5092064], [42.4112004, 48.5137813], [42.4090896, 48.5162758], [42.4002272, 48.5190808], [42.3946609, 48.517953], [42.3875884, 48.5124583], [42.3931984, 48.5099711], [42.3911465, 48.5034487], [42.3802758, 48.5052854], [42.3771107, 48.5035933], [42.3754735, 48.500122], [42.3646684, 48.4968964], [42.3618961, 48.4984007], [42.361656, 48.501684], [42.3542998, 48.5065147], [42.3517458, 48.5125306], [42.3489954, 48.5112437], [42.350065, 48.5070643], [42.3483406, 48.5043743], [42.3443678, 48.5018577], [42.3371643, 48.5017274], [42.3336063, 48.5022193], [42.3326895, 48.5037379], [42.3391944, 48.5112437], [42.3353526, 48.5143816], [42.3227793, 48.5107809], [42.3215569, 48.5142659], [42.3183699, 48.5159143], [42.3087331, 48.5152754], [42.2773043, 48.5065781], [42.2590461, 48.4993658], [42.2205631, 48.4818819], [42.2140752, 48.4669315], [42.1661531, 48.448539], [42.15072, 48.4396358], [42.085691, 48.4157058], [42.1246999, 48.368584], [42.1810062, 48.2769155], [42.0627925, 48.2656478], [42.0629799, 48.2321342], [42.0886727, 48.2337937], [42.1290502, 48.1408977], [42.0807521, 48.13612], [42.0744722, 48.1205351], [42.0316103, 48.1061603], [42.0400376, 48.1019173], [42.035285, 48.0990376], [42.0341784, 48.0961089], [42.0205225, 48.0915854], [42.019607, 48.088566], [42.0245564, 48.0802331], [42.0220913, 48.0733233], [42.0303653, 48.0730909], [42.0299963, 48.0554949], [42.0177065, 48.0476252], [42.0192724, 48.0429558], [42.0242559, 48.0370257], [42.0344205, 48.0369376], [42.0380649, 48.0341778], [42.0324192, 48.0297363], [42.0244907, 48.0300707], [42.0185017, 48.0262651], [42.0181313, 48.0239238], [42.0204336, 48.0230114], [42.0273216, 48.0251514], [42.0324369, 48.0242852], [42.0378595, 48.0258562], [42.0428211, 48.0231545], [42.0451701, 48.0266638], [42.0479363, 48.0270308], [42.0524149, 48.0186319], [42.052393, 48.013022], [42.0545883, 48.0120967], [42.0611526, 48.0141528], [42.0697365, 48.0225525], [42.0727662, 48.0224497], [42.0790889, 48.0166934], [42.0836553, 48.0215393], [42.0885949, 48.017927], [42.091888, 48.0181766], [42.097407, 48.023006], [42.0972972, 48.0244926], [42.0939218, 48.0258508], [42.0950195, 48.0270988], [42.1043773, 48.0228408], [42.1133235, 48.021611], [42.1157718, 48.0176687], [42.1179064, 48.0170588], [42.1273466, 48.0203262], [42.1310367, 48.0243638], [42.1448548, 48.0231895], [42.1474618, 48.0215927], [42.1503981, 48.0150763], [42.1592346, 48.0146908], [42.1621709, 48.011827], [42.1622807, 48.0099544], [42.1572038, 48.0074575], [42.1586034, 48.0054012], [42.1730381, 48.0079349], [42.1831069, 48.0172508], [42.1869752, 48.0175968], [42.2161261, 48.0326913], [42.3383839, 48.0272681], [42.3521634, 48.0374379], [42.3525128, 48.0449927], [42.3590751, 48.0461868], [42.3613661, 48.0452264], [42.364123, 48.0491461], [42.3678119, 48.0504959], [42.369831, 48.0469656], [42.3643172, 48.0402159], [42.368472, 48.0376456], [42.3699087, 48.035205], [42.368705, 48.0327123], [42.3728409, 48.0295302], [42.3702948, 48.0247383], [42.3710141, 48.0232636], [42.3831993, 48.0229501], [42.3852902, 48.0210573], [42.3805135, 48.0185856], [42.3810002, 48.0145102], [42.3916202, 48.0093299], [42.4469358, 48.0234562], [42.5252017, 48.0186445], [42.5471517, 47.9718455], [42.5643498, 47.9613927], [42.6296098, 47.9088362], [42.7201735, 47.8758699], [42.7288357, 47.8470618], [42.7546875, 47.7767163], [42.7590732, 47.7611723], [42.7927178, 47.7129034], [42.8033833, 47.7098573], [42.846395, 47.6717268], [42.8432346, 47.6442164], [42.850988, 47.6441355], [42.8687656, 47.63316], [42.9255432, 47.5190578], [42.9249903, 47.5073557], [42.986591, 47.5054972], [42.9965827, 47.5079175], [43.0114278, 47.5171227], [43.016989, 47.5228126], [43.016224, 47.5236677], [43.0188415, 47.5239128], [43.0195331, 47.526437], [43.0219486, 47.5263992], [43.0218276, 47.528833], [43.025362, 47.5291446], [43.0281725, 47.5343082], [43.0360021, 47.5360286], [43.0430507, 47.5405063], [43.0468146, 47.5402145], [43.0526243, 47.5437146], [43.0518272, 47.5490484], [43.0535979, 47.5505866], [43.0521648, 47.5527479], [43.0514537, 47.5513273], [43.0500467, 47.5518705], [43.0498527, 47.5536174], [43.1643564, 47.5536636], [43.1681454, 47.5511841], [43.168446, 47.5474331], [43.1719488, 47.5479771], [43.1699986, 47.545484], [43.1719432, 47.5455612], [43.172744, 47.5439397], [43.1704053, 47.5438539], [43.1700327, 47.541669], [43.1633066, 47.5369061], [43.1573217, 47.5373307], [43.1566582, 47.5346733], [43.1550755, 47.5351021], [43.1531778, 47.5322618], [43.1503047, 47.5326799], [43.1478075, 47.5310634], [43.1475748, 47.5290991], [43.1453948, 47.5286158], [43.1558976, 47.5205509], [43.1551421, 47.5194132], [43.1579209, 47.51446], [43.1568992, 47.5108162], [43.1585065, 47.5106448], [43.1583699, 47.5051105], [43.1600293, 47.503774], [43.1595022, 47.4969024], [43.1560272, 47.4932442], [43.157192, 47.4915337], [43.1558514, 47.491437], [43.1534501, 47.4860458], [43.1549794, 47.4835346], [43.1501062, 47.4763876], [43.1527662, 47.4741444], [43.1511637, 47.4715436], [43.1528343, 47.4696955], [43.1522039, 47.4679565], [43.1550001, 47.4660181], [43.1946114, 47.4561574], [43.251113, 47.4473522], [43.3145771, 47.447569], [43.3687434, 47.460222], [43.4021133, 47.4700621], [43.4368949, 47.4719892], [43.5871695, 47.4857088], [43.5989932, 47.4809726], [43.6066594, 47.475784], [43.6115833, 47.4750911], [43.6187629, 47.4710812], [43.6190118, 47.4696543], [43.6256047, 47.4688907], [43.6284796, 47.4650758], [43.6403199, 47.461116], [43.6402914, 47.4596159], [43.647018, 47.456461], [43.6461314, 47.4557521], [43.6475642, 47.4535024], [43.6460573, 47.4523222], [43.6508488, 47.4498922], [43.6567441, 47.443765], [43.6589883, 47.4444398], [43.657201, 47.4469473], [43.6605665, 47.4473073], [43.6612464, 47.4520872], [43.6632061, 47.4538608], [43.6659257, 47.4535337], [43.6670827, 47.4507418], [43.6736899, 47.4495457], [43.6735173, 47.4522215], [43.6750957, 47.4532925], [43.6866747, 47.4501552], [43.6889105, 47.4538148], [43.6867574, 47.4564247], [43.690087, 47.4559442], [43.6894302, 47.4581283], [43.6939137, 47.4606532], [43.6878049, 47.4665174], [43.6884832, 47.4679619], [43.6942012, 47.4674742], [43.6909167, 47.4722396], [43.6991668, 47.470501], [43.6998817, 47.4658891], [43.7056616, 47.465647], [43.7075555, 47.4697139], [43.71116, 47.4675281], [43.7140599, 47.4687332], [43.7091541, 47.4727031], [43.711218, 47.4742256], [43.6803386, 47.5244388], [43.6675966, 47.5488881], [43.7151253, 47.7178068], [43.7168348, 47.7190015], [43.7312977, 47.7234783], [43.7388734, 47.726922], [43.7402508, 47.7293325], [43.752131, 47.7331206], [43.755919, 47.7319154], [43.7652166, 47.7334651], [43.781057, 47.733121], [43.7910433, 47.7360482], [43.8061947, 47.7458626], [43.8714499, 47.760843], [43.9458313, 47.7530959], [44.0302116, 47.8233847], [44.0137318, 47.8399323], [44.0426926, 47.8666013], [44.0450522, 47.8670681], [44.0825899, 47.8994351], [44.1572814, 47.8875026], [44.1529609, 47.8744773], [44.1677544, 47.8749404], [44.1713888, 47.8841531], [44.3590569, 47.8516498], [44.3920118, 47.8894828], [44.3929371, 47.9183434], [44.4232352, 47.9556725], [44.4238565, 48.0423628], [44.375782, 48.0437374], [44.3251324, 48.0413284], [44.325646, 48.1411922], [44.327921, 48.2135956], [44.3264088, 48.2387968], [44.381122, 48.2504495], [44.382409, 48.2336044], [44.4372921, 48.229747], [44.4357669, 48.2062304], [44.4593338, 48.2051713], [44.4780188, 48.2019976], [44.4990813, 48.1899138], [44.50462, 48.1848439], [44.5441569, 48.1880732], [44.5410605, 48.0504868], [44.5801168, 48.0509221], [44.5917095, 48.0542583], [44.6482045, 48.0539987], [44.6629569, 48.0579929], [44.6630614, 48.0863317], [44.8097674, 48.0506324], [44.8187941, 48.0578733], [44.8200183, 48.0570798], [44.873692, 48.0904066], [44.9256618, 48.1202484], [44.9143743, 48.1713731], [44.9374737, 48.1947321], [44.9097483, 48.2193895], [44.9153086, 48.2243201], [44.9145359, 48.2259073], [44.9835538, 48.2930857], [44.9917608, 48.3592003], [45.0217649, 48.3564947], [45.0258532, 48.3576554], [45.0258709, 48.3830553], [45.0210661, 48.3833286], [45.0146846, 48.4249014], [45.0529459, 48.4267088], [45.0799353, 48.4515891], [45.0695013, 48.4546665], [45.0640547, 48.4621521], [45.0861191, 48.4673446], [45.1294719, 48.4729127], [45.1902189, 48.4693282], [45.1895314, 48.4817479], [45.1858993, 48.481092], [45.1799216, 48.4835744], [45.1831452, 48.4842195], [45.1822848, 48.4921925], [45.1854833, 48.493692], [45.1744359, 48.5121572], [45.213009, 48.5140683], [45.2182855, 48.5130655], [45.2212179, 48.5093937], [45.2160146, 48.5059604], [45.2074241, 48.5111524], [45.2036955, 48.5110507], [45.2096887, 48.5042018], [45.2098455, 48.4961649], [45.2134078, 48.4938791], [45.2001019, 48.4858714], [45.2135676, 48.4860745], [45.2164941, 48.4843969], [45.2278588, 48.4835277], [45.2311336, 48.4851156], [45.2438715, 48.4838135], [45.2704618, 48.4709393], [45.2866407, 48.4559324], [45.30343, 48.4477736], [45.3102438, 48.446922], [45.3294482, 48.4496812], [45.3322857, 48.4435273], [45.3320065, 48.4334561], [45.3337128, 48.4318975], [45.3399711, 48.4320297], [45.3450496, 48.4383006], [45.3417665, 48.4482752], [45.3471143, 48.4568335], [45.374401, 48.470758], [45.3839613, 48.4735114], [45.3969827, 48.4855306], [45.4175708, 48.4925548], [45.3739845, 48.5017516], [45.3724433, 48.5002506], [45.3680084, 48.5005581], [45.3611604, 48.4980045], [45.3594468, 48.5002125], [45.3557224, 48.5001509], [45.3498215, 48.4964969], [45.3460823, 48.4962141], [45.3398272, 48.491338], [45.3431876, 48.4879796], [45.3459427, 48.4877175], [45.3483107, 48.4804727], [45.3243562, 48.4831821], [45.3239749, 48.4882433], [45.3185454, 48.4906371], [45.318006, 48.4992056], [45.3268966, 48.5139691], [45.3158198, 48.5159162], [45.3130819, 48.520531], [45.3083932, 48.5152154], [45.3110341, 48.5127058], [45.3109996, 48.5106177], [45.3072954, 48.5088066], [45.3051434, 48.5098276], [45.3069058, 48.5082025], [45.3056889, 48.5072078], [45.3018235, 48.5089878], [45.3023505, 48.5100982], [45.2991801, 48.5089457], [45.2929394, 48.5145364], [45.289161, 48.5142708], [45.2871005, 48.5163991], [45.2758347, 48.5178094], [45.2722668, 48.5156643], [45.2687951, 48.5156584], [45.2660749, 48.5222918], [45.2550761, 48.52135], [45.2503533, 48.5175869], [45.2434211, 48.5177253], [45.2409987, 48.5128886], [45.2307547, 48.5134418], [45.2315801, 48.5161737], [45.2243405, 48.5225361], [45.2268696, 48.5229633], [45.2243898, 48.5239564], [45.2246601, 48.5251616], [45.2210626, 48.5258096], [45.2230942, 48.5278699], [45.2208528, 48.5275649], [45.2185927, 48.528391], [45.2236791, 48.5297754], [45.2236197, 48.533253], [45.2151035, 48.5310736], [45.2132973, 48.5329376], [45.2058479, 48.5320169], [45.2035097, 48.5331549], [45.2053086, 48.5339383], [45.204675, 48.5349063], [45.2006881, 48.5350354], [45.2006744, 48.5401855], [45.2048408, 48.5401463], [45.218205, 48.5512112], [45.2163472, 48.5536104], [45.2162624, 48.5523861], [45.2152798, 48.5538539], [45.2132251, 48.5523617], [45.2127175, 48.5543923], [45.2245494, 48.558086], [45.2332165, 48.5545154], [45.2389793, 48.5563481], [45.2475397, 48.5537685], [45.2518139, 48.558012], [45.2442457, 48.5613496], [45.2460528, 48.5670258], [45.260839, 48.56645], [45.2677493, 48.5631553], [45.2890559, 48.5677056], [45.3027318, 48.5731471], [45.3002273, 48.5674878], [45.3034004, 48.5649177], [45.3022562, 48.5633362], [45.3033038, 48.5612544], [45.3057757, 48.5611648], [45.3056718, 48.5583065], [45.3031157, 48.5584595], [45.3034232, 48.5573959], [45.3106955, 48.5590388], [45.3118375, 48.5547137], [45.3147829, 48.5578807], [45.3203707, 48.5574562], [45.3228375, 48.5533307], [45.3275308, 48.5542079], [45.3284351, 48.5496124], [45.334501, 48.551418], [45.3355263, 48.553725], [45.3388418, 48.5540119], [45.335367, 48.5572597], [45.3378485, 48.5583317], [45.3336866, 48.5597298], [45.3387656, 48.5591959], [45.3422208, 48.5612731], [45.343725, 48.556117], [45.3442097, 48.5602317], [45.3480307, 48.5582764], [45.3456041, 48.5546123], [45.3477826, 48.5538291], [45.3473747, 48.5525417], [45.3497172, 48.5538922], [45.3513577, 48.5528229], [45.3523756, 48.5548078], [45.3503969, 48.5551299], [45.3541068, 48.5555893], [45.3542874, 48.5537144], [45.3570302, 48.5541164], [45.355745, 48.5524706], [45.3575299, 48.5506367], [45.3616755, 48.5490326], [45.361241, 48.5528874], [45.3645556, 48.5536887], [45.3686581, 48.5583448], [45.3847837, 48.5619439], [45.3849567, 48.5642085], [45.3813389, 48.5643129], [45.381658, 48.5697366], [45.3862273, 48.5740047], [45.3906934, 48.5723638], [45.3909916, 48.574329], [45.3887778, 48.5760869], [45.3932699, 48.5735636], [45.3892752, 48.5705145], [45.3936054, 48.5667226], [45.3992979, 48.570019], [45.4052197, 48.5683356], [45.4131808, 48.5696283], [45.4159057, 48.568558], [45.4192263, 48.5729099], [45.4232931, 48.570992], [45.4239423, 48.5720783], [45.4220998, 48.5738663], [45.4268261, 48.5754065], [45.4249454, 48.5777598], [45.427659, 48.5773936], [45.4294055, 48.5803373], [45.4326736, 48.5805768], [45.432013, 48.5864748], [45.4352485, 48.5904168], [45.4382998, 48.5902488], [45.4424031, 48.5874383], [45.4428777, 48.5848999], [45.4456251, 48.5854997], [45.4454741, 48.5833984], [45.4473024, 48.5828864], [45.4444482, 48.5827478], [45.4467997, 48.5790489], [45.4499873, 48.5785757], [45.4521633, 48.5812079], [45.4488454, 48.582045], [45.45464, 48.5847435], [45.4523499, 48.5872518], [45.4588172, 48.5866634], [45.4623581, 48.5827361], [45.466792, 48.5853308], [45.4698182, 48.5833733], [45.46957, 48.5882551], [45.4758925, 48.5853404], [45.4780446, 48.5869275], [45.4844433, 48.5812685], [45.4972967, 48.5759031], [45.5070842, 48.5749762], [45.5072234, 48.5774542], [45.5100338, 48.57681], [45.5185804, 48.5882387], [45.5179811, 48.5898452], [45.5204109, 48.5876018], [45.5235447, 48.5918946], [45.5251301, 48.5914884], [45.5251789, 48.5930913], [45.5336776, 48.5908316], [45.5314738, 48.5930244], [45.5343626, 48.5933222], [45.5325891, 48.5949068], [45.5339738, 48.5955012], [45.5452584, 48.5936885], [45.553149, 48.5868942], [45.5585361, 48.585733], [45.5704232, 48.6060463], [45.580607, 48.6045848], [45.5851497, 48.6055996], [45.6040293, 48.6027045], [45.6444111, 48.6219035], [45.6424697, 48.6224751], [45.6664125, 48.6445894], [45.6793543, 48.6597877], [45.7075241, 48.673304], [45.8059219, 48.6827517], [45.8609035, 48.7212], [45.8788327, 48.7283501], [45.8864553, 48.7442976], [45.9321184, 48.7863988], [45.943353, 48.8053526], [45.9454252, 48.8431042], [45.9854818, 48.843041], [46.0172292, 48.861628], [46.0383535, 48.8635655], [46.1905505, 48.8485087], [46.3242895, 48.8373877], [46.3082005, 48.8212387], [46.4279618, 48.7597371], [46.4368903, 48.7621078], [46.5776472, 48.689049], [46.622036, 48.6677488], [46.7791649, 48.9514137], [46.7917112, 48.9519468], [46.892576, 48.9820546], [46.97204, 49.0273442], [47.028725, 49.089209], [47.0513427, 49.1655883], [46.9961856, 49.2323959], [46.9145839, 49.2829047], [46.8375881, 49.3194078], [46.7822421, 49.3398769], [46.8058804, 49.4292587], [46.8293247, 49.5656043], [46.8389238, 49.5657376], [46.837222, 49.6065712], [46.8443434, 49.6065057], [46.8578914, 49.6435781], [46.8702122, 49.742962], [46.9025552, 49.8637806], [46.9295242, 49.8746858], [46.9573512, 49.8713455], [47.182462, 49.9349593], [47.3533857, 50.0943216], [47.3522697, 50.1013612], [47.3456733, 50.1055849], [47.3175627, 50.1519999], [47.2572695, 50.1917943], [47.3351393, 50.2380002], [47.3020113, 50.2621095], [47.2920173, 50.2836803], [47.3003385, 50.3032138], [47.3051009, 50.3037239], [47.3052241, 50.305549], [47.3077175, 50.3064612], [47.3070432, 50.3088651], [47.3152832, 50.3108132], [47.3175957, 50.31475], [47.3205306, 50.3146815], [47.3247768, 50.3172855], [47.3243561, 50.3191969], [47.3269263, 50.3196927], [47.3285021, 50.3232799], [47.3345033, 50.3253801], [47.3388095, 50.3287728], [47.3381721, 50.3305917], [47.3403363, 50.3321567], [47.3420875, 50.3319782], [47.3416503, 50.3300728], [47.3469192, 50.3283274], [47.3488151, 50.330522], [47.3658637, 50.3290632], [47.3664458, 50.3311059], [47.3709975, 50.3327118], [47.3742548, 50.3321981], [47.3767643, 50.3291069], [47.3800635, 50.3280276], [47.3831996, 50.3283153], [47.3834712, 50.330471], [47.3902525, 50.3318736], [47.3916184, 50.3340413], [47.3983925, 50.3337282], [47.4005584, 50.3357637], [47.4041021, 50.3351747], [47.4068408, 50.3365603], [47.4057211, 50.3390865], [47.4116728, 50.3437418], [47.4108528, 50.3456439], [47.4130919, 50.3474407], [47.4124555, 50.3513911], [47.415706, 50.3539517], [47.4154062, 50.3592696], [47.4187216, 50.3650691], [47.4317029, 50.3778856], [47.2721761, 50.3790654], [47.2720915, 50.3713981], [47.2350164, 50.3711561], [47.23683, 50.4295364], [47.2045777, 50.4298806], [47.2056141, 50.5092213], [47.0381521, 50.5096792], [47.0386413, 50.4891459], [46.9124195, 50.4896723], [46.9166883, 50.5230932], [46.8707692, 50.5237475], [46.8707675, 50.5772154], [46.8031806, 50.5756861], [46.7991243, 50.5784593], [46.7992157, 50.5796659], [46.8078763, 50.580977], [46.808059, 50.5827637], [46.8041672, 50.582404], [46.8029065, 50.5841558], [46.8106901, 50.585316], [46.8078215, 50.5880653], [46.8079311, 50.5900721], [46.8143766, 50.5924335], [46.8137329, 50.5947083], [46.8098496, 50.5960109], [46.8091731, 50.5977118], [46.8164687, 50.6007763], [46.8128531, 50.6075515], [46.8159752, 50.6102954], [46.8216079, 50.6096282], [46.8323582, 50.6125626], [46.8335491, 50.614993], [46.8520026, 50.6240464], [46.8546688, 50.6272488], [46.8526088, 50.6280655], [46.8549906, 50.6307605], [46.8534028, 50.6339181], [46.856321, 50.6364768], [46.8572047, 50.6418282], [46.8129068, 50.6444613], [46.7754238, 50.6427263], [46.753586, 50.6534195], [46.7473949, 50.657922], [46.7421044, 50.6587099], [46.7380518, 50.6659139], [46.7274469, 50.7039305], [46.72108, 50.7059541], [46.7226542, 50.7088119], [46.7184913, 50.7114924], [46.7162873, 50.7110494], [46.7162174, 50.7084796], [46.7192959, 50.7066187], [46.718981, 50.7049793], [46.7078565, 50.6999498], [46.7008949, 50.6997282], [46.6974628, 50.6942488], [46.6930254, 50.693604], [46.6869468, 50.6975437], [46.6799681, 50.6893264], [46.6464243, 50.6825722], [46.6256976, 50.6809432], [46.6118671, 50.6861737], [46.5833876, 50.7122882], [46.5708934, 50.699906], [46.5680796, 50.6904506], [46.5684964, 50.6148387], [46.5646914, 50.6140428], [46.5603872, 50.615293], [46.5606932, 50.6179169], [46.565817, 50.621569], [46.5642029, 50.6228709], [46.5588513, 50.6227559], [46.5532618, 50.6219463], [46.5517815, 50.620516], [46.552774, 50.6173809], [46.5465918, 50.6132583], [46.5473664, 50.6158051], [46.544329, 50.6201227], [46.5382855, 50.6444355], [46.5194715, 50.6419727], [46.5241299, 50.6272887], [46.52685, 50.6255577], [46.5270741, 50.6234847], [46.5193411, 50.6223462], [46.5157411, 50.6248147], [46.5105775, 50.6245609], [46.5019957, 50.6217003], [46.5018866, 50.6188856], [46.4915594, 50.6175936], [46.4896685, 50.6188625], [46.4902503, 50.6208236], [46.4984, 50.6250458], [46.4947958, 50.6322884], [46.4916322, 50.6346871], [46.4723232, 50.6273983], [46.4583596, 50.6171552], [46.4589778, 50.6122635], [46.464105, 50.6126327], [46.4655596, 50.6106252], [46.4610868, 50.6033558], [46.4610868, 50.5984858], [46.4475233, 50.5899447], [46.442396, 50.5844038], [46.4505414, 50.5823489], [46.4479596, 50.5767839], [46.4509414, 50.5734816], [46.4481778, 50.5684468], [46.4546069, 50.5563612], [46.4604832, 50.5529789], [46.4632323, 50.5529512], [46.4673777, 50.5578721], [46.4710868, 50.557179], [46.4747959, 50.5534364], [46.4819231, 50.5571328], [46.493014, 50.5571328], [46.4957776, 50.5529512], [46.4901776, 50.55004], [46.4839595, 50.5493699], [46.484214, 50.5471055], [46.4254386, 50.5467969], [46.4076716, 50.5495375], [46.3898296, 50.5557186], [46.3476009, 50.5553607], [46.3481588, 50.5732435], [46.2779063, 50.5728619], [46.278413, 50.5276966], [46.0614602, 50.5261663], [46.0615486, 50.531586], [46.0671898, 50.5315066], [46.065132, 50.6046718], [46.0941857, 50.6174987], [46.0931558, 50.6648678], [46.0354346, 50.6652147], [46.0352629, 50.6877325], [45.9897727, 50.6882491], [45.9865111, 50.6988922], [45.9771985, 50.6978321], [45.965504, 50.7013725], [45.9642869, 50.7022617], [45.9649247, 50.705599], [45.8930324, 50.7499878], [45.8422659, 50.7561782], [45.7641466, 50.7582033], [45.7442228, 50.7573025], [45.7228361, 50.7458207], [45.7156323, 50.737716], [45.685917, 50.6915644], [45.6786011, 50.6670254], [45.702129, 50.6053407], [45.7076326, 50.5860256], [45.7060204, 50.5822608], [45.698867, 50.5783723], [45.6843449, 50.5756236], [45.6682482, 50.5773119], [45.6410078, 50.5770864], [45.609377, 50.5878921], [45.6087016, 50.5899182], [45.6061126, 50.5905936], [45.5899358, 50.5881958], [45.5663538, 50.5895989], [45.5557751, 50.5863293], [45.5590367, 50.580934], [45.5623841, 50.5697054], [45.552299, 50.5579697], [45.5556249, 50.5552159], [45.5541229, 50.5533891], [45.5418491, 50.5530755], [45.5362487, 50.5508805], [45.5329967, 50.5527653], [45.5293178, 50.5609686], [45.5213356, 50.5643081], [45.518589, 50.5710682], [45.5081826, 50.5753961], [45.5033423, 50.5788855], [45.5015087, 50.5834546], [45.4945993, 50.588114], [45.4938268, 50.5892856], [45.4968309, 50.5932633], [45.4896963, 50.6048677], [45.478667, 50.6066993], [45.4405796, 50.6074619], [45.4312133, 50.605821], [45.4051208, 50.6133376], [45.3955078, 50.6093615], [45.3957867, 50.6059299], [45.3941774, 50.6042548], [45.3951859, 50.603356], [45.3863668, 50.589885], [45.1933551, 50.5851985], [45.1950292, 50.6062344], [45.1992559, 50.6264616], [45.2054786, 50.6400445], [45.219512, 50.6587521], [45.2065088, 50.6627416], [45.2140505, 50.6655558], [45.2158515, 50.6646553], [45.2206916, 50.6687077], [45.2160764, 50.672985], [45.2313137, 50.6980071], [45.2210998, 50.6963217], [45.1910484, 50.6981362], [45.1871538, 50.7005962], [45.1957368, 50.7036336], [45.1906728, 50.7095313], [45.1851797, 50.7103345], [45.1959085, 50.7159987], [45.2117014, 50.7021931], [45.2760313, 50.7213515], [45.2851295, 50.7658881], [45.3100633, 50.8049042], [45.3201923, 50.8381176], [45.3257703, 50.8623109], [45.3209424, 50.8673354], [45.322423, 50.8748373], [45.3100633, 50.8823244], [45.3069305, 50.8863043], [45.3108144, 50.8911909], [45.3017296, 50.9057682], [45.3035617, 50.9139789], [45.2770775, 50.9224273], [45.2682638, 50.9274381], [45.2455186, 50.9184297], [45.235219, 50.9249224], [45.2238344, 50.9353715], [45.2506247, 50.9334582], [45.2578287, 50.9340212], [45.2574909, 50.9370604], [45.24736, 50.9426884], [45.2185301, 50.9493764], [45.2092981, 50.9579942], [45.2041053, 50.9684815], [45.2051476, 50.9711665], [45.2147698, 50.9781422], [45.2153492, 50.9850318], [45.1995992, 50.9960126], [45.2031183, 51.0204771], [45.2166271, 51.0294747], [45.221014, 51.0403416], [45.1923894, 51.0434446], [45.17025, 51.0553638], [45.1482997, 51.0649314], [45.0874185, 51.0789531], [45.0839424, 51.077214], [45.0793769, 51.0811043], [45.0792301, 51.0834779], [45.074757, 51.0876248], [45.0757453, 51.0888236], [45.0745685, 51.0922689], [45.0726839, 51.0930141], [45.0750484, 51.0952516], [45.0737827, 51.09742], [45.0775279, 51.0997383], [45.0707091, 51.1063866], [45.0726273, 51.1076441], [45.0696845, 51.1103655], [45.0718772, 51.114294], [45.0684901, 51.1191861], [45.0517241, 51.1274378], [45.0457519, 51.1287537], [45.0445136, 51.1326934], [45.0329197, 51.1279656], [45.0218882, 51.1348318], [44.9930715, 51.1456376], [44.952662, 51.1187343], [44.9426442, 51.1081531], [44.9281235, 51.1087157], [44.8991943, 51.1154692], [44.8933406, 51.1283014], [44.8966689, 51.1630285], [44.8769393, 51.1651353], [44.864697, 51.1712777], [44.8566202, 51.165019], [44.850781, 51.1688589], [44.8485251, 51.1688008], [44.851569, 51.1639048], [44.8428186, 51.1590793], [44.8348666, 51.1589534], [44.8248596, 51.1645701], [44.8219805, 51.1630844], [44.8241762, 51.1588828], [44.8223256, 51.157558], [44.8178568, 51.1582991], [44.8173433, 51.1601514], [44.8102222, 51.1608735], [44.8000477, 51.1557784], [44.7947999, 51.1550109], [44.7891515, 51.1485439], [44.7645973, 51.1537285], [44.7594475, 51.1498521], [44.7430109, 51.1518442], [44.643812, 51.1782937], [44.6303152, 51.1681542], [44.6156445, 51.1666818], [44.6140687, 51.1619541], [44.6251005, 51.1454074], [44.626339, 51.1388787], [44.6300538, 51.133926], [44.6306093, 51.1303219], [44.6272055, 51.1260496], [44.607879, 51.1250331], [44.5928701, 51.119465], [44.571332, 51.1233836], [44.5503583, 51.1438305], [44.5496826, 51.1512597], [44.5481067, 51.1530607], [44.5165879, 51.1795128], [44.5082264, 51.1932977], [44.5108013, 51.1967804], [44.5091062, 51.1989452], [44.4974976, 51.2065011], [44.4847624, 51.2051904], [44.4774146, 51.2113678], [44.4684117, 51.210944], [44.4549899, 51.2064877], [44.45293, 51.2012444], [44.4494967, 51.198999], [44.4507231, 51.1917414], [44.4250886, 51.1798415], [44.4206254, 51.1797474], [44.4015475, 51.1885163], [44.3781178, 51.1890413], [44.3453734, 51.1743262], [44.3398373, 51.1748374], [44.3360178, 51.1772857], [44.3149863, 51.1770336], [44.3074791, 51.1797339], [44.3011496, 51.1853185], [44.2815373, 51.1851571], [44.2281989, 51.1989823], [44.2240307, 51.1987125], [44.2134534, 51.1885137], [44.2108647, 51.1817598], [44.2153679, 51.1646502], [44.2125541, 51.1563204], [44.2080517, 51.1500168], [44.2109786, 51.1443886], [44.2099657, 51.1399986], [44.2149186, 51.1361715], [44.2152566, 51.1286298], [44.2098536, 51.1261533], [44.2086156, 51.1193994], [44.2043385, 51.1118576], [44.1976973, 51.109156], [44.1904935, 51.1010513], [44.1874543, 51.100601], [44.1879047, 51.0973366], [44.1849781, 51.093224], [44.1313003, 51.1067429], [44.1418066, 51.119326], [44.1178719, 51.1251308], [44.0993441, 51.0986339], [44.0943338, 51.0971464], [44.0877229, 51.0980106], [44.077592, 51.1022879], [44.0575968, 51.1039962], [44.0476427, 51.1073301], [44.0387819, 51.1055348], [44.0437686, 51.1051357], [44.0475268, 51.1029408], [44.0491774, 51.1009772], [44.0494624, 51.0954645], [44.054742, 51.089793], [44.0533522, 51.0808016], [44.0509045, 51.0795413], [44.0509757, 51.0721123], [44.0184994, 51.0722178], [44.0183658, 51.1176443], [44.0213157, 51.1188068], [44.0225099, 51.12451], [44.0188269, 51.1253678], [44.0184589, 51.159168], [44.0019745, 51.1591191], [44.0014528, 51.1555782], [43.9788638, 51.1552077], [43.9734688, 51.153503], [43.9704885, 51.1472212], [43.9623609, 51.1458476], [43.9545583, 51.1479871], [43.952118, 51.1517751], [43.9398122, 51.1564292], [43.9324955, 51.1571045], [43.9225897, 51.1617195], [43.9165167, 51.1555349], [43.8837725, 51.1103498], [43.8651659, 51.1041573], [43.8496965, 51.0997159], [43.8210719, 51.1123387], [43.8141625, 51.1112475], [43.8117807, 51.1131941], [43.8084308, 51.1132348], [43.8062419, 51.1179375], [43.7909239, 51.1184474], [43.7873404, 51.1208179], [43.7533187, 51.1195273], [43.7314485, 51.1113008], [43.6944555, 51.1076163], [43.6740561, 51.1198742], [43.6720966, 51.1159684], [43.6677043, 51.1187134], [43.6620127, 51.1158073], [43.6618088, 51.1141236], [43.6676425, 51.1113487], [43.6698622, 51.1129668], [43.6717811, 51.1117366], [43.6747083, 51.1124768], [43.6746026, 51.1089698], [43.6803511, 51.1095263], [43.6807821, 51.1066215], [43.6829368, 51.1051818], [43.6773671, 51.1013527], [43.677798, 51.0987639], [43.6726674, 51.0995299], [43.6731715, 51.098284], [43.6813106, 51.0974364], [43.6833677, 51.0959147], [43.6835872, 51.0980236], [43.687856, 51.0982227], [43.6873844, 51.0999894], [43.6926614, 51.0988814], [43.6899863, 51.0971606], [43.6916938, 51.0955317], [43.688417, 51.0953989], [43.6860997, 51.091094], [43.6817415, 51.0905782], [43.6812049, 51.0928507], [43.6794242, 51.0934635], [43.6772289, 51.0922022], [43.6773508, 51.0897253], [43.6819671, 51.0892969], [43.6818635, 51.0868244], [43.6861485, 51.0855118], [43.6884044, 51.0864732], [43.6891488, 51.0852615], [43.6861566, 51.0829733], [43.6827074, 51.0835011], [43.6848719, 51.0813337], [43.6897134, 51.0805827], [43.6897261, 51.0767975], [43.6844816, 51.0750198], [43.6862135, 51.0737988], [43.6851565, 51.0701203], [43.6867827, 51.0674583], [43.6813824, 51.0683722], [43.6804487, 51.0662013], [43.6823078, 51.064428], [43.6722166, 51.0629278], [43.6627401, 51.0555452], [43.6526657, 51.0534294], [43.5617035, 51.0606322], [43.5637917, 51.0582852], [43.5624184, 51.057395], [43.5439292, 51.0537656], [43.5299744, 51.0486209], [43.5244598, 51.0505903], [43.5213055, 51.0489851], [43.5155334, 51.0507657], [43.4360327, 51.027515], [43.4240593, 51.0348426], [43.401754, 51.0159477], [43.3823563, 51.0057953], [43.3653189, 51.0021124], [43.358549, 50.9987129], [43.323573, 51.0136039], [43.2673795, 51.062244], [43.1925737, 51.1117488], [43.1461825, 51.1217391], [42.9493552, 51.2014629], [42.8553404, 51.2447279], [42.7500203, 51.2363615], [42.7198695, 51.246023], [42.7083918, 51.2476078], [42.6877695, 51.2408425], [42.6743574, 51.2359065], [42.6478993, 51.2187319], [42.5955249, 51.1530823], [42.5530006, 51.1447353], [42.4916828, 51.1432826], [42.4789958, 51.1447615], [42.4346852, 51.1452397], [42.4271488, 51.1526918], [42.4227829, 51.1609146], [42.2939942, 51.1370026], [42.2131216, 51.1392257], [42.1747429, 51.1358761], [42.087336, 51.1479658], [42.0364762, 51.1672366], [42.0295652, 51.1683011], [42.0273282, 51.1672364], [42.0245625, 51.1707239], [42.0160618, 51.1703414], [42.0081543, 51.1740355], [42.0031904, 51.1713446], [42.0006746, 51.1726288], [42.0004012, 51.1744272], [41.9957095, 51.1743115], [41.9892054, 51.1773354], [41.9841586, 51.1769642], [41.9826487, 51.1782263], [41.9828151, 51.1814511], [41.9787071, 51.1838114], [41.978234, 51.1872583], [41.9752142, 51.1877], [41.9773457, 51.1901027], [41.9709474, 51.191149], [41.9666354, 51.1950951], [41.9491128, 51.1947287], [41.943345, 51.1967401], [41.9280966, 51.1941254], [41.8578154, 51.1589833], [41.8200002, 51.1184102], [41.7964085, 51.0801208], [41.7907961, 51.0529067], [41.7878097, 51.0463067], [41.7881371, 51.0438907], [41.7910522, 51.0432703], [41.7924015, 51.0411068], [41.7878812, 51.0336823], [41.7772255, 51.0324699], [41.7743581, 51.0299241], [41.7762135, 51.0292345], [41.7654841, 51.0222962], [41.7736598, 51.020443], [41.7764259, 51.0184165], [41.7736552, 51.0172929], [41.7743804, 51.016145], [41.7577171, 51.011979], [41.7481238, 51.0066063], [41.7332906, 51.0029767], [41.7093074, 51.0058789], [41.7040364, 51.0023962], [41.6871359, 50.9985674], [41.6834329, 50.9921452], [41.6141098, 50.984122], [41.6143788, 50.9829331], [41.6098919, 50.9825958], [41.5373225, 50.9586536], [41.5369708, 50.9540792], [41.5338489, 50.9487478], [41.5246992, 50.9463143], [41.5179987, 50.9483301], [41.5085426, 50.9550413], [41.4910649, 50.9546242], [41.4727533, 50.9513423], [41.4723931, 50.9491285], [41.4653128, 50.9426568], [41.4609975, 50.9420923], [41.4562339, 50.9389317], [41.4546222, 50.9338466], [41.4486142, 50.9300567], [41.4479077, 50.9278574], [41.438144, 50.9253265], [41.4357868, 50.9211696], [41.4283371, 50.915927], [41.427223, 50.8989543], [41.4184723, 50.8898633], [41.4202739, 50.8750867], [41.4249066, 50.8672905], [41.4205342, 50.832276], [41.3920426, 50.8423397], [41.3557829, 50.8270065], [41.3162487, 50.81873], [41.1688737, 50.7763145], [41.1681048, 50.7745133]]]}}, {"type": "Feature", "properties": {"slug": "voronezh", "name": "Voronezh", "osmType": "relation", "osmId": 1144811, "source": "OpenStreetMap via Nominatim", "licence": "ODbL 1.0", "simplifiedDegrees": 0.001}, "geometry": {"type": "MultiPolygon", "coordinates": [[[[39.0132338, 51.6044623], [39.0309324, 51.6017329], [39.0268417, 51.5906281], [39.0276303, 51.5866179], [39.0361619, 51.577948], [39.0385044, 51.572773], [39.0626165, 51.5536921], [39.079018, 51.5481137], [39.0805906, 51.5441171], [39.0839445, 51.5462262], [39.0885632, 51.5421776], [39.0947304, 51.5444429], [39.0997245, 51.548412], [39.1173611, 51.5503824], [39.1236978, 51.5478039], [39.1188234, 51.5447507], [39.117875, 51.5418301], [39.114078, 51.5409142], [39.115958, 51.538044], [39.1154308, 51.5360213], [39.1110462, 51.5358107], [39.1030062, 51.5383175], [39.1005757, 51.5353641], [39.0938856, 51.5318415], [39.0930337, 51.5273366], [39.085471, 51.5264504], [39.0863073, 51.5203918], [39.0940354, 51.5173957], [39.0982247, 51.5198201], [39.1006758, 51.5249345], [39.1011563, 51.523713], [39.1068643, 51.5239889], [39.1132543, 51.5214672], [39.1153125, 51.5161998], [39.1339579, 51.5143712], [39.1429381, 51.5097238], [39.209828, 51.4936267], [39.2246857, 51.4856796], [39.230379, 51.4848657], [39.2402167, 51.496298], [39.2430378, 51.4959206], [39.2417511, 51.5255308], [39.2736964, 51.5225987], [39.2738103, 51.5354309], [39.2753658, 51.5396539], [39.2708812, 51.547801], [39.2812542, 51.5500153], [39.283223, 51.5467255], [39.2962277, 51.5475834], [39.3000274, 51.5417267], [39.305464, 51.5422977], [39.2985469, 51.5533738], [39.293506, 51.5524335], [39.2960938, 51.5478999], [39.283886, 51.5470846], [39.2765715, 51.5601298], [39.2779886, 51.5605258], [39.2773621, 51.561587], [39.2902157, 51.5605159], [39.2910231, 51.5685706], [39.2929219, 51.5702984], [39.300987, 51.5675972], [39.2997538, 51.575311], [39.3040682, 51.5762278], [39.3282948, 51.5614905], [39.3312311, 51.5632794], [39.326328, 51.5705378], [39.3283489, 51.5795342], [39.3245208, 51.5837699], [39.3285186, 51.587875], [39.3269645, 51.5892852], [39.3268947, 51.5973556], [39.3234455, 51.5974643], [39.3227292, 51.5928961], [39.3130357, 51.5928433], [39.3078204, 51.6077969], [39.3003639, 51.614666], [39.3024147, 51.63462], [39.3036684, 51.6345533], [39.3042343, 51.6379565], [39.3138497, 51.636117], [39.3149951, 51.6374541], [39.3121571, 51.6388127], [39.3115349, 51.6456788], [39.3037478, 51.6504376], [39.300617, 51.6678099], [39.3010632, 51.6737392], [39.3016424, 51.6757313], [39.3069223, 51.6778504], [39.3021003, 51.6808761], [39.3163074, 51.6814121], [39.3212964, 51.6753135], [39.3303558, 51.6783129], [39.3318536, 51.6790565], [39.3328416, 51.6835219], [39.3297415, 51.6853361], [39.3302893, 51.6903006], [39.3393283, 51.6941686], [39.3385995, 51.6957367], [39.3459692, 51.6983202], [39.3466213, 51.7015882], [39.3514231, 51.7013843], [39.3566811, 51.7055568], [39.3682833, 51.7013939], [39.371182, 51.6983813], [39.3729591, 51.7028043], [39.3703308, 51.7033733], [39.3697548, 51.7043551], [39.3718468, 51.7049459], [39.3673474, 51.7117886], [39.37087, 51.712112], [39.3709177, 51.7135789], [39.3748811, 51.7141958], [39.3740113, 51.712469], [39.417116, 51.7210625], [39.4192352, 51.7175387], [39.426212, 51.7190199], [39.4250706, 51.7207743], [39.439223, 51.7250344], [39.4481543, 51.7243523], [39.4582785, 51.7270806], [39.4408275, 51.7434541], [39.4029676, 51.7437299], [39.4032141, 51.7533026], [39.4165414, 51.7563126], [39.4135099, 51.7566034], [39.4136321, 51.7591446], [39.430452, 51.7590715], [39.4329064, 51.7574971], [39.4322924, 51.7565958], [39.4423824, 51.7549872], [39.4422753, 51.7597992], [39.4465565, 51.7765128], [39.3740112, 51.783379], [39.369421, 51.7957538], [39.3716901, 51.8003652], [39.3742543, 51.8011282], [39.3762982, 51.8061935], [39.3728106, 51.8092829], [39.378228, 51.8090204], [39.3841283, 51.8118979], [39.3804106, 51.8154708], [39.3840971, 51.8174304], [39.3832662, 51.8199727], [39.3861714, 51.8287314], [39.3808003, 51.8329657], [39.3793811, 51.8392985], [39.3813568, 51.8429402], [39.3805683, 51.8479179], [39.3836635, 51.8514305], [39.3842697, 51.8553967], [39.3837172, 51.8573995], [39.3769285, 51.8593866], [39.3741149, 51.8632585], [39.3731949, 51.8681147], [39.3622055, 51.869048], [39.3562811, 51.8747181], [39.3520016, 51.8752201], [39.3607623, 51.8678849], [39.3610701, 51.865135], [39.3591175, 51.8627754], [39.3533183, 51.8607135], [39.3424594, 51.8611416], [39.3407321, 51.8569738], [39.3416011, 51.8543165], [39.3316394, 51.8580208], [39.32863, 51.862702], [39.3172842, 51.8601974], [39.3133306, 51.8524411], [39.3008745, 51.8436262], [39.2995065, 51.8328173], [39.2931122, 51.8333345], [39.2880401, 51.8298553], [39.2826569, 51.8295453], [39.2805383, 51.8185491], [39.2715851, 51.809755], [39.2677625, 51.8098113], [39.2660169, 51.8118013], [39.2627148, 51.8090756], [39.2606954, 51.8101828], [39.255293, 51.801785], [39.2551174, 51.8097649], [39.2527472, 51.8074653], [39.2466792, 51.8114406], [39.239044, 51.8125089], [39.2519499, 51.806635], [39.2527455, 51.8055457], [39.2510406, 51.8031912], [39.24621, 51.8037183], [39.2453053, 51.8062669], [39.2397881, 51.8078297], [39.2302974, 51.8061782], [39.2256372, 51.8075135], [39.2210339, 51.8041049], [39.2294021, 51.8017247], [39.2223259, 51.7956069], [39.21481, 51.794851], [39.2114927, 51.7924286], [39.1940148, 51.7729025], [39.1929596, 51.7697493], [39.1888979, 51.7701194], [39.1876183, 51.7662049], [39.182686, 51.7667318], [39.183158, 51.7686103], [39.1804479, 51.7685603], [39.1686715, 51.7543265], [39.1670095, 51.7555293], [39.1578859, 51.7544958], [39.161399, 51.7524539], [39.1652202, 51.7547104], [39.1688283, 51.7542479], [39.1639716, 51.7466231], [39.1620327, 51.7457976], [39.1596798, 51.7481382], [39.158018, 51.7470993], [39.1448019, 51.7478649], [39.1437284, 51.7447762], [39.1361965, 51.744422], [39.1367137, 51.7394377], [39.1332648, 51.7313039], [39.1235061, 51.7230613], [39.1130948, 51.7215095], [39.1080206, 51.7087001], [39.0996012, 51.7022691], [39.0932246, 51.701296], [39.0884157, 51.7026294], [39.0808426, 51.7078161], [39.0775616, 51.7132974], [39.0728914, 51.7149534], [39.0689044, 51.7144151], [39.0606054, 51.7061351], [39.0619156, 51.701717], [39.0567348, 51.6976734], [39.0575633, 51.6967776], [39.0546168, 51.689493], [39.0430364, 51.6878567], [39.0456355, 51.682541], [39.0576664, 51.6843686], [39.0713164, 51.6765528], [39.0702443, 51.6756517], [39.0731672, 51.6714929], [39.0799856, 51.6644066], [39.0845975, 51.6636431], [39.0817416, 51.6590981], [39.0858319, 51.649515], [39.0634815, 51.6513252], [39.0635833, 51.6497418], [39.0558717, 51.6406947], [39.0464962, 51.6347251], [39.0499384, 51.634303], [39.05748, 51.6398861], [39.0658838, 51.6507606], [39.0873385, 51.6491898], [39.0814726, 51.6444864], [39.0785289, 51.6389672], [39.0636533, 51.6283165], [39.0467881, 51.6199876], [39.0259522, 51.614214], [39.0132338, 51.6044623]]], [[[39.5536388, 51.9009791], [39.5550245, 51.8993132], [39.5650512, 51.8977947], [39.5675504, 51.8946527], [39.5757815, 51.8916394], [39.5732173, 51.8913375], [39.5756667, 51.8902509], [39.5756576, 51.8863013], [39.5771742, 51.8856272], [39.5753972, 51.8848712], [39.5781624, 51.8821919], [39.575804, 51.8827594], [39.5756376, 51.8809673], [39.5715808, 51.8818281], [39.5702105, 51.87878], [39.5762171, 51.877598], [39.575843, 51.8795475], [39.5778618, 51.8791937], [39.5719833, 51.8673037], [39.574771, 51.8670262], [39.576217, 51.8684821], [39.5744063, 51.8686229], [39.5753507, 51.870867], [39.5740415, 51.8710882], [39.5781146, 51.8791523], [39.5817344, 51.8783292], [39.5794784, 51.8780035], [39.5800416, 51.8757523], [39.5839846, 51.8748543], [39.5846176, 51.8728256], [39.5831394, 51.8711852], [39.5857917, 51.8712201], [39.5971762, 51.8650171], [39.5996077, 51.8689094], [39.5913864, 51.8714789], [39.5939455, 51.8768233], [39.5956653, 51.8769325], [39.630195, 51.8704315], [39.6313685, 51.8703546], [39.6398856, 51.8671124], [39.643001, 51.8702611], [39.6466341, 51.8701531], [39.643874, 51.8716307], [39.6382334, 51.8710078], [39.6368601, 51.8691761], [39.6319032, 51.8703603], [39.6345548, 51.8708057], [39.6401833, 51.8736803], [39.6474002, 51.8748396], [39.651681, 51.8741676], [39.6559614, 51.8750437], [39.6589505, 51.8796315], [39.6530995, 51.8817257], [39.6536666, 51.8800384], [39.6471466, 51.8792551], [39.6443018, 51.881609], [39.6428829, 51.8811206], [39.6433327, 51.8798001], [39.6533436, 51.875875], [39.6511575, 51.8762078], [39.6513069, 51.8743883], [39.6470101, 51.8749272], [39.6390401, 51.8736637], [39.6313779, 51.870465], [39.5946606, 51.8772926], [39.5974922, 51.8853729], [39.5952441, 51.8863179], [39.5963081, 51.8876093], [39.5946326, 51.8878912], [39.5929456, 51.8858292], [39.5792745, 51.8867243], [39.5794987, 51.8901717], [39.5649922, 51.8980214], [39.5577632, 51.8998483], [39.5584222, 51.9022129], [39.5555341, 51.902557], [39.5536388, 51.9009791]]]]}}, {"type": "Feature", "properties": {"slug": "warsaw", "name": "Warsaw", "osmType": "relation", "osmId": 2907540, "source": "OpenStreetMap via Nominatim", "licence": "ODbL 1.0", "simplifiedDegrees": 0.001}, "geometry": {"type": "Polygon", "coordinates": [[[20.8516882, 52.2009766], [20.8567924, 52.1918366], [20.8560894, 52.1876405], [20.8671364, 52.1907777], [20.8671664, 52.1824966], [20.897726, 52.1825408], [20.8992741, 52.1841297], [20.9147704, 52.1858422], [20.9112234, 52.1795565], [20.9187357, 52.1774434], [20.9191591, 52.171081], [20.9248206, 52.1684312], [20.9239422, 52.1662793], [20.9375673, 52.1601613], [20.9537622, 52.1561386], [20.9537703, 52.1529897], [20.9592681, 52.1495845], [20.9834464, 52.1404818], [20.9850342, 52.1390784], [20.980106, 52.1326688], [20.9799016, 52.1280186], [20.9829841, 52.1237839], [20.9890427, 52.1236463], [20.9850736, 52.1204422], [20.9872967, 52.1157322], [20.9837353, 52.1117729], [20.9866955, 52.1105606], [20.9844793, 52.1056199], [20.9915988, 52.103114], [21.0186851, 52.1037181], [21.0186418, 52.1060485], [21.0355033, 52.1061899], [21.0437152, 52.1129627], [21.0799755, 52.0978497], [21.0893317, 52.1039457], [21.1035369, 52.1057564], [21.1001, 52.1083526], [21.1100967, 52.1131685], [21.1087432, 52.1145942], [21.1162309, 52.1188673], [21.1218869, 52.1197125], [21.1291912, 52.1270271], [21.132455, 52.1232589], [21.1347034, 52.1234277], [21.1360098, 52.1278725], [21.1401238, 52.1329471], [21.1500968, 52.1397436], [21.153852, 52.140132], [21.1531407, 52.142505], [21.1546934, 52.1435998], [21.1714229, 52.1454415], [21.1759238, 52.1467344], [21.1758534, 52.1484592], [21.1884023, 52.1505113], [21.1886233, 52.1494776], [21.2150705, 52.1518354], [21.2347234, 52.1589097], [21.2487517, 52.153036], [21.2471387, 52.1516416], [21.2557405, 52.1471717], [21.2625793, 52.1531019], [21.25405, 52.1573786], [21.2565365, 52.1605737], [21.2603685, 52.1620232], [21.2631138, 52.1673823], [21.2707912, 52.1685378], [21.2675262, 52.170125], [21.2673353, 52.1733167], [21.2711512, 52.1721505], [21.2710231, 52.1740099], [21.259765, 52.1825552], [21.2653835, 52.1860007], [21.2402289, 52.19588], [21.2430056, 52.1993298], [21.2509495, 52.2024936], [21.2485905, 52.2042334], [21.2490897, 52.2069595], [21.2541429, 52.2094346], [21.2617274, 52.2100733], [21.2494574, 52.2225582], [21.2504281, 52.2319276], [21.2543814, 52.2352734], [21.2547692, 52.2387333], [21.2464646, 52.236227], [21.2394668, 52.236256], [21.2379493, 52.2450274], [21.2537169, 52.2457622], [21.2546444, 52.2531691], [21.2524298, 52.2532707], [21.2504688, 52.2626919], [21.1904832, 52.2561751], [21.1793435, 52.2567023], [21.1838955, 52.2591744], [21.1849832, 52.2662504], [21.1706708, 52.2769674], [21.1724498, 52.2867604], [21.1692161, 52.2911062], [21.1651537, 52.2902287], [21.1614918, 52.2856786], [21.1490504, 52.2793525], [21.1050091, 52.2739945], [21.1002832, 52.2847835], [21.098925, 52.2864846], [21.0958373, 52.2862598], [21.0875736, 52.2955137], [21.0835702, 52.3028548], [21.0855129, 52.3032476], [21.077784, 52.3219659], [21.0895164, 52.3237659], [21.0860413, 52.3319736], [21.0875156, 52.3328634], [21.0852024, 52.3374025], [21.082453, 52.3373499], [21.0808788, 52.3431249], [21.0858974, 52.3435134], [21.0816998, 52.3541398], [21.0786595, 52.3536633], [21.0738087, 52.3672883], [21.061263, 52.3658247], [21.0606487, 52.3625502], [21.0539696, 52.3630639], [21.0492175, 52.3616987], [21.0486286, 52.3636262], [21.044568, 52.3640013], [21.030674, 52.3616041], [21.0275749, 52.3651292], [21.0252516, 52.3632491], [21.0233445, 52.3574076], [21.013416, 52.3560796], [21.0087791, 52.3570342], [21.0056654, 52.3641038], [20.994668, 52.3618295], [20.9919343, 52.362774], [20.9781299, 52.3589788], [20.9712735, 52.3589815], [20.9661016, 52.3681531], [20.9542357, 52.3678606], [20.9525227, 52.3664337], [20.9436208, 52.3663596], [20.9392904, 52.3617696], [20.9350882, 52.3632403], [20.939195, 52.3583559], [20.9339728, 52.3597683], [20.9309265, 52.357937], [20.924082, 52.3595777], [20.9229716, 52.3570414], [20.912429, 52.3529758], [20.9244498, 52.3424463], [20.9258072, 52.3378478], [20.9251225, 52.3294304], [20.922058, 52.3237348], [20.9130704, 52.3218376], [20.9105485, 52.3240963], [20.9077691, 52.3222256], [20.9066242, 52.323357], [20.8952268, 52.3214384], [20.8884342, 52.3132381], [20.875683, 52.3148516], [20.8804686, 52.3091687], [20.8757949, 52.2986579], [20.877143, 52.2945526], [20.8757562, 52.2804884], [20.8811709, 52.2796067], [20.8787189, 52.265149], [20.863806, 52.2500165], [20.8909828, 52.2469658], [20.8940168, 52.2437001], [20.8931428, 52.239712], [20.8895133, 52.231999], [20.8797319, 52.2320224], [20.8727857, 52.22883], [20.8725374, 52.225668], [20.8752802, 52.2248027], [20.8746203, 52.2166596], [20.8719404, 52.2152638], [20.8708993, 52.2088535], [20.8561577, 52.206423], [20.8527648, 52.2039253], [20.8516882, 52.2009766]]]}}, {"type": "Feature", "properties": {"slug": "yerevan", "name": "Yerevan", "osmType": "relation", "osmId": 364087, "source": "OpenStreetMap via Nominatim", "licence": "ODbL 1.0", "simplifiedDegrees": 0.001}, "geometry": {"type": "MultiPolygon", "coordinates": [[[[44.362107, 40.1467039], [44.3666532, 40.1467424], [44.367161, 40.1454449], [44.4125098, 40.144746], [44.4234895, 40.1456741], [44.4259275, 40.147691], [44.4190082, 40.1503405], [44.4191425, 40.1549587], [44.4208984, 40.1553789], [44.418618, 40.1578761], [44.4097696, 40.1568025], [44.4096287, 40.1551623], [44.4030816, 40.1538258], [44.4011516, 40.1566649], [44.3957546, 40.1540151], [44.3927479, 40.1503171], [44.3673884, 40.1484904], [44.362107, 40.1467039]]], [[[44.3948323, 40.2173076], [44.4030957, 40.212876], [44.4052339, 40.2021034], [44.4102421, 40.1963604], [44.4044224, 40.1956369], [44.4029328, 40.1935903], [44.4066789, 40.1912225], [44.4042378, 40.1899681], [44.4077768, 40.1852577], [44.4062786, 40.1747537], [44.4111046, 40.1699981], [44.4150348, 40.169986], [44.4195876, 40.1670747], [44.4271463, 40.1693869], [44.430276, 40.1675188], [44.4290135, 40.1599247], [44.4356043, 40.1595312], [44.4373017, 40.1578024], [44.4424706, 40.1597189], [44.4448755, 40.1551645], [44.4417009, 40.1502544], [44.4351927, 40.1448098], [44.4361852, 40.1431259], [44.4334136, 40.1392652], [44.4337418, 40.1367438], [44.4308243, 40.1369973], [44.4283373, 40.130877], [44.4250644, 40.1309514], [44.4268434, 40.1280778], [44.4353876, 40.128198], [44.4334938, 40.1248102], [44.4304071, 40.1231302], [44.4330492, 40.1214511], [44.4296407, 40.1200837], [44.4287366, 40.1173603], [44.430444, 40.1145757], [44.4354701, 40.1185335], [44.4447476, 40.1093975], [44.4537962, 40.1092378], [44.4508606, 40.104157], [44.4550789, 40.1091328], [44.4591386, 40.1085938], [44.4562179, 40.1056227], [44.4577573, 40.1046647], [44.4598763, 40.1059361], [44.4630768, 40.1044087], [44.4659709, 40.107101], [44.4918254, 40.1048937], [44.4890449, 40.0962788], [44.4896674, 40.0951586], [44.49323, 40.0963199], [44.4894998, 40.0908634], [44.4917633, 40.0858972], [44.4936731, 40.0842911], [44.5069728, 40.0884341], [44.506548, 40.0862079], [44.508342, 40.0858966], [44.5036752, 40.0797342], [44.5062651, 40.0789383], [44.5031157, 40.0757528], [44.5058799, 40.0761857], [44.5028527, 40.0717383], [44.5077276, 40.0728459], [44.5071324, 40.0715291], [44.509345, 40.0715247], [44.5098951, 40.06984], [44.5141973, 40.0704649], [44.5155021, 40.0692937], [44.5241649, 40.073797], [44.5302956, 40.0658518], [44.5367315, 40.0685969], [44.5458595, 40.0761973], [44.5490858, 40.0724499], [44.5533813, 40.0755949], [44.554157, 40.0820477], [44.5652001, 40.0930561], [44.5706195, 40.0948775], [44.5755874, 40.1020647], [44.580276, 40.1023866], [44.594834, 40.108604], [44.6152543, 40.1374414], [44.6176244, 40.137868], [44.6217689, 40.1431229], [44.6030403, 40.1478838], [44.5993792, 40.1572947], [44.5977991, 40.1578937], [44.5867207, 40.1531431], [44.5826414, 40.1532268], [44.5814698, 40.1557031], [44.5645765, 40.152425], [44.5679467, 40.1562605], [44.5689808, 40.1650081], [44.5702374, 40.1626757], [44.5748226, 40.1647807], [44.5734214, 40.1666975], [44.5867416, 40.1764856], [44.5821566, 40.1803014], [44.5818768, 40.1831694], [44.5769952, 40.1833698], [44.5773412, 40.1844733], [44.5891743, 40.1896509], [44.5907992, 40.186723], [44.5946272, 40.1860606], [44.5936783, 40.1839041], [44.5969544, 40.1847291], [44.5974235, 40.1880235], [44.5990487, 40.187649], [44.601404, 40.1938572], [44.6044439, 40.1943896], [44.5960383, 40.1945415], [44.58877, 40.190219], [44.5789158, 40.205763], [44.5873971, 40.2089093], [44.5836524, 40.2126314], [44.5880709, 40.2171089], [44.5872991, 40.221306], [44.5763292, 40.2204844], [44.5742164, 40.2267915], [44.570212, 40.2282102], [44.5675805, 40.2271671], [44.5649145, 40.2301884], [44.5586701, 40.23305], [44.5650624, 40.2376272], [44.5612863, 40.2386832], [44.5632322, 40.2417737], [44.5578951, 40.2381693], [44.5466347, 40.2361178], [44.5442354, 40.2404973], [44.5405369, 40.2403168], [44.5357601, 40.2387295], [44.5277831, 40.2322217], [44.5256323, 40.2327778], [44.5216591, 40.2284578], [44.5165448, 40.2301407], [44.5132749, 40.2292288], [44.5125196, 40.2269029], [44.5001324, 40.2307954], [44.4986319, 40.228166], [44.5024532, 40.2269663], [44.5015616, 40.2257372], [44.491025, 40.2293297], [44.4900148, 40.232741], [44.4870658, 40.2332478], [44.4840235, 40.232055], [44.4819533, 40.2280478], [44.479082, 40.2277276], [44.4798891, 40.2259886], [44.4749549, 40.2232045], [44.4749078, 40.220378], [44.4729909, 40.2202023], [44.4681541, 40.2229762], [44.4672226, 40.2217791], [44.4621599, 40.2239735], [44.4583623, 40.2236608], [44.4607031, 40.2274941], [44.4577892, 40.2300423], [44.4546477, 40.229969], [44.4525041, 40.2244113], [44.4395893, 40.2340315], [44.4365819, 40.2294171], [44.4224181, 40.2271144], [44.4153213, 40.2288392], [44.4128255, 40.2266886], [44.4138903, 40.2213516], [44.408775, 40.2247551], [44.3975934, 40.2252007], [44.3948323, 40.2173076]]]]}}, {"type": "Feature", "properties": {"slug": "york", "name": "York", "osmType": "relation", "osmId": 134353, "source": "OpenStreetMap via Nominatim", "licence": "ODbL 1.0", "simplifiedDegrees": 0.001}, "geometry": {"type": "Polygon", "coordinates": [[[-1.223712, 53.9747376], [-1.2174786, 53.9659797], [-1.2198318, 53.9624888], [-1.2128851, 53.9564719], [-1.2089913, 53.9512342], [-1.2073753, 53.9454928], [-1.2034586, 53.942189], [-1.1977276, 53.9293088], [-1.2000666, 53.9284481], [-1.1994881, 53.9253335], [-1.1956315, 53.9223623], [-1.1911314, 53.9225665], [-1.1857071, 53.9160468], [-1.1792999, 53.9168828], [-1.1705896, 53.9088037], [-1.164912, 53.9105591], [-1.1602621, 53.9005874], [-1.1543881, 53.8959103], [-1.150627, 53.8952282], [-1.1500001, 53.8936215], [-1.1467604, 53.8945926], [-1.1435549, 53.892472], [-1.1364569, 53.8957854], [-1.1333743, 53.8910611], [-1.1253708, 53.8857389], [-1.1249785, 53.8826563], [-1.1211077, 53.8826277], [-1.1050967, 53.8757141], [-1.1004969, 53.8765432], [-1.0996851, 53.8806375], [-1.0956018, 53.8845587], [-1.0911905, 53.8857946], [-1.085546, 53.8824157], [-1.0773346, 53.8834261], [-1.0761602, 53.8810655], [-1.0685414, 53.8790662], [-1.064953, 53.8745672], [-1.023741, 53.8863967], [-1.0215363, 53.8883525], [-1.0081731, 53.8899831], [-0.9928267, 53.8751909], [-0.967713, 53.8828286], [-0.9480207, 53.8848461], [-0.948242, 53.8860708], [-0.944068, 53.8881005], [-0.9386055, 53.8875214], [-0.934514, 53.8829227], [-0.9349671, 53.8799992], [-0.930463, 53.8795079], [-0.9268288, 53.8825423], [-0.9244728, 53.8803865], [-0.9235896, 53.8877068], [-0.9196872, 53.8892294], [-0.9219481, 53.8908326], [-0.934015, 53.8902491], [-0.9495297, 53.893889], [-0.9402846, 53.8986188], [-0.9410366, 53.9041415], [-0.9383074, 53.9078673], [-0.9320439, 53.9087412], [-0.9321809, 53.9120267], [-0.9348181, 53.9135655], [-0.9308086, 53.9140171], [-0.9316735, 53.917354], [-0.9277898, 53.918291], [-0.9275945, 53.920921], [-0.9215934, 53.9213967], [-0.9232365, 53.9252404], [-0.9289119, 53.9295983], [-0.9234121, 53.934988], [-0.9261769, 53.9369416], [-0.9250675, 53.9407517], [-0.9284511, 53.9434244], [-0.9249521, 53.9487376], [-0.9276494, 53.9526473], [-0.9221491, 53.956632], [-0.9212044, 53.960403], [-0.9238582, 53.9633516], [-0.9313136, 53.9658467], [-0.9341032, 53.9686533], [-0.9287692, 53.9760832], [-0.9270381, 53.9804953], [-0.9278171, 53.9840058], [-0.920305, 53.990073], [-0.9252864, 53.9915], [-0.934149, 53.9892627], [-0.9441359, 53.9891486], [-0.9576771, 53.9839377], [-0.9670959, 53.9858948], [-0.9733755, 53.9848682], [-0.9767617, 53.9819814], [-0.9792341, 53.9830225], [-0.9910506, 53.9819053], [-0.9952947, 53.9833574], [-0.9947688, 53.9853115], [-0.9904968, 53.9877214], [-0.9812533, 53.9911442], [-0.9831812, 53.9933357], [-0.9788553, 53.9945187], [-0.9790937, 53.9959364], [-0.9719211, 53.9966779], [-0.9727476, 54.0017102], [-0.9754104, 54.0047322], [-0.9847726, 54.0026617], [-0.9793343, 54.0053714], [-0.9827442, 54.010013], [-0.9769314, 54.0157565], [-0.9794123, 54.0174026], [-0.9668359, 54.0229586], [-0.9706099, 54.0230557], [-0.9701342, 54.0259386], [-0.9733078, 54.0292886], [-0.9823046, 54.0309056], [-0.9822727, 54.0394691], [-0.9845981, 54.0388515], [-0.9932666, 54.0422796], [-0.9948808, 54.0462038], [-0.9937771, 54.0472561], [-1.0003931, 54.0509621], [-1.0023308, 54.0553275], [-1.0044198, 54.0555507], [-1.0143673, 54.049305], [-1.0284536, 54.052747], [-1.0597022, 54.0568664], [-1.058724, 54.0478285], [-1.0621609, 54.0501212], [-1.0893983, 54.0479981], [-1.0942686, 54.0466094], [-1.0960978, 54.0404386], [-1.1010681, 54.0409477], [-1.0997721, 54.0376727], [-1.1148946, 54.0358237], [-1.1202737, 54.0290288], [-1.1275768, 54.0310144], [-1.1407887, 54.0298422], [-1.1406283, 54.0277738], [-1.145026, 54.0245174], [-1.1423733, 54.0189358], [-1.1480607, 54.0156948], [-1.1428677, 54.0107711], [-1.1490826, 54.0029301], [-1.1405624, 53.9973437], [-1.1409866, 53.9960013], [-1.1369899, 53.9910652], [-1.1516798, 53.989098], [-1.1671844, 53.9962961], [-1.1732104, 54.0015849], [-1.1755023, 54.0021795], [-1.1799685, 53.998809], [-1.1887989, 54.0024631], [-1.1919817, 54.0000084], [-1.1832751, 53.9961989], [-1.1806137, 53.9898003], [-1.1820954, 53.9853281], [-1.1857431, 53.9837718], [-1.1922118, 53.984175], [-1.2001741, 53.9890152], [-1.203387, 53.9866502], [-1.2165122, 53.9855735], [-1.2173456, 53.9832519], [-1.2215985, 53.980398], [-1.223712, 53.9747376]]]}}, {"type": "Feature", "properties": {"slug": "zagreb", "name": "Zagreb", "osmType": "relation", "osmId": 226224, "source": "OpenStreetMap via Nominatim", "licence": "ODbL 1.0", "simplifiedDegrees": 0.001}, "geometry": {"type": "Polygon", "coordinates": [[[15.7732052, 45.7081452], [15.7767416, 45.7018116], [15.7770896, 45.6899661], [15.7920133, 45.683237], [15.8023093, 45.6826174], [15.8065163, 45.6795358], [15.8123769, 45.6789098], [15.8167516, 45.6706233], [15.8294353, 45.670821], [15.83829, 45.6647879], [15.8473708, 45.6633568], [15.8534436, 45.6589049], [15.8611446, 45.6617646], [15.8629296, 45.6570364], [15.8730739, 45.6568349], [15.8815554, 45.6464771], [15.8934353, 45.6399658], [15.8948511, 45.6357404], [15.8997858, 45.6360476], [15.9082778, 45.6323813], [15.9019194, 45.6270753], [15.8986933, 45.621994], [15.9018298, 45.6199736], [15.905771, 45.6201914], [15.9058724, 45.6183858], [15.9095467, 45.616424], [15.9172399, 45.6158895], [15.9192368, 45.6139895], [15.9251673, 45.6198021], [15.9364619, 45.6245777], [15.9387541, 45.6298845], [15.9420298, 45.6315374], [15.9470474, 45.6295707], [15.9467956, 45.6320434], [15.9505643, 45.6374788], [15.9484801, 45.6516647], [15.9522364, 45.6549384], [15.9566302, 45.656103], [15.9588035, 45.6647322], [15.9662221, 45.6709002], [15.9647668, 45.6733696], [15.9668991, 45.677549], [15.9662958, 45.6803056], [15.9678853, 45.6812394], [15.9638403, 45.6902376], [15.966556, 45.6916187], [15.9650717, 45.6951535], [15.9723268, 45.700591], [15.9751762, 45.7003548], [15.9776501, 45.7043019], [15.9783754, 45.7030251], [15.9810463, 45.7042436], [15.9825828, 45.7098838], [15.9879147, 45.7144442], [15.9833643, 45.7168235], [15.9862844, 45.7180632], [15.9879597, 45.7162129], [15.9917099, 45.7165618], [16.0009909, 45.7198446], [16.0143981, 45.7189171], [16.01813, 45.7207931], [16.01703, 45.7230063], [16.0190071, 45.7245593], [16.0150711, 45.7275029], [16.01746, 45.7295303], [16.0161239, 45.7320175], [16.017306, 45.7360119], [16.0195186, 45.7377054], [16.0175753, 45.7398174], [16.0199405, 45.7415901], [16.0159383, 45.7434897], [16.0251771, 45.7544831], [16.0380226, 45.7550262], [16.036626, 45.7578581], [16.038766, 45.7619878], [16.0488083, 45.7582265], [16.0583751, 45.7594471], [16.0672406, 45.7682279], [16.0835897, 45.7788471], [16.1021056, 45.7862319], [16.1004679, 45.7879455], [16.1048534, 45.791618], [16.106929, 45.7885916], [16.1236278, 45.7875723], [16.1275552, 45.7922878], [16.1287832, 45.7965425], [16.12586, 45.8016278], [16.1645626, 45.7927493], [16.198304, 45.7773391], [16.2005584, 45.779334], [16.1979384, 45.7807414], [16.1993623, 45.799343], [16.2010683, 45.8030976], [16.1998741, 45.8033824], [16.2003613, 45.8081289], [16.2027229, 45.8105466], [16.1997088, 45.8193409], [16.204508, 45.8245648], [16.2045751, 45.8292378], [16.2089883, 45.8306214], [16.216231, 45.8385634], [16.2371789, 45.8358137], [16.2395548, 45.837434], [16.2278948, 45.8414973], [16.2288274, 45.8463502], [16.2265822, 45.8469488], [16.2264727, 45.848675], [16.2229887, 45.8486829], [16.2222651, 45.8526696], [16.2202286, 45.8537203], [16.2276132, 45.858277], [16.2275513, 45.8617302], [16.2155288, 45.8699819], [16.2055757, 45.8805725], [16.1969321, 45.8938278], [16.1910039, 45.8904394], [16.1783869, 45.8922754], [16.1837978, 45.8988104], [16.1845291, 45.9081559], [16.1788306, 45.911778], [16.1802897, 45.9154704], [16.1746552, 45.91614], [16.1731035, 45.9188506], [16.1748368, 45.9224736], [16.1718091, 45.9364266], [16.173072, 45.9408372], [16.1671007, 45.9449181], [16.1657677, 45.9555057], [16.156263, 45.9605483], [16.1552007, 45.9689734], [16.1538792, 45.9675284], [16.1396761, 45.9680544], [16.137306, 45.9653868], [16.1335986, 45.9647555], [16.1207864, 45.9675469], [16.1191872, 45.9690794], [16.1139914, 45.9684592], [16.1136374, 45.9619934], [16.1112915, 45.957877], [16.1078052, 45.9559031], [16.1004318, 45.9555879], [16.0965854, 45.9534015], [16.089713, 45.9585026], [16.0856575, 45.9563539], [16.076703, 45.9558895], [16.0724515, 45.9518372], [16.0653385, 45.9505108], [16.0626102, 45.9463966], [16.0524462, 45.9444333], [16.0508766, 45.9366589], [16.0389329, 45.9392934], [16.0306235, 45.9372698], [16.0297283, 45.9342405], [16.0208017, 45.9311083], [16.0098304, 45.9304649], [16.0013325, 45.9258892], [15.9999882, 45.9233669], [15.9920409, 45.9221013], [15.9848229, 45.9176038], [15.9749457, 45.9148712], [15.9706133, 45.9082383], [15.9643648, 45.9069814], [15.9579356, 45.9019662], [15.9487913, 45.9007408], [15.9402821, 45.895558], [15.9351097, 45.8898753], [15.9289884, 45.887895], [15.9236293, 45.8898277], [15.9047258, 45.8860346], [15.890046, 45.875708], [15.8883389, 45.8699528], [15.8859332, 45.8675958], [15.8862216, 45.862542], [15.8826425, 45.8620627], [15.8774374, 45.865308], [15.8789495, 45.8632684], [15.873916, 45.8611502], [15.8737247, 45.8596172], [15.8764272, 45.8580341], [15.8735636, 45.8577749], [15.8734329, 45.8547496], [15.8640503, 45.8524763], [15.8591893, 45.8528269], [15.8592396, 45.8551607], [15.8518865, 45.8530458], [15.8505312, 45.8513386], [15.8512975, 45.8482991], [15.8447899, 45.8446474], [15.845662, 45.8410831], [15.8403352, 45.8395932], [15.829381, 45.842065], [15.8279966, 45.8402254], [15.8221808, 45.8389885], [15.8218752, 45.837734], [15.824289, 45.8363578], [15.8217694, 45.8333095], [15.8230948, 45.825317], [15.833582, 45.8105911], [15.8306747, 45.8076209], [15.8342345, 45.8035613], [15.8354698, 45.7931714], [15.8426915, 45.7895133], [15.8390972, 45.7890214], [15.8369725, 45.7857048], [15.8290533, 45.7840569], [15.8286909, 45.7820586], [15.8217269, 45.7785495], [15.8268409, 45.774312], [15.8416953, 45.7703859], [15.8384098, 45.767818], [15.8408451, 45.7656621], [15.8524258, 45.7638138], [15.8606539, 45.7656561], [15.8655015, 45.765065], [15.8655736, 45.7615598], [15.8677962, 45.7595219], [15.8666894, 45.7572018], [15.8713265, 45.7564655], [15.8731471, 45.7576996], [15.8795755, 45.7556078], [15.8854025, 45.750749], [15.8773681, 45.7384126], [15.8662838, 45.7336077], [15.8663679, 45.7319376], [15.8714385, 45.731189], [15.8698718, 45.7291991], [15.8551284, 45.7177065], [15.8530639, 45.7174425], [15.8466105, 45.720265], [15.8442813, 45.7229861], [15.8390276, 45.724152], [15.8354355, 45.7284898], [15.8320286, 45.7284349], [15.8294897, 45.7246823], [15.8236247, 45.7233019], [15.8165619, 45.7254203], [15.8095715, 45.7313561], [15.809443, 45.7376428], [15.8077942, 45.7382473], [15.7985197, 45.7350381], [15.7940378, 45.7317501], [15.7892665, 45.7337126], [15.7846788, 45.7282274], [15.777897, 45.7125927], [15.7732052, 45.7081452]]]}}, {"type": "Feature", "properties": {"slug": "zurich", "name": "Zurich", "osmType": "relation", "osmId": 1682248, "source": "OpenStreetMap via Nominatim", "licence": "ODbL 1.0", "simplifiedDegrees": 0.001}, "geometry": {"type": "Polygon", "coordinates": [[[8.4480182, 47.3802474], [8.4504802, 47.3783547], [8.4599598, 47.3774995], [8.46762, 47.3735719], [8.4702363, 47.3739506], [8.4693884, 47.371361], [8.4648348, 47.3691113], [8.4642803, 47.367274], [8.469519, 47.364381], [8.4705463, 47.3616566], [8.4820627, 47.3595399], [8.4869252, 47.3520277], [8.4977381, 47.3452057], [8.4970309, 47.3424724], [8.5019972, 47.3366624], [8.5006127, 47.3227834], [8.5031821, 47.3202187], [8.5237181, 47.3241621], [8.5242553, 47.3260813], [8.5297003, 47.3268648], [8.5317797, 47.3294941], [8.5362311, 47.3301794], [8.5420769, 47.3350163], [8.5656437, 47.3468369], [8.5785227, 47.3487281], [8.5863067, 47.3528801], [8.6026306, 47.3507246], [8.6050684, 47.353587], [8.6220905, 47.3533423], [8.6254529, 47.3546629], [8.6213447, 47.3574455], [8.622579, 47.3598261], [8.6147158, 47.3615074], [8.6149618, 47.3645793], [8.617648, 47.3668119], [8.6166519, 47.3682801], [8.6120019, 47.3668439], [8.606042, 47.3687236], [8.5981292, 47.3744671], [8.5972137, 47.3784921], [8.5921785, 47.3831053], [8.5895427, 47.3837606], [8.5927356, 47.3841724], [8.593073, 47.3856494], [8.5869806, 47.3879297], [8.5869601, 47.3901709], [8.5831589, 47.3883067], [8.5844165, 47.3919525], [8.5899492, 47.3947762], [8.5882815, 47.3957975], [8.5963814, 47.3966313], [8.5972594, 47.3985041], [8.5947962, 47.3991811], [8.5962176, 47.401545], [8.5937779, 47.4022219], [8.5972792, 47.4063087], [8.5730014, 47.4114383], [8.5736871, 47.4200345], [8.5632462, 47.415646], [8.5613013, 47.4182853], [8.554203, 47.4208003], [8.5578424, 47.4255381], [8.5553629, 47.4306606], [8.5431208, 47.4328828], [8.5436389, 47.4314321], [8.5401127, 47.4310951], [8.5255028, 47.4331552], [8.5246386, 47.4312567], [8.5127288, 47.4308479], [8.5020781, 47.434665], [8.4858042, 47.431026], [8.4848275, 47.4278426], [8.4903926, 47.4255789], [8.4901991, 47.4223348], [8.4861039, 47.421553], [8.4817178, 47.4230013], [8.4813229, 47.4213413], [8.4793795, 47.4211329], [8.4778412, 47.4221142], [8.4772144, 47.4197437], [8.4691434, 47.4169259], [8.4700845, 47.4155736], [8.4680179, 47.413339], [8.4687686, 47.412247], [8.4726939, 47.4105817], [8.4739485, 47.4122209], [8.4772616, 47.411937], [8.4754441, 47.4097041], [8.4772998, 47.4091379], [8.4781611, 47.4038737], [8.467714, 47.402999], [8.4661586, 47.4000574], [8.4680728, 47.3995656], [8.4651707, 47.3982876], [8.4734996, 47.395995], [8.4730225, 47.3950629], [8.4719254, 47.3938821], [8.4648959, 47.3950808], [8.4673985, 47.3929006], [8.4672777, 47.3906501], [8.4651934, 47.391323], [8.4610545, 47.3880286], [8.4575672, 47.3837097], [8.458434, 47.3823038], [8.4567409, 47.382441], [8.4561254, 47.3807167], [8.4480182, 47.3802474]]]}}]}