{"type": "FeatureCollection", "features": [{"type": "Feature", "properties": {"slug": "berlin", "name": "Berlin", "osmType": "relation", "osmId": 62422, "source": "OpenStreetMap via Nominatim", "licence": "ODbL 1.0", "simplifiedDegrees": 0.001}, "geometry": {"type": "MultiPolygon", "coordinates": [[[[13.088345, 52.4196325], [13.0902086, 52.4135513], [13.0902096, 52.4133864], [13.0901879, 52.4127306], [13.090275, 52.4122142], [13.0907635, 52.4115602], [13.0914423, 52.4114007], [13.0921238, 52.4112421], [13.0923549, 52.4111158], [13.0934123, 52.4105371], [13.0973918, 52.4094186], [13.0979823, 52.4098803], [13.0979771, 52.4099395], [13.0983331, 52.4100623], [13.0984081, 52.410105], [13.0986134, 52.4102707], [13.0986387, 52.4102608], [13.0987017, 52.4103302], [13.0985466, 52.410389], [13.0985821, 52.4104246], [13.0985744, 52.410427], [13.0985674, 52.4104301], [13.0985614, 52.4104339], [13.0985565, 52.4104382], [13.0985529, 52.410443], [13.0985507, 52.4104482], [13.0985499, 52.4104536], [13.0985507, 52.410459], [13.098553, 52.4104642], [13.0985566, 52.4104691], [13.0985942, 52.4105055], [13.0985998, 52.4105096], [13.0986065, 52.4105131], [13.0986141, 52.4105159], [13.0986223, 52.4105178], [13.0986309, 52.4105188], [13.0986382, 52.410519], [13.0986454, 52.4105186], [13.0986524, 52.4105175], [13.0986591, 52.4105158], [13.0986653, 52.4105135], [13.0986708, 52.4105106], [13.0987739, 52.4106098], [13.0988504, 52.410683], [13.0988945, 52.4107249], [13.0989217, 52.4107537], [13.0989441, 52.4107839], [13.0989665, 52.4108264], [13.0989797, 52.4108704], [13.0989833, 52.410915], [13.0989774, 52.4109595], [13.0989621, 52.4110034], [13.0989358, 52.4110452], [13.0988991, 52.4110841], [13.0988531, 52.411119], [13.0987649, 52.4111603], [13.097718, 52.4116225], [13.0976533, 52.4116256], [13.0975867, 52.4116549], [13.0975611, 52.4116912], [13.0975287, 52.4117049], [13.0975449, 52.4117178], [13.0975659, 52.4117199], [13.0975922, 52.4117418], [13.0975887, 52.4117544], [13.0975575, 52.411768], [13.0976105, 52.4117817], [13.097113, 52.4123459], [13.0964503, 52.4130889], [13.0966191, 52.4131418], [13.0968124, 52.4132024], [13.0978557, 52.4133932], [13.0978825, 52.4133858], [13.0980509, 52.4134052], [13.0981794, 52.4134429], [13.0991106, 52.4136059], [13.0992615, 52.4136288], [13.0998603, 52.4137193], [13.0999494, 52.4137287], [13.1002203, 52.4137704], [13.1003122, 52.4137846], [13.1005688, 52.4137954], [13.1008591, 52.4137605], [13.1008499, 52.4137209], [13.1007523, 52.4133451], [13.1007324, 52.413019], [13.1007304, 52.4129901], [13.1008116, 52.4127186], [13.1009758, 52.4121861], [13.101047, 52.4118862], [13.1010685, 52.4118093], [13.1011219, 52.411577], [13.1011003, 52.4114332], [13.1010763, 52.4112742], [13.1010457, 52.4110525], [13.1010274, 52.4109801], [13.1009705, 52.4106817], [13.1010028, 52.4105389], [13.1031787, 52.4100612], [13.1035671, 52.4099759], [13.1038945, 52.409904], [13.1043987, 52.4097931], [13.104626, 52.4097431], [13.105124, 52.4098978], [13.1054691, 52.4097454], [13.1059145, 52.4095487], [13.1061868, 52.4095621], [13.1065488, 52.4096061], [13.1067693, 52.4096757], [13.1068515, 52.4097141], [13.1069668, 52.4097741], [13.1070193, 52.4098146], [13.1070818, 52.4098699], [13.1071051, 52.4099032], [13.1071238, 52.4099347], [13.1071325, 52.4099609], [13.1071408, 52.4099932], [13.1071442, 52.4100153], [13.1071458, 52.4100465], [13.1071533, 52.4105514], [13.1071547, 52.4106826], [13.1071796, 52.4108175], [13.107203, 52.4110863], [13.1072685, 52.411393], [13.1073019, 52.4115469], [13.1073607, 52.4117978], [13.1074176, 52.4120884], [13.1074156, 52.412127], [13.107406, 52.4122105], [13.1073918, 52.4122941], [13.1073622, 52.412435], [13.1073275, 52.4126335], [13.1073045, 52.4127178], [13.1072547, 52.4128255], [13.1071237, 52.413099], [13.1071062, 52.4131811], [13.1071427, 52.4132135], [13.107256, 52.4133139], [13.1073561, 52.413283], [13.1074729, 52.4132967], [13.1077803, 52.4133325], [13.1078075, 52.4133266], [13.1080759, 52.4132691], [13.1081032, 52.4132632], [13.1083493, 52.4132104], [13.1084757, 52.4131833], [13.1086162, 52.4131532], [13.1086604, 52.4131437], [13.1089272, 52.4130876], [13.1091702, 52.4130365], [13.1092012, 52.41303], [13.109448, 52.4129781], [13.1096241, 52.4129411], [13.109905, 52.4120343], [13.1099679, 52.4118312], [13.1100077, 52.4117029], [13.1100543, 52.4115526], [13.1101006, 52.411403], [13.1101369, 52.411286], [13.1108638, 52.4113533], [13.1111644, 52.4113811], [13.1115117, 52.4114133], [13.1115481, 52.4112944], [13.1115914, 52.4111531], [13.1116471, 52.4109712], [13.1117027, 52.4107896], [13.1117542, 52.4106212], [13.1117975, 52.4104799], [13.1114512, 52.4104477], [13.1104245, 52.410352], [13.1104955, 52.4101224], [13.1105555, 52.4099282], [13.1106102, 52.4097514], [13.1106655, 52.4095735], [13.1105924, 52.409567], [13.1106161, 52.4094903], [13.1106306, 52.4094433], [13.1085061, 52.409243], [13.1069332, 52.4094856], [13.1067657, 52.409244], [13.1066552, 52.4089957], [13.1065539, 52.4087681], [13.1064629, 52.4087742], [13.1064397, 52.4087758], [13.1064158, 52.4087424], [13.1063827, 52.40869], [13.1067942, 52.4086641], [13.1086104, 52.4084755], [13.109267, 52.4081788], [13.1092603, 52.4081607], [13.10945, 52.4080476], [13.1093065, 52.4079314], [13.1092021, 52.4078596], [13.1083253, 52.4072556], [13.1096938, 52.4065358], [13.1111028, 52.4052978], [13.1112041, 52.4045101], [13.1118193, 52.4039855], [13.1163373, 52.4023233], [13.1177504, 52.4021193], [13.1184644, 52.4012812], [13.1202323, 52.3998485], [13.122003, 52.3985464], [13.1231598, 52.3978788], [13.1242058, 52.3972752], [13.1247813, 52.3968694], [13.1256609, 52.3966622], [13.1269226, 52.3965713], [13.1274241, 52.39664], [13.1284625, 52.3969449], [13.1325231, 52.3986632], [13.1335094, 52.3993665], [13.1348559, 52.3986492], [13.1349557, 52.3985957], [13.1350357, 52.3985747], [13.1352018, 52.3985292], [13.1354261, 52.3984675], [13.1356653, 52.3984011], [13.1364085, 52.3981948], [13.1366366, 52.3981315], [13.1381026, 52.3978562], [13.1380861, 52.3978072], [13.1380441, 52.3976833], [13.1376723, 52.39765], [13.1375331, 52.3976381], [13.1373347, 52.3976192], [13.1372575, 52.3976129], [13.1371657, 52.3976046], [13.1369981, 52.3975887], [13.1369369, 52.3975826], [13.136732, 52.3975622], [13.1365828, 52.3975475], [13.1364743, 52.3975365], [13.1364109, 52.39753], [13.1361434, 52.3975035], [13.1360279, 52.3974887], [13.1357162, 52.3974489], [13.1351269, 52.397375], [13.1353584, 52.3969022], [13.1354523, 52.3967097], [13.1355877, 52.3964235], [13.1356134, 52.3963706], [13.1356791, 52.3962363], [13.1357119, 52.3961752], [13.1357979, 52.3961757], [13.1360125, 52.3961769], [13.1364225, 52.396177], [13.136807, 52.3961771], [13.1369983, 52.3961775], [13.1370392, 52.3961749], [13.1371327, 52.3961691], [13.1371475, 52.3961681], [13.1374377, 52.3961466], [13.1372603, 52.3960251], [13.1374992, 52.3960194], [13.1377939, 52.3961344], [13.1379934, 52.3961203], [13.1380572, 52.3961163], [13.138178, 52.396114], [13.1382617, 52.3961147], [13.1383783, 52.3961093], [13.1385865, 52.3960996], [13.138368, 52.3959792], [13.1389502, 52.3959923], [13.1382291, 52.3957028], [13.1375426, 52.3953377], [13.1370641, 52.3950834], [13.1366407, 52.3948584], [13.1362417, 52.3946462], [13.134493, 52.3936865], [13.1338776, 52.3933018], [13.1329144, 52.3926206], [13.1317811, 52.3918242], [13.1317457, 52.3917994], [13.1315688, 52.3917934], [13.1315435, 52.3918198], [13.1314977, 52.3918791], [13.131491, 52.3918818], [13.1314098, 52.3918165], [13.1313878, 52.3917948], [13.1313782, 52.3917941], [13.1312998, 52.3917277], [13.1313077, 52.3917242], [13.1313179, 52.3917258], [13.1313204, 52.3917006], [13.1313225, 52.3916795], [13.1313298, 52.3916798], [13.1315334, 52.3917312], [13.1301674, 52.3904968], [13.1298524, 52.3906961], [13.1308605, 52.3916858], [13.1310335, 52.3916331], [13.1311082, 52.3916963], [13.1311365, 52.3917204], [13.1311453, 52.3917207], [13.1312229, 52.3917868], [13.1312158, 52.3917904], [13.1312024, 52.3917899], [13.1312003, 52.3918114], [13.1311979, 52.3918361], [13.1311906, 52.3918358], [13.1311017, 52.391809], [13.1309232, 52.3917561], [13.1307454, 52.3917529], [13.1293833, 52.3917245], [13.1293735, 52.3916551], [13.1272922, 52.3916083], [13.1267317, 52.3895836], [13.1272324, 52.3893158], [13.1276376, 52.3890907], [13.1281033, 52.3888338], [13.128201, 52.3887803], [13.1283069, 52.3887209], [13.1286891, 52.3885102], [13.1291329, 52.3882677], [13.1292774, 52.3881871], [13.1295035, 52.3880636], [13.1298482, 52.3878739], [13.1300414, 52.3877686], [13.1302408, 52.3876587], [13.1306118, 52.3874575], [13.1307559, 52.3873763], [13.1309288, 52.3873111], [13.1310126, 52.3872788], [13.1310825, 52.3872512], [13.131305, 52.3872254], [13.1314443, 52.3874687], [13.131541, 52.3874968], [13.1317178, 52.387505], [13.1319862, 52.3875171], [13.1324889, 52.3874301], [13.1327103, 52.3873897], [13.1329249, 52.3873507], [13.1331808, 52.3873046], [13.1332904, 52.3875082], [13.1333423, 52.3876006], [13.1333941, 52.387693], [13.1336222, 52.3880994], [13.1339786, 52.3887364], [13.1337436, 52.3887471], [13.1332989, 52.3886486], [13.1329643, 52.3887233], [13.1328742, 52.3887434], [13.1327094, 52.3888439], [13.1325686, 52.3889298], [13.1324111, 52.3890393], [13.1323665, 52.3890716], [13.1321946, 52.3891899], [13.1320214, 52.3893104], [13.1318957, 52.3893978], [13.1318429, 52.3894315], [13.131617, 52.3895754], [13.1314587, 52.3896763], [13.1313517, 52.3897445], [13.1310083, 52.3899634], [13.1308088, 52.3900904], [13.1307528, 52.3901259], [13.1306957, 52.3901622], [13.1303736, 52.3903662], [13.1320775, 52.3917579], [13.1331368, 52.3925037], [13.1340845, 52.393175], [13.1347076, 52.3935634], [13.1364246, 52.3945066], [13.1366507, 52.3946269], [13.1370398, 52.3948336], [13.137763, 52.395218], [13.1381985, 52.3954495], [13.1383927, 52.3955527], [13.1400864, 52.3962392], [13.1404264, 52.3963736], [13.1406864, 52.396513], [13.1409628, 52.396661], [13.1409886, 52.3966747], [13.1410941, 52.3967313], [13.1412419, 52.3968064], [13.1415248, 52.3969503], [13.1418185, 52.3970996], [13.1419869, 52.3969608], [13.1424209, 52.3970676], [13.1425639, 52.3971028], [13.1428215, 52.3971611], [13.1428491, 52.3971673], [13.1432027, 52.3972467], [13.1432204, 52.3971228], [13.1432616, 52.3968502], [13.1432786, 52.3967264], [13.1431341, 52.3966734], [13.1433729, 52.3964973], [13.1435124, 52.3963945], [13.1437034, 52.3962537], [13.1438588, 52.3961391], [13.1447861, 52.3958274], [13.1457389, 52.3955034], [13.1457693, 52.395496], [13.145976, 52.3954804], [13.1465788, 52.3954222], [13.146805, 52.3954003], [13.1478888, 52.3952952], [13.1489334, 52.3951946], [13.1490163, 52.3951866], [13.1500206, 52.3950893], [13.151044, 52.3950101], [13.1511036, 52.3950055], [13.1521957, 52.3949254], [13.1532905, 52.39484], [13.154458, 52.3946521], [13.1546689, 52.394618], [13.1556057, 52.3944666], [13.1567959, 52.394276], [13.1576615, 52.3941347], [13.1588692, 52.393939], [13.1595331, 52.3939714], [13.1599966, 52.393994], [13.1613656, 52.3940608], [13.1622819, 52.3941061], [13.1634431, 52.3941667], [13.1643277, 52.3942116], [13.1644108, 52.3942158], [13.1645219, 52.3942214], [13.1645659, 52.3942236], [13.1646173, 52.3942262], [13.1657552, 52.394282], [13.1659276, 52.3942905], [13.1668541, 52.3943365], [13.168194, 52.3943458], [13.1687694, 52.3943952], [13.1693374, 52.3946286], [13.1717627, 52.3956432], [13.1715309, 52.3966172], [13.1713123, 52.3975776], [13.1712772, 52.397628], [13.1711601, 52.3978206], [13.1701519, 52.3976171], [13.1693201, 52.3974482], [13.1687331, 52.3973592], [13.1680955, 52.397291], [13.1671714, 52.397196], [13.1664746, 52.3971313], [13.1648545, 52.3969866], [13.1616841, 52.3966732], [13.1613202, 52.3966347], [13.1577955, 52.3963564], [13.1579184, 52.3968979], [13.1577854, 52.397227], [13.157947, 52.3975553], [13.1581179, 52.3978052], [13.158257, 52.3980012], [13.1584297, 52.3982551], [13.1587722, 52.3988953], [13.1592234, 52.3995406], [13.1592619, 52.3996221], [13.1593907, 52.3999143], [13.1593201, 52.4004109], [13.1593015, 52.4013856], [13.1592412, 52.4027742], [13.1593638, 52.4028125], [13.1593543, 52.4028628], [13.16371, 52.4043092], [13.1680417, 52.4057777], [13.1723587, 52.4072023], [13.1737246, 52.4076576], [13.1747353, 52.4079959], [13.1760911, 52.4084525], [13.178492, 52.4092584], [13.1799677, 52.4097504], [13.1808964, 52.4100614], [13.1817925, 52.4103559], [13.1835592, 52.4109449], [13.1843935, 52.4112246], [13.1852332, 52.4115028], [13.1875224, 52.412267], [13.1895698, 52.412954], [13.1923007, 52.4138748], [13.1952187, 52.4148322], [13.1966703, 52.4153154], [13.1966631, 52.4153458], [13.1972299, 52.415533], [13.1972438, 52.4155376], [13.1975854, 52.415517], [13.1976377, 52.415509], [13.1983684, 52.4154696], [13.1995066, 52.4154281], [13.2003606, 52.4155174], [13.2007996, 52.4155345], [13.201212, 52.4155506], [13.2014864, 52.4155613], [13.2020884, 52.4155958], [13.2023741, 52.415626], [13.2027511, 52.4156663], [13.203519, 52.4157388], [13.2045275, 52.415834], [13.2058305, 52.4160627], [13.2065921, 52.4162156], [13.207724, 52.4164428], [13.2086453, 52.4166367], [13.2096893, 52.4168564], [13.2103513, 52.4169863], [13.2105777, 52.4170154], [13.2116073, 52.4172833], [13.2120127, 52.4174015], [13.212696, 52.4176522], [13.2130407, 52.4177772], [13.2135496, 52.4178423], [13.2139195, 52.4179507], [13.2142718, 52.4180553], [13.2148817, 52.4182964], [13.2154558, 52.4184973], [13.2159193, 52.4186609], [13.2163801, 52.418828], [13.2170942, 52.4191683], [13.2180485, 52.4193055], [13.2182202, 52.4193503], [13.2183667, 52.4193887], [13.2188737, 52.4195214], [13.2192847, 52.4196307], [13.2197967, 52.4197509], [13.2204111, 52.419896], [13.22078, 52.4199839], [13.2209877, 52.4200295], [13.2214099, 52.4201197], [13.2224966, 52.4204446], [13.2229485, 52.4205777], [13.2235915, 52.420767], [13.2236598, 52.420667], [13.2244781, 52.420905], [13.2250586, 52.4210782], [13.2252617, 52.4209178], [13.2252626, 52.4208365], [13.2256953, 52.4208375], [13.2260478, 52.4208386], [13.2264745, 52.4208281], [13.2272082, 52.4207326], [13.2278609, 52.4206604], [13.2284349, 52.4205969], [13.228602, 52.4205793], [13.2289033, 52.4205475], [13.2292473, 52.4205213], [13.2297491, 52.4204955], [13.2308503, 52.4204422], [13.2319527, 52.4203794], [13.2331431, 52.4203428], [13.2338162, 52.4205169], [13.2341148, 52.4205726], [13.2345683, 52.42066], [13.235231, 52.420786], [13.2356376, 52.4208707], [13.2367362, 52.4208294], [13.237621, 52.4207952], [13.2379335, 52.4208048], [13.2388657, 52.4208367], [13.239241, 52.4208496], [13.2405449, 52.4209037], [13.2414235, 52.4209424], [13.2422998, 52.4209844], [13.2440311, 52.4210628], [13.2449748, 52.4211088], [13.2459511, 52.4211746], [13.2461633, 52.4207752], [13.2462646, 52.4205754], [13.246366, 52.42038], [13.2465733, 52.4199917], [13.2467155, 52.41972], [13.2468591, 52.4194465], [13.2471439, 52.4188971], [13.2472756, 52.4181993], [13.2474112, 52.4174789], [13.247447, 52.4173094], [13.24752, 52.4172452], [13.2477129, 52.4166191], [13.2479846, 52.4157941], [13.2479498, 52.4156615], [13.2480439, 52.4153545], [13.248219, 52.4148642], [13.2483252, 52.4145689], [13.2484145, 52.4142737], [13.2484805, 52.4139592], [13.2485062, 52.4139407], [13.2490331, 52.41176], [13.2490329, 52.4114376], [13.2490108, 52.4102232], [13.2489824, 52.409014], [13.248969, 52.4088301], [13.2487374, 52.4084082], [13.2491488, 52.4078997], [13.2492716, 52.4074368], [13.2493549, 52.406981], [13.2494152, 52.4066378], [13.249449, 52.4065583], [13.2494695, 52.4064397], [13.2496829, 52.4053615], [13.2497106, 52.4051775], [13.2497798, 52.4049784], [13.2506697, 52.4053152], [13.2510895, 52.4054684], [13.2516486, 52.4056482], [13.252153, 52.405785], [13.2524421, 52.4058502], [13.2533167, 52.4060369], [13.2538234, 52.4061205], [13.2545213, 52.4062166], [13.2555571, 52.4062997], [13.2558612, 52.4063241], [13.2571263, 52.4064001], [13.2580731, 52.4063947], [13.2589865, 52.4063344], [13.2593401, 52.4062917], [13.2597065, 52.406234], [13.2602696, 52.4061363], [13.2608806, 52.4059955], [13.2613802, 52.4058528], [13.2623427, 52.4054831], [13.2635957, 52.4049925], [13.2640902, 52.4048461], [13.264678, 52.4047003], [13.2659348, 52.4044392], [13.2669655, 52.4042812], [13.2673095, 52.4042901], [13.2684968, 52.4042378], [13.2690121, 52.4042341], [13.2692656, 52.4042312], [13.2700595, 52.404189], [13.2709162, 52.4042162], [13.2719977, 52.4043165], [13.2726672, 52.4044806], [13.2737124, 52.4046911], [13.2742071, 52.4047899], [13.2748208, 52.4049594], [13.275822, 52.4051964], [13.2764962, 52.405538], [13.2772507, 52.4059101], [13.2778306, 52.4061845], [13.2788409, 52.4066556], [13.2798826, 52.4071399], [13.2803489, 52.407362], [13.2901725, 52.4128203], [13.291381, 52.4135386], [13.2929965, 52.4144328], [13.2934677, 52.4146848], [13.2943185, 52.4151242], [13.2951614, 52.4155585], [13.2953515, 52.415659], [13.2955458, 52.4157569], [13.2958651, 52.4158861], [13.2962402, 52.4160412], [13.2967517, 52.4162514], [13.2967717, 52.4162347], [13.2968965, 52.4160584], [13.2970888, 52.4157784], [13.2970928, 52.4154602], [13.2969561, 52.4150521], [13.2967214, 52.414743], [13.2963471, 52.4145931], [13.2959288, 52.4145035], [13.2962352, 52.4142279], [13.2962543, 52.4141834], [13.2966877, 52.4137598], [13.2974145, 52.4130492], [13.2976837, 52.4127967], [13.2979584, 52.4125459], [13.2985173, 52.4120389], [13.2985886, 52.4119785], [13.2987179, 52.4118654], [13.2999887, 52.4106927], [13.3003184, 52.4103896], [13.3006495, 52.4100837], [13.3009207, 52.4098328], [13.3010989, 52.4096668], [13.3011991, 52.4095834], [13.3017319, 52.4091072], [13.3022709, 52.4086305], [13.3032595, 52.4077513], [13.3037605, 52.4073055], [13.304145, 52.4069374], [13.3048426, 52.4062716], [13.3051786, 52.4059472], [13.3056249, 52.4055184], [13.306078, 52.4050841], [13.3065126, 52.404668], [13.3068352, 52.4043595], [13.3072498, 52.4039649], [13.3076868, 52.4035544], [13.3085105, 52.4027251], [13.3088401, 52.4023724], [13.3096001, 52.4015636], [13.309908, 52.4012689], [13.3102357, 52.4009575], [13.3109163, 52.4003193], [13.3112593, 52.3999867], [13.3116253, 52.399596], [13.3119962, 52.3991975], [13.3120638, 52.3991062], [13.3131968, 52.3999791], [13.3138143, 52.4004539], [13.3141369, 52.4006192], [13.3146576, 52.4008332], [13.315018, 52.4009765], [13.3161477, 52.4014147], [13.3183602, 52.4023233], [13.3185023, 52.4024013], [13.319007, 52.402597], [13.3196436, 52.4028244], [13.3208513, 52.4032455], [13.3222422, 52.4037873], [13.3234101, 52.4042389], [13.3266875, 52.405494], [13.3269549, 52.4055956], [13.3272574, 52.4057019], [13.3283582, 52.4061005], [13.3294558, 52.4065022], [13.3316441, 52.4073174], [13.3329026, 52.4077852], [13.3340553, 52.4082163], [13.3356714, 52.4088009], [13.336766, 52.4092103], [13.3378422, 52.4096226], [13.338906, 52.4100281], [13.3399631, 52.4104485], [13.3422023, 52.4113349], [13.3433453, 52.411724], [13.3433183, 52.4112647], [13.3432996, 52.4109483], [13.343276, 52.4106826], [13.3432254, 52.4099985], [13.3431828, 52.4093529], [13.3430595, 52.4077429], [13.3430551, 52.407686], [13.3439441, 52.4071315], [13.3448174, 52.4065927], [13.3459452, 52.4059042], [13.3460582, 52.4058347], [13.346937, 52.4052989], [13.3479012, 52.4047013], [13.3486963, 52.4041952], [13.3491461, 52.4039055], [13.3494661, 52.4037092], [13.3497651, 52.403533], [13.3503476, 52.4031825], [13.350831, 52.4029022], [13.3519823, 52.4023469], [13.3523282, 52.4021837], [13.3523612, 52.402168], [13.3525302, 52.4020882], [13.3526544, 52.4020182], [13.3527822, 52.4019455], [13.3531716, 52.4017129], [13.3542448, 52.4010711], [13.354422, 52.4009642], [13.354613, 52.4008758], [13.3549569, 52.4007152], [13.3556493, 52.4003942], [13.3564333, 52.4000296], [13.356742, 52.3998809], [13.3570796, 52.3997167], [13.3573672, 52.3995746], [13.357695, 52.3993999], [13.358136, 52.3991526], [13.3585732, 52.3989053], [13.3588033, 52.3987747], [13.3590439, 52.3986459], [13.3593662, 52.3984689], [13.3595577, 52.3983921], [13.3599037, 52.3982545], [13.3606135, 52.398002], [13.3611982, 52.397754], [13.3614067, 52.3976647], [13.3616729, 52.3975499], [13.3619437, 52.3974352], [13.3624355, 52.397222], [13.3633086, 52.3969523], [13.364222, 52.3966761], [13.3653695, 52.3962487], [13.366518, 52.39582], [13.3684119, 52.3951142], [13.3693072, 52.3947825], [13.370189, 52.3944527], [13.3719482, 52.3937967], [13.3703524, 52.3884274], [13.3709386, 52.3884144], [13.3720019, 52.3883618], [13.3731366, 52.3883056], [13.3751413, 52.3881925], [13.3762177, 52.3881718], [13.3769154, 52.3881578], [13.3777833, 52.3881457], [13.3784252, 52.3881505], [13.3787748, 52.388161], [13.3812159, 52.388272], [13.3821666, 52.3883085], [13.3840685, 52.3883942], [13.3855937, 52.3884708], [13.3872981, 52.3885717], [13.3875867, 52.3867681], [13.3876783, 52.3861785], [13.3879864, 52.3841821], [13.3881981, 52.38228], [13.3882213, 52.3821311], [13.3880829, 52.3817303], [13.3882391, 52.3810225], [13.3882295, 52.3807279], [13.3881435, 52.3803389], [13.3881384, 52.380316], [13.3881086, 52.3800985], [13.3880941, 52.3799565], [13.388096, 52.3797091], [13.3880872, 52.3793538], [13.3881235, 52.3791171], [13.388253, 52.3787098], [13.3884283, 52.3778616], [13.3916132, 52.3777556], [13.3919242, 52.3777444], [13.3939987, 52.3776625], [13.3951206, 52.3776085], [13.3951741, 52.3776554], [13.3971129, 52.3775846], [13.3984739, 52.3774807], [13.3999889, 52.3773764], [13.400495, 52.3773487], [13.4007466, 52.3773305], [13.4015796, 52.3772505], [13.4023128, 52.3771799], [13.4031971, 52.3770853], [13.4040834, 52.3769894], [13.4066157, 52.3768799], [13.4076373, 52.3767835], [13.4080816, 52.3767484], [13.4085677, 52.3766956], [13.4091081, 52.3766349], [13.4093517, 52.3766189], [13.4098935, 52.3765819], [13.4105159, 52.3766366], [13.4110427, 52.3766931], [13.4115402, 52.3767358], [13.4122347, 52.3768129], [13.4128315, 52.376877], [13.4126403, 52.3764101], [13.4152547, 52.3763224], [13.4178619, 52.3762384], [13.4181615, 52.3762279], [13.4194972, 52.3761831], [13.4208126, 52.3761384], [13.4209334, 52.3763377], [13.4211666, 52.3767136], [13.4214115, 52.3770878], [13.4219102, 52.3778333], [13.4226, 52.3788268], [13.4232967, 52.3798224], [13.4243431, 52.3813153], [13.4248116, 52.3819821], [13.4252784, 52.3826485], [13.4262118, 52.383983], [13.426615, 52.3845609], [13.4270319, 52.3851622], [13.4273218, 52.3855783], [13.42746, 52.3857818], [13.4274477, 52.3861653], [13.4274357, 52.3862811], [13.4274199, 52.3864307], [13.4269853, 52.3878466], [13.4266603, 52.3885443], [13.4253934, 52.391558], [13.4253514, 52.3916499], [13.4238253, 52.3950243], [13.4238125, 52.3950526], [13.4216757, 52.399752], [13.4215648, 52.399996], [13.4212044, 52.4007774], [13.4208564, 52.4015587], [13.4206363, 52.402056], [13.4201653, 52.4031203], [13.4198881, 52.4037311], [13.4198825, 52.4037441], [13.4196548, 52.4042704], [13.4196148, 52.4043599], [13.419289, 52.4051029], [13.4188551, 52.4060911], [13.4184228, 52.4070795], [13.4182954, 52.4079366], [13.4184154, 52.408766], [13.4185012, 52.409234], [13.4187486, 52.4099774], [13.4195844, 52.4101838], [13.4200442, 52.4102519], [13.4208143, 52.4103648], [13.4217819, 52.4105329], [13.4231167, 52.4108403], [13.4241235, 52.4111046], [13.4247103, 52.4112572], [13.4258944, 52.4114895], [13.4269219, 52.4116902], [13.4279552, 52.4118935], [13.4295063, 52.4121467], [13.4303315, 52.4122852], [13.4303517, 52.4122537], [13.4319372, 52.4125163], [13.435358, 52.4135653], [13.4368416, 52.4139445], [13.4386782, 52.4144248], [13.4389131, 52.4144535], [13.4391953, 52.4145118], [13.4400459, 52.4146965], [13.4404746, 52.4147905], [13.4406904, 52.4148405], [13.4408949, 52.4148946], [13.4416256, 52.41509], [13.4425433, 52.4153709], [13.4430837, 52.4155375], [13.443242, 52.4155947], [13.4438792, 52.4157765], [13.4455511, 52.4162517], [13.4457719, 52.4163175], [13.4465709, 52.4165452], [13.4470588, 52.416686], [13.4479073, 52.4171607], [13.4483873, 52.4173277], [13.448863, 52.4174857], [13.4492066, 52.4175989], [13.4495423, 52.4177162], [13.4510178, 52.4181838], [13.4519709, 52.4184894], [13.4525336, 52.418699], [13.4528553, 52.4188286], [13.4538604, 52.4191915], [13.4545763, 52.4194294], [13.455004, 52.419535], [13.4555133, 52.4196614], [13.4563417, 52.4198691], [13.4565497, 52.4199301], [13.4572244, 52.4200942], [13.4579844, 52.4202625], [13.4586332, 52.4204123], [13.4589566, 52.4204838], [13.4594745, 52.4205722], [13.4610928, 52.4207739], [13.4623327, 52.4209251], [13.4635491, 52.4210797], [13.466502, 52.4203824], [13.4680167, 52.4200319], [13.4684198, 52.4191136], [13.4688392, 52.4181584], [13.4694935, 52.4168918], [13.4700851, 52.4158217], [13.4706644, 52.4147439], [13.4710113, 52.4140543], [13.4714076, 52.4133962], [13.4720883, 52.4122123], [13.4722638, 52.4120041], [13.4741047, 52.4088081], [13.4741379, 52.408723], [13.4741664, 52.4086502], [13.4746781, 52.407904], [13.4752236, 52.4071086], [13.4758177, 52.4062389], [13.4759906, 52.4059222], [13.4761122, 52.4056675], [13.4762919, 52.405275], [13.476452, 52.40499], [13.4766175, 52.4047148], [13.4767085, 52.4045774], [13.4767774, 52.4044448], [13.4768216, 52.4043041], [13.4768467, 52.4042525], [13.4769361, 52.4041079], [13.4770416, 52.4039825], [13.4774723, 52.4035643], [13.4775106, 52.403542], [13.4775595, 52.4034965], [13.4776104, 52.4034252], [13.4776388, 52.4033236], [13.4776308, 52.4032317], [13.4776004, 52.403051], [13.4776039, 52.4027154], [13.4776512, 52.4026538], [13.4779182, 52.4020565], [13.4781282, 52.4015834], [13.4782409, 52.4013694], [13.4783006, 52.4012557], [13.4784209, 52.4010618], [13.4786131, 52.4007535], [13.4787795, 52.4004093], [13.4789507, 52.3999763], [13.4789797, 52.3998418], [13.479016, 52.3995218], [13.4790517, 52.3991974], [13.4790647, 52.3991446], [13.4790957, 52.3989678], [13.4794249, 52.3974541], [13.4797604, 52.3959454], [13.481786, 52.3964871], [13.4835752, 52.3969397], [13.4856533, 52.3972687], [13.4864838, 52.3974183], [13.4867412, 52.3974497], [13.488884, 52.397615], [13.4905626, 52.3977576], [13.4911283, 52.3978725], [13.4919079, 52.3980294], [13.4929203, 52.3982173], [13.4943188, 52.3984465], [13.4950357, 52.3985693], [13.497541, 52.3988109], [13.500708, 52.3993289], [13.5009786, 52.399361], [13.503329, 52.399625], [13.5056891, 52.3998987], [13.5075593, 52.400174], [13.5093491, 52.4004436], [13.5104024, 52.4006141], [13.5114585, 52.4007709], [13.5117592, 52.4008192], [13.5123035, 52.4009176], [13.5129165, 52.4010268], [13.5133241, 52.4011062], [13.513726, 52.4011897], [13.5138773, 52.4012216], [13.5140227, 52.4012568], [13.5150587, 52.4015459], [13.516005, 52.4017887], [13.516062, 52.4017766], [13.5167908, 52.4016225], [13.5171413, 52.401549], [13.5186264, 52.4010913], [13.5191992, 52.4009944], [13.5198599, 52.4008884], [13.5208422, 52.4007272], [13.5209782, 52.4007127], [13.5210531, 52.4007061], [13.5217977, 52.4005698], [13.5228096, 52.4000602], [13.5235005, 52.3998], [13.5235691, 52.399764], [13.5236908, 52.3997284], [13.5239636, 52.3996233], [13.5245955, 52.3993836], [13.5263818, 52.3989362], [13.5277129, 52.398279], [13.5290431, 52.3976214], [13.5296951, 52.3973033], [13.5304431, 52.3976035], [13.5311891, 52.3978883], [13.5314807, 52.3980025], [13.5324644, 52.398388], [13.5334513, 52.398777], [13.5336924, 52.3988721], [13.5338204, 52.3989126], [13.5339469, 52.3989487], [13.5350777, 52.3992674], [13.5355867, 52.3994415], [13.5360281, 52.3996075], [13.5369174, 52.3999499], [13.5370152, 52.3999876], [13.5370584, 52.399988], [13.5377042, 52.4002909], [13.5384314, 52.4006334], [13.5382085, 52.3999735], [13.5374153, 52.3988626], [13.5373556, 52.3987658], [13.5370765, 52.3982503], [13.5372089, 52.3980379], [13.5363063, 52.3978231], [13.5366911, 52.3972094], [13.5364155, 52.3966498], [13.5362811, 52.396413], [13.5358313, 52.3956213], [13.5356507, 52.3950265], [13.5353659, 52.3940068], [13.5351522, 52.3935167], [13.5351019, 52.3933069], [13.5348303, 52.391434], [13.5348234, 52.3907685], [13.5354929, 52.3889916], [13.545917, 52.3887191], [13.5466996, 52.3886879], [13.5515626, 52.3885147], [13.5539867, 52.3883906], [13.5582728, 52.388251], [13.5586653, 52.3882356], [13.5588904, 52.3882291], [13.5609861, 52.3881686], [13.5615152, 52.3881597], [13.5633512, 52.3881301], [13.5641574, 52.3881358], [13.5646466, 52.3882224], [13.5657744, 52.3884506], [13.5668923, 52.3886074], [13.5678638, 52.3887721], [13.568837, 52.3889538], [13.5707682, 52.3893487], [13.5707974, 52.3893474], [13.572592, 52.3897463], [13.5728627, 52.3898049], [13.5743718, 52.3901152], [13.5756101, 52.390242], [13.5759811, 52.3902975], [13.5766865, 52.3904052], [13.5774527, 52.3905268], [13.5775378, 52.3905397], [13.5789443, 52.3907833], [13.5796989, 52.3908985], [13.5801222, 52.3909664], [13.580712, 52.3910649], [13.5811167, 52.3911319], [13.5813287, 52.3911632], [13.5816497, 52.3912132], [13.5822614, 52.3913341], [13.5828939, 52.3914586], [13.5836496, 52.3916157], [13.5850741, 52.3919132], [13.5878283, 52.3925159], [13.5881221, 52.3926048], [13.590607, 52.3933564], [13.5913822, 52.3935268], [13.5918105, 52.3936207], [13.5922722, 52.393719], [13.5926921, 52.3938149], [13.5926967, 52.3938127], [13.592706, 52.3938087], [13.5927634, 52.3937841], [13.5928719, 52.3936729], [13.5929512, 52.393595], [13.5930226, 52.3935374], [13.5933295, 52.3932974], [13.5934111, 52.3932103], [13.5935842, 52.3930164], [13.5938201, 52.3927996], [13.5940902, 52.3925508], [13.5941403, 52.3924423], [13.5942305, 52.3921181], [13.5939917, 52.391634], [13.5939573, 52.3914577], [13.5939071, 52.3911979], [13.5939003, 52.391162], [13.5938536, 52.3908388], [13.5937007, 52.3904911], [13.5936515, 52.3902323], [13.593676, 52.3899594], [13.5938834, 52.3896766], [13.5940462, 52.3895295], [13.5942383, 52.3890865], [13.5942525, 52.3890631], [13.5943153, 52.3889203], [13.5946699, 52.3889798], [13.5950185, 52.3889437], [13.5952034, 52.3887442], [13.5952762, 52.3884782], [13.5952491, 52.38816], [13.5949064, 52.3875558], [13.594965, 52.3872098], [13.5950808, 52.3870811], [13.5952278, 52.3869166], [13.5953419, 52.3867896], [13.5955279, 52.3866012], [13.5958302, 52.3862927], [13.5958664, 52.386255], [13.5959938, 52.3861326], [13.5961197, 52.3859848], [13.5971548, 52.3857363], [13.5982792, 52.3855134], [13.5989789, 52.385406], [13.5992616, 52.3854266], [13.5993828, 52.3854053], [13.5995281, 52.3852815], [13.5997326, 52.3850142], [13.6003166, 52.384508], [13.6004745, 52.3843172], [13.6007492, 52.3841548], [13.601003, 52.3840479], [13.6013831, 52.3839386], [13.6016814, 52.3837417], [13.6019123, 52.383557], [13.6021002, 52.3834396], [13.6024636, 52.3832044], [13.603003, 52.3828413], [13.6031938, 52.3823864], [13.6034576, 52.3819634], [13.6037183, 52.381666], [13.604157, 52.3814102], [13.6043977, 52.3812666], [13.6048584, 52.380945], [13.6054323, 52.3803763], [13.6056535, 52.3800991], [13.605951, 52.3797249], [13.6060078, 52.3796442], [13.606361, 52.3791429], [13.6063974, 52.3791178], [13.6063959, 52.3791049], [13.6063248, 52.3786052], [13.6054691, 52.3779735], [13.6057109, 52.3776955], [13.6065083, 52.3767513], [13.606802, 52.3760339], [13.6067653, 52.3754089], [13.6065925, 52.3749462], [13.6058809, 52.3737382], [13.6058208, 52.3736244], [13.6063594, 52.3737459], [13.6073619, 52.3739778], [13.6075994, 52.3740565], [13.6093933, 52.374676], [13.6098519, 52.3748469], [13.6110189, 52.3752563], [13.6129625, 52.3759256], [13.6131975, 52.3760092], [13.6137742, 52.3762075], [13.6141461, 52.3763361], [13.6143044, 52.3763908], [13.6145092, 52.3764582], [13.6155279, 52.3768094], [13.6159254, 52.3769464], [13.6164314, 52.3771214], [13.6167183, 52.3772199], [13.616867, 52.3772715], [13.6176567, 52.377546], [13.6182024, 52.377737], [13.6185296, 52.3778507], [13.6188705, 52.3779688], [13.6190547, 52.3780303], [13.6192664, 52.3781016], [13.6196586, 52.3782321], [13.6199738, 52.3783384], [13.6203003, 52.3784533], [13.6203985, 52.3784833], [13.6206294, 52.378568], [13.6210971, 52.3787396], [13.6215341, 52.3788992], [13.6215913, 52.3789166], [13.6225288, 52.3792437], [13.6228122, 52.3793408], [13.6236872, 52.3796515], [13.6244197, 52.3799103], [13.625041, 52.3801331], [13.6256199, 52.3803414], [13.6259581, 52.3804627], [13.6263127, 52.3805901], [13.6266092, 52.3806971], [13.6268622, 52.3807848], [13.6273554, 52.3809551], [13.6275085, 52.381008], [13.6276942, 52.381072], [13.6285136, 52.381356], [13.6317636, 52.3778348], [13.6318204, 52.3777725], [13.6324119, 52.3771324], [13.6332183, 52.3762468], [13.6340329, 52.376351], [13.6348279, 52.3764554], [13.6348995, 52.3764628], [13.6350272, 52.3764811], [13.6350946, 52.3764896], [13.6351856, 52.3765001], [13.6354585, 52.3765364], [13.6360542, 52.3766158], [13.6383899, 52.3769265], [13.6390103, 52.3770119], [13.6394573, 52.3770699], [13.6396466, 52.377095], [13.6406916, 52.3772364], [13.6414033, 52.3773321], [13.6419338, 52.3774041], [13.6425064, 52.3774839], [13.6426777, 52.3775085], [13.6426907, 52.3773913], [13.6426965, 52.3772676], [13.6427089, 52.3770032], [13.6427512, 52.3762712], [13.6427868, 52.3756613], [13.6428112, 52.3752421], [13.6428188, 52.3750968], [13.6428348, 52.3746709], [13.6428432, 52.3744546], [13.6428453, 52.3743883], [13.642839, 52.374319], [13.6428454, 52.3738943], [13.6428486, 52.3738289], [13.6428436, 52.3737697], [13.6428424, 52.3725839], [13.642774, 52.3723285], [13.6425342, 52.3714322], [13.6420982, 52.3708105], [13.6421461, 52.3707979], [13.6422027, 52.3707829], [13.6422638, 52.3707696], [13.6435328, 52.3704682], [13.6468297, 52.3701562], [13.6467423, 52.3695876], [13.6468666, 52.3689546], [13.6470681, 52.3685278], [13.6472637, 52.3680212], [13.6471893, 52.3670283], [13.6469443, 52.3660707], [13.646683, 52.3657509], [13.6461014, 52.3652758], [13.6447305, 52.3648052], [13.6437386, 52.364269], [13.6418993, 52.3634303], [13.6411435, 52.3630968], [13.6402399, 52.3619326], [13.6398656, 52.361693], [13.6390827, 52.3609791], [13.63899, 52.3606488], [13.638711, 52.3602449], [13.6384365, 52.3597365], [13.6384658, 52.3591636], [13.6387247, 52.3587511], [13.6385658, 52.3581683], [13.638306, 52.3577527], [13.6382289, 52.3572787], [13.6381386, 52.357101], [13.6380958, 52.3566081], [13.6380457, 52.3552651], [13.6379942, 52.3538214], [13.6379363, 52.352219], [13.6378319, 52.3493807], [13.6377965, 52.3482126], [13.6367058, 52.348147], [13.6363196, 52.3468193], [13.6368259, 52.3452308], [13.6371731, 52.3447301], [13.638712, 52.3431862], [13.640857, 52.3418829], [13.6428165, 52.3399413], [13.6444941, 52.3399151], [13.6446748, 52.3396993], [13.6447567, 52.3396179], [13.6452369, 52.3391452], [13.6455074, 52.3387835], [13.6459076, 52.3386357], [13.6474433, 52.338271], [13.6477328, 52.3382448], [13.6484243, 52.3382725], [13.6487143, 52.3383516], [13.6488471, 52.3383381], [13.6490192, 52.3383916], [13.6501056, 52.3387162], [13.6506935, 52.3388565], [13.6509462, 52.3389451], [13.6513711, 52.3392255], [13.6516975, 52.3394659], [13.6516508, 52.3397218], [13.6511543, 52.3426021], [13.6513343, 52.3428007], [13.6515233, 52.3430019], [13.6518006, 52.3433383], [13.6521029, 52.3436372], [13.6522986, 52.3438484], [13.6524067, 52.3440778], [13.6525128, 52.3443084], [13.6527683, 52.3447893], [13.6531461, 52.345303], [13.6533025, 52.3455601], [13.6535015, 52.3457317], [13.6536342, 52.3458988], [13.6539663, 52.3461148], [13.6542418, 52.3462773], [13.6545293, 52.346516], [13.6548838, 52.3467831], [13.6553462, 52.3470557], [13.6555657, 52.3472085], [13.6557205, 52.347385], [13.6559875, 52.3476575], [13.6561178, 52.3478165], [13.6561683, 52.3479853], [13.6559513, 52.3481754], [13.656011, 52.3484795], [13.656178, 52.3487403], [13.6563855, 52.348997], [13.6565602, 52.3492221], [13.6567751, 52.3496161], [13.6567879, 52.3497599], [13.6567556, 52.3499449], [13.6568204, 52.3505768], [13.6568723, 52.3507561], [13.6569779, 52.3513423], [13.657088, 52.3516163], [13.6572117, 52.3517303], [13.6575062, 52.3519091], [13.6576894, 52.3519769], [13.6578957, 52.3520477], [13.6584278, 52.3521363], [13.6589861, 52.3523582], [13.659122, 52.3525388], [13.6591683, 52.3526426], [13.6589687, 52.3528103], [13.6592646, 52.3530636], [13.659302, 52.3530952], [13.6594723, 52.3532217], [13.6595723, 52.3533092], [13.6599616, 52.353493], [13.6601207, 52.3535123], [13.6608941, 52.3537724], [13.6610683, 52.3538948], [13.6613332, 52.3539754], [13.6614299, 52.3540048], [13.6615939, 52.3540592], [13.6618626, 52.3541857], [13.6620246, 52.3542144], [13.6622263, 52.354423], [13.6619476, 52.3545135], [13.6619885, 52.354607], [13.6621882, 52.3547897], [13.6626894, 52.3550813], [13.6624472, 52.3552786], [13.6624018, 52.3554465], [13.6623853, 52.3557106], [13.6624393, 52.3558593], [13.6625747, 52.3560691], [13.6627028, 52.356284], [13.6627599, 52.3564056], [13.6627893, 52.3564642], [13.6628132, 52.3565364], [13.6628429, 52.3566132], [13.6630054, 52.3568965], [13.6631589, 52.3570605], [13.6636651, 52.3574297], [13.663929, 52.3576175], [13.66417, 52.3577807], [13.6644419, 52.3579106], [13.6646283, 52.3580101], [13.6649089, 52.3581274], [13.665196, 52.3581749], [13.6655173, 52.3581802], [13.6658688, 52.3581211], [13.6662071, 52.3580878], [13.6660782, 52.3583026], [13.6660382, 52.3584973], [13.6660233, 52.3586017], [13.6659316, 52.3588552], [13.6658391, 52.3591101], [13.665775, 52.3594032], [13.6657513, 52.3596254], [13.6658189, 52.359839], [13.6659453, 52.3600612], [13.6659933, 52.3601443], [13.6660195, 52.3602025], [13.666164, 52.3605133], [13.666149, 52.3607068], [13.6662073, 52.3607965], [13.6662747, 52.3610129], [13.6662846, 52.36115], [13.6663002, 52.3612296], [13.6663121, 52.3612963], [13.6663271, 52.3613973], [13.6663364, 52.3615108], [13.6663452, 52.3615927], [13.6663533, 52.3616259], [13.6664057, 52.3617493], [13.6664719, 52.361935], [13.6666327, 52.3622697], [13.6666653, 52.3623625], [13.6667326, 52.3624255], [13.6667719, 52.3624887], [13.6668293, 52.3625798], [13.6669047, 52.3626464], [13.6670177, 52.3627679], [13.6671883, 52.3629857], [13.6675492, 52.3632986], [13.6677426, 52.363504], [13.6677925, 52.3635527], [13.6680576, 52.3638061], [13.6681662, 52.3639184], [13.6682541, 52.3640163], [13.6683589, 52.3640975], [13.6684768, 52.3642083], [13.668911, 52.3644739], [13.6691743, 52.3645253], [13.6693483, 52.3645653], [13.6694581, 52.364606], [13.6695243, 52.364603], [13.6699017, 52.3646929], [13.670009, 52.3647687], [13.6700969, 52.3648936], [13.670417, 52.3652879], [13.6706478, 52.3657725], [13.6707108, 52.3658955], [13.6708431, 52.3661153], [13.6709147, 52.3662382], [13.6711913, 52.3664872], [13.6713577, 52.3665701], [13.6715095, 52.3666563], [13.6718256, 52.3667857], [13.6722866, 52.3668973], [13.6728999, 52.3670131], [13.673762, 52.3672078], [13.6738949, 52.3672375], [13.6739585, 52.3672291], [13.6740377, 52.3672512], [13.6741026, 52.3672843], [13.6741762, 52.3673259], [13.6744202, 52.3673468], [13.6744777, 52.3673681], [13.674578, 52.3674066], [13.6746531, 52.3674636], [13.6747243, 52.367482], [13.6748462, 52.3675224], [13.6749271, 52.3675205], [13.6750203, 52.3675574], [13.6754177, 52.3676794], [13.6754876, 52.3677178], [13.6755624, 52.367759], [13.6756903, 52.3678058], [13.675898, 52.3678839], [13.676137, 52.3679567], [13.6762979, 52.368061], [13.6764296, 52.3681357], [13.6766111, 52.3681879], [13.6767334, 52.3683219], [13.6769193, 52.3683505], [13.6769866, 52.3683955], [13.6770752, 52.3683989], [13.6771189, 52.3684614], [13.6772331, 52.3685189], [13.6773404, 52.3685669], [13.6774177, 52.3685699], [13.6774932, 52.368616], [13.6775868, 52.368691], [13.6777664, 52.3688065], [13.6780085, 52.3689527], [13.6784046, 52.3691896], [13.6789006, 52.3693298], [13.6790653, 52.3693553], [13.67921, 52.3694441], [13.6793416, 52.3694597], [13.6794907, 52.3694327], [13.6796623, 52.3694357], [13.6799593, 52.3694319], [13.6799911, 52.3694186], [13.6801183, 52.3694208], [13.6804878, 52.3694868], [13.6806424, 52.3695016], [13.6807041, 52.3695088], [13.6807621, 52.3695035], [13.6807927, 52.3694848], [13.6810329, 52.3694662], [13.6811414, 52.369561], [13.6812893, 52.3695835], [13.6814122, 52.3695443], [13.6814945, 52.3695671], [13.6821489, 52.3696395], [13.6828302, 52.3695081], [13.6847597, 52.3688122], [13.6853611, 52.3685204], [13.6858171, 52.3682496], [13.6866811, 52.3677376], [13.6872201, 52.3673007], [13.6875701, 52.3673198], [13.6880099, 52.3673419], [13.6889199, 52.3674117], [13.6892863, 52.3675293], [13.6895327, 52.3676599], [13.6894741, 52.3677064], [13.6892632, 52.3678477], [13.689703, 52.3678108], [13.6899931, 52.3678546], [13.6902133, 52.3678298], [13.6905396, 52.3677544], [13.6905964, 52.3677365], [13.690975, 52.367602], [13.6914236, 52.3673998], [13.6914722, 52.3672965], [13.6918896, 52.3672379], [13.6919333, 52.3672002], [13.6920187, 52.3671849], [13.6922028, 52.3672074], [13.6922427, 52.3672577], [13.6921221, 52.3673311], [13.6915525, 52.3674438], [13.6914242, 52.3674897], [13.691315, 52.3675982], [13.6912776, 52.3677765], [13.6920194, 52.3679361], [13.6924978, 52.3679666], [13.6930836, 52.3679772], [13.6929713, 52.3683383], [13.6927954, 52.3685158], [13.6927062, 52.3687139], [13.6926859, 52.3687981], [13.6926788, 52.3688186], [13.6927018, 52.3689428], [13.6927892, 52.3690975], [13.6928497, 52.3691748], [13.6932256, 52.3695129], [13.6936994, 52.3697397], [13.6939333, 52.3699457], [13.6944631, 52.3703459], [13.6946804, 52.3704703], [13.6948611, 52.3705643], [13.6950377, 52.3707151], [13.6954773, 52.3711177], [13.6956064, 52.3712137], [13.6957537, 52.3713737], [13.6958405, 52.371476], [13.6959259, 52.3715767], [13.6962141, 52.3719008], [13.6963345, 52.3720106], [13.696453, 52.3721183], [13.6966083, 52.3722272], [13.6970475, 52.3725468], [13.6973831, 52.3730606], [13.6979758, 52.3734136], [13.6982933, 52.3737168], [13.6986177, 52.3740756], [13.6987163, 52.3741555], [13.6988985, 52.3744854], [13.6991736, 52.3747024], [13.6992166, 52.3749111], [13.6999584, 52.3755917], [13.7000476, 52.3757863], [13.7001399, 52.3759947], [13.700269, 52.3762746], [13.7003021, 52.3763485], [13.7004999, 52.3768729], [13.7006215, 52.3771939], [13.7005841, 52.3772453], [13.700405, 52.3775069], [13.6999609, 52.3775199], [13.6994225, 52.3775157], [13.6992915, 52.3777377], [13.6972122, 52.3774414], [13.6974201, 52.3780058], [13.6975578, 52.3783794], [13.6981056, 52.3799103], [13.698506, 52.3806715], [13.6988099, 52.3811228], [13.6988354, 52.381502], [13.6987258, 52.3814991], [13.6983195, 52.3814883], [13.6962275, 52.3811501], [13.6951654, 52.3809571], [13.6942714, 52.3812869], [13.6935521, 52.3815988], [13.6933419, 52.3816901], [13.692552, 52.3820208], [13.6913743, 52.3825328], [13.6906182, 52.3828573], [13.6897211, 52.3832555], [13.6879163, 52.3829554], [13.6873495, 52.3833017], [13.6873117, 52.3833248], [13.6870621, 52.3838808], [13.6861786, 52.3838622], [13.6861251, 52.3839924], [13.686573, 52.3847934], [13.6866452, 52.3850239], [13.686831, 52.3853033], [13.6875946, 52.3851689], [13.6877459, 52.3854859], [13.6878852, 52.3857804], [13.6880259, 52.386073], [13.6880623, 52.3860344], [13.6881154, 52.3859959], [13.6881759, 52.3859339], [13.6882367, 52.385881], [13.6883218, 52.3858098], [13.6884777, 52.3855711], [13.6886921, 52.3854185], [13.68871, 52.3853829], [13.6888662, 52.3850331], [13.6889349, 52.385025], [13.6893824, 52.385159], [13.6897573, 52.3852001], [13.6900892, 52.3853098], [13.690403, 52.3854149], [13.6906057, 52.3854968], [13.6908085, 52.3856289], [13.6912826, 52.3859407], [13.691632, 52.3861709], [13.6921285, 52.3864974], [13.6923176, 52.3866207], [13.692763, 52.386909], [13.6930072, 52.3870683], [13.6931856, 52.3872225], [13.693467, 52.3874681], [13.693602, 52.3875602], [13.6938934, 52.387715], [13.6941598, 52.3878551], [13.6943382, 52.3880162], [13.6946732, 52.3883177], [13.6948435, 52.3884487], [13.6954168, 52.3888804], [13.6959689, 52.3889836], [13.696098, 52.3890681], [13.6962122, 52.3891466], [13.6962883, 52.3892368], [13.6963937, 52.3893186], [13.6965448, 52.3894448], [13.6968198, 52.3896857], [13.6973451, 52.389921], [13.6974168, 52.390082], [13.6974823, 52.3902206], [13.6974961, 52.3905548], [13.6976096, 52.3907106], [13.6978672, 52.3909645], [13.6977319, 52.3910635], [13.6976551, 52.3911206], [13.6977121, 52.3912342], [13.6977437, 52.391298], [13.6979918, 52.391427], [13.6980369, 52.3915932], [13.6982689, 52.3917691], [13.6987711, 52.3918997], [13.6990098, 52.3919096], [13.6990133, 52.3917932], [13.6987425, 52.391429], [13.6985444, 52.3913788], [13.698415, 52.3911374], [13.6983944, 52.3907494], [13.6986985, 52.3905945], [13.6989727, 52.3906687], [13.6992593, 52.3907775], [13.6996047, 52.3909605], [13.7001513, 52.3911444], [13.7002799, 52.39127], [13.700376, 52.3914367], [13.7005228, 52.3916067], [13.7006278, 52.3917141], [13.7007949, 52.3918886], [13.7009312, 52.3920126], [13.70119, 52.392251], [13.7013927, 52.3924927], [13.7017185, 52.3928812], [13.7018398, 52.3930309], [13.7023454, 52.3933258], [13.7024966, 52.3933704], [13.7025928, 52.3933808], [13.7032896, 52.3932619], [13.7035346, 52.393288], [13.7044813, 52.3935351], [13.7046504, 52.3936315], [13.7048115, 52.3937257], [13.7051069, 52.3939023], [13.7054521, 52.394074], [13.7056558, 52.3942936], [13.7061587, 52.3948309], [13.7065543, 52.3951165], [13.7072556, 52.3952209], [13.7075988, 52.3951493], [13.7078742, 52.3951268], [13.707926, 52.3951254], [13.7079406, 52.3951244], [13.7081737, 52.3952042], [13.708347, 52.3952583], [13.7085694, 52.3953244], [13.7086909, 52.3953774], [13.7087911, 52.395428], [13.7088348, 52.3954494], [13.7092511, 52.3956886], [13.7093883, 52.3959135], [13.7097244, 52.3962185], [13.7098516, 52.3963725], [13.710016, 52.3962815], [13.7101775, 52.3961921], [13.710462, 52.3963893], [13.710554, 52.3964465], [13.7106298, 52.3964953], [13.7107941, 52.396597], [13.7108204, 52.3966139], [13.7109835, 52.3967441], [13.711013, 52.3967675], [13.7110457, 52.3968025], [13.7113657, 52.3971358], [13.7117525, 52.3972896], [13.7118482, 52.3973576], [13.711936, 52.3974249], [13.7120497, 52.3975152], [13.7120705, 52.39753], [13.7125427, 52.3977473], [13.712732, 52.3977767], [13.7128763, 52.3977833], [13.7131478, 52.3978592], [13.7132523, 52.397873], [13.7135938, 52.3979958], [13.7138074, 52.3982054], [13.7140471, 52.3986425], [13.7139893, 52.3986845], [13.7140426, 52.3987586], [13.7141009, 52.3988088], [13.7141485, 52.3988475], [13.7144315, 52.3990408], [13.7149294, 52.3991935], [13.7151438, 52.3992442], [13.715869, 52.3996935], [13.7159647, 52.3996941], [13.7163842, 52.3997103], [13.7166906, 52.3997213], [13.7169753, 52.3996388], [13.7174195, 52.399051], [13.7175632, 52.3989268], [13.71771, 52.3988941], [13.718048, 52.3988198], [13.718254, 52.3987816], [13.7184042, 52.3987618], [13.7185239, 52.3987522], [13.7185782, 52.3987525], [13.7187824, 52.3987613], [13.7191847, 52.3988196], [13.7194298, 52.3988888], [13.7196097, 52.3989643], [13.7197002, 52.3990016], [13.7198422, 52.3990682], [13.7201688, 52.3989764], [13.7207777, 52.3987993], [13.721184, 52.3986845], [13.7214386, 52.3986127], [13.7216186, 52.3985608], [13.7217155, 52.3985292], [13.7223423, 52.3983304], [13.7225344, 52.3982719], [13.7227897, 52.398257], [13.7228219, 52.3982656], [13.7228701, 52.3982796], [13.7229402, 52.3982974], [13.7229425, 52.3982988], [13.7231706, 52.3982953], [13.723384, 52.3983384], [13.7236802, 52.3985491], [13.724143, 52.3986851], [13.7243857, 52.3988061], [13.7246421, 52.3988472], [13.724899, 52.3990989], [13.7249615, 52.3992565], [13.7250453, 52.3993638], [13.7253369, 52.3995413], [13.725443, 52.399702], [13.725509, 52.3996442], [13.725616, 52.3995726], [13.725788, 52.3995323], [13.7258085, 52.3995323], [13.7262918, 52.3995704], [13.7264417, 52.3996084], [13.7267984, 52.3997431], [13.7270676, 52.3998254], [13.7270708, 52.3998279], [13.7272449, 52.3999506], [13.7273217, 52.4001804], [13.7274513, 52.400233], [13.727597, 52.4002347], [13.7276149, 52.4001903], [13.7282217, 52.3998969], [13.7284342, 52.3998493], [13.728474, 52.3998422], [13.7286582, 52.399812], [13.7288618, 52.3997691], [13.729014, 52.3998113], [13.7290283, 52.3998459], [13.7290595, 52.3999228], [13.7289348, 52.4000555], [13.7289734, 52.4000908], [13.7290513, 52.4001014], [13.7291003, 52.4000966], [13.7291117, 52.4000956], [13.7292028, 52.4001168], [13.7292675, 52.4001492], [13.7292983, 52.4001641], [13.729323, 52.4001743], [13.7293771, 52.4001962], [13.7294033, 52.4002014], [13.7294126, 52.4002007], [13.7294647, 52.4001877], [13.7295632, 52.400026], [13.7295675, 52.3999188], [13.7295744, 52.3998677], [13.7296019, 52.3998361], [13.7296965, 52.3997776], [13.7297506, 52.3997442], [13.7297876, 52.3997204], [13.7298734, 52.3996944], [13.730043, 52.3996546], [13.7301986, 52.3996464], [13.7302907, 52.3996681], [13.7307092, 52.3998899], [13.7307731, 52.3999224], [13.730841, 52.399953], [13.7309555, 52.3999732], [13.7311388, 52.4000058], [13.7313072, 52.4000786], [13.7314609, 52.4001844], [13.7315899, 52.400273], [13.7318132, 52.4004771], [13.7323918, 52.4008606], [13.73251, 52.4009412], [13.7326483, 52.4010142], [13.732804, 52.4010965], [13.733169, 52.4012454], [13.7333348, 52.4013673], [13.7336194, 52.4015881], [13.7341193, 52.4019835], [13.7342706, 52.4021367], [13.7342435, 52.4023667], [13.7342134, 52.4026104], [13.7341584, 52.4030865], [13.7341625, 52.4033414], [13.734263, 52.4035836], [13.7343274, 52.4037397], [13.7344087, 52.4039332], [13.7345734, 52.4043132], [13.7347334, 52.4046859], [13.7348435, 52.4049209], [13.7348866, 52.4050128], [13.7349064, 52.405047], [13.7350323, 52.4052499], [13.7351845, 52.4054982], [13.7354033, 52.4058543], [13.7354021, 52.4059098], [13.7353615, 52.4059831], [13.7370101, 52.4064601], [13.7379737, 52.4067169], [13.7385666, 52.4070247], [13.7387335, 52.407141], [13.7390343, 52.4073353], [13.73892, 52.40741], [13.7387173, 52.4075992], [13.7385852, 52.4077224], [13.7385314, 52.4077774], [13.7384466, 52.4078653], [13.7384258, 52.4078989], [13.7382593, 52.4081133], [13.7382365, 52.4081402], [13.7379133, 52.4084644], [13.7377715, 52.4086691], [13.7377099, 52.4087645], [13.737654, 52.4088729], [13.7376079, 52.4090303], [13.7375819, 52.4091071], [13.7375093, 52.4092385], [13.7374753, 52.4092976], [13.7373958, 52.4094148], [13.7373269, 52.4094999], [13.7372773, 52.4095605], [13.7371591, 52.4096505], [13.7370131, 52.409749], [13.7368198, 52.4098553], [13.7363425, 52.4100732], [13.7360907, 52.4101806], [13.7359346, 52.4102475], [13.7358458, 52.4103008], [13.7356109, 52.4103404], [13.7350879, 52.4104101], [13.7349605, 52.4104129], [13.734816, 52.4104747], [13.7346159, 52.4105708], [13.7344985, 52.4106962], [13.7343289, 52.410978], [13.7342003, 52.4112376], [13.7340841, 52.4115433], [13.7340746, 52.411561], [13.7340662, 52.4115728], [13.7339438, 52.4117634], [13.7339302, 52.4117847], [13.7338533, 52.4118673], [13.7337495, 52.4119785], [13.733658, 52.4120806], [13.7334957, 52.4122697], [13.7333459, 52.4124859], [13.7331095, 52.4126796], [13.7327358, 52.4130806], [13.7325658, 52.4132496], [13.7325226, 52.413292], [13.7322857, 52.4134961], [13.7321975, 52.4135837], [13.7321152, 52.4136648], [13.7320542, 52.4137204], [13.7319561, 52.4138138], [13.7318892, 52.4138698], [13.7317915, 52.4139529], [13.7316641, 52.4140588], [13.7314423, 52.4141907], [13.7312225, 52.4143825], [13.7311707, 52.414428], [13.7310742, 52.4145113], [13.7310452, 52.4145411], [13.7309424, 52.4146601], [13.7308715, 52.4147414], [13.7308346, 52.4147872], [13.7307704, 52.4148424], [13.7306851, 52.4149195], [13.7306356, 52.4149655], [13.7304903, 52.4151056], [13.7303458, 52.4152557], [13.7302569, 52.4153479], [13.7299121, 52.4158363], [13.729897, 52.4159057], [13.729878, 52.4160001], [13.7298541, 52.4161184], [13.729807, 52.4163459], [13.729927, 52.4166778], [13.7299453, 52.4167294], [13.7299652, 52.4167841], [13.7299822, 52.4168364], [13.7300418, 52.4169949], [13.7300561, 52.4170345], [13.7301756, 52.4172766], [13.7302762, 52.4174766], [13.7303238, 52.417565], [13.7303924, 52.4176879], [13.7304207, 52.4177396], [13.7304477, 52.4177886], [13.7304784, 52.4178232], [13.7305069, 52.4178601], [13.7305756, 52.4179519], [13.7306284, 52.4180243], [13.730699, 52.4181212], [13.7307473, 52.4181978], [13.7307796, 52.4182444], [13.7308423, 52.4183255], [13.7309003, 52.4184016], [13.730957, 52.418482], [13.7310063, 52.4185511], [13.731043, 52.4186041], [13.7310936, 52.4186779], [13.7311317, 52.4187409], [13.7311716, 52.4188006], [13.7312059, 52.4188458], [13.7312321, 52.4188863], [13.7312693, 52.4189469], [13.7313054, 52.419011], [13.7313337, 52.4190635], [13.731358, 52.4191117], [13.7313863, 52.41918], [13.7314054, 52.4192805], [13.7314278, 52.4194885], [13.7314357, 52.419607], [13.7314372, 52.4197187], [13.7314277, 52.4198144], [13.7314215, 52.4198391], [13.7314064, 52.4199096], [13.7313803, 52.4199812], [13.7313337, 52.4200865], [13.7312784, 52.4201603], [13.7312203, 52.4202243], [13.7311979, 52.4202466], [13.7310695, 52.4204712], [13.7310695, 52.4205082], [13.7311, 52.4205257], [13.7311324, 52.4205257], [13.7311484, 52.4205282], [13.7314319, 52.420793], [13.7316807, 52.4210267], [13.7319238, 52.4212542], [13.7324017, 52.4217019], [13.7331174, 52.4223707], [13.7333603, 52.4225989], [13.7335842, 52.4228117], [13.7342006, 52.4234003], [13.7352598, 52.4244083], [13.7359484, 52.4250627], [13.7365751, 52.4256607], [13.7371427, 52.4262005], [13.7374595, 52.4265012], [13.737662, 52.4266934], [13.7378582, 52.4266699], [13.7380804, 52.4266633], [13.739492, 52.4264229], [13.7396177, 52.4266642], [13.7407677, 52.4264196], [13.741277, 52.4267645], [13.7415968, 52.4280595], [13.7416493, 52.4280549], [13.741685, 52.4280517], [13.7417236, 52.428186], [13.7417266, 52.4281966], [13.7416105, 52.4282191], [13.7413155, 52.4282762], [13.740526, 52.42847], [13.7389354, 52.428853], [13.7389632, 52.4288944], [13.739377, 52.429522], [13.7397079, 52.4308708], [13.7398478, 52.4314104], [13.7398765, 52.4315531], [13.7399644, 52.4319027], [13.7400963, 52.4324723], [13.7394547, 52.4325413], [13.7390551, 52.4325871], [13.7386013, 52.4326415], [13.7384083, 52.432665], [13.7380907, 52.4327003], [13.7375112, 52.4327615], [13.7364762, 52.4328688], [13.7362193, 52.4328949], [13.7359685, 52.4329195], [13.7354415, 52.4329664], [13.7351464, 52.4329937], [13.734957, 52.4330137], [13.734155, 52.4330996], [13.7332541, 52.4332228], [13.732824, 52.4332935], [13.7325132, 52.4333453], [13.7322179, 52.433399], [13.7319184, 52.4334573], [13.7316187, 52.4335168], [13.7311137, 52.4336273], [13.7306175, 52.4337383], [13.7298999, 52.4339293], [13.729727, 52.4339755], [13.7296365, 52.4340012], [13.7293737, 52.4340797], [13.7288607, 52.4342334], [13.7287387, 52.4342686], [13.7283491, 52.434401], [13.7280956, 52.4344861], [13.7279648, 52.4345294], [13.7278385, 52.4345745], [13.7274378, 52.4347281], [13.7272205, 52.4348115], [13.7270215, 52.4348948], [13.726679, 52.4350361], [13.7265115, 52.4351053], [13.7263139, 52.4351868], [13.726269, 52.4352084], [13.7260507, 52.4353121], [13.7255596, 52.4355486], [13.7253222, 52.4356626], [13.725237, 52.4357027], [13.7250734, 52.4357902], [13.7241467, 52.4362948], [13.7232489, 52.4366505], [13.7228061, 52.4368264], [13.7228074, 52.4371442], [13.7230678, 52.4370403], [13.7231047, 52.4370211], [13.7237176, 52.4367819], [13.7241058, 52.4366278], [13.7244116, 52.4365072], [13.7246671, 52.4363678], [13.7252585, 52.4360494], [13.7255073, 52.435914], [13.7257078, 52.435818], [13.7265768, 52.4354026], [13.7268396, 52.4352931], [13.7274653, 52.4350323], [13.72793, 52.4348601], [13.7281895, 52.4347661], [13.7289606, 52.4345041], [13.7292007, 52.4344317], [13.7296969, 52.4342837], [13.7299014, 52.4342216], [13.7301435, 52.4341553], [13.7308723, 52.4339554], [13.7314302, 52.4338025], [13.7324636, 52.4336378], [13.7333561, 52.4334787], [13.7342151, 52.4333688], [13.7350774, 52.4332727], [13.7352718, 52.4332531], [13.7358847, 52.4331999], [13.7363092, 52.4331607], [13.7375785, 52.4330274], [13.737834, 52.4330008], [13.7381968, 52.4329632], [13.7382752, 52.4332899], [13.7392247, 52.4331913], [13.7403385, 52.4331362], [13.7420015, 52.433], [13.7427351, 52.4329577], [13.7428856, 52.4329383], [13.7429363, 52.4331415], [13.7432548, 52.4344333], [13.7433111, 52.4346606], [13.7432454, 52.4347007], [13.7433379, 52.4350776], [13.7436035, 52.4361516], [13.7439434, 52.437528], [13.7440755, 52.4380708], [13.7441116, 52.4380892], [13.7445348, 52.4383053], [13.7449965, 52.4385471], [13.7451159, 52.4386231], [13.7452647, 52.4386879], [13.7456694, 52.4389037], [13.7461643, 52.4391668], [13.7463376, 52.4392702], [13.7467493, 52.4394891], [13.74703, 52.4396391], [13.7472878, 52.4397674], [13.7474943, 52.4398768], [13.7475198, 52.4398905], [13.747558, 52.4399177], [13.7476137, 52.4399465], [13.7477371, 52.4400072], [13.7478417, 52.4400622], [13.7481927, 52.4402504], [13.7485458, 52.4404368], [13.7486688, 52.4405032], [13.7487013, 52.4405251], [13.7487707, 52.4405617], [13.7489182, 52.4406385], [13.7505078, 52.4414814], [13.7518039, 52.4415126], [13.7531022, 52.4415382], [13.7535508, 52.4415478], [13.75531, 52.441587], [13.756302, 52.4416095], [13.7550715, 52.4383531], [13.7546468, 52.4372242], [13.7544459, 52.4366805], [13.7545674, 52.4366721], [13.7546615, 52.4366656], [13.7547946, 52.4366474], [13.754856, 52.4366421], [13.7560908, 52.4365301], [13.7571375, 52.4364318], [13.7574651, 52.4364004], [13.7590325, 52.436258], [13.7592143, 52.4362406], [13.7594452, 52.4362186], [13.7599901, 52.4361695], [13.7602928, 52.436599], [13.7603424, 52.4366636], [13.7604806, 52.4368281], [13.7605779, 52.4369407], [13.7607364, 52.4371049], [13.76095, 52.4373221], [13.7611609, 52.4377097], [13.7609386, 52.4378795], [13.7581148, 52.4381509], [13.755322, 52.4384193], [13.7559299, 52.4400493], [13.7562474, 52.4408852], [13.7562962, 52.4410133], [13.7564499, 52.4414168], [13.756526, 52.4416164], [13.7567215, 52.4421166], [13.756869, 52.4424828], [13.7569746, 52.4427274], [13.7570262, 52.4428433], [13.7570765, 52.4429612], [13.7569427, 52.442978], [13.7567583, 52.4430011], [13.756533, 52.443027], [13.7556892, 52.4431225], [13.7546186, 52.443233], [13.7545267, 52.443251], [13.7543819, 52.4432806], [13.7550605, 52.4442505], [13.7556077, 52.4450218], [13.7560127, 52.4455875], [13.756123, 52.4457383], [13.7562893, 52.4459541], [13.7564462, 52.4461766], [13.7553954, 52.4460039], [13.7550391, 52.4465449], [13.7545227, 52.4469325], [13.7541744, 52.4471929], [13.7539813, 52.4473036], [13.753485, 52.4475885], [13.7532507, 52.4476804], [13.7526159, 52.4478705], [13.7518995, 52.4480086], [13.75158, 52.4480713], [13.7502627, 52.4483304], [13.7499093, 52.4484741], [13.7496683, 52.4485524], [13.7494963, 52.4486081], [13.7492512, 52.4486702], [13.7483396, 52.4487477], [13.7477703, 52.4488074], [13.7464597, 52.448942], [13.7454974, 52.4490908], [13.7447873, 52.4492383], [13.7440524, 52.449091], [13.7433047, 52.4489388], [13.7424028, 52.4490424], [13.7417148, 52.4491691], [13.7415516, 52.4491944], [13.7407871, 52.4493078], [13.7377562, 52.4496444], [13.7371625, 52.44979], [13.7364782, 52.4499131], [13.7356105, 52.4502572], [13.7355625, 52.4506094], [13.7348745, 52.4506623], [13.7347696, 52.4506791], [13.7343518, 52.4507384], [13.7334184, 52.4505483], [13.7327144, 52.4503618], [13.7317189, 52.4504566], [13.7314336, 52.4505144], [13.7290816, 52.4507847], [13.7271555, 52.4521377], [13.7261564, 52.4528407], [13.7252233, 52.4534912], [13.7247651, 52.4538146], [13.7243479, 52.4541091], [13.7223654, 52.4555023], [13.7207433, 52.4566372], [13.7205844, 52.456748], [13.7200493, 52.4574336], [13.7196443, 52.4579539], [13.7195571, 52.4580673], [13.719475, 52.458167], [13.7193891, 52.4582776], [13.7189293, 52.4589138], [13.7187253, 52.4591603], [13.7175864, 52.4605734], [13.7174051, 52.4608286], [13.7166592, 52.4618406], [13.7161931, 52.4624863], [13.7159638, 52.4629168], [13.7147295, 52.4630307], [13.7138068, 52.4630413], [13.7133488, 52.463], [13.7122263, 52.4631777], [13.7115219, 52.463293], [13.7113807, 52.4633479], [13.7110535, 52.4634768], [13.7104483, 52.4637148], [13.7089765, 52.4642939], [13.7079183, 52.4647096], [13.7078218, 52.4647425], [13.7066735, 52.4651612], [13.7064927, 52.4652347], [13.7057129, 52.465555], [13.7053759, 52.4657289], [13.7048204, 52.466022], [13.704465, 52.4661889], [13.7037639, 52.4665155], [13.7035996, 52.4665963], [13.7035192, 52.4666352], [13.7032915, 52.4667573], [13.7029841, 52.4669246], [13.7024621, 52.4672075], [13.7019125, 52.4675365], [13.7016624, 52.4678002], [13.7012591, 52.4682238], [13.7007022, 52.468239], [13.7000956, 52.4682528], [13.6990758, 52.4682802], [13.6992327, 52.4680711], [13.6993618, 52.4678977], [13.6996102, 52.4675678], [13.6998435, 52.4672571], [13.7000373, 52.4669998], [13.7001507, 52.4668468], [13.7004541, 52.4664446], [13.7007223, 52.4660953], [13.7009694, 52.465786], [13.7012893, 52.4653834], [13.7016373, 52.4649453], [13.7019742, 52.4645221], [13.7020959, 52.4643662], [13.7022237, 52.464079], [13.7024061, 52.4636617], [13.7025589, 52.4633146], [13.7026632, 52.4628697], [13.7028067, 52.4622608], [13.7029687, 52.4611646], [13.7031645, 52.4604553], [13.7033542, 52.4600447], [13.7040932, 52.459999], [13.7052552, 52.4598678], [13.7052941, 52.4596884], [13.7053491, 52.4594384], [13.7054785, 52.4587863], [13.7055858, 52.4576982], [13.7053994, 52.4566575], [13.7052402, 52.4556169], [13.7046132, 52.4547613], [13.7038531, 52.4548085], [13.703142, 52.4548534], [13.7017278, 52.4548648], [13.7014887, 52.4548655], [13.7008287, 52.4549358], [13.7002287, 52.4549885], [13.6990326, 52.4551836], [13.6983504, 52.4552612], [13.6985275, 52.4556095], [13.6985777, 52.4558643], [13.6986764, 52.4564799], [13.698626, 52.4566894], [13.6984871, 52.4572882], [13.6976949, 52.4584962], [13.697646, 52.4592955], [13.6976299, 52.4595404], [13.6976158, 52.4597626], [13.6976008, 52.4598959], [13.6975608, 52.4602498], [13.6975477, 52.4603592], [13.6975313, 52.4604913], [13.6972685, 52.4612168], [13.6970799, 52.4617365], [13.6966992, 52.462292], [13.6965779, 52.4624715], [13.696452, 52.4626605], [13.6963377, 52.4628392], [13.6959228, 52.4634966], [13.6956163, 52.4640035], [13.6953555, 52.4640204], [13.6954345, 52.464186], [13.6941138, 52.464405], [13.6924698, 52.4645507], [13.6909739, 52.4647419], [13.6898329, 52.4650132], [13.6893136, 52.4650183], [13.6889646, 52.4650214], [13.6884011, 52.4650263], [13.6882426, 52.4650351], [13.6877258, 52.4650678], [13.6874585, 52.465084], [13.6865643, 52.4651392], [13.6859146, 52.46529], [13.6853924, 52.4654106], [13.685112, 52.4654761], [13.6847902, 52.4655573], [13.6843634, 52.4656654], [13.6827773, 52.4660695], [13.682525, 52.4662353], [13.6812535, 52.4670852], [13.6809602, 52.4672864], [13.6807068, 52.4674589], [13.6805437, 52.46757], [13.6804631, 52.4676273], [13.6803824, 52.4676805], [13.6801675, 52.4678267], [13.6800953, 52.4678939], [13.6800255, 52.467957], [13.6797666, 52.4681962], [13.6796528, 52.4683008], [13.6795194, 52.468425], [13.6794047, 52.4685303], [13.6789756, 52.4689293], [13.6789079, 52.468991], [13.6788288, 52.4690659], [13.6788095, 52.4690825], [13.6788127, 52.4690862], [13.6787795, 52.4691179], [13.6787715, 52.4691238], [13.6787654, 52.4691239], [13.6787587, 52.4691312], [13.6786446, 52.4692368], [13.6783953, 52.4693244], [13.6781899, 52.4693978], [13.6768688, 52.4698629], [13.6764118, 52.4700234], [13.6752457, 52.4706616], [13.6747891, 52.4708417], [13.6733645, 52.4713988], [13.6716118, 52.4722826], [13.6705792, 52.4728381], [13.6700979, 52.4730912], [13.669468, 52.4732841], [13.6692284, 52.4733579], [13.6689523, 52.4734426], [13.6682637, 52.4735898], [13.6675603, 52.4737397], [13.6674572, 52.473798], [13.6673593, 52.4738546], [13.6672387, 52.4742885], [13.66705, 52.4742463], [13.6657141, 52.4739521], [13.6646233, 52.4737744], [13.6643349, 52.4736951], [13.6638005, 52.473661], [13.6626468, 52.4737597], [13.6615203, 52.474046], [13.6599446, 52.4745214], [13.6596581, 52.4746059], [13.6592423, 52.4747311], [13.6583673, 52.475001], [13.6571659, 52.47575], [13.6568318, 52.4759613], [13.6560528, 52.4763921], [13.6554591, 52.4766477], [13.6546399, 52.4768634], [13.6540453, 52.4770149], [13.6536416, 52.4771161], [13.6531454, 52.4772452], [13.6523316, 52.4774619], [13.6516246, 52.4776781], [13.6510438, 52.4778575], [13.6506879, 52.4779756], [13.6502389, 52.4781266], [13.6498476, 52.4782557], [13.6496229, 52.4783283], [13.648688, 52.4786149], [13.648307, 52.4787311], [13.647576, 52.4788024], [13.6473081, 52.4788204], [13.645791, 52.4788723], [13.6448139, 52.4789796], [13.6440969, 52.4790957], [13.6433934, 52.4791986], [13.6432163, 52.4792245], [13.6427013, 52.4788081], [13.6425653, 52.4787054], [13.6419973, 52.4784779], [13.6413811, 52.4782269], [13.6409905, 52.4780693], [13.6408195, 52.4780038], [13.6399935, 52.4776914], [13.6398424, 52.4776337], [13.6396983, 52.4775755], [13.6377254, 52.4767705], [13.6367335, 52.4763766], [13.6361515, 52.4761481], [13.6355912, 52.4760182], [13.6344802, 52.4757674], [13.6318125, 52.4751913], [13.6310365, 52.4750266], [13.6294385, 52.4741023], [13.6281799, 52.4735458], [13.6273888, 52.4735842], [13.6269871, 52.4736066], [13.6266428, 52.4736242], [13.6257114, 52.4736778], [13.62534, 52.4736998], [13.6252342, 52.4729988], [13.6251591, 52.4724725], [13.6250733, 52.4719049], [13.624984, 52.4712707], [13.6249222, 52.4708631], [13.6248793, 52.470599], [13.6248229, 52.4702431], [13.6248013, 52.4701441], [13.6247445, 52.4694996], [13.624707, 52.4690567], [13.6251253, 52.4689079], [13.6252084, 52.4687461], [13.6237927, 52.468769], [13.6232189, 52.4687784], [13.6231359, 52.46878], [13.6228976, 52.468785], [13.622887, 52.4686991], [13.6228677, 52.4684859], [13.6228283, 52.4684064], [13.6227867, 52.4683258], [13.6227418, 52.4682718], [13.6226829, 52.4682016], [13.6226446, 52.4681456], [13.6226063, 52.4680607], [13.6227159, 52.4680223], [13.6227844, 52.4679952], [13.6229188, 52.4679397], [13.6229376, 52.4679267], [13.6229403, 52.4679075], [13.6229309, 52.4678981], [13.6229034, 52.4678895], [13.6228739, 52.4678887], [13.6228269, 52.4678633], [13.6227652, 52.4678495], [13.6227454, 52.4678454], [13.6227236, 52.4678423], [13.6227052, 52.4678354], [13.6226925, 52.4678261], [13.6226808, 52.4678131], [13.6226772, 52.4677988], [13.6226824, 52.4677842], [13.6227927, 52.4676775], [13.6229478, 52.4675351], [13.6230037, 52.467475], [13.6230516, 52.4674205], [13.6230536, 52.4673609], [13.6230159, 52.4672601], [13.6229775, 52.4671562], [13.6230176, 52.4670812], [13.6232018, 52.4668921], [13.6233739, 52.4667126], [13.6232179, 52.4666595], [13.6230582, 52.4666071], [13.6229008, 52.4665263], [13.6227589, 52.4664541], [13.6222786, 52.4665198], [13.6216668, 52.4666011], [13.6213807, 52.4666429], [13.6214484, 52.4666683], [13.62174, 52.4668013], [13.6219539, 52.4670053], [13.6220236, 52.4675643], [13.6220102, 52.4680292], [13.621992, 52.4681065], [13.6218641, 52.4684513], [13.620936, 52.468487], [13.6210468, 52.4693277], [13.6210446, 52.4694393], [13.6210525, 52.4695442], [13.6210673, 52.4696779], [13.6210941, 52.4699095], [13.6211355, 52.470262], [13.6211708, 52.4702628], [13.6211708, 52.4704639], [13.6207247, 52.4705432], [13.6204791, 52.4705868], [13.6201057, 52.4706523], [13.6176733, 52.4710836], [13.6171224, 52.4712088], [13.6168459, 52.4710091], [13.6161422, 52.4704974], [13.6150688, 52.4697173], [13.6143608, 52.4699541], [13.6139589, 52.470084], [13.6134952, 52.4702316], [13.6126946, 52.4703979], [13.6121764, 52.4705071], [13.6116765, 52.4705966], [13.6116605, 52.4706021], [13.6114984, 52.4706298], [13.6113673, 52.470652], [13.6115935, 52.4708327], [13.612137, 52.4712848], [13.6131722, 52.4721316], [13.613307, 52.4722227], [13.6139544, 52.4727528], [13.6145623, 52.4732528], [13.6150758, 52.4736727], [13.6156074, 52.4741094], [13.6160537, 52.4744749], [13.6161189, 52.4744684], [13.6161193, 52.4745287], [13.6164854, 52.4748296], [13.6158177, 52.4751334], [13.6154517, 52.4752999], [13.614803, 52.4754125], [13.6135519, 52.4756188], [13.6137284, 52.4762851], [13.6139545, 52.4771183], [13.6140754, 52.4776325], [13.6140931, 52.4776999], [13.6142445, 52.4782784], [13.6145218, 52.4793423], [13.6145808, 52.4795666], [13.6148914, 52.4807613], [13.6149208, 52.4807858], [13.6167693, 52.4823107], [13.6172694, 52.482733], [13.6178108, 52.4831806], [13.6183521, 52.4836282], [13.6204427, 52.4853559], [13.6230828, 52.4875433], [13.6238787, 52.4881998], [13.6251345, 52.4892415], [13.6252027, 52.4892993], [13.6252612, 52.4893488], [13.6279624, 52.4915835], [13.6289598, 52.4924087], [13.6297148, 52.4930366], [13.6278664, 52.4932672], [13.6274792, 52.4933139], [13.6268642, 52.4934064], [13.6258443, 52.493603], [13.6255536, 52.4936866], [13.6253573, 52.4937468], [13.6240057, 52.4941989], [13.6244459, 52.4950371], [13.6245821, 52.4952468], [13.6250042, 52.4958901], [13.6251604, 52.4961273], [13.6254448, 52.4965696], [13.6256835, 52.4969394], [13.6257521, 52.4970453], [13.6258326, 52.4971906], [13.6258698, 52.4972576], [13.6263433, 52.4981302], [13.6264157, 52.4982912], [13.626773, 52.4990843], [13.6269492, 52.4995631], [13.6270273, 52.4997899], [13.6271036, 52.5000306], [13.6271726, 52.5002539], [13.6272446, 52.5004995], [13.6273427, 52.5008516], [13.6276657, 52.5020017], [13.6279925, 52.5030642], [13.6280696, 52.503337], [13.6281502, 52.5035731], [13.6284374, 52.5043751], [13.6285994, 52.5048069], [13.6287552, 52.5052082], [13.6289009, 52.5055565], [13.6291956, 52.5061284], [13.629322, 52.5063637], [13.629463, 52.5066253], [13.6295145, 52.5067221], [13.6296126, 52.5068581], [13.6297236, 52.5070115], [13.6302553, 52.5077552], [13.6304863, 52.5080794], [13.6309646, 52.5087488], [13.6311032, 52.508946], [13.6314672, 52.5094731], [13.6317663, 52.5099021], [13.6321112, 52.5103939], [13.6324806, 52.5108799], [13.6327209, 52.51119], [13.6329139, 52.5114287], [13.6330689, 52.5116217], [13.6331597, 52.5117314], [13.6332891, 52.5118729], [13.6335551, 52.5121639], [13.6338075, 52.5124375], [13.6341792, 52.5128445], [13.6347946, 52.5133542], [13.6348686, 52.5134222], [13.634957, 52.5134937], [13.6352021, 52.5136992], [13.635389, 52.5138522], [13.6355016, 52.5139489], [13.6357831, 52.5142171], [13.636189, 52.5145096], [13.6364086, 52.514663], [13.6366349, 52.5148166], [13.6370907, 52.5151266], [13.637298, 52.5152524], [13.637408, 52.5153167], [13.6379844, 52.515657], [13.6385894, 52.5160295], [13.6391806, 52.5163954], [13.6396661, 52.5166969], [13.6402044, 52.5170917], [13.6414648, 52.5179451], [13.6420155, 52.5182796], [13.6424576, 52.5185489], [13.6430345, 52.5188147], [13.6437505, 52.5191469], [13.6444008, 52.5194461], [13.6451477, 52.5197913], [13.6457941, 52.5200896], [13.6464739, 52.5204035], [13.6467221, 52.5205186], [13.6469394, 52.5206176], [13.6470646, 52.5206745], [13.6471666, 52.5207134], [13.6478064, 52.5209774], [13.6486148, 52.5213105], [13.6498105, 52.5217998], [13.6508966, 52.5222427], [13.6517741, 52.5225986], [13.6525553, 52.5229145], [13.6535776, 52.5233313], [13.654357, 52.5236484], [13.6549267, 52.523882], [13.6550954, 52.5239551], [13.6553345, 52.5240629], [13.6556737, 52.5242362], [13.6560024, 52.524431], [13.6569075, 52.5249782], [13.6577278, 52.5254756], [13.6581709, 52.5257381], [13.6585034, 52.5259465], [13.6584662, 52.5260135], [13.6584081, 52.526097], [13.6582157, 52.52624], [13.6580946, 52.5263832], [13.6580346, 52.5265282], [13.6579794, 52.5267995], [13.6577952, 52.5272319], [13.6577859, 52.5273009], [13.6577002, 52.5274325], [13.6575554, 52.5277484], [13.6574391, 52.5281582], [13.6573629, 52.5284132], [13.6573029, 52.5285019], [13.6572143, 52.5289035], [13.6569123, 52.5298379], [13.6561529, 52.5298332], [13.6552897, 52.529828], [13.65464, 52.5298228], [13.6543751, 52.5298153], [13.6531546, 52.5297764], [13.6528526, 52.5297788], [13.6525087, 52.5297886], [13.6519427, 52.5298101], [13.6515597, 52.5298188], [13.65099, 52.5298072], [13.6501763, 52.5297591], [13.6495313, 52.5297208], [13.64853, 52.5296414], [13.6470399, 52.5296657], [13.6462529, 52.5296825], [13.6449762, 52.5297927], [13.6445027, 52.5298344], [13.6436833, 52.5298906], [13.6429535, 52.5300512], [13.6426753, 52.530112], [13.6422094, 52.5302123], [13.6416816, 52.5303242], [13.6406364, 52.530425], [13.6405897, 52.5304227], [13.6403601, 52.5304314], [13.6397765, 52.5304517], [13.6382298, 52.5304876], [13.6368835, 52.5305067], [13.6365891, 52.5305062], [13.6356821, 52.5304928], [13.634395, 52.5304795], [13.6338653, 52.5304984], [13.6329181, 52.5305318], [13.6322327, 52.5305531], [13.6315577, 52.5305734], [13.630703, 52.5305058], [13.6302653, 52.5304728], [13.6297865, 52.5304349], [13.629323, 52.5303899], [13.6288604, 52.5303494], [13.6269968, 52.5301859], [13.6267746, 52.530167], [13.626737, 52.5301278], [13.6260041, 52.5304035], [13.6256871, 52.5301844], [13.625593, 52.5305596], [13.6254918, 52.5309674], [13.6254315, 52.5312269], [13.6252763, 52.5317927], [13.6251738, 52.5321934], [13.6250377, 52.5327112], [13.6249348, 52.5331053], [13.6248099, 52.533584], [13.6257436, 52.5340392], [13.6256748, 52.5341234], [13.6256402, 52.5345045], [13.6255701, 52.534811], [13.6254664, 52.535271], [13.625409, 52.5355255], [13.6252362, 52.5362847], [13.6250935, 52.5369088], [13.6250299, 52.5371966], [13.6248966, 52.5377844], [13.6248686, 52.5379148], [13.6248253, 52.5380997], [13.6248807, 52.5380516], [13.6250133, 52.5379794], [13.6251241, 52.5379282], [13.6252887, 52.5378851], [13.6253181, 52.5378774], [13.6255133, 52.5378397], [13.6257371, 52.5377771], [13.6259715, 52.5377517], [13.6263188, 52.5376704], [13.626513, 52.5376482], [13.6265934, 52.5376446], [13.6267089, 52.5376395], [13.6269307, 52.5375904], [13.6270718, 52.5375721], [13.6273, 52.53753], [13.6275389, 52.5374846], [13.627792, 52.5375068], [13.6280426, 52.5375296], [13.628131, 52.5375463], [13.6282195, 52.5375682], [13.6283974, 52.5376384], [13.6284778, 52.5376797], [13.6285316, 52.537713], [13.6285958, 52.5377559], [13.6288588, 52.5379772], [13.6289913, 52.5379327], [13.6292541, 52.5378818], [13.6297107, 52.5377927], [13.6305781, 52.5376218], [13.6306121, 52.5376253], [13.6306993, 52.5376815], [13.6308885, 52.53779], [13.6316126, 52.5380015], [13.6318721, 52.5379554], [13.6321974, 52.5378974], [13.6327907, 52.5377931], [13.6330874, 52.5378019], [13.6331217, 52.5378672], [13.6333897, 52.537816], [13.6337201, 52.5377019], [13.6339467, 52.5376518], [13.6341648, 52.5380271], [13.6344019, 52.5379747], [13.6343849, 52.5379439], [13.6345065, 52.5379185], [13.6345166, 52.5379348], [13.6345541, 52.5379284], [13.6347462, 52.5382574], [13.6349046, 52.5382241], [13.6351417, 52.538451], [13.6355794, 52.5388779], [13.6356786, 52.5389778], [13.6357414, 52.5390398], [13.6359304, 52.5392269], [13.636221, 52.5395377], [13.6362976, 52.5396004], [13.6363723, 52.5396646], [13.6365514, 52.5398512], [13.6367536, 52.5400329], [13.6371157, 52.5403917], [13.6376506, 52.5409213], [13.6373759, 52.5422554], [13.6364728, 52.5422407], [13.6355793, 52.542282], [13.6354523, 52.542305], [13.6347633, 52.5426314], [13.6344007, 52.5428259], [13.6340154, 52.5428663], [13.6333356, 52.5429286], [13.631842, 52.5430653], [13.6304275, 52.543195], [13.6286043, 52.5433599], [13.6267297, 52.5435333], [13.6256928, 52.5436261], [13.6248023, 52.5437004], [13.6241744, 52.5437531], [13.6234896, 52.5438105], [13.6233131, 52.5438189], [13.6220707, 52.5439263], [13.6201264, 52.5440937], [13.6197372, 52.5441268], [13.6193695, 52.5441592], [13.6191935, 52.5441738], [13.6187157, 52.544215], [13.6179065, 52.5443497], [13.6173853, 52.5444359], [13.6166151, 52.5445645], [13.6152265, 52.5447962], [13.6138602, 52.5450224], [13.6105975, 52.5455665], [13.6101966, 52.5456327], [13.6096048, 52.5457291], [13.6094001, 52.5457626], [13.6089115, 52.5458485], [13.6087099, 52.5458818], [13.6081485, 52.5459759], [13.6080018, 52.5460028], [13.6075362, 52.5460773], [13.6066077, 52.5462331], [13.6047188, 52.5465495], [13.6043391, 52.5466087], [13.6037013, 52.5467178], [13.6036417, 52.546729], [13.6035304, 52.5467487], [13.6018366, 52.5470327], [13.6010382, 52.5471659], [13.5999588, 52.5473475], [13.5989898, 52.5475096], [13.5988977, 52.5475252], [13.5979696, 52.5476814], [13.5964049, 52.5479435], [13.5963103, 52.5479594], [13.5945541, 52.5482537], [13.593156, 52.5484893], [13.5930112, 52.5485131], [13.5928178, 52.548546], [13.5925583, 52.5485897], [13.5922968, 52.5486335], [13.5920435, 52.5486752], [13.5916587, 52.5487415], [13.5900437, 52.5490105], [13.5874276, 52.5494492], [13.5874085, 52.5494535], [13.5873605, 52.5494701], [13.5871219, 52.5495559], [13.5870069, 52.549596], [13.5865533, 52.5497602], [13.5863822, 52.5497848], [13.5863837, 52.549936], [13.5863872, 52.549952], [13.5864255, 52.5500339], [13.5864664, 52.550129], [13.5864872, 52.5501836], [13.586515, 52.5502407], [13.586555, 52.5503987], [13.5865733, 52.5504583], [13.5866087, 52.5505457], [13.5867838, 52.5508642], [13.586872, 52.5510248], [13.5869311, 52.5511772], [13.5869266, 52.5513618], [13.5869271, 52.5515155], [13.5869195, 52.5516409], [13.5869309, 52.5516787], [13.5869511, 52.5517341], [13.5869967, 52.5517995], [13.587091, 52.5519142], [13.5871891, 52.5520566], [13.5872568, 52.5521866], [13.5873005, 52.5522632], [13.5873416, 52.5523221], [13.5874594, 52.5524237], [13.5875454, 52.5525653], [13.5876543, 52.5529159], [13.5876821, 52.5531275], [13.5877739, 52.5533307], [13.5877853, 52.5534157], [13.5877752, 52.5535181], [13.5877853, 52.5536158], [13.5877486, 52.553784], [13.5877081, 52.5538787], [13.5877461, 52.5540657], [13.5877492, 52.5541019], [13.5877245, 52.5543074], [13.5877505, 52.5545925], [13.5877227, 52.5547222], [13.5877239, 52.5547764], [13.5877264, 52.5548857], [13.587717, 52.5549865], [13.5877024, 52.5550912], [13.5876366, 52.555222], [13.5876011, 52.5556265], [13.5874992, 52.5558165], [13.5874929, 52.5559505], [13.5873549, 52.5562086], [13.5868942, 52.5567143], [13.5867556, 52.5569794], [13.5866815, 52.5571706], [13.5866442, 52.557338], [13.5866227, 52.5574184], [13.5865708, 52.5575238], [13.5864796, 52.5576928], [13.5863512, 52.5578167], [13.5860562, 52.5580887], [13.5857525, 52.5583693], [13.5856208, 52.5584862], [13.585517, 52.5585627], [13.5854202, 52.5586205], [13.5853752, 52.5586751], [13.5853024, 52.5587182], [13.5852006, 52.5588013], [13.5850449, 52.5589206], [13.584886, 52.5590845], [13.5848582, 52.5591399], [13.5846987, 52.5593265], [13.5846126, 52.5594869], [13.5845556, 52.5596043], [13.5844341, 52.5598521], [13.5844404, 52.5600275], [13.584448, 52.5602061], [13.584448, 52.5602969], [13.5844354, 52.5605035], [13.584412, 52.5607059], [13.5843601, 52.5610444], [13.5843272, 52.5612599], [13.5841126, 52.5618159], [13.583974, 52.5622064], [13.5838329, 52.5626057], [13.5838107, 52.5630193], [13.5838525, 52.5632563], [13.5838727, 52.5633913], [13.5838784, 52.5634394], [13.5838999, 52.5635079], [13.5839145, 52.5635522], [13.5839272, 52.5635895], [13.5839392, 52.5636172], [13.5839423, 52.5636476], [13.583943, 52.5636749], [13.5839398, 52.5637034], [13.5839348, 52.5637615], [13.5839126, 52.5638222], [13.5838721, 52.5639257], [13.583843, 52.5639784], [13.5836126, 52.564337], [13.5833848, 52.5646836], [13.5833158, 52.5648544], [13.5832759, 52.5649549], [13.5832196, 52.5650964], [13.583167, 52.5652134], [13.583162, 52.5652988], [13.5831639, 52.5653338], [13.5831696, 52.5653565], [13.5832132, 52.5654592], [13.5832316, 52.5655523], [13.5832322, 52.5655885], [13.5832057, 52.5656573], [13.5831272, 52.5658674], [13.583117, 52.5659259], [13.5831093, 52.5659847], [13.5831183, 52.5660505], [13.5831633, 52.5661932], [13.583193, 52.5662836], [13.5832196, 52.566331], [13.5833424, 52.5665675], [13.5833936, 52.5666683], [13.5834151, 52.5667133], [13.5834215, 52.5667418], [13.5834272, 52.566768], [13.5834291, 52.5667918], [13.5834253, 52.5669526], [13.5834215, 52.5672092], [13.5834164, 52.5674166], [13.5834082, 52.567447], [13.5833639, 52.5676789], [13.5833481, 52.5676797], [13.5833487, 52.5677482], [13.5833196, 52.5677901], [13.5832221, 52.5679471], [13.5831462, 52.5680855], [13.5831557, 52.5681748], [13.5830854, 52.5682225], [13.5830936, 52.5682825], [13.5830417, 52.5683202], [13.5829753, 52.5684422], [13.5829107, 52.5685352], [13.5829493, 52.5685768], [13.5828259, 52.5688449], [13.5825576, 52.5692061], [13.5825354, 52.5692954], [13.5824835, 52.569385], [13.5824221, 52.5695339], [13.5823525, 52.5696177], [13.5822405, 52.5698054], [13.5821993, 52.569962], [13.5820886, 52.5700974], [13.5820905, 52.5701755], [13.5819576, 52.5703474], [13.5818854, 52.5704678], [13.5818759, 52.5705302], [13.5818418, 52.5705886], [13.5817854, 52.5706452], [13.5817494, 52.570741], [13.5817089, 52.570796], [13.5815988, 52.570892], [13.5815956, 52.5709483], [13.5815467, 52.5710414], [13.5815424, 52.5711074], [13.5812973, 52.5711076], [13.581242, 52.5711077], [13.5802895, 52.5711129], [13.579054, 52.5711201], [13.5778863, 52.5711279], [13.5776374, 52.5715226], [13.5774267, 52.5719589], [13.5773729, 52.5720714], [13.5771079, 52.572612], [13.5770427, 52.5727471], [13.5769686, 52.5729022], [13.576619, 52.5730636], [13.5762464, 52.5732358], [13.5760275, 52.5733355], [13.575766, 52.5734577], [13.5752694, 52.5736862], [13.5750641, 52.5737824], [13.5749716, 52.5738347], [13.574834, 52.5738029], [13.5746912, 52.5737818], [13.5746903, 52.5738379], [13.5733578, 52.5735863], [13.5730192, 52.5735235], [13.5726849, 52.5734633], [13.5726692, 52.5734605], [13.5720166, 52.5733459], [13.5714108, 52.5732374], [13.5708967, 52.5732647], [13.5702696, 52.573299], [13.5696238, 52.5733351], [13.5692483, 52.5733562], [13.5690806, 52.5733672], [13.5691566, 52.5730836], [13.5685707, 52.5731035], [13.5684965, 52.5733973], [13.5683185, 52.5737047], [13.5682723, 52.573783], [13.5682686, 52.5737892], [13.5677785, 52.5744137], [13.5677043, 52.5745093], [13.567622, 52.5746143], [13.5674124, 52.5748746], [13.5671207, 52.5752143], [13.5670532, 52.5752914], [13.5668973, 52.5754747], [13.566748, 52.5757401], [13.5665022, 52.5761759], [13.5663412, 52.5763231], [13.5659051, 52.5767203], [13.5656139, 52.576986], [13.5652122, 52.5773532], [13.5651267, 52.5774582], [13.56496, 52.5776618], [13.5645239, 52.5781988], [13.5644282, 52.5782711], [13.5642904, 52.5783765], [13.5639652, 52.5786233], [13.5636251, 52.5788819], [13.5635622, 52.5789318], [13.5633556, 52.5790851], [13.5632397, 52.5791825], [13.5630671, 52.5793343], [13.5628515, 52.5795226], [13.5627123, 52.5796434], [13.5623029, 52.5800126], [13.5620501, 52.5802375], [13.5618612, 52.5803892], [13.5617902, 52.5804294], [13.5613112, 52.5807014], [13.5610589, 52.5808855], [13.5605812, 52.5812359], [13.5604209, 52.5813385], [13.5598206, 52.5817122], [13.5594923, 52.5819023], [13.5594215, 52.5819418], [13.5584532, 52.5824814], [13.5574053, 52.5830636], [13.5568871, 52.5833522], [13.5568809, 52.5833802], [13.5558013, 52.5839473], [13.555393, 52.5841807], [13.5552052, 52.5842652], [13.5549172, 52.5843851], [13.5545886, 52.5845634], [13.5541811, 52.5847607], [13.55374, 52.5849418], [13.5533628, 52.5850948], [13.552909, 52.5853011], [13.552562, 52.5854569], [13.5521074, 52.5856613], [13.551882, 52.5857622], [13.5516638, 52.5858596], [13.5509972, 52.5861255], [13.550582, 52.5862919], [13.5501498, 52.5864678], [13.5499121, 52.5865658], [13.5495023, 52.5867132], [13.5493061, 52.5867902], [13.5485811, 52.5870536], [13.5478165, 52.5873394], [13.5469869, 52.5876432], [13.5471255, 52.5878538], [13.5463009, 52.5880484], [13.5441079, 52.5885676], [13.5419179, 52.5890862], [13.5415683, 52.5891695], [13.5414903, 52.5891881], [13.5384334, 52.5898672], [13.5371124, 52.5901643], [13.5364731, 52.5903084], [13.5358283, 52.5904539], [13.5352718, 52.5905787], [13.5347153, 52.5907042], [13.5346222, 52.5907249], [13.533924, 52.5908806], [13.533204, 52.5910373], [13.5317641, 52.5913518], [13.531499, 52.5914083], [13.5309374, 52.5915313], [13.5300644, 52.5917205], [13.5295341, 52.5918358], [13.5287589, 52.5920058], [13.5276937, 52.5922366], [13.527291, 52.5922335], [13.5271822, 52.5922325], [13.5261789, 52.5923671], [13.5228816, 52.5927494], [13.5207418, 52.5926619], [13.518998, 52.592591], [13.5171784, 52.5925164], [13.5165851, 52.5924931], [13.5153955, 52.5924465], [13.513267, 52.5923583], [13.511051, 52.5922639], [13.5099337, 52.5922154], [13.5089241, 52.5921722], [13.5081184, 52.5921389], [13.5074961, 52.5930565], [13.506618, 52.5943473], [13.5056397, 52.5957812], [13.5053618, 52.59619], [13.5051761, 52.5964629], [13.505085, 52.5966044], [13.5048777, 52.5968989], [13.5044773, 52.5974587], [13.5042089, 52.5978346], [13.5034968, 52.5988318], [13.503254, 52.5991693], [13.5028923, 52.5996781], [13.5021561, 52.6007157], [13.5005625, 52.6029388], [13.4989735, 52.6051636], [13.4983983, 52.60513], [13.4978194, 52.6050962], [13.4966616, 52.6050272], [13.4971188, 52.6066677], [13.4975074, 52.6079046], [13.4977938, 52.608731], [13.497929, 52.609127], [13.4984947, 52.6107074], [13.4985075, 52.6107434], [13.4986635, 52.6110305], [13.4990779, 52.6117709], [13.5000564, 52.6133445], [13.5002693, 52.6136894], [13.5003741, 52.6138837], [13.5006141, 52.6143442], [13.5006549, 52.614421], [13.5008621, 52.6148815], [13.501111, 52.6153707], [13.5012358, 52.6156097], [13.5015174, 52.616095], [13.5019142, 52.6167775], [13.5022591, 52.6173298], [13.5026567, 52.6179623], [13.5028759, 52.6183047], [13.503272, 52.6189027], [13.5033152, 52.6190008], [13.5035192, 52.6191669], [13.5037008, 52.6192616], [13.5046137, 52.61959], [13.5047247, 52.6196447], [13.5054583, 52.619974], [13.5054978, 52.6205367], [13.5055468, 52.6212509], [13.505628, 52.6224424], [13.5057741, 52.624582], [13.5058394, 52.6255136], [13.5058558, 52.6257537], [13.5061598, 52.6258793], [13.5065037, 52.6260231], [13.5078079, 52.6265607], [13.5078958, 52.6265954], [13.5079557, 52.6266153], [13.509022, 52.6269948], [13.5102362, 52.6274157], [13.5108509, 52.6276184], [13.5114635, 52.6278126], [13.5123202, 52.6280416], [13.5134016, 52.6283091], [13.5138421, 52.6284301], [13.5146588, 52.6286454], [13.5164398, 52.6291519], [13.5178192, 52.6295666], [13.5178737, 52.6297479], [13.5179808, 52.6301064], [13.5181659, 52.6307173], [13.5184356, 52.6316476], [13.5186468, 52.6320744], [13.5190634, 52.6329706], [13.5194001, 52.6336926], [13.5197404, 52.6344295], [13.5201516, 52.6352204], [13.5204174, 52.6357249], [13.5205909, 52.6361666], [13.5208802, 52.6369029], [13.5210581, 52.6374949], [13.5211342, 52.6376286], [13.5213922, 52.6380821], [13.521719, 52.6386606], [13.5217497, 52.6387242], [13.5217641, 52.6387919], [13.521865, 52.639084], [13.5220984, 52.6397555], [13.5222205, 52.6401185], [13.5223505, 52.6404861], [13.5224404, 52.6407646], [13.5224866, 52.641107], [13.5225237, 52.6413951], [13.5225572, 52.6416543], [13.5225926, 52.6418641], [13.5226816, 52.6423194], [13.5227605, 52.6428145], [13.5228059, 52.6430854], [13.5228404, 52.643325], [13.5229102, 52.6438277], [13.5229456, 52.6440893], [13.5229596, 52.6443313], [13.523022, 52.6450365], [13.5224148, 52.6449972], [13.5217995, 52.6449392], [13.52039, 52.6448809], [13.5199409, 52.6455038], [13.5198502, 52.6458033], [13.519726, 52.6460672], [13.5196714, 52.6461822], [13.5196188, 52.6462857], [13.5194999, 52.6465076], [13.5192654, 52.646947], [13.5184717, 52.6468181], [13.5178673, 52.646708], [13.5176468, 52.6466623], [13.5171776, 52.646567], [13.5165705, 52.6464222], [13.5162674, 52.6463538], [13.5154471, 52.6461758], [13.5151919, 52.6461219], [13.5137949, 52.6456949], [13.512828, 52.6454021], [13.5121937, 52.6457053], [13.5118869, 52.6458551], [13.5115993, 52.6460087], [13.5104393, 52.6466254], [13.510284, 52.6467046], [13.5100534, 52.6468298], [13.5091563, 52.6473048], [13.5082518, 52.6477799], [13.5074087, 52.6482325], [13.5072814, 52.6483019], [13.5071736, 52.6483522], [13.5068005, 52.6485453], [13.5065945, 52.6486466], [13.5060083, 52.6489342], [13.5053694, 52.6492486], [13.5047354, 52.649558], [13.5047225, 52.6495635], [13.503142, 52.649971], [13.5027993, 52.650121], [13.502706, 52.650161], [13.5025812, 52.6502069], [13.5018057, 52.6504926], [13.5004524, 52.6510152], [13.5000012, 52.651191], [13.4987298, 52.6516898], [13.4982891, 52.6518668], [13.4978634, 52.6520294], [13.4964437, 52.6525864], [13.4952581, 52.6530521], [13.4941339, 52.6534914], [13.4922911, 52.6542077], [13.4907625, 52.6547958], [13.489656, 52.6557454], [13.4894529, 52.6559202], [13.487411, 52.6576691], [13.4853597, 52.6594285], [13.4857775, 52.6609811], [13.486187, 52.662492], [13.4865398, 52.6638052], [13.4869537, 52.6653344], [13.4873368, 52.6667427], [13.4876354, 52.6678609], [13.4878521, 52.6686702], [13.487972, 52.6691111], [13.4881931, 52.6699225], [13.4884252, 52.6707899], [13.4861745, 52.6699881], [13.4852166, 52.6696411], [13.4846951, 52.6695184], [13.4844585, 52.6694625], [13.4837892, 52.669304], [13.4836535, 52.669263], [13.4824842, 52.6689061], [13.4808276, 52.6684007], [13.4799242, 52.6681087], [13.4792481, 52.6679598], [13.4779722, 52.6676789], [13.4769603, 52.6671175], [13.4763414, 52.6668058], [13.4758323, 52.666549], [13.4757044, 52.666647], [13.4756599, 52.6666935], [13.4755633, 52.6668715], [13.4755791, 52.6670622], [13.4755506, 52.6671833], [13.4755492, 52.6672769], [13.4755719, 52.6673336], [13.4756241, 52.667412], [13.4756617, 52.6674467], [13.4756821, 52.6674703], [13.4756985, 52.6675014], [13.4756826, 52.6675386], [13.4756227, 52.6676063], [13.4754162, 52.6677763], [13.4753015, 52.667904], [13.4751304, 52.667992], [13.4748926, 52.668044], [13.4747075, 52.668044], [13.4745877, 52.6680652], [13.4745328, 52.6682226], [13.474717, 52.6685536], [13.4749493, 52.6689389], [13.4753087, 52.6695327], [13.4755574, 52.6699239], [13.4758709, 52.6704203], [13.4759671, 52.670578], [13.4761186, 52.6708435], [13.4764685, 52.6713619], [13.4769073, 52.6717897], [13.4772657, 52.6720739], [13.478244, 52.6730776], [13.4790362, 52.6738904], [13.4794578, 52.6743242], [13.4798448, 52.6747221], [13.480083, 52.6748585], [13.4799782, 52.6749601], [13.4794873, 52.6755087], [13.4772739, 52.6739036], [13.4768542, 52.6741493], [13.476468, 52.6743779], [13.4762629, 52.674502], [13.4755211, 52.6750242], [13.4754875, 52.6750071], [13.4754253, 52.6749565], [13.4745383, 52.6742392], [13.4738517, 52.6736862], [13.4735577, 52.673448], [13.4732188, 52.6731593], [13.4718063, 52.6719556], [13.4707132, 52.6710259], [13.4705226, 52.6710743], [13.4693551, 52.6700706], [13.4659262, 52.6671206], [13.4647591, 52.6674596], [13.4621955, 52.668208], [13.4595492, 52.6689779], [13.4591935, 52.6686896], [13.4583105, 52.6679852], [13.4577079, 52.6675086], [13.4569048, 52.6668658], [13.4555009, 52.6657485], [13.455215, 52.6656374], [13.4538556, 52.6647282], [13.4529844, 52.664147], [13.4523964, 52.6637545], [13.4519753, 52.6634738], [13.4515742, 52.6632075], [13.450782, 52.6626681], [13.4539446, 52.6618491], [13.4541515, 52.6617481], [13.4548167, 52.6614203], [13.4550844, 52.6612857], [13.455677, 52.6609811], [13.4568807, 52.6603665], [13.4576231, 52.6599881], [13.4587139, 52.6594156], [13.4599013, 52.658806], [13.461131, 52.6581788], [13.4619677, 52.6577508], [13.4623824, 52.6575394], [13.4701959, 52.6568312], [13.4735092, 52.6565299], [13.4735291, 52.6563735], [13.473678, 52.6563223], [13.4740437, 52.6560107], [13.4741235, 52.6559455], [13.4742597, 52.6557534], [13.4742692, 52.6556882], [13.4742161, 52.655591], [13.4741866, 52.6553678], [13.4741213, 52.6551457], [13.4740364, 52.6548597], [13.4740763, 52.6547702], [13.4740487, 52.6546387], [13.4740282, 52.6546378], [13.4740264, 52.6545588], [13.4741126, 52.6545137], [13.4740645, 52.6543414], [13.4739048, 52.6541195], [13.4736117, 52.6539164], [13.4735037, 52.6538757], [13.4732669, 52.6538278], [13.472961, 52.6536951], [13.4727151, 52.6536323], [13.4726597, 52.6536092], [13.4726144, 52.6535646], [13.4724084, 52.6534798], [13.4721724, 52.6534138], [13.4721525, 52.6533763], [13.4720517, 52.6533097], [13.4719701, 52.6532283], [13.4718085, 52.653155], [13.4715644, 52.6529937], [13.4714401, 52.652882], [13.4712758, 52.6527845], [13.4710943, 52.6526618], [13.4704917, 52.6523628], [13.4701569, 52.6520402], [13.4699645, 52.6518641], [13.4698919, 52.6518338], [13.4697122, 52.6517886], [13.4695389, 52.6517413], [13.4692666, 52.6516664], [13.4690162, 52.6516752], [13.468763, 52.6517352], [13.4686586, 52.6517226], [13.4685588, 52.6516802], [13.468488, 52.6516383], [13.4683138, 52.6516587], [13.4681459, 52.6516405], [13.4680016, 52.6516064], [13.4676613, 52.6515899], [13.4675551, 52.6515998], [13.4673328, 52.6516675], [13.467075, 52.6516559], [13.4669335, 52.6516163], [13.4667901, 52.65152], [13.4665732, 52.6514748], [13.4663835, 52.6513867], [13.4657202, 52.6511704], [13.4655396, 52.651052], [13.4654425, 52.6509953], [13.4652619, 52.650894], [13.4650178, 52.6507376], [13.4647283, 52.6506875], [13.4646511, 52.6506551], [13.4645631, 52.6505785], [13.4645196, 52.6505598], [13.4644814, 52.6505565], [13.4644451, 52.6505543], [13.4644043, 52.6505543], [13.4643598, 52.6505483], [13.4642622, 52.6505177], [13.4642573, 52.6504893], [13.46427, 52.6504359], [13.4642509, 52.6504194], [13.4641901, 52.6504365], [13.4641538, 52.6504436], [13.464113, 52.6504447], [13.4640613, 52.6504381], [13.4640014, 52.6504271], [13.4638646, 52.6503775], [13.4637582, 52.6503038], [13.4636092, 52.6502265], [13.4630501, 52.6499204], [13.4627589, 52.6496214], [13.4626365, 52.649402], [13.4623997, 52.6490524], [13.4623443, 52.6489951], [13.4622091, 52.6488971], [13.4621192, 52.6488514], [13.4618234, 52.648825], [13.4612916, 52.6487341], [13.4607997, 52.6486042], [13.4604703, 52.6484963], [13.4603823, 52.6484649], [13.4600792, 52.6483179], [13.4597316, 52.6480828], [13.4564552, 52.6484163], [13.4562686, 52.6483801], [13.453048, 52.6486268], [13.4520869, 52.6487022], [13.4520942, 52.6492649], [13.4520978, 52.6496723], [13.4519853, 52.6496927], [13.4518115, 52.6496531], [13.4516876, 52.6496261], [13.4515978, 52.6497417], [13.4515951, 52.6497433], [13.4509771, 52.6498518], [13.4487809, 52.6500004], [13.4480822, 52.650034], [13.4478952, 52.6500395], [13.4477083, 52.6500384], [13.4474896, 52.6500258], [13.4470957, 52.6499526], [13.4467636, 52.6499002], [13.4465658, 52.649849], [13.4464451, 52.6497868], [13.4461537, 52.649729], [13.4459187, 52.649674], [13.4453896, 52.6495639], [13.4451673, 52.6495303], [13.4449096, 52.6495033], [13.4439903, 52.6495248], [13.443306, 52.6495385], [13.4431981, 52.6493508], [13.4428922, 52.6493623], [13.4427715, 52.6491267], [13.4421218, 52.6490705], [13.4416108, 52.6490248], [13.4416517, 52.6493288], [13.4415437, 52.6493866], [13.4412714, 52.6493398], [13.4408204, 52.6492654], [13.4407197, 52.6488828], [13.440619, 52.6484886], [13.4404266, 52.6477426], [13.4402051, 52.6468792], [13.4397877, 52.6452681], [13.4394129, 52.6452571], [13.4390789, 52.6452169], [13.4388321, 52.6451558], [13.4386207, 52.6451217], [13.437852, 52.6449983], [13.4373919, 52.6449179], [13.437107, 52.6448689], [13.4368901, 52.6448387], [13.4367213, 52.6448221], [13.4362839, 52.6447594], [13.435704, 52.6446647], [13.4352548, 52.6445303], [13.4347774, 52.6444373], [13.4344861, 52.6443844], [13.4340061, 52.644282], [13.43387, 52.6440072], [13.43382, 52.6438211], [13.4337874, 52.6435788], [13.4337429, 52.6432292], [13.4336558, 52.6429191], [13.4335296, 52.6424434], [13.433477, 52.6421251], [13.4335051, 52.6421212], [13.4333872, 52.6414715], [13.4335414, 52.6408448], [13.4335848, 52.6406799], [13.4337411, 52.6400248], [13.4339353, 52.6392429], [13.434075, 52.6386916], [13.4342584, 52.6379548], [13.4327165, 52.6373793], [13.4318181, 52.6374035], [13.4302509, 52.6374448], [13.4287444, 52.6374834], [13.42763, 52.6375136], [13.4272425, 52.6372845], [13.4270202, 52.6371513], [13.4266118, 52.636909], [13.424374, 52.6355778], [13.4243513, 52.6354682], [13.421696, 52.6369216], [13.4208143, 52.6373958], [13.4200549, 52.6377634], [13.419158, 52.6381976], [13.4173802, 52.6390322], [13.4168593, 52.6392684], [13.4165593, 52.63943], [13.4155505, 52.6402469], [13.4150588, 52.6406437], [13.4142585, 52.6412391], [13.4144962, 52.6414952], [13.4147523, 52.6417789], [13.4147347, 52.6423866], [13.4144224, 52.6425122], [13.4139139, 52.6424829], [13.4136322, 52.6424647], [13.4133264, 52.6426925], [13.4128216, 52.6430782], [13.4122912, 52.6434826], [13.4100657, 52.6430805], [13.4087489, 52.6428421], [13.4080692, 52.64272], [13.4078856, 52.6426845], [13.4077992, 52.6427635], [13.407691, 52.6428629], [13.4066664, 52.6437774], [13.4065885, 52.6438473], [13.4055063, 52.6442628], [13.4047734, 52.6445445], [13.4038925, 52.6448627], [13.4031181, 52.6452546], [13.4012976, 52.6462528], [13.4001292, 52.6468991], [13.3992901, 52.6473787], [13.3983144, 52.6478977], [13.3979465, 52.648094], [13.3979077, 52.6481146], [13.3979238, 52.6481889], [13.3979377, 52.6482899], [13.3978006, 52.6482944], [13.3977731, 52.6482946], [13.3975979, 52.6482211], [13.3973817, 52.6481918], [13.3972687, 52.6481508], [13.397047, 52.6480234], [13.3970031, 52.6479521], [13.3968367, 52.6478325], [13.3968045, 52.6476943], [13.3966988, 52.6476257], [13.3963897, 52.6474255], [13.3962269, 52.6474288], [13.3960762, 52.647441], [13.3958062, 52.6474308], [13.3952019, 52.6474401], [13.3949203, 52.6474936], [13.3945552, 52.647556], [13.3945019, 52.6475333], [13.3944914, 52.6474812], [13.3944715, 52.6473616], [13.3943496, 52.647184], [13.3942981, 52.6471194], [13.3941298, 52.6469146], [13.3939897, 52.6467881], [13.3939571, 52.6467575], [13.3939074, 52.6466911], [13.3938778, 52.6466108], [13.3938423, 52.6465191], [13.393922, 52.6464439], [13.3939202, 52.6464024], [13.3938642, 52.6463171], [13.3937322, 52.6462281], [13.3935628, 52.6461773], [13.3933452, 52.646158], [13.3932062, 52.6460528], [13.3931703, 52.6459889], [13.3931451, 52.6459651], [13.3931381, 52.6458797], [13.3932025, 52.6458588], [13.3932602, 52.6458342], [13.3932985, 52.645798], [13.3932661, 52.6457589], [13.3932359, 52.6457358], [13.3931974, 52.6457064], [13.3930013, 52.6456442], [13.3929274, 52.6455616], [13.3931732, 52.6454109], [13.3930408, 52.6453142], [13.3928462, 52.6453231], [13.3928262, 52.6453766], [13.3928473, 52.645468], [13.3927778, 52.6453792], [13.3927197, 52.6453077], [13.3929226, 52.645265], [13.3929461, 52.6452332], [13.3928791, 52.6451717], [13.3928111, 52.6451483], [13.3925269, 52.6450973], [13.3923826, 52.6449836], [13.3923639, 52.6449617], [13.3924045, 52.6448893], [13.3924232, 52.6448035], [13.3924031, 52.6447825], [13.3923753, 52.6447688], [13.3923498, 52.6447635], [13.3923312, 52.6447621], [13.3922419, 52.6447764], [13.3921552, 52.6448157], [13.3920912, 52.6448223], [13.392029, 52.6447908], [13.3919098, 52.6447511], [13.391924, 52.6446934], [13.391984, 52.6446026], [13.3922617, 52.6444772], [13.3923118, 52.6444388], [13.3923275, 52.6444037], [13.3923092, 52.6443795], [13.3922807, 52.6443669], [13.3921699, 52.6443483], [13.3921271, 52.644356], [13.3920886, 52.6443772], [13.3920722, 52.6444222], [13.3920173, 52.6444808], [13.3919584, 52.644461], [13.3919537, 52.644439], [13.3920151, 52.6443574], [13.3920111, 52.6443218], [13.3919815, 52.6442799], [13.3919588, 52.6442619], [13.3919069, 52.6442444], [13.3918414, 52.6442266], [13.3918278, 52.6441987], [13.3918688, 52.6441436], [13.3918966, 52.6441094], [13.3919549, 52.6441276], [13.3920369, 52.6441478], [13.3920935, 52.6441532], [13.3921622, 52.6441405], [13.3921838, 52.6441172], [13.3921823, 52.6440795], [13.3921732, 52.6440451], [13.3921443, 52.644014], [13.3920621, 52.6440015], [13.3920072, 52.6439818], [13.3918115, 52.6439118], [13.3917433, 52.6438409], [13.3917726, 52.643828], [13.3919569, 52.6438383], [13.3919946, 52.6438398], [13.3920433, 52.6438368], [13.3921255, 52.6438265], [13.3922047, 52.6438268], [13.3922602, 52.6438094], [13.3922942, 52.6437419], [13.3922855, 52.6437048], [13.392205, 52.6436873], [13.3920938, 52.6436837], [13.3919942, 52.6436973], [13.3919749, 52.6436991], [13.3918622, 52.6437241], [13.3917375, 52.6437172], [13.3915297, 52.6436606], [13.3914994, 52.6436327], [13.3915981, 52.643608], [13.3916921, 52.6435799], [13.3918721, 52.643573], [13.3919444, 52.6435753], [13.3920676, 52.6435768], [13.3921293, 52.6436005], [13.3921795, 52.6436394], [13.3922328, 52.6436527], [13.3922874, 52.6436524], [13.3923103, 52.6435716], [13.3922455, 52.6435242], [13.3922419, 52.6435215], [13.3922236, 52.6434786], [13.3922492, 52.6434027], [13.3922653, 52.6433302], [13.3922463, 52.6432764], [13.3922252, 52.6432505], [13.3922057, 52.6432367], [13.3921033, 52.643234], [13.3919749, 52.6432933], [13.3919475, 52.6433188], [13.3919623, 52.6433651], [13.3920053, 52.6434022], [13.3920105, 52.64346], [13.3919723, 52.6434751], [13.3919625, 52.6434114], [13.391897, 52.6433881], [13.391833, 52.6433916], [13.3915703, 52.6434529], [13.3915052, 52.6434962], [13.3913311, 52.6435523], [13.3912985, 52.6435477], [13.3913391, 52.6433404], [13.3913029, 52.6431779], [13.3912528, 52.6431606], [13.3912031, 52.6431657], [13.391116, 52.6432114], [13.3911058, 52.6431841], [13.3911504, 52.64307], [13.391063, 52.642959], [13.3910092, 52.6429178], [13.3909382, 52.6428925], [13.3908647, 52.6427937], [13.3907583, 52.6427313], [13.3906994, 52.6426545], [13.3906763, 52.6426334], [13.390665, 52.6426212], [13.3906716, 52.6426159], [13.3908556, 52.6425981], [13.3909123, 52.6425384], [13.3908958, 52.6424723], [13.3908073, 52.6424115], [13.3907733, 52.6424039], [13.3906039, 52.6424208], [13.3904148, 52.6424774], [13.3903094, 52.6424801], [13.3901444, 52.6424361], [13.390184, 52.6423984], [13.3904305, 52.6423151], [13.3905658, 52.6422441], [13.3905885, 52.6421933], [13.3905819, 52.6421753], [13.3905468, 52.6421535], [13.39047, 52.642132], [13.390414, 52.642108], [13.3903661, 52.6420967], [13.3903314, 52.6420963], [13.3902959, 52.6421094], [13.3902655, 52.6421409], [13.3902502, 52.6421509], [13.3902315, 52.6421649], [13.3902044, 52.6421544], [13.3902377, 52.6419988], [13.3902816, 52.6419798], [13.3903127, 52.6419502], [13.390297, 52.6419147], [13.39026, 52.6418892], [13.3903827, 52.6418904], [13.3904276, 52.6418823], [13.3904616, 52.6418506], [13.3904616, 52.6418239], [13.3904521, 52.6418119], [13.3904012, 52.6417898], [13.3902655, 52.6417824], [13.3902088, 52.6417704], [13.3901675, 52.6417496], [13.3901368, 52.6416934], [13.3900804, 52.6416401], [13.3900435, 52.64157], [13.3900629, 52.6415285], [13.3900995, 52.6414992], [13.3901861, 52.6415289], [13.3902685, 52.6415511], [13.3903339, 52.6415536], [13.3903595, 52.6415431], [13.3903833, 52.6415292], [13.3903928, 52.6415045], [13.3903782, 52.641465], [13.3903358, 52.6414348], [13.3902922, 52.6414013], [13.3902242, 52.6413802], [13.390181, 52.6413472], [13.3898171, 52.641422], [13.3898844, 52.6415221], [13.3896568, 52.6415205], [13.3896521, 52.641453], [13.3896755, 52.6413753], [13.3896843, 52.6412251], [13.389982, 52.6411951], [13.3900475, 52.6411851], [13.3900011, 52.641093], [13.38991, 52.6410162], [13.3899118, 52.6409942], [13.3900706, 52.6409629], [13.3900965, 52.6409523], [13.3901225, 52.6409319], [13.3901382, 52.6409068], [13.3901174, 52.6408728], [13.3901152, 52.6408395], [13.3901646, 52.6408431], [13.3902308, 52.640867], [13.3902791, 52.6408737], [13.3903548, 52.6408739], [13.3903987, 52.6408515], [13.390406, 52.6408255], [13.3903884, 52.6407982], [13.3903775, 52.6407822], [13.3903398, 52.6407543], [13.3903076, 52.6407296], [13.3902421, 52.6406983], [13.3902077, 52.6406253], [13.3901657, 52.640533], [13.3901327, 52.6405094], [13.3900621, 52.6405152], [13.3899597, 52.6405494], [13.3899089, 52.6405387], [13.389925, 52.6405072], [13.3900062, 52.6404777], [13.3901038, 52.6404377], [13.3901876, 52.6403931], [13.3903105, 52.6402979], [13.3904455, 52.6401459], [13.3904568, 52.6401219], [13.3904568, 52.6401117], [13.3904459, 52.6400986], [13.390372, 52.6400462], [13.3903859, 52.6399847], [13.3905216, 52.6399554], [13.390605, 52.6399146], [13.3905446, 52.6398915], [13.3904996, 52.6398753], [13.3904601, 52.6398586], [13.3903621, 52.6398111], [13.3902527, 52.6397463], [13.3901507, 52.6396757], [13.3900651, 52.6395991], [13.3898899, 52.6394786], [13.3898694, 52.6393987], [13.3898225, 52.6393851], [13.389674, 52.6393938], [13.3896331, 52.639386], [13.3896108, 52.6393727], [13.389621, 52.6393483], [13.3896451, 52.6393181], [13.3896685, 52.639301], [13.389711, 52.6392659], [13.3897498, 52.6392251], [13.3898419, 52.6391951], [13.3899213, 52.6391461], [13.3899323, 52.6391228], [13.3898899, 52.6390742], [13.3897768, 52.6390557], [13.3896038, 52.6390191], [13.3895881, 52.6389876], [13.3896049, 52.6389463], [13.3897221, 52.638915], [13.3897589, 52.6389021], [13.3896667, 52.6388786], [13.38955, 52.6388955], [13.3894878, 52.6388808], [13.3894374, 52.6388366], [13.3894674, 52.6388124], [13.3897348, 52.6388355], [13.3898174, 52.6388475], [13.3898156, 52.6387807], [13.3896788, 52.6386393], [13.3895632, 52.6385796], [13.3895226, 52.6385203], [13.38952, 52.6384706], [13.3894487, 52.6383596], [13.3893536, 52.6382515], [13.3892654, 52.6381945], [13.3890734, 52.6381485], [13.3890588, 52.6381305], [13.3890716, 52.6381123], [13.3892592, 52.6380144], [13.3893258, 52.6379552], [13.389328, 52.6378941], [13.3893134, 52.6378755], [13.3892749, 52.6378555], [13.3892384, 52.637851], [13.3891374, 52.6378517], [13.3890222, 52.6378775], [13.3889421, 52.6378599], [13.3889384, 52.6378393], [13.3891327, 52.6377243], [13.3891787, 52.6377065], [13.3892124, 52.6376741], [13.3892153, 52.6376473], [13.3892033, 52.6376251], [13.3891506, 52.6376113], [13.388971, 52.6375949], [13.388656, 52.6376053], [13.3886187, 52.6375942], [13.3883685, 52.6374513], [13.3883041, 52.6374186], [13.388314, 52.6373847], [13.3883301, 52.6373605], [13.3883444, 52.6373114], [13.3883455, 52.6372852], [13.3883341, 52.6372561], [13.3883151, 52.6372237], [13.388228, 52.6371771], [13.388175, 52.6371627], [13.3880686, 52.6371596], [13.3879427, 52.6371751], [13.3877905, 52.6372053], [13.3876764, 52.6372386], [13.3876175, 52.6372393], [13.3875703, 52.6372222], [13.3875352, 52.6372035], [13.3874895, 52.6371751], [13.387439, 52.6371536], [13.3873337, 52.6371145], [13.3872836, 52.6371001], [13.3871716, 52.6370617], [13.3871222, 52.6370286], [13.3871007, 52.6370059], [13.3870542, 52.6369882], [13.387007, 52.6369791], [13.386951, 52.6369753], [13.3868859, 52.6369831], [13.3868252, 52.637003], [13.3868208, 52.6370044], [13.3867494, 52.6370225], [13.3866928, 52.6370228], [13.3866522, 52.6370028], [13.3866266, 52.6369738], [13.3866079, 52.6369227], [13.3865699, 52.636893], [13.3865337, 52.6368719], [13.3865077, 52.6368708], [13.3864664, 52.636881], [13.3864291, 52.6369132], [13.3863914, 52.6369285], [13.3863577, 52.6369278], [13.3863482, 52.6369052], [13.3863515, 52.6368754], [13.3864064, 52.6368235], [13.3864126, 52.6367769], [13.3863742, 52.6367438], [13.3863277, 52.6367327], [13.3862933, 52.6367373], [13.3862487, 52.6367509], [13.3861971, 52.6367786], [13.3861192, 52.6367826], [13.3859879, 52.6366974], [13.3857973, 52.6366021], [13.385767, 52.6365897], [13.3857355, 52.6365811], [13.3856898, 52.6365839], [13.3855804, 52.6366175], [13.3855288, 52.6366288], [13.3854407, 52.6366128], [13.3853876, 52.6365942], [13.3853357, 52.6365724], [13.3852197, 52.6365424], [13.3851495, 52.63652], [13.3850939, 52.6364889], [13.3850965, 52.6364745], [13.3851209, 52.6364535], [13.3851285, 52.6364493], [13.3851733, 52.6364268], [13.3852036, 52.6364048], [13.385211, 52.63635], [13.3851956, 52.6363258], [13.3851586, 52.6362956], [13.3851133, 52.6362747], [13.3850807, 52.6362645], [13.3850452, 52.6362614], [13.3850054, 52.6362621], [13.3849677, 52.6362692], [13.3849125, 52.6362927], [13.3848704, 52.636324], [13.3848437, 52.6363533], [13.3848133, 52.6364219], [13.3847859, 52.6364419], [13.384761, 52.636449], [13.384697, 52.6364401], [13.3846623, 52.6364263], [13.3845975, 52.6362951], [13.3845679, 52.6362609], [13.3845287, 52.6362447], [13.3844852, 52.6362465], [13.38446, 52.6362534], [13.3844472, 52.6362596], [13.384423, 52.6362747], [13.3843851, 52.6363347], [13.3843674, 52.6363608], [13.3843447, 52.6363795], [13.3843071, 52.6363915], [13.3842687, 52.6363817], [13.3842559, 52.6363577], [13.3842529, 52.6363253], [13.3842405, 52.6362712], [13.3842072, 52.6362305], [13.3841421, 52.6362032], [13.384092, 52.6361935], [13.3840265, 52.6361848], [13.3839647, 52.636207], [13.3839329, 52.6362299], [13.3839025, 52.6362578], [13.3838699, 52.6362805], [13.3838352, 52.6363233], [13.3838312, 52.6363564], [13.3838494, 52.636388], [13.383902, 52.6364098], [13.3839358, 52.6364419], [13.3839343, 52.6364632], [13.3838897, 52.6364827], [13.383822, 52.6364732], [13.383758, 52.6364545], [13.3835663, 52.6364254], [13.3834983, 52.6364354], [13.3834588, 52.6364543], [13.3834134, 52.6365398], [13.383412, 52.6365407], [13.3833688, 52.6366128], [13.3833271, 52.6366374], [13.3832828, 52.6366337], [13.3832349, 52.6366126], [13.3832137, 52.6365884], [13.3831654, 52.6365298], [13.3831215, 52.6364878], [13.3830743, 52.6364261], [13.3830206, 52.6363693], [13.382958, 52.6363509], [13.3829079, 52.6363446], [13.3828677, 52.636354], [13.382838, 52.6363626], [13.382815, 52.6363739], [13.3827407, 52.6364183], [13.3826866, 52.6364354], [13.3825893, 52.6364543], [13.3825231, 52.6364583], [13.3824843, 52.6364599], [13.3824046, 52.6364521], [13.3823438, 52.6364188], [13.3822674, 52.636427], [13.3822283, 52.63644], [13.382217, 52.6364495], [13.3821884, 52.6364736], [13.3821668, 52.6364396], [13.3821576, 52.6364006], [13.3821291, 52.6363391], [13.3820289, 52.6363111], [13.3818983, 52.6363764], [13.3818112, 52.6363981], [13.3818273, 52.6363424], [13.3819268, 52.6362174], [13.3820077, 52.6361568], [13.3820486, 52.6360825], [13.3820625, 52.6360219], [13.3819298, 52.6359524], [13.3826895, 52.6357464], [13.3828573, 52.6352183], [13.3815859, 52.6348684], [13.3813566, 52.6347884], [13.3805745, 52.6345178], [13.3803208, 52.6344495], [13.3801395, 52.6344019], [13.3800933, 52.6343882], [13.3799696, 52.6344054], [13.3801021, 52.6342791], [13.379784, 52.6340971], [13.3794025, 52.6338745], [13.3787082, 52.6343547], [13.3786475, 52.6342568], [13.3784569, 52.6341238], [13.3782458, 52.6339887], [13.377683, 52.6333902], [13.377698, 52.6332818], [13.3777335, 52.6331846], [13.377617, 52.6330727], [13.3773782, 52.6331411], [13.3772741, 52.6331887], [13.3771378, 52.6331416], [13.3770773, 52.6330779], [13.3769963, 52.6330332], [13.3769121, 52.6329973], [13.3767912, 52.6329168], [13.3767676, 52.632855], [13.3767896, 52.6327825], [13.3768697, 52.6327958], [13.3769986, 52.632837], [13.3770581, 52.6328242], [13.3771369, 52.6327387], [13.3771881, 52.6326843], [13.3771896, 52.6326724], [13.3771183, 52.6325527], [13.377035, 52.6325095], [13.3767947, 52.6324504], [13.3767305, 52.6324433], [13.3766592, 52.6324537], [13.3765955, 52.6324574], [13.3765608, 52.6324138], [13.3766133, 52.6323875], [13.3768856, 52.6322881], [13.3769138, 52.6322582], [13.3769054, 52.6322117], [13.376869, 52.6321765], [13.3768141, 52.632163], [13.3767552, 52.6321561], [13.3766378, 52.6321305], [13.3764721, 52.6321421], [13.3764498, 52.6321197], [13.3765163, 52.6320165], [13.3765332, 52.6319405], [13.3763572, 52.6317851], [13.3762361, 52.631747], [13.3761666, 52.6317312], [13.3759581, 52.6316382], [13.3758206, 52.6316075], [13.3758374, 52.6315733], [13.3759087, 52.6315112], [13.3759724, 52.6314816], [13.3760531, 52.6314601], [13.3762405, 52.6314581], [13.3763426, 52.6313675], [13.376344, 52.6313427], [13.3763159, 52.6313051], [13.376235, 52.6312741], [13.3761553, 52.6311431], [13.37622, 52.6309595], [13.3762775, 52.6308089], [13.3764699, 52.6305973], [13.3764794, 52.6305287], [13.3765456, 52.6304231], [13.3766711, 52.6302727], [13.3768017, 52.6300261], [13.3769465, 52.629957], [13.3769739, 52.6299284], [13.377001, 52.6298958], [13.3770208, 52.629818], [13.3769897, 52.6297672], [13.3769107, 52.6297108], [13.3768856, 52.6295943], [13.3768243, 52.6295358], [13.3769952, 52.6294129], [13.3770211, 52.6293358], [13.3768499, 52.6291566], [13.37659, 52.6292059], [13.3764435, 52.6292539], [13.3763865, 52.6292437], [13.3763645, 52.6292117], [13.3763674, 52.6291832], [13.3763826, 52.6291705], [13.3766038, 52.629076], [13.376678, 52.6288957], [13.3761297, 52.6289355], [13.3760479, 52.6290405], [13.3759647, 52.6290814], [13.3758875, 52.6290925], [13.3758645, 52.6290856], [13.3758275, 52.629035], [13.3759541, 52.6289519], [13.3760053, 52.6289175], [13.3760708, 52.6288809], [13.3762661, 52.6287512], [13.3763656, 52.6286215], [13.3763755, 52.6283786], [13.376197, 52.6283344], [13.3759534, 52.6284106], [13.3758605, 52.6284099], [13.375728, 52.6284484], [13.3756915, 52.6285205], [13.375465, 52.6286778], [13.3754515, 52.6286788], [13.3753955, 52.6286422], [13.375232, 52.6286062], [13.375202, 52.6285084], [13.3750989, 52.628358], [13.3750433, 52.6282299], [13.3747806, 52.6279708], [13.3746325, 52.6279994], [13.3746215, 52.6279042], [13.3745718, 52.6277683], [13.3741869, 52.6279181], [13.3742041, 52.6277705], [13.3741412, 52.6276777], [13.3739682, 52.6276801], [13.3738288, 52.6277627], [13.3737249, 52.6277856], [13.3736386, 52.6278102], [13.373545, 52.6277993], [13.3734005, 52.6277128], [13.3732978, 52.6276041], [13.3731982, 52.6275717], [13.3731613, 52.627553], [13.3729771, 52.6274458], [13.3727886, 52.6275532], [13.3727048, 52.6275793], [13.3726883, 52.6275734], [13.3726188, 52.6275088], [13.3725164, 52.6274358], [13.3723235, 52.6272713], [13.3721843, 52.6272918], [13.3721175, 52.6273013], [13.3718721, 52.6273229], [13.3716058, 52.6274007], [13.3715875, 52.6273918], [13.3716003, 52.6272098], [13.3714824, 52.6271606], [13.3711914, 52.6272042], [13.3711006, 52.6272317], [13.3709714, 52.6273522], [13.3708971, 52.6273728], [13.3708612, 52.6273774], [13.3708248, 52.6273799], [13.3707939, 52.6273729], [13.3707629, 52.62736], [13.3707335, 52.6273432], [13.370696, 52.6273135], [13.3706142, 52.6272329], [13.3704379, 52.6270366], [13.3704056, 52.6270224], [13.370292, 52.6269979], [13.3701748, 52.6270696], [13.3702306, 52.626823], [13.3701186, 52.6267701], [13.3698894, 52.626704], [13.3698713, 52.6266882], [13.3698301, 52.6265159], [13.3697203, 52.6264523], [13.3696628, 52.6263184], [13.3695483, 52.6262518], [13.3695698, 52.626112], [13.3695098, 52.6260148], [13.3691357, 52.6260328], [13.3691237, 52.6260258], [13.3691131, 52.6259888], [13.3691615, 52.62583], [13.3688799, 52.6256791], [13.3687098, 52.6256304], [13.3685305, 52.6255793], [13.3682761, 52.6256686], [13.3682428, 52.6256747], [13.3682308, 52.6256746], [13.3681663, 52.625658], [13.3679677, 52.6255775], [13.3676839, 52.6257159], [13.3676564, 52.6260057], [13.3672939, 52.625884], [13.3672764, 52.6258653], [13.3672756, 52.6258052], [13.3672183, 52.6257516], [13.3671554, 52.6257613], [13.3669802, 52.6258585], [13.3669377, 52.6258508], [13.3669162, 52.6257908], [13.3669538, 52.6255671], [13.3669691, 52.6254661], [13.3669118, 52.6254426], [13.3669281, 52.6253464], [13.3669186, 52.6253239], [13.36689, 52.6252845], [13.3668562, 52.6252733], [13.3667174, 52.6252889], [13.3666487, 52.6253177], [13.3665436, 52.625319], [13.366447, 52.6253247], [13.3663779, 52.6253449], [13.3663202, 52.6254146], [13.3662647, 52.6254598], [13.3662126, 52.6254836], [13.3661899, 52.6254849], [13.3661566, 52.6254657], [13.3661327, 52.6254525], [13.3660707, 52.6253918], [13.366043, 52.6253869], [13.3660229, 52.6253853], [13.365996, 52.625397], [13.3659862, 52.6254307], [13.3659554, 52.6254813], [13.365905, 52.6254779], [13.365867, 52.625438], [13.3658768, 52.625391], [13.3658755, 52.625313], [13.36587, 52.6252987], [13.3658546, 52.625291], [13.3658401, 52.6252873], [13.3658213, 52.6252863], [13.3657974, 52.6252891], [13.3657342, 52.6252961], [13.3656761, 52.6253343], [13.3655864, 52.6254043], [13.3654933, 52.6254515], [13.365407, 52.6254745], [13.3653604, 52.6254751], [13.3653139, 52.6254673], [13.365266, 52.6254559], [13.365219, 52.6254302], [13.3651618, 52.6253739], [13.3651183, 52.6253007], [13.3650866, 52.6252653], [13.3650683, 52.6252567], [13.3650456, 52.6252536], [13.3650102, 52.6252536], [13.3647334, 52.6252627], [13.3646574, 52.6252471], [13.3646147, 52.6252274], [13.3645971, 52.6252083], [13.3646, 52.6251776], [13.3647231, 52.6250138], [13.3648184, 52.6248901], [13.3648175, 52.6248665], [13.3648158, 52.6248567], [13.3648073, 52.6248484], [13.364771, 52.6248297], [13.3647368, 52.6248281], [13.3645929, 52.6248494], [13.364434, 52.6248629], [13.3642166, 52.62486], [13.3641948, 52.6248434], [13.3641833, 52.6248237], [13.3641739, 52.6247625], [13.3641516, 52.6247032], [13.3640726, 52.6246594], [13.3640355, 52.6246575], [13.3639834, 52.6246822], [13.3639731, 52.6246962], [13.3639607, 52.6247218], [13.3639599, 52.6247384], [13.3639703, 52.6247513], [13.3639887, 52.6247751], [13.3640162, 52.624815], [13.3640461, 52.6248743], [13.3640487, 52.6248956], [13.3640363, 52.6249197], [13.3639855, 52.6249492], [13.3639419, 52.6249529], [13.3638411, 52.6249189], [13.363739, 52.6249246], [13.3637138, 52.6249482], [13.3637783, 52.6250195], [13.3637818, 52.6250441], [13.3637792, 52.6250745], [13.3637467, 52.625089], [13.3636844, 52.625089], [13.3636596, 52.625075], [13.3636241, 52.6250488], [13.363616, 52.6250358], [13.3635977, 52.6250091], [13.3635417, 52.6249671], [13.3635195, 52.6249513], [13.3634003, 52.6249173], [13.3633627, 52.6249124], [13.3632021, 52.6248831], [13.3630936, 52.6248673], [13.3629262, 52.624851], [13.3628562, 52.6248481], [13.3626712, 52.6248191], [13.3625879, 52.6247983], [13.3625179, 52.6247763], [13.3624722, 52.6247392], [13.3624692, 52.624697], [13.3625042, 52.624635], [13.3625067, 52.6246129], [13.3625008, 52.6246008], [13.3624679, 52.6245779], [13.3624367, 52.6245764], [13.3624158, 52.6245813], [13.3623436, 52.6245805], [13.3622612, 52.6245938], [13.362221, 52.6245938], [13.3621817, 52.6245901], [13.3621292, 52.6245593], [13.3621386, 52.624517], [13.3621313, 52.624496], [13.3621151, 52.6244719], [13.3620997, 52.6244343], [13.3620801, 52.6244156], [13.3619528, 52.624335], [13.3619122, 52.6242901], [13.3619041, 52.6242849], [13.3618938, 52.6242774], [13.3618729, 52.6242715], [13.3618409, 52.6242712], [13.3618041, 52.6242782], [13.3617546, 52.6242901], [13.3616487, 52.6243179], [13.3613971, 52.6243345], [13.3613663, 52.624334], [13.3613018, 52.6243295], [13.3610554, 52.6242805], [13.3609776, 52.6242629], [13.3609396, 52.6242414], [13.3609153, 52.6241836], [13.3609148, 52.6241203], [13.3609144, 52.6240524], [13.3608623, 52.6240233], [13.3608316, 52.6240254], [13.3607901, 52.624035], [13.3607419, 52.6240363], [13.3605586, 52.6240604], [13.3605349, 52.6240591], [13.3604963, 52.6240548], [13.3604676, 52.6240421], [13.3604516, 52.6240249], [13.3604412, 52.623992], [13.3605093, 52.6239149], [13.3605804, 52.6238703], [13.3605689, 52.6238444], [13.3605488, 52.6238326], [13.3605358, 52.6238318], [13.3604924, 52.6238394], [13.3604219, 52.623835], [13.3603925, 52.62384], [13.3603205, 52.62385], [13.3602626, 52.6238509], [13.3601953, 52.6238487], [13.3601232, 52.6238506], [13.3600751, 52.6238621], [13.3600471, 52.6239179], [13.3600266, 52.6239544], [13.3599918, 52.6240137], [13.3599698, 52.6240266], [13.3599213, 52.6240378], [13.3598628, 52.6240467], [13.359818, 52.6240572], [13.359778, 52.6240589], [13.3597526, 52.6240607], [13.3597037, 52.6240563], [13.3596836, 52.6240534], [13.359673, 52.6240491], [13.3596623, 52.6240428], [13.359652, 52.6240321], [13.3596418, 52.6240146], [13.3596262, 52.6239098], [13.3596121, 52.6238788], [13.3596023, 52.623865], [13.3595564, 52.6238141], [13.3594641, 52.6237556], [13.3594312, 52.6237206], [13.3593046, 52.6236337], [13.3592001, 52.6235657], [13.3591895, 52.6235478], [13.3592074, 52.623456], [13.3592065, 52.6234262], [13.3592091, 52.6233808], [13.3592016, 52.6233265], [13.3591869, 52.6233021], [13.3591687, 52.6232847], [13.3591292, 52.6232781], [13.3591145, 52.6232809], [13.359091, 52.6232898], [13.3590594, 52.6233098], [13.3590165, 52.623344], [13.3589765, 52.6233768], [13.358924, 52.6234025], [13.3588721, 52.6234198], [13.3588061, 52.6234299], [13.3587572, 52.6234271], [13.3587128, 52.6234233], [13.3584851, 52.6233828], [13.3584354, 52.6233675], [13.3584095, 52.6233489], [13.3583961, 52.6233239], [13.3584166, 52.623242], [13.35843, 52.6231897], [13.3584354, 52.6231616], [13.3584106, 52.6231327], [13.3583903, 52.6231267], [13.3583367, 52.6231287], [13.3583119, 52.623143], [13.3582833, 52.6231679], [13.358266, 52.6231865], [13.358225, 52.6232296], [13.3581883, 52.6232841], [13.3581707, 52.6232964], [13.3581481, 52.6233103], [13.3581276, 52.6233191], [13.3580981, 52.6233261], [13.3580497, 52.6233208], [13.3580067, 52.6233135], [13.3577897, 52.6231917], [13.3577462, 52.6231342], [13.3577434, 52.6231049], [13.3577479, 52.6230774], [13.3577468, 52.6230579], [13.3577432, 52.6230306], [13.357696, 52.6229894], [13.3576479, 52.6229807], [13.3576155, 52.6229814], [13.3575606, 52.6229971], [13.3573673, 52.6231213], [13.3573139, 52.6231434], [13.3572712, 52.6231634], [13.3571743, 52.6231873], [13.3571206, 52.6231988], [13.3570647, 52.6231983], [13.3570128, 52.6231923], [13.3568368, 52.623131], [13.3567352, 52.6231137], [13.3566775, 52.6231139], [13.3565803, 52.623129], [13.3564633, 52.6231646], [13.3564473, 52.6231739], [13.3564105, 52.623208], [13.3563932, 52.6232348], [13.3563659, 52.623277], [13.3563497, 52.623291], [13.3562976, 52.6232987], [13.3562529, 52.6232849], [13.3561579, 52.6232333], [13.3560535, 52.6231983], [13.3559994, 52.6231922], [13.355961, 52.6231922], [13.3559339, 52.623193], [13.3558758, 52.6232027], [13.3558284, 52.6232217], [13.3557049, 52.6233338], [13.3556537, 52.6233758], [13.3556208, 52.6233939], [13.3555467, 52.6234074], [13.3554773, 52.6234102], [13.3554373, 52.6234174], [13.3553239, 52.6234576], [13.355259, 52.6234949], [13.3552393, 52.6235171], [13.3551503, 52.6235666], [13.3550495, 52.6236021], [13.3549412, 52.6236231], [13.3548013, 52.6236248], [13.3546837, 52.6236243], [13.3546309, 52.6236194], [13.3545668, 52.6236046], [13.3544925, 52.6235787], [13.3544639, 52.6235589], [13.3544368, 52.6235219], [13.3544524, 52.6234647], [13.3544479, 52.6234463], [13.3544423, 52.6234215], [13.3544237, 52.6234073], [13.3543909, 52.6233847], [13.3543825, 52.6233778], [13.3543531, 52.6233726], [13.3543321, 52.6233724], [13.3542364, 52.62338], [13.3541126, 52.6234022], [13.3539684, 52.6234578], [13.3538633, 52.6234866], [13.3537971, 52.6234888], [13.3537188, 52.6234709], [13.3535774, 52.6234456], [13.3535112, 52.6234192], [13.3534151, 52.623357], [13.3534027, 52.62334], [13.3533119, 52.6233008], [13.3532276, 52.6233265], [13.3531876, 52.6233666], [13.3531385, 52.6233909], [13.3530527, 52.6234023], [13.3529634, 52.6233728], [13.3528536, 52.6232847], [13.352816, 52.6232168], [13.3527575, 52.6231815], [13.3526274, 52.6231535], [13.3525706, 52.6231272], [13.3524856, 52.6230874], [13.3524609, 52.6230586], [13.3524664, 52.6230107], [13.3525414, 52.6229201], [13.3525681, 52.6228742], [13.3525858, 52.6228541], [13.352554, 52.6228447], [13.3525431, 52.622838], [13.3524235, 52.6228061], [13.3523466, 52.622811], [13.3523118, 52.6228204], [13.3522898, 52.6228424], [13.3522687, 52.622939], [13.3522042, 52.6230343], [13.3521597, 52.6230478], [13.3520811, 52.6230535], [13.3519902, 52.6230227], [13.3517057, 52.6229999], [13.3516564, 52.6229788], [13.351641, 52.6229379], [13.351654, 52.6228708], [13.3516461, 52.6228481], [13.3516269, 52.6228075], [13.351601, 52.6227848], [13.3514836, 52.6227308], [13.3513648, 52.6227629], [13.3510725, 52.6238633], [13.3500435, 52.6238076], [13.3494203, 52.6237742], [13.3491363, 52.6237573], [13.3489052, 52.6237415], [13.3481607, 52.6236917], [13.3470882, 52.6236207], [13.3469656, 52.6236173], [13.3466991, 52.6236098], [13.3464821, 52.6236173], [13.3459507, 52.6236352], [13.3457919, 52.6236409], [13.3456014, 52.6236518], [13.3453395, 52.6236655], [13.3447531, 52.6236984], [13.343974, 52.6237407], [13.3439432, 52.6236956], [13.3439163, 52.6236588], [13.3438924, 52.6236398], [13.3438608, 52.6236217], [13.3436635, 52.6235151], [13.343634, 52.6234876], [13.3435981, 52.6234415], [13.3435699, 52.6234181], [13.3435456, 52.6234283], [13.3434922, 52.6234449], [13.3434157, 52.623463], [13.3433427, 52.6234682], [13.3432376, 52.6234503], [13.3432116, 52.6234353], [13.3431846, 52.6234067], [13.3431757, 52.6233818], [13.3431496, 52.6233611], [13.3431308, 52.623358], [13.343112, 52.6233564], [13.3430676, 52.6233697], [13.3430176, 52.623415], [13.3429544, 52.6234532], [13.3429147, 52.6234635], [13.3428587, 52.6234757], [13.3428284, 52.6234687], [13.3427951, 52.6234539], [13.3427648, 52.6234267], [13.3427276, 52.6233956], [13.3426815, 52.6233761], [13.3425692, 52.6233544], [13.3424867, 52.6233455], [13.3424218, 52.6233323], [13.342374, 52.6233188], [13.3423466, 52.6233043], [13.3423154, 52.6232717], [13.3422979, 52.6232322], [13.3422646, 52.6232123], [13.3422168, 52.6232073], [13.3421997, 52.6232063], [13.342154, 52.6232255], [13.3421219, 52.6232424], [13.3420429, 52.6232929], [13.3420049, 52.6233012], [13.3419566, 52.6232859], [13.3418981, 52.6232615], [13.3418503, 52.6232483], [13.3417888, 52.6232491], [13.3415291, 52.6233339], [13.3414304, 52.6233085], [13.3413916, 52.6232742], [13.3413476, 52.6232667], [13.3413313, 52.6232667], [13.3412301, 52.6232864], [13.3411746, 52.6232921], [13.3410755, 52.6232869], [13.3409879, 52.6232659], [13.3409136, 52.6232444], [13.3407496, 52.6231946], [13.3406612, 52.6231617], [13.3405698, 52.6231428], [13.3405087, 52.6231386], [13.340463, 52.6231417], [13.3403998, 52.6231685], [13.3403429, 52.6232193], [13.340284, 52.6232548], [13.3402007, 52.6232828], [13.3400986, 52.6232908], [13.3399261, 52.6232672], [13.3398517, 52.6232729], [13.3397279, 52.6233051], [13.3396416, 52.6233116], [13.3395639, 52.6232989], [13.3395199, 52.6232841], [13.3393866, 52.623198], [13.3392837, 52.6231713], [13.3390163, 52.6232169], [13.3389467, 52.6232398], [13.3388288, 52.6233199], [13.3387771, 52.6233432], [13.3387241, 52.6233468], [13.3386784, 52.6233375], [13.3385947, 52.6233064], [13.3385255, 52.6232488], [13.3385114, 52.623205], [13.3384995, 52.6231096], [13.3384696, 52.6229942], [13.3383897, 52.6229309], [13.3383521, 52.6229258], [13.3383141, 52.6229268], [13.3381185, 52.6229475], [13.3380241, 52.6229579], [13.3379079, 52.6229755], [13.3378344, 52.6229771], [13.3377439, 52.6229618], [13.3375875, 52.6229092], [13.3374286, 52.6228591], [13.3373338, 52.622841], [13.3372484, 52.6228298], [13.3371369, 52.6228176], [13.3370553, 52.6228044], [13.3369806, 52.6227813], [13.3369191, 52.6227621], [13.3367999, 52.6227217], [13.3367256, 52.6226945], [13.3366846, 52.6226693], [13.3366807, 52.6226513], [13.3351606, 52.6232664], [13.3345808, 52.6235017], [13.3328634, 52.6241961], [13.3325511, 52.6240303], [13.3321371, 52.6241885], [13.3319236, 52.6242718], [13.3318033, 52.6243154], [13.3316359, 52.6243846], [13.3309859, 52.6246538], [13.3305439, 52.6248349], [13.3304061, 52.6248914], [13.3302398, 52.6249527], [13.3293098, 52.6252896], [13.3286908, 52.6254418], [13.3285329, 52.6254623], [13.3284718, 52.6254671], [13.3280694, 52.6255463], [13.3274426, 52.6256709], [13.3270444, 52.6257183], [13.3266607, 52.6257648], [13.3261833, 52.6258214], [13.325555, 52.6259385], [13.3251263, 52.6260675], [13.3247993, 52.6261653], [13.3238369, 52.6263844], [13.3235676, 52.6264062], [13.3227934, 52.626471], [13.3221919, 52.626521], [13.3219668, 52.626534], [13.3213638, 52.6265678], [13.3195952, 52.6266602], [13.3188844, 52.6267834], [13.3181742, 52.626991], [13.3180486, 52.627023], [13.3173437, 52.6272009], [13.3164737, 52.6273267], [13.3159568, 52.6274375], [13.3157087, 52.6274885], [13.3149871, 52.6276347], [13.3141719, 52.6279056], [13.3138194, 52.6280001], [13.3133709, 52.6281196], [13.3129858, 52.6281856], [13.3123377, 52.6282008], [13.3119957, 52.628177], [13.311332, 52.628129], [13.3111725, 52.628124], [13.311008, 52.6281183], [13.3105641, 52.628076], [13.3103715, 52.6280607], [13.309732, 52.6280162], [13.3094222, 52.6279962], [13.3091112, 52.6279803], [13.3085009, 52.6279523], [13.3072113, 52.6277497], [13.3062026, 52.6276615], [13.3056812, 52.6276263], [13.3053657, 52.6275932], [13.3049234, 52.6275186], [13.3026102, 52.6271913], [13.3025454, 52.6275528], [13.3030447, 52.6277705], [13.3039606, 52.6279985], [13.3048302, 52.6281751], [13.3052393, 52.6283127], [13.3058634, 52.628571], [13.3064126, 52.6287279], [13.3070927, 52.6288245], [13.3078467, 52.6289592], [13.308189, 52.6290238], [13.3088761, 52.6291507], [13.3096974, 52.6294729], [13.3099991, 52.6296739], [13.3102758, 52.6300081], [13.3096851, 52.630096], [13.3097763, 52.6306059], [13.3101866, 52.6306194], [13.3100717, 52.6310069], [13.3100339, 52.6311425], [13.309967, 52.6312848], [13.3098219, 52.6315762], [13.3098128, 52.6316731], [13.3097756, 52.6319938], [13.3097186, 52.6321598], [13.3093384, 52.6328012], [13.308983, 52.6332037], [13.3088636, 52.633305], [13.3087852, 52.6333681], [13.3086846, 52.6334699], [13.308574, 52.6335842], [13.3083772, 52.633871], [13.3083165, 52.6339574], [13.3081797, 52.6341238], [13.3079333, 52.6344272], [13.3077317, 52.6346623], [13.3076265, 52.6347795], [13.3075284, 52.634896], [13.307308, 52.635164], [13.3071953, 52.6352942], [13.3070766, 52.6354273], [13.3068439, 52.6356963], [13.3066184, 52.6359657], [13.3064074, 52.6362176], [13.3061983, 52.6364712], [13.3060849, 52.636736], [13.3059564, 52.6369992], [13.3057848, 52.6373545], [13.3070615, 52.6375485], [13.3070676, 52.6377766], [13.3069264, 52.6381168], [13.3068106, 52.638688], [13.3062726, 52.6396069], [13.3073053, 52.6396887], [13.3072724, 52.640107], [13.3076211, 52.6401025], [13.3079436, 52.6400968], [13.3082333, 52.6402392], [13.3081565, 52.6407719], [13.3086073, 52.6411606], [13.3089434, 52.6414571], [13.3088697, 52.6419368], [13.3091808, 52.6419864], [13.3090319, 52.6426745], [13.3094061, 52.6427257], [13.309222, 52.6438586], [13.3091982, 52.6439472], [13.3088771, 52.6438882], [13.3084305, 52.6438153], [13.3080127, 52.6443182], [13.3076298, 52.6447812], [13.3071544, 52.6453529], [13.3066126, 52.6460079], [13.3057757, 52.6470185], [13.3052762, 52.6476194], [13.3044279, 52.6486507], [13.3037051, 52.6495282], [13.3027945, 52.6506352], [13.3019784, 52.6516249], [13.3012153, 52.652552], [13.3004321, 52.6535051], [13.3024035, 52.6543011], [13.3040544, 52.6549666], [13.3050925, 52.655388], [13.3051454, 52.6554051], [13.3066729, 52.6560226], [13.3078793, 52.6565115], [13.3084499, 52.6567397], [13.3091178, 52.6570106], [13.3100076, 52.6573701], [13.3101003, 52.6573953], [13.3099965, 52.6574838], [13.3099439, 52.6574633], [13.3098748, 52.6574466], [13.309673, 52.6573665], [13.3093833, 52.6576073], [13.3093102, 52.6576654], [13.3092385, 52.6577179], [13.309156, 52.6577679], [13.3090708, 52.6578184], [13.3089387, 52.6578843], [13.3088771, 52.6579135], [13.3086424, 52.6580022], [13.3088368, 52.6582184], [13.3086672, 52.6583585], [13.3078605, 52.6588193], [13.3076707, 52.6589304], [13.3073609, 52.6592789], [13.3071182, 52.6596202], [13.3056544, 52.6595083], [13.3048604, 52.6594461], [13.3040772, 52.6593904], [13.3038499, 52.659366], [13.3034342, 52.6593237], [13.303182, 52.6592964], [13.3028541, 52.6592566], [13.302533, 52.6592061], [13.3021675, 52.659211], [13.301444, 52.6592342], [13.300579, 52.6592944], [13.3000231, 52.6592802], [13.2998823, 52.6592785], [13.2993042, 52.6592789], [13.2985539, 52.6593033], [13.2970876, 52.6592992], [13.2962345, 52.6593005], [13.2958031, 52.659302], [13.2955217, 52.6593029], [13.2951475, 52.6593196], [13.2949001, 52.6593302], [13.2944842, 52.6593463], [13.2940629, 52.6593745], [13.2936949, 52.659401], [13.2890828, 52.6599645], [13.2883685, 52.6599739], [13.2882081, 52.6599523], [13.2877261, 52.6598417], [13.2876668, 52.6599533], [13.2871646, 52.6599415], [13.2866073, 52.6600684], [13.2865865, 52.6600732], [13.2865492, 52.6600817], [13.2862084, 52.6601595], [13.2861534, 52.6601721], [13.285884, 52.6602333], [13.2857499, 52.6602637], [13.2854366, 52.6603348], [13.2846607, 52.6604275], [13.2846076, 52.6604334], [13.2843174, 52.6604653], [13.2838815, 52.6604877], [13.2833116, 52.6605841], [13.2827678, 52.6607411], [13.2827443, 52.660528], [13.2823596, 52.6570894], [13.2822642, 52.6560832], [13.2821361, 52.6548812], [13.2820878, 52.654426], [13.2819048, 52.6527529], [13.2851315, 52.6526256], [13.2850939, 52.6521668], [13.2850342, 52.6510981], [13.2849125, 52.6503784], [13.2848787, 52.6501787], [13.2846621, 52.6488619], [13.2846031, 52.6483452], [13.2845011, 52.6482895], [13.2842376, 52.648451], [13.2845642, 52.647953], [13.2845172, 52.6474616], [13.2844689, 52.6465934], [13.2844327, 52.6463623], [13.2843793, 52.6460009], [13.2843442, 52.6457634], [13.2842946, 52.6453594], [13.2842383, 52.6448297], [13.2841592, 52.6443561], [13.2840505, 52.6432201], [13.2839982, 52.642801], [13.283968, 52.6425609], [13.2838876, 52.6420523], [13.283848, 52.6416365], [13.2838319, 52.6411189], [13.2833102, 52.64104], [13.28246, 52.6410233], [13.2814997, 52.6409248], [13.280791, 52.6408528], [13.2784454, 52.6405094], [13.2768441, 52.6402775], [13.2764612, 52.6402075], [13.2742464, 52.640273], [13.2719739, 52.6398685], [13.2695974, 52.6397143], [13.2689162, 52.6397957], [13.2665303, 52.6400817], [13.2662138, 52.6401196], [13.2643886, 52.6403743], [13.2626693, 52.640614], [13.2621503, 52.6406872], [13.2622408, 52.6403544], [13.2623521, 52.6399495], [13.2622267, 52.6399365], [13.2623481, 52.6393485], [13.2624084, 52.6390616], [13.2626552, 52.6386506], [13.2629134, 52.6383568], [13.2632433, 52.6379699], [13.2633982, 52.6377721], [13.2637757, 52.6373949], [13.2639306, 52.6371523], [13.2641935, 52.6367426], [13.2644744, 52.6363079], [13.264683, 52.6359779], [13.2649773, 52.6351608], [13.2652006, 52.6345361], [13.265088, 52.6336379], [13.2650243, 52.6331288], [13.2649519, 52.6325587], [13.2649324, 52.6323959], [13.2649029, 52.6321533], [13.2648265, 52.6315453], [13.264746, 52.6309067], [13.2646649, 52.630271], [13.2645911, 52.6296955], [13.2645401, 52.6292836], [13.2644295, 52.6284252], [13.2643993, 52.6281774], [13.2643792, 52.6280202], [13.2642342, 52.6268645], [13.2641291, 52.6269143], [13.2634353, 52.6271796], [13.2623811, 52.6273221], [13.2616873, 52.6275245], [13.2610338, 52.6276234], [13.2603045, 52.627745], [13.259625, 52.6277095], [13.2591191, 52.6277083], [13.2582566, 52.6277089], [13.2579435, 52.6276989], [13.2570104, 52.6276674], [13.2566188, 52.6275734], [13.2556701, 52.6275024], [13.2549159, 52.627471], [13.2542087, 52.6274652], [13.2532389, 52.627343], [13.2524933, 52.6273139], [13.2517324, 52.6273075], [13.2505999, 52.6273621], [13.2491375, 52.6274783], [13.2484744, 52.6273826], [13.2479961, 52.6272969], [13.2476586, 52.6273253], [13.2471019, 52.6272868], [13.2464042, 52.6272767], [13.2460674, 52.6272856], [13.2457248, 52.6273547], [13.2449965, 52.6275728], [13.2443313, 52.6278613], [13.2433006, 52.6281915], [13.2431833, 52.6281998], [13.24243, 52.6282973], [13.2420881, 52.6282915], [13.2417401, 52.6282167], [13.2414498, 52.6281562], [13.2411949, 52.628105], [13.2410877, 52.6280817], [13.2409361, 52.6280445], [13.2403007, 52.6278857], [13.2396932, 52.6278293], [13.2386572, 52.6277985], [13.2379903, 52.6278107], [13.2375801, 52.6277886], [13.2370952, 52.6277903], [13.2360804, 52.6277927], [13.2357833, 52.6278008], [13.234296, 52.62766], [13.233399, 52.6275676], [13.2327234, 52.6275129], [13.2321445, 52.6274904], [13.2313166, 52.6274483], [13.2308806, 52.6274245], [13.2303853, 52.6273904], [13.2298047, 52.6274431], [13.2290199, 52.6274837], [13.2280976, 52.6275453], [13.2272416, 52.6276424], [13.2264697, 52.6278221], [13.2260239, 52.6279228], [13.2259157, 52.6279793], [13.2258757, 52.6281358], [13.225877, 52.6282664], [13.2256388, 52.6282414], [13.2251221, 52.6284122], [13.2252869, 52.6282045], [13.2252495, 52.6282051], [13.2242433, 52.6284157], [13.2230033, 52.6282004], [13.2224091, 52.6282295], [13.2218016, 52.6282586], [13.2205414, 52.6283185], [13.2205308, 52.6281562], [13.2205423, 52.6281103], [13.2205912, 52.6280003], [13.220689, 52.6278066], [13.2205893, 52.6275815], [13.2204167, 52.6271931], [13.220297, 52.6269236], [13.2202539, 52.6261145], [13.220068, 52.6252774], [13.2197565, 52.6244386], [13.2181715, 52.6223431], [13.2178754, 52.6218862], [13.2167608, 52.6201644], [13.2158466, 52.6197397], [13.2148184, 52.619262], [13.2135992, 52.6176137], [13.2133014, 52.6172251], [13.2115591, 52.6148902], [13.2095898, 52.6122566], [13.2092122, 52.6118243], [13.2086756, 52.6112057], [13.2078189, 52.6102188], [13.207402, 52.6097375], [13.2070815, 52.609364], [13.2068807, 52.609137], [13.2065079, 52.6088099], [13.2060355, 52.608551], [13.2057583, 52.6084345], [13.2050235, 52.608139], [13.2042568, 52.6079178], [13.2035017, 52.6077328], [13.20308, 52.6076292], [13.2026488, 52.6075268], [13.2023364, 52.6074022], [13.2021332, 52.6072882], [13.201955, 52.6071555], [13.2018476, 52.6070484], [13.2017365, 52.6068831], [13.2016215, 52.6065502], [13.2016176, 52.6061466], [13.2017032, 52.6054758], [13.2019146, 52.6049271], [13.2023249, 52.6042456], [13.2026488, 52.6039499], [13.2036761, 52.6031386], [13.2050388, 52.6020677], [13.2057995, 52.6014272], [13.2063121, 52.6009102], [13.2072401, 52.5998692], [13.2082024, 52.5989922], [13.2113038, 52.5968176], [13.2141245, 52.5955098], [13.2153168, 52.594958], [13.2181176, 52.5931898], [13.2188556, 52.5923678], [13.2192491, 52.5913994], [13.2188708, 52.5904715], [13.2181699, 52.5890506], [13.2173951, 52.5874783], [13.2112352, 52.5882284], [13.207338, 52.588376], [13.2070216, 52.5874883], [13.206709, 52.5865996], [13.2053736, 52.5868544], [13.2050525, 52.5870034], [13.2049412, 52.5870487], [13.2046743, 52.5871542], [13.2041994, 52.5873205], [13.2035092, 52.587562], [13.202631, 52.5878516], [13.2025691, 52.587875], [13.2023278, 52.5879843], [13.2019217, 52.5881703], [13.2015158, 52.5883553], [13.2013275, 52.5884235], [13.2006928, 52.5886502], [13.2003478, 52.5887695], [13.1994668, 52.5888933], [13.1991415, 52.5889383], [13.1984805, 52.5890089], [13.1978581, 52.5892421], [13.1974729, 52.5893087], [13.1966331, 52.5895198], [13.1960994, 52.5895759], [13.1957988, 52.5896079], [13.1956467, 52.5896214], [13.1952071, 52.589661], [13.1950714, 52.5896725], [13.1942206, 52.5897904], [13.1937591, 52.5898313], [13.1933918, 52.5898966], [13.1932563, 52.5899235], [13.1929444, 52.589987], [13.1928253, 52.5900082], [13.1924002, 52.5900836], [13.1917346, 52.590193], [13.191466, 52.5903161], [13.1908605, 52.5904746], [13.1907088, 52.5905758], [13.1906668, 52.5906014], [13.1906072, 52.590631], [13.1903031, 52.5907828], [13.1898633, 52.5910122], [13.1891186, 52.5913995], [13.1886545, 52.5915263], [13.187955, 52.5917254], [13.1874997, 52.5918701], [13.1867081, 52.5921101], [13.1856282, 52.5925536], [13.185235, 52.5928925], [13.1848401, 52.5931297], [13.1847176, 52.5932091], [13.1844749, 52.5933787], [13.1834202, 52.5936938], [13.1826626, 52.5938242], [13.1824725, 52.5938417], [13.1819209, 52.593892], [13.181216, 52.5940291], [13.1810298, 52.5940839], [13.1807121, 52.5941775], [13.1803236, 52.5942922], [13.1801797, 52.594337], [13.1800382, 52.594383], [13.1795719, 52.5945386], [13.1792622, 52.5946257], [13.1783387, 52.594882], [13.1778178, 52.5949174], [13.1768567, 52.5949215], [13.1763383, 52.5949922], [13.1756309, 52.5950416], [13.1754178, 52.59506], [13.1747286, 52.5951092], [13.1743725, 52.595186], [13.1736669, 52.5953302], [13.1733306, 52.5954776], [13.1729445, 52.5957532], [13.1725181, 52.5960393], [13.1719716, 52.5962905], [13.1709273, 52.5965444], [13.1706461, 52.5966146], [13.1700747, 52.5967893], [13.1697037, 52.5968266], [13.1693805, 52.5968583], [13.1686057, 52.5969413], [13.1681856, 52.5970015], [13.1678955, 52.5970122], [13.1663318, 52.5979035], [13.1645286, 52.5987969], [13.1643752, 52.5987602], [13.1636289, 52.5986447], [13.1613612, 52.5982937], [13.1611188, 52.5982558], [13.1602907, 52.5981286], [13.1596557, 52.5980298], [13.1594578, 52.5979998], [13.1590477, 52.5979358], [13.1570558, 52.597627], [13.1555659, 52.5967289], [13.1541072, 52.5958471], [13.1538887, 52.5957139], [13.1536149, 52.5954566], [13.1531098, 52.594982], [13.1522276, 52.5941521], [13.1516923, 52.5937125], [13.1515556, 52.5936077], [13.150614, 52.5928895], [13.1501091, 52.5925042], [13.1492808, 52.5918736], [13.1490975, 52.5917726], [13.1462041, 52.5907257], [13.1454591, 52.5904574], [13.1450902, 52.5903195], [13.1447511, 52.590191], [13.1442069, 52.5899845], [13.1438417, 52.5898451], [13.1437266, 52.5897992], [13.1435033, 52.589706], [13.1433382, 52.5896575], [13.1420736, 52.5893967], [13.1417233, 52.589335], [13.1398879, 52.589123], [13.1393464, 52.5890545], [13.1384549, 52.5888691], [13.1379047, 52.5887045], [13.1364681, 52.5878544], [13.135947, 52.5875452], [13.135714, 52.5874256], [13.1354795, 52.5873681], [13.1326666, 52.5869228], [13.1313897, 52.5869115], [13.1310754, 52.5869322], [13.130206, 52.587086], [13.1295702, 52.5871979], [13.1289619, 52.5873048], [13.1284297, 52.5860175], [13.129342, 52.5859303], [13.1291665, 52.5855736], [13.1287108, 52.5846506], [13.1279616, 52.5831277], [13.1283444, 52.5831358], [13.1289005, 52.5831882], [13.1295446, 52.5832741], [13.1298923, 52.5832271], [13.1302597, 52.5830385], [13.1305027, 52.5827743], [13.1308003, 52.582215], [13.1310798, 52.5816597], [13.1313236, 52.5809213], [13.1315508, 52.580473], [13.1316746, 52.5802294], [13.1320719, 52.579777], [13.1324743, 52.5796069], [13.1325704, 52.5795993], [13.1326105, 52.579597], [13.133651, 52.5797679], [13.1348673, 52.5799676], [13.135404, 52.5800557], [13.1354669, 52.5800131], [13.1360336, 52.5801057], [13.1365985, 52.5802406], [13.1367556, 52.5802904], [13.1375178, 52.5805301], [13.1389109, 52.5804095], [13.1391591, 52.5803885], [13.1394047, 52.5804907], [13.1396328, 52.5805851], [13.1400506, 52.5808025], [13.1405955, 52.5809433], [13.1410777, 52.5810769], [13.1420338, 52.5813414], [13.1430081, 52.5815251], [13.1438413, 52.5815695], [13.1446346, 52.5820333], [13.145879, 52.5823643], [13.1471218, 52.5826962], [13.1496095, 52.5833597], [13.149883, 52.5828784], [13.1505902, 52.5825943], [13.1512396, 52.5822106], [13.151345, 52.5820396], [13.1513073, 52.5816532], [13.151614, 52.5811056], [13.1519316, 52.5805687], [13.1523217, 52.5801583], [13.1523508, 52.5801154], [13.1525043, 52.5798758], [13.1528478, 52.579338], [13.1528965, 52.579263], [13.1529157, 52.5792393], [13.1531561, 52.5789454], [13.1532034, 52.5782905], [13.1535097, 52.5779065], [13.1535955, 52.5774603], [13.1534495, 52.5767798], [13.1535793, 52.5763108], [13.15367, 52.5757705], [13.1534962, 52.5753803], [13.1536906, 52.5747809], [13.1534624, 52.5745456], [13.1534678, 52.5743959], [13.1534898, 52.5742001], [13.153526, 52.5737386], [13.1535366, 52.5736078], [13.1535447, 52.5734776], [13.1535443, 52.5732555], [13.153434, 52.5731558], [13.1533785, 52.5731055], [13.1533246, 52.5730534], [13.1531379, 52.5728645], [13.1527744, 52.5724836], [13.1528849, 52.5720169], [13.1528616, 52.5715993], [13.1526792, 52.5709749], [13.1525319, 52.5707166], [13.152387, 52.5704632], [13.1521957, 52.5703379], [13.1521767, 52.5703218], [13.1512641, 52.569987], [13.1512524, 52.5696916], [13.1511816, 52.5691506], [13.1508021, 52.5686044], [13.1503703, 52.5679757], [13.1502794, 52.5677149], [13.1501373, 52.5672981], [13.1500566, 52.5670656], [13.1498626, 52.5667597], [13.1494219, 52.5663408], [13.1489672, 52.565903], [13.1486468, 52.5656087], [13.1485713, 52.5655468], [13.1481356, 52.56519], [13.1480074, 52.565007], [13.1476998, 52.5647027], [13.1475134, 52.5644032], [13.1474452, 52.5639754], [13.1474478, 52.5638866], [13.1474654, 52.5634029], [13.1474464, 52.5630731], [13.1473723, 52.5626521], [13.1473808, 52.5624634], [13.1471385, 52.5614521], [13.1470027, 52.5613663], [13.1468736, 52.5612848], [13.1464286, 52.5610528], [13.1460197, 52.5608647], [13.1457959, 52.5606057], [13.1460157, 52.560437], [13.1460668, 52.5603981], [13.1462654, 52.5593338], [13.1465607, 52.5591595], [13.1468531, 52.5586175], [13.1469545, 52.5576726], [13.1469332, 52.5570415], [13.1470525, 52.5565932], [13.1472848, 52.5558341], [13.1472541, 52.5553856], [13.1472426, 52.5552073], [13.1472234, 52.5549355], [13.1469055, 52.5542823], [13.1465778, 52.5540997], [13.1464248, 52.5539087], [13.1462582, 52.5536923], [13.1460229, 52.5533793], [13.145852, 52.5529331], [13.145728, 52.5528378], [13.1455742, 52.5527201], [13.1453743, 52.5526038], [13.1452396, 52.5525242], [13.1448282, 52.5524793], [13.1445851, 52.5525481], [13.1442207, 52.5521165], [13.143826, 52.5521025], [13.1432139, 52.5520802], [13.1425609, 52.5522546], [13.1413692, 52.552462], [13.1404296, 52.5524891], [13.1399131, 52.5524871], [13.1392837, 52.5525116], [13.1385286, 52.5525411], [13.1377917, 52.5525728], [13.137268, 52.5526137], [13.1367156, 52.5526558], [13.1363322, 52.5527073], [13.1353254, 52.5530572], [13.1344497, 52.5533515], [13.1338172, 52.5537563], [13.1336084, 52.5539186], [13.1335056, 52.5540004], [13.1333109, 52.554182], [13.1329358, 52.5545324], [13.1328462, 52.5546161], [13.1325494, 52.5548734], [13.1324878, 52.5549246], [13.1323649, 52.5549981], [13.1319388, 52.5552501], [13.1315429, 52.5554751], [13.1312737, 52.5556434], [13.1311524, 52.5557215], [13.131017, 52.5558064], [13.1309024, 52.5558574], [13.1308026, 52.5558997], [13.1305013, 52.5560119], [13.1304676, 52.5559749], [13.1304397, 52.5559167], [13.130324, 52.5556953], [13.1302015, 52.5554595], [13.1300359, 52.5551356], [13.1299735, 52.5550142], [13.1298876, 52.5548328], [13.1295655, 52.5540715], [13.1292997, 52.5534515], [13.1292441, 52.5533696], [13.1292075, 52.5532777], [13.1290993, 52.5530211], [13.1290184, 52.5527662], [13.1289642, 52.5526394], [13.1288222, 52.5523066], [13.1284467, 52.5514647], [13.1282426, 52.550998], [13.1280109, 52.5504663], [13.1277042, 52.5498124], [13.127582, 52.5495432], [13.1274092, 52.5491652], [13.1272607, 52.5488367], [13.1271287, 52.5485493], [13.1269801, 52.5482246], [13.1269192, 52.5481216], [13.1268716, 52.5480221], [13.1267132, 52.5476795], [13.1265048, 52.5472254], [13.1263419, 52.5469219], [13.1261525, 52.5465715], [13.1261215, 52.5465078], [13.1260757, 52.5463841], [13.1260129, 52.5462558], [13.1258069, 52.5458358], [13.1256432, 52.5454989], [13.1254923, 52.5450708], [13.1253581, 52.5446935], [13.125276, 52.5444665], [13.1252794, 52.5444417], [13.1249632, 52.543792], [13.1256039, 52.543541], [13.1255245, 52.543387], [13.125433, 52.5431142], [13.1253509, 52.5428151], [13.1252279, 52.5423704], [13.125163, 52.542139], [13.1250572, 52.5418103], [13.1248836, 52.5412745], [13.1247554, 52.5408966], [13.1245645, 52.5403252], [13.1244526, 52.539983], [13.1243032, 52.5395252], [13.1242276, 52.5391673], [13.1241841, 52.5390505], [13.124073, 52.5390507], [13.124014, 52.5389544], [13.1239796, 52.5388659], [13.1240049, 52.5388638], [13.123695, 52.5381073], [13.1235694, 52.5378049], [13.1234763, 52.5375123], [13.1233391, 52.5370783], [13.1231022, 52.5366327], [13.1229082, 52.5363972], [13.122813, 52.5362839], [13.1226552, 52.5361133], [13.1225428, 52.5359717], [13.1224237, 52.5358148], [13.1222597, 52.5355955], [13.1221567, 52.5353941], [13.1220043, 52.5352174], [13.1218877, 52.5351668], [13.1217954, 52.5350537], [13.1217052, 52.5348721], [13.1216966, 52.5347495], [13.1215623, 52.5345137], [13.1215631, 52.5343473], [13.1214782, 52.5341488], [13.121423, 52.5340145], [13.121381, 52.5339002], [13.1212986, 52.5336802], [13.121236, 52.533574], [13.1212063, 52.5334246], [13.1211973, 52.5332858], [13.1208932, 52.5328788], [13.1206469, 52.5325866], [13.1203428, 52.5322207], [13.1201393, 52.5318653], [13.1199605, 52.531534], [13.1198023, 52.5311631], [13.1196853, 52.5308468], [13.1195007, 52.5303355], [13.1194019, 52.5299135], [13.119282, 52.529505], [13.1192735, 52.5293786], [13.1192457, 52.5293824], [13.1191983, 52.5291265], [13.1191893, 52.5289501], [13.1191728, 52.5288222], [13.1191118, 52.5283315], [13.1190863, 52.5280683], [13.1190205, 52.5273112], [13.1189915, 52.5270172], [13.118877, 52.5261053], [13.1187979, 52.5255674], [13.1186949, 52.524822], [13.1186026, 52.5239091], [13.1185054, 52.5231837], [13.1184329, 52.5224798], [13.118367, 52.5215398], [13.1183818, 52.521435], [13.1183241, 52.5207467], [13.1181144, 52.5201049], [13.1173799, 52.51706], [13.1192799, 52.5170034], [13.1196663, 52.5170345], [13.1211346, 52.517226], [13.1227784, 52.517394], [13.1251547, 52.5175158], [13.1257694, 52.5175384], [13.1268273, 52.5175334], [13.1269938, 52.5175474], [13.1283747, 52.5177429], [13.1300704, 52.5179906], [13.1313657, 52.518121], [13.1319128, 52.518133], [13.1326065, 52.5181902], [13.1331817, 52.5182814], [13.1335986, 52.5183998], [13.135843, 52.5187056], [13.1374366, 52.518847], [13.1385291, 52.5190977], [13.1403632, 52.5194296], [13.1414945, 52.5196148], [13.1426737, 52.5197645], [13.143181, 52.5196958], [13.1435693, 52.519464], [13.1443571, 52.5191864], [13.1445493, 52.51899], [13.1448206, 52.518621], [13.1450392, 52.5180543], [13.1451813, 52.5179109], [13.1454813, 52.5176046], [13.1456336, 52.5174647], [13.1462207, 52.5174231], [13.1465211, 52.5173881], [13.1475042, 52.517193], [13.1478999, 52.5170333], [13.1483111, 52.5168831], [13.149196, 52.5165591], [13.1498025, 52.5163084], [13.1500777, 52.5161931], [13.1504781, 52.5160377], [13.1508225, 52.5159038], [13.1511422, 52.5157795], [13.1518195, 52.5155498], [13.1525668, 52.5151898], [13.1534369, 52.5147756], [13.1543845, 52.5143314], [13.1553674, 52.5139573], [13.1560991, 52.5136765], [13.1563039, 52.5136112], [13.1564776, 52.5135442], [13.1567673, 52.5134298], [13.1570928, 52.5132904], [13.1573754, 52.5131746], [13.1577223, 52.5130652], [13.1585879, 52.5129381], [13.1602645, 52.5123476], [13.1615252, 52.5118236], [13.1619448, 52.5116397], [13.1623606, 52.511463], [13.1633853, 52.5110832], [13.1634704, 52.5110531], [13.1639971, 52.5108887], [13.1648879, 52.5105875], [13.166083, 52.5101842], [13.1671894, 52.5097968], [13.1688227, 52.5092271], [13.1686681, 52.5091676], [13.1682634, 52.5089863], [13.1679742, 52.5088575], [13.1678375, 52.5087502], [13.1675434, 52.5085209], [13.1674048, 52.508424], [13.1671968, 52.5082746], [13.1672111, 52.5082639], [13.1666829, 52.5078753], [13.1661526, 52.5075106], [13.1655119, 52.5070771], [13.1648971, 52.5066695], [13.1643723, 52.5063129], [13.1637676, 52.5059058], [13.1633534, 52.5056315], [13.1623227, 52.5049522], [13.1615318, 52.5044278], [13.1612242, 52.5042228], [13.1607952, 52.5039533], [13.1604172, 52.5037187], [13.1596474, 52.503239], [13.159097, 52.5028973], [13.158814, 52.5027288], [13.1586396, 52.5026275], [13.1585378, 52.5025602], [13.1578842, 52.5020925], [13.157237, 52.5016212], [13.1572153, 52.5016231], [13.157141, 52.5015695], [13.1562811, 52.5009408], [13.1556168, 52.5004552], [13.1553043, 52.5002267], [13.1552475, 52.5001852], [13.1547672, 52.4998389], [13.1542598, 52.499473], [13.1533527, 52.4988189], [13.1525122, 52.4982129], [13.1524751, 52.498186], [13.15235, 52.4981312], [13.1516037, 52.4975797], [13.151226, 52.49731], [13.1508855, 52.4971135], [13.1508512, 52.4970936], [13.1507737, 52.4970487], [13.1500589, 52.4966348], [13.1497949, 52.4964545], [13.1495904, 52.4963148], [13.1493023, 52.4960905], [13.149243, 52.4960443], [13.1484142, 52.4953987], [13.1478485, 52.4949572], [13.1477817, 52.494905], [13.1470992, 52.4943722], [13.146664, 52.4940267], [13.1466026, 52.4939779], [13.1462036, 52.4936611], [13.1453011, 52.4929646], [13.1444314, 52.4922931], [13.1429842, 52.4911655], [13.1418129, 52.4902615], [13.1417055, 52.4901788], [13.14164, 52.4901282], [13.1407108, 52.489407], [13.1402613, 52.4890582], [13.1398204, 52.4887131], [13.1389363, 52.4880285], [13.1371014, 52.4866042], [13.1367555, 52.4863365], [13.1362016, 52.4859079], [13.1355512, 52.485405], [13.1352875, 52.4852013], [13.1346123, 52.4846726], [13.1343875, 52.4844967], [13.1334657, 52.4837785], [13.1325474, 52.483065], [13.1316295, 52.4823514], [13.1307165, 52.4816449], [13.1297956, 52.480948], [13.1297532, 52.4809155], [13.1295595, 52.4807658], [13.1286057, 52.4800301], [13.1283335, 52.4798205], [13.1279237, 52.4795712], [13.1268671, 52.4789596], [13.1265667, 52.4787931], [13.1262767, 52.4786569], [13.1239691, 52.4782488], [13.1233578, 52.478169], [13.1221694, 52.4779945], [13.1219563, 52.4779545], [13.1214396, 52.4778583], [13.1211998, 52.4778163], [13.120683, 52.4777111], [13.120502, 52.4777473], [13.1204056, 52.4777], [13.1197908, 52.4776079], [13.1193354, 52.4775377], [13.1191222, 52.4775049], [13.1183527, 52.4773699], [13.1180596, 52.4773478], [13.1176933, 52.4773203], [13.117679, 52.4770999], [13.1175924, 52.4757675], [13.1175571, 52.4750324], [13.1175486, 52.4748604], [13.1175442, 52.4747783], [13.1175518, 52.4745785], [13.1175359, 52.4745166], [13.1175166, 52.4743907], [13.1174793, 52.4743233], [13.11736, 52.4740101], [13.1172345, 52.4732799], [13.1162061, 52.47168], [13.1141292, 52.4700651], [13.1137879, 52.4697996], [13.1139542, 52.4686191], [13.1118552, 52.4674466], [13.1105565, 52.4656575], [13.1110075, 52.4646597], [13.1114287, 52.4637277], [13.1113408, 52.4618635], [13.1105027, 52.459997], [13.1119678, 52.459227], [13.1124073, 52.4589947], [13.1124553, 52.4588994], [13.1124951, 52.4587715], [13.1125265, 52.4586699], [13.1125569, 52.4585202], [13.1125998, 52.4581806], [13.112604, 52.4581539], [13.1126275, 52.4579985], [13.1126508, 52.4578471], [13.1126713, 52.45769], [13.1126534, 52.4575974], [13.1126391, 52.4575279], [13.1126148, 52.4574059], [13.1125964, 52.4573124], [13.1125724, 52.4571959], [13.1125579, 52.4571206], [13.1125493, 52.4570777], [13.1125179, 52.4569229], [13.1125091, 52.4568824], [13.1124826, 52.4567675], [13.1124536, 52.4566302], [13.1124431, 52.4565818], [13.1124298, 52.456505], [13.1124219, 52.4564822], [13.1124102, 52.4564448], [13.1123402, 52.4562175], [13.1122973, 52.4560301], [13.1122888, 52.4559724], [13.112197, 52.4556227], [13.1121737, 52.4555293], [13.1120553, 52.454625], [13.1120282, 52.4544135], [13.1120109, 52.4543773], [13.1118592, 52.4540617], [13.111822, 52.4539851], [13.1116544, 52.4536369], [13.1113539, 52.4531645], [13.1110774, 52.4527889], [13.1107327, 52.4524144], [13.1103884, 52.4520395], [13.1103577, 52.4520083], [13.1099105, 52.4515504], [13.1097339, 52.451315], [13.1095585, 52.4510789], [13.1093163, 52.4507088], [13.109312, 52.4507], [13.109295, 52.4506349], [13.1100556, 52.4500125], [13.1107689, 52.449428], [13.1115284, 52.4488055], [13.1122943, 52.4481794], [13.113023, 52.4475837], [13.1132632, 52.447385], [13.1136393, 52.4470739], [13.1145082, 52.4463579], [13.1153647, 52.445652], [13.1166265, 52.4451736], [13.1173457, 52.4448227], [13.1181828, 52.4444138], [13.1190111, 52.4440092], [13.1191357, 52.4437747], [13.1190252, 52.4432776], [13.1190221, 52.443132], [13.1190185, 52.4429661], [13.1190538, 52.4429071], [13.1190963, 52.4428362], [13.1193335, 52.4424399], [13.1197681, 52.4417138], [13.1199306, 52.4415211], [13.1202088, 52.4413553], [13.1231211, 52.439615], [13.1231531, 52.4387089], [13.1221421, 52.4378778], [13.117218, 52.4361645], [13.1139305, 52.4329662], [13.1120738, 52.4323102], [13.1127834, 52.4291958], [13.1080198, 52.4266611], [13.1069165, 52.4256456], [13.1054095, 52.4252831], [13.1045678, 52.4239826], [13.1034865, 52.4243022], [13.1016009, 52.4246362], [13.1009493, 52.4251627], [13.1004663, 52.4253041], [13.0999756, 52.4254477], [13.0993138, 52.4253441], [13.0984005, 52.4248889], [13.0980883, 52.4240742], [13.0980539, 52.4240168], [13.0977237, 52.423466], [13.0958391, 52.421975], [13.088345, 52.4196325]], [[13.4335839, 52.64189], [13.4336264, 52.6421286], [13.4340492, 52.6421656], [13.4339193, 52.6419788], [13.4335839, 52.64189]]], [[[13.3927005, 52.6455817], [13.3927858, 52.6454947], [13.3929209, 52.6456661], [13.3928474, 52.6456616], [13.3927442, 52.6456438], [13.3927005, 52.6455817]]], [[[13.3930177, 52.64593], [13.393058, 52.6459089], [13.3930665, 52.6460089], [13.3930902, 52.6460336], [13.3930208, 52.6460056], [13.3930177, 52.64593]]], [[[13.5034382, 52.6189926], [13.5036538, 52.619094], [13.5050644, 52.6195619], [13.5054362, 52.6196852], [13.5054513, 52.6198896], [13.5048477, 52.6196153], [13.5046707, 52.6195349], [13.5037765, 52.6192121], [13.5036031, 52.6191248], [13.5034382, 52.6189926]]]]}}, {"type": "Feature", "properties": {"slug": "munich", "name": "Munich", "osmType": "relation", "osmId": 62428, "source": "OpenStreetMap via Nominatim", "licence": "ODbL 1.0", "simplifiedDegrees": 0.001}, "geometry": {"type": "MultiPolygon", "coordinates": [[[[11.360777, 48.1580704], [11.3608464, 48.1580595], [11.3610401, 48.1580862], [11.3619435, 48.15823], [11.3624365, 48.1583045], [11.3628231, 48.1583839], [11.3636336, 48.1584867], [11.3637494, 48.1584906], [11.3643944, 48.1585382], [11.3650686, 48.1585413], [11.3655317, 48.1585659], [11.3660671, 48.158621], [11.3666368, 48.1586617], [11.3672258, 48.1586746], [11.368739, 48.1586119], [11.3702682, 48.1585098], [11.3706925, 48.1584467], [11.3711951, 48.1584195], [11.3711086, 48.1581782], [11.370894, 48.1580854], [11.3706953, 48.1581386], [11.3705808, 48.1580641], [11.3704558, 48.1581098], [11.3703492, 48.1580501], [11.3702468, 48.157973], [11.3702663, 48.1578597], [11.3703434, 48.1578524], [11.3703666, 48.1578142], [11.3703328, 48.1577475], [11.3702689, 48.1577662], [11.369986, 48.157309], [11.3701059, 48.1572727], [11.3698222, 48.15683], [11.3708289, 48.1566437], [11.3719407, 48.1562949], [11.3732801, 48.1560903], [11.3738101, 48.1560417], [11.3749147, 48.155983], [11.3751552, 48.1554886], [11.3738626, 48.1555401], [11.3740809, 48.1549591], [11.3744215, 48.1540883], [11.3735834, 48.1541884], [11.3739109, 48.1535523], [11.3756188, 48.1533677], [11.376996, 48.1533047], [11.377632, 48.1532531], [11.3780223, 48.1532215], [11.3780394, 48.1538371], [11.3782555, 48.153831], [11.3787063, 48.1538277], [11.3795223, 48.1538312], [11.3795025, 48.1535352], [11.380594, 48.1534831], [11.3810594, 48.1534286], [11.3816694, 48.1533278], [11.3828857, 48.1530762], [11.3829774, 48.1524968], [11.3830843, 48.1514987], [11.3831176, 48.1505825], [11.3831446, 48.1502745], [11.3831771, 48.1496722], [11.383642, 48.1497248], [11.3840156, 48.1497672], [11.3840216, 48.1490191], [11.3842808, 48.1491283], [11.3845394, 48.1492381], [11.3855294, 48.1496533], [11.3860788, 48.1488993], [11.3866319, 48.1481517], [11.3872366, 48.1473301], [11.3881189, 48.1476971], [11.3883477, 48.1477722], [11.389144, 48.1479327], [11.3898522, 48.1467021], [11.3902615, 48.1459832], [11.3894055, 48.1457461], [11.3906327, 48.1438677], [11.3904512, 48.1437964], [11.3904737, 48.1437576], [11.390152, 48.143654], [11.390388, 48.143287], [11.3912725, 48.1418913], [11.3909819, 48.1417798], [11.3895295, 48.1412227], [11.3921849, 48.1366638], [11.3899751, 48.1359786], [11.3901684, 48.1354416], [11.3891701, 48.1351323], [11.3892461, 48.1349181], [11.389039, 48.1348704], [11.3886071, 48.1347145], [11.3881907, 48.1345772], [11.3884441, 48.1337799], [11.3884807, 48.1336604], [11.3885519, 48.1334355], [11.3885113, 48.1334284], [11.3887205, 48.1328491], [11.388975, 48.1329001], [11.389187, 48.132321], [11.3893203, 48.131926], [11.3894088, 48.1316766], [11.3893863, 48.1316013], [11.3894068, 48.1315096], [11.3894039, 48.1314037], [11.3893202, 48.1310936], [11.3892142, 48.1310596], [11.388724, 48.1297424], [11.3887993, 48.1296105], [11.3896186, 48.1278656], [11.3907458, 48.1280443], [11.3930053, 48.1285263], [11.3942853, 48.1256635], [11.3944236, 48.1255105], [11.3945773, 48.1255071], [11.4022722, 48.1251677], [11.4022976, 48.1253264], [11.4029318, 48.125448], [11.4038308, 48.1256149], [11.4053336, 48.1258387], [11.4066689, 48.1259595], [11.408172, 48.1260958], [11.4089641, 48.1261967], [11.4100143, 48.1266337], [11.411219, 48.1270443], [11.4120802, 48.1273715], [11.4126814, 48.1275508], [11.4128816, 48.127491], [11.4133627, 48.1277067], [11.4144823, 48.1281938], [11.4155118, 48.1286784], [11.4161047, 48.1290178], [11.4167749, 48.1294053], [11.4173692, 48.1297644], [11.4182797, 48.1303026], [11.41836, 48.1303491], [11.4188182, 48.1306139], [11.4193196, 48.1308564], [11.4202075, 48.1312824], [11.4207634, 48.1315501], [11.4210785, 48.1316972], [11.4221037, 48.1321884], [11.42237, 48.1323143], [11.4226466, 48.1324989], [11.4229556, 48.132709], [11.4233438, 48.1330177], [11.423569, 48.1333308], [11.4236018, 48.1334187], [11.4237097, 48.1337133], [11.4237561, 48.133836], [11.4237888, 48.1339165], [11.4240461, 48.1345771], [11.4243359, 48.1349199], [11.4247077, 48.1353412], [11.4250977, 48.1356301], [11.4256934, 48.1360832], [11.4262618, 48.136538], [11.4268038, 48.1366929], [11.427425, 48.1368707], [11.4274357, 48.136868], [11.4276252, 48.1369359], [11.4276432, 48.1369257], [11.4281888, 48.1370646], [11.4292353, 48.1373526], [11.4299801, 48.1375559], [11.4301226, 48.1375299], [11.4309996, 48.1373665], [11.4319149, 48.1371735], [11.4321904, 48.1371136], [11.4326593, 48.1370193], [11.4328136, 48.1369856], [11.4330624, 48.1369342], [11.4332399, 48.1369443], [11.4334686, 48.1369548], [11.4339381, 48.1369766], [11.434039, 48.1369658], [11.4341779, 48.136945], [11.4343883, 48.1369181], [11.4346193, 48.1368894], [11.4352139, 48.1366868], [11.4355804, 48.1364318], [11.4356836, 48.1363428], [11.435891, 48.1361698], [11.4360395, 48.1361104], [11.4363741, 48.1366581], [11.4372746, 48.1361325], [11.4385662, 48.135373], [11.4381438, 48.1349579], [11.4381431, 48.1348153], [11.4381326, 48.1346137], [11.438724, 48.1345789], [11.4398061, 48.1344292], [11.4401533, 48.1344226], [11.441179, 48.1342489], [11.4416992, 48.1340952], [11.4420712, 48.1339819], [11.4421701, 48.1339475], [11.44229, 48.1339226], [11.4425601, 48.1339596], [11.4433138, 48.1339871], [11.4436935, 48.1340163], [11.4442603, 48.1340583], [11.4445464, 48.1340705], [11.4450237, 48.1340895], [11.4453251, 48.1340119], [11.4458291, 48.133886], [11.4460294, 48.1338349], [11.4473328, 48.1334886], [11.4474667, 48.1335873], [11.4476451, 48.1334827], [11.4474367, 48.1334552], [11.4472234, 48.1332891], [11.447122, 48.133176], [11.4470868, 48.1331878], [11.447041, 48.1330838], [11.4470728, 48.1329939], [11.4471803, 48.1328884], [11.4472995, 48.1326664], [11.4473148, 48.1324751], [11.4474504, 48.1322639], [11.4476122, 48.1321605], [11.4476998, 48.1320091], [11.4478952, 48.1318922], [11.4479757, 48.1317725], [11.4478869, 48.131542], [11.4481179, 48.1311538], [11.448232, 48.1312277], [11.4483293, 48.1311981], [11.4484068, 48.1313419], [11.4485028, 48.1314956], [11.4485404, 48.1315543], [11.4486664, 48.1315967], [11.4487755, 48.1318021], [11.4489221, 48.1319639], [11.4491144, 48.1321814], [11.4494415, 48.1325469], [11.449557, 48.1326763], [11.4497754, 48.1329213], [11.4499966, 48.1328512], [11.4506439, 48.1326431], [11.4511498, 48.1324851], [11.4512818, 48.1329293], [11.4513433, 48.1332103], [11.4513653, 48.1332754], [11.4514821, 48.1332564], [11.451501, 48.1332555], [11.451594, 48.1332539], [11.4517803, 48.1332496], [11.4524215, 48.1332041], [11.4533677, 48.1331361], [11.4543084, 48.1330459], [11.4548798, 48.1329687], [11.4547816, 48.1328338], [11.4547291, 48.1327351], [11.4547026, 48.1326279], [11.4553543, 48.1325296], [11.4566016, 48.1324016], [11.4573883, 48.1323157], [11.4578446, 48.1322561], [11.4578847, 48.1324797], [11.4601384, 48.1320449], [11.4598671, 48.1315228], [11.4596867, 48.1312212], [11.4594724, 48.1308994], [11.4600378, 48.1307216], [11.4606152, 48.1305997], [11.4615952, 48.1303927], [11.4621018, 48.1302968], [11.4620216, 48.1300002], [11.4623934, 48.1299342], [11.4634317, 48.1299203], [11.4636931, 48.129926], [11.4637414, 48.1298418], [11.4637916, 48.1294828], [11.4639766, 48.1294024], [11.4641672, 48.1293386], [11.4645429, 48.129238], [11.4647241, 48.1288863], [11.4649053, 48.1284188], [11.4649715, 48.1282282], [11.4649836, 48.1281116], [11.4650517, 48.1275585], [11.4650785, 48.1272944], [11.4651283, 48.126992], [11.4650257, 48.1266215], [11.4649556, 48.1258273], [11.4648591, 48.1253965], [11.4647395, 48.1248029], [11.4647217, 48.1243967], [11.4647495, 48.1240455], [11.4647619, 48.1239651], [11.4647975, 48.1237477], [11.4648301, 48.1235475], [11.4648296, 48.1234146], [11.4647902, 48.1232336], [11.4647833, 48.1231279], [11.4647654, 48.1230888], [11.4648172, 48.1227129], [11.4648621, 48.1223985], [11.464872, 48.1223559], [11.4648817, 48.1222815], [11.4649453, 48.1219619], [11.4649902, 48.1218976], [11.4650892, 48.1215049], [11.4652666, 48.1211763], [11.4654078, 48.1208012], [11.4655645, 48.120325], [11.4656232, 48.1199499], [11.465648, 48.1195223], [11.465644, 48.1192312], [11.4656494, 48.1188204], [11.4656651, 48.1185145], [11.4656528, 48.1181766], [11.4656448, 48.1179577], [11.4654772, 48.1172236], [11.4650913, 48.1158239], [11.4650619, 48.1148928], [11.4650608, 48.1147058], [11.4633954, 48.1145011], [11.4633641, 48.1141521], [11.4632613, 48.1137894], [11.463249, 48.1136757], [11.4632473, 48.1135427], [11.4632877, 48.1133581], [11.4634214, 48.1129937], [11.4635127, 48.112684], [11.4635178, 48.1123065], [11.4634674, 48.112078], [11.4633405, 48.1118078], [11.4632381, 48.1114309], [11.4631838, 48.1111136], [11.4632086, 48.1108723], [11.4632928, 48.1108046], [11.463263, 48.1105856], [11.4632616, 48.1103745], [11.4633129, 48.1094591], [11.4634128, 48.1093428], [11.4635114, 48.1091596], [11.4635432, 48.1089922], [11.4635875, 48.10872], [11.4636007, 48.1086455], [11.4635762, 48.1084018], [11.463506, 48.108175], [11.4634666, 48.1080964], [11.4633325, 48.1077512], [11.4632873, 48.1075534], [11.4632444, 48.1073288], [11.4632263, 48.1071192], [11.4632145, 48.1069695], [11.4631873, 48.1068511], [11.4631579, 48.1066785], [11.4631007, 48.1061092], [11.4630595, 48.1057195], [11.4630271, 48.1055533], [11.4630085, 48.1054311], [11.4629691, 48.1052549], [11.4636605, 48.1052476], [11.4653577, 48.1052311], [11.4671933, 48.1052317], [11.4684615, 48.10521], [11.4696285, 48.1052066], [11.4696902, 48.1058319], [11.4708482, 48.1053987], [11.4713145, 48.1052815], [11.4717794, 48.105161], [11.4720881, 48.1050848], [11.4730217, 48.1048992], [11.4733936, 48.1048413], [11.4742054, 48.1047123], [11.4748504, 48.1046058], [11.4744881, 48.1039092], [11.4746327, 48.1038646], [11.4744007, 48.103589], [11.4743472, 48.1035292], [11.4712267, 48.0998287], [11.470851, 48.0993754], [11.4736501, 48.0961392], [11.4739679, 48.0957768], [11.4739321, 48.0956445], [11.4739059, 48.0953933], [11.4741079, 48.0953762], [11.4740185, 48.095044], [11.4738633, 48.0944928], [11.4737534, 48.0939713], [11.4735975, 48.0935202], [11.4735507, 48.0932372], [11.4734694, 48.092711], [11.4732353, 48.092279], [11.4729453, 48.0917332], [11.4727615, 48.0913953], [11.4725125, 48.0909354], [11.4723567, 48.0906463], [11.4722279, 48.0904003], [11.4720742, 48.0901146], [11.4725202, 48.0899261], [11.4730972, 48.0896682], [11.4734441, 48.0894816], [11.4741951, 48.0891191], [11.4747488, 48.0889451], [11.4747606, 48.0889054], [11.4747322, 48.0888762], [11.4750278, 48.088815], [11.4752993, 48.0887828], [11.4755058, 48.0887713], [11.4759964, 48.088767], [11.476342, 48.0887657], [11.4762587, 48.0886602], [11.4761719, 48.0885554], [11.4759933, 48.0883363], [11.4757827, 48.0881032], [11.4757225, 48.0880376], [11.4756401, 48.0879422], [11.4755024, 48.087791], [11.4751587, 48.0874227], [11.474979, 48.0872355], [11.4748373, 48.0870844], [11.4747255, 48.0869866], [11.4746094, 48.0869337], [11.4745486, 48.0869106], [11.4742344, 48.0868188], [11.4737816, 48.0866953], [11.4736262, 48.0866661], [11.4734323, 48.0864484], [11.4732941, 48.0862585], [11.4730019, 48.0858698], [11.4727754, 48.085556], [11.4725716, 48.0852903], [11.4722808, 48.0849682], [11.4717173, 48.0843621], [11.4715605, 48.0841593], [11.4714161, 48.0839733], [11.471218, 48.0836525], [11.4711475, 48.0835388], [11.4710381, 48.0833143], [11.4710024, 48.0832622], [11.4709217, 48.0831868], [11.4732555, 48.0821942], [11.4729241, 48.0819643], [11.472374, 48.0822666], [11.4719421, 48.0818083], [11.4723237, 48.081595], [11.4725468, 48.0814217], [11.4729244, 48.0812229], [11.4733979, 48.081628], [11.4730197, 48.0818192], [11.4730299, 48.0819057], [11.4733659, 48.0821506], [11.474944, 48.0815106], [11.4774986, 48.0804267], [11.4796538, 48.0795014], [11.480804, 48.0790166], [11.4829049, 48.0781229], [11.4840945, 48.0776078], [11.4852582, 48.0771088], [11.4862979, 48.0766641], [11.4866951, 48.076495], [11.4870344, 48.0763511], [11.4867396, 48.0758621], [11.4864579, 48.0753843], [11.4862232, 48.0751362], [11.4861102, 48.074953], [11.4863151, 48.0748908], [11.4857966, 48.0742165], [11.4871308, 48.0737735], [11.488005, 48.074964], [11.4866484, 48.0753802], [11.4872351, 48.0762576], [11.4874766, 48.076152], [11.4874946, 48.0761541], [11.4879975, 48.0759476], [11.4889402, 48.0755464], [11.4896929, 48.0752288], [11.4903192, 48.0749589], [11.4916093, 48.0744138], [11.4917672, 48.0743496], [11.4938914, 48.0734502], [11.4961285, 48.0724996], [11.4983686, 48.0715452], [11.5004432, 48.0706603], [11.5025026, 48.0697668], [11.5028436, 48.0696178], [11.503558, 48.0692942], [11.5028817, 48.0686153], [11.5028493, 48.0685039], [11.5027329, 48.0681078], [11.5027701, 48.0676228], [11.5030212, 48.0669886], [11.5028462, 48.0669448], [11.5025769, 48.0669437], [11.5026315, 48.066809], [11.502892, 48.0662127], [11.5030423, 48.065703], [11.5036726, 48.0654734], [11.5037948, 48.0648125], [11.5038826, 48.0641665], [11.5041072, 48.0628905], [11.5042105, 48.0623947], [11.5054353, 48.0621699], [11.5062376, 48.0620793], [11.507189, 48.0618712], [11.5083365, 48.0616688], [11.5087578, 48.0616244], [11.5092742, 48.0621434], [11.5115038, 48.0643994], [11.5156035, 48.0633629], [11.5157531, 48.0637498], [11.515978, 48.0646355], [11.5161295, 48.0650159], [11.5163096, 48.0654374], [11.5166094, 48.065377], [11.5167808, 48.0657998], [11.5170141, 48.0663671], [11.517575, 48.066269], [11.5176967, 48.0666003], [11.5182312, 48.0666233], [11.5182103, 48.0669313], [11.5187834, 48.0670571], [11.5188325, 48.0669772], [11.5190033, 48.0670298], [11.5188177, 48.0673262], [11.5190514, 48.0673349], [11.51975, 48.0673562], [11.5202834, 48.067373], [11.5204734, 48.0673775], [11.5205936, 48.0673696], [11.5213115, 48.0673623], [11.5219619, 48.0673545], [11.5221162, 48.0673467], [11.5221338, 48.0671365], [11.5222559, 48.067133], [11.5221875, 48.0668762], [11.5221386, 48.0667118], [11.5221, 48.0665384], [11.5228134, 48.0664739], [11.5229583, 48.0664605], [11.5230971, 48.0676607], [11.5235863, 48.068134], [11.5238869, 48.0683743], [11.5243748, 48.0684628], [11.5251741, 48.0683727], [11.5262498, 48.0683357], [11.5262817, 48.0688113], [11.5262944, 48.0689891], [11.5269655, 48.06898], [11.5276982, 48.0689847], [11.5282499, 48.0689844], [11.5282659, 48.0692622], [11.5283135, 48.0692608], [11.5283815, 48.0695888], [11.5285692, 48.0695589], [11.5285869, 48.0697087], [11.5286104, 48.0697097], [11.5286606, 48.0700799], [11.5287346, 48.0704954], [11.5288338, 48.0707516], [11.5288804, 48.0709004], [11.5289968, 48.0717163], [11.5290124, 48.071819], [11.5290508, 48.07194], [11.5290874, 48.0719365], [11.5291374, 48.0720104], [11.5291657, 48.0720053], [11.5296061, 48.0726616], [11.5298881, 48.0730836], [11.5298622, 48.0730928], [11.5300274, 48.0733201], [11.5300542, 48.0733573], [11.5303984, 48.0738762], [11.530501, 48.0740282], [11.5306099, 48.0741926], [11.5307272, 48.0743654], [11.5308033, 48.0744843], [11.5309131, 48.0746626], [11.5309633, 48.0747439], [11.5310275, 48.0748511], [11.5310844, 48.0749435], [11.5311751, 48.0751696], [11.5312368, 48.0753217], [11.5313465, 48.0757046], [11.5314756, 48.0760233], [11.5315304, 48.0761553], [11.5317516, 48.076452], [11.5318708, 48.0765752], [11.5321329, 48.076834], [11.5321605, 48.0768239], [11.5322819, 48.076934], [11.5323782, 48.0770184], [11.5325349, 48.0771448], [11.532769, 48.0773178], [11.5330259, 48.0774799], [11.5333401, 48.0776214], [11.5334109, 48.077664], [11.5334768, 48.0776817], [11.533557, 48.0776767], [11.5336253, 48.0776629], [11.5336744, 48.0776611], [11.5337198, 48.0776799], [11.5337079, 48.0776924], [11.5337405, 48.077713], [11.5337849, 48.0777335], [11.5338321, 48.0777314], [11.5338495, 48.0777393], [11.5340416, 48.0777513], [11.534252, 48.0777547], [11.5343574, 48.077741], [11.5345905, 48.0777515], [11.5347324, 48.07776], [11.5349585, 48.0777858], [11.5352166, 48.0778294], [11.5354316, 48.0778655], [11.5355628, 48.0778741], [11.535642, 48.0778697], [11.5360495, 48.0779398], [11.5366467, 48.0779859], [11.53686, 48.0780039], [11.5378407, 48.0779788], [11.5384879, 48.0779626], [11.5400895, 48.0779199], [11.5408683, 48.0778988], [11.5413264, 48.0778866], [11.5423719, 48.0778567], [11.5423594, 48.0778277], [11.5423259, 48.077695], [11.542331, 48.0776204], [11.5423019, 48.0775182], [11.5422643, 48.0774395], [11.5422269, 48.0771928], [11.5422018, 48.0767898], [11.5421165, 48.0766991], [11.5420621, 48.0765674], [11.5420374, 48.0764679], [11.5419721, 48.0763699], [11.5419356, 48.0762893], [11.5419152, 48.0762892], [11.5419116, 48.0762556], [11.5419204, 48.076222], [11.5418922, 48.0761251], [11.5418489, 48.0760777], [11.5417874, 48.0759535], [11.5417571, 48.075929], [11.5416913, 48.0758357], [11.5416437, 48.0757099], [11.541585, 48.0755009], [11.5415813, 48.0753826], [11.5416351, 48.0752592], [11.5416604, 48.0751287], [11.5416759, 48.0749907], [11.5416962, 48.0749031], [11.5417166, 48.0747273], [11.5417552, 48.0745914], [11.5417982, 48.0745968], [11.5418399, 48.0745765], [11.5418668, 48.0745794], [11.5418798, 48.0745737], [11.5420001, 48.0745857], [11.542293, 48.074629], [11.542303, 48.0746361], [11.5423287, 48.0746381], [11.542338, 48.0746126], [11.5424279, 48.0746204], [11.5424678, 48.0745808], [11.5425216, 48.0745485], [11.5426379, 48.0745258], [11.5426646, 48.0745128], [11.542749, 48.0744143], [11.5427549, 48.0743741], [11.5427784, 48.0743556], [11.5427968, 48.0743371], [11.5428677, 48.0743161], [11.5429285, 48.0742134], [11.5429848, 48.0741632], [11.5430434, 48.0741191], [11.5431084, 48.0740837], [11.5431854, 48.0740502], [11.543219, 48.0740186], [11.5432503, 48.0740028], [11.5432747, 48.0739744], [11.5433263, 48.0739491], [11.5433545, 48.0738948], [11.5433467, 48.0738628], [11.5433235, 48.0738476], [11.5433657, 48.0737993], [11.5433598, 48.0737493], [11.543402, 48.0737525], [11.5434226, 48.0737393], [11.5434367, 48.0736936], [11.5434402, 48.0736612], [11.5435143, 48.0735709], [11.543548, 48.0735688], [11.5436028, 48.0735282], [11.5431318, 48.0730499], [11.5439683, 48.0719453], [11.544129, 48.0710883], [11.5442887, 48.0702448], [11.5440071, 48.0696331], [11.5441842, 48.0691267], [11.5440667, 48.0683123], [11.5450481, 48.0681918], [11.5454241, 48.0681278], [11.5456094, 48.0684532], [11.5459356, 48.0690211], [11.5464457, 48.0699252], [11.547287, 48.0715247], [11.5473653, 48.0716096], [11.5474989, 48.0715813], [11.5475379, 48.0716576], [11.5475739, 48.0717303], [11.5477866, 48.0721495], [11.5481764, 48.0729214], [11.5488404, 48.0742306], [11.548917, 48.0743802], [11.5490075, 48.0745628], [11.5490322, 48.0746059], [11.549757, 48.0744612], [11.5499136, 48.0746572], [11.5492346, 48.0749084], [11.5491556, 48.0748689], [11.5496477, 48.0758774], [11.5500988, 48.0767933], [11.5504046, 48.0774308], [11.5509031, 48.0784834], [11.5516394, 48.080022], [11.5519541, 48.0806903], [11.5528684, 48.0826423], [11.5534728, 48.0839501], [11.5539743, 48.0850231], [11.5544544, 48.084963], [11.5605373, 48.0841634], [11.5604997, 48.0839875], [11.5605688, 48.0839426], [11.5614117, 48.0837933], [11.5624875, 48.0836047], [11.5629115, 48.0851156], [11.5629144, 48.0851799], [11.5629913, 48.0851676], [11.5633151, 48.085265], [11.5635976, 48.0853674], [11.5646978, 48.0857708], [11.5655298, 48.086077], [11.5656286, 48.0861179], [11.5700403, 48.0877269], [11.5732319, 48.0888993], [11.5743819, 48.0888153], [11.5744301, 48.0893368], [11.5756459, 48.089798], [11.5781002, 48.0907286], [11.5798241, 48.0913816], [11.5803076, 48.0915647], [11.5804597, 48.0916224], [11.5832833, 48.0927068], [11.5833246, 48.0927226], [11.5842787, 48.0930879], [11.5850016, 48.0933514], [11.5851254, 48.0934114], [11.5854243, 48.0935285], [11.5855361, 48.0934879], [11.5856734, 48.0934567], [11.5858098, 48.0934509], [11.5859448, 48.0934653], [11.5860873, 48.0934961], [11.586197, 48.0935322], [11.5862649, 48.0935596], [11.5863274, 48.0935899], [11.5869189, 48.0938795], [11.5873397, 48.0935593], [11.5875022, 48.0935005], [11.5877235, 48.0934782], [11.5880219, 48.0935023], [11.588231, 48.0935454], [11.5883793, 48.0935273], [11.588558, 48.0934318], [11.5889081, 48.0927995], [11.5888304, 48.0927807], [11.5888614, 48.092733], [11.5889358, 48.0927461], [11.5911911, 48.0886842], [11.5915481, 48.0880336], [11.5918167, 48.0875241], [11.5921902, 48.0866702], [11.5922364, 48.0863351], [11.5922507, 48.0860489], [11.5923285, 48.085655], [11.5924363, 48.0854383], [11.5926218, 48.0850713], [11.5928809, 48.0850459], [11.5929692, 48.0850368], [11.5930965, 48.0850255], [11.5933673, 48.084998], [11.5936151, 48.0849751], [11.5941335, 48.0851413], [11.5945095, 48.0852642], [11.5943263, 48.0855192], [11.5945193, 48.0855746], [11.5944394, 48.085714], [11.5947192, 48.0858191], [11.594832, 48.0856828], [11.5950305, 48.0854296], [11.5955265, 48.0855637], [11.5959717, 48.0856984], [11.5964285, 48.0857868], [11.5968988, 48.0858324], [11.5974095, 48.0858382], [11.5976965, 48.0858711], [11.5978834, 48.0859325], [11.5980406, 48.0860577], [11.5981364, 48.0863389], [11.5981889, 48.0864497], [11.5982782, 48.086529], [11.5983569, 48.0865858], [11.5985459, 48.0866489], [11.5990531, 48.0867588], [11.5999665, 48.086956], [11.6006051, 48.087092], [11.6017741, 48.0873456], [11.6031191, 48.0855778], [11.6031338, 48.0855756], [11.6035253, 48.0850642], [11.6042136, 48.0854098], [11.6052422, 48.086002], [11.6055025, 48.0861501], [11.6059078, 48.0863871], [11.6062907, 48.0866651], [11.6064974, 48.086808], [11.6074765, 48.0868027], [11.6081093, 48.0868544], [11.6082567, 48.0868584], [11.6086758, 48.0868119], [11.6110383, 48.0869515], [11.6118972, 48.0870288], [11.6119796, 48.0870427], [11.6116855, 48.0881107], [11.6151817, 48.0880168], [11.615151, 48.0884248], [11.6158068, 48.0884427], [11.616311, 48.0884342], [11.616744, 48.0884262], [11.6167958, 48.0884388], [11.6167533, 48.0886253], [11.6176497, 48.0885602], [11.6237531, 48.08811], [11.623738, 48.0880184], [11.6238016, 48.0880175], [11.6237095, 48.0873266], [11.6263053, 48.0871363], [11.6263459, 48.0871034], [11.6264789, 48.0870825], [11.6266929, 48.0870962], [11.6268562, 48.0871003], [11.6270317, 48.0870844], [11.6270531, 48.0870743], [11.6270544, 48.0870568], [11.6270073, 48.0870096], [11.6269028, 48.0869564], [11.6265686, 48.0868397], [11.6265793, 48.0868019], [11.6267966, 48.0867734], [11.627783, 48.0866871], [11.6278327, 48.0866905], [11.6296264, 48.086547], [11.629625, 48.0862576], [11.6303537, 48.0862237], [11.6309985, 48.0861843], [11.6329513, 48.0859767], [11.633041, 48.0859672], [11.6330587, 48.0855682], [11.6330639, 48.085484], [11.6330623, 48.0850531], [11.6330541, 48.084877], [11.6330381, 48.0846929], [11.633028, 48.0844967], [11.6330367, 48.0842769], [11.6341403, 48.0842284], [11.6348545, 48.0841673], [11.6351791, 48.0841302], [11.6361896, 48.0839893], [11.6370073, 48.0838656], [11.6382475, 48.0836693], [11.6382285, 48.0836257], [11.6374048, 48.0837404], [11.6373747, 48.0836363], [11.6382305, 48.0835214], [11.6397866, 48.0832825], [11.641794, 48.0829309], [11.6437354, 48.0825606], [11.6451965, 48.0822592], [11.6458268, 48.0821369], [11.6467876, 48.0819642], [11.6468164, 48.0820207], [11.6499627, 48.0813013], [11.6501574, 48.0812816], [11.652066, 48.0809066], [11.6523642, 48.0808502], [11.6543193, 48.0804692], [11.6552296, 48.080292], [11.6556868, 48.0802093], [11.657002, 48.079977], [11.6574765, 48.079899], [11.6583543, 48.0797345], [11.6584352, 48.0797185], [11.6584714, 48.0797116], [11.6592372, 48.0795616], [11.6601024, 48.0794151], [11.6601999, 48.0793992], [11.6602419, 48.0794658], [11.6606871, 48.0793254], [11.6610158, 48.0792619], [11.6615075, 48.0791699], [11.6619928, 48.0790731], [11.662454, 48.0790057], [11.6629159, 48.0788982], [11.6633645, 48.0788111], [11.6634758, 48.0789937], [11.6643753, 48.078708], [11.664332, 48.0786148], [11.6649283, 48.078519], [11.665644, 48.0784041], [11.6655716, 48.0782116], [11.6666958, 48.078093], [11.6675383, 48.077996], [11.6678188, 48.0779646], [11.6683435, 48.0779811], [11.6704369, 48.0780515], [11.6712842, 48.0780545], [11.6717534, 48.0780549], [11.6734504, 48.0782127], [11.6737148, 48.0787812], [11.6743279, 48.0787184], [11.6753467, 48.0786139], [11.6769196, 48.0784484], [11.6769949, 48.0784406], [11.67862, 48.0782739], [11.6786688, 48.0784527], [11.6793833, 48.0783844], [11.6793467, 48.0781985], [11.6798462, 48.0781453], [11.6805126, 48.0780743], [11.682187, 48.0778471], [11.6827582, 48.0777696], [11.6840763, 48.0776633], [11.6843093, 48.0776358], [11.6852788, 48.0775213], [11.685651, 48.0774915], [11.6853956, 48.0776298], [11.6852705, 48.0777354], [11.6850678, 48.077905], [11.6848352, 48.0780664], [11.6847024, 48.0781947], [11.6846164, 48.0783096], [11.6844889, 48.078539], [11.6843527, 48.0787768], [11.6841225, 48.0790824], [11.6840698, 48.079155], [11.6837805, 48.0797246], [11.6835818, 48.0802574], [11.6835865, 48.0805714], [11.6834864, 48.0809112], [11.6834441, 48.0810661], [11.6834646, 48.0813338], [11.6835162, 48.0814904], [11.6830924, 48.0816592], [11.6829626, 48.0817667], [11.6828632, 48.0818037], [11.6823048, 48.0823383], [11.6818955, 48.0826176], [11.681562, 48.0828021], [11.681313, 48.0829658], [11.6812433, 48.0831604], [11.6810059, 48.0835742], [11.6809575, 48.0838042], [11.6809631, 48.0841034], [11.6811213, 48.0845254], [11.681149, 48.0846761], [11.6812239, 48.0849466], [11.6815181, 48.0855526], [11.68158, 48.0858116], [11.6816336, 48.0860869], [11.6816676, 48.0863541], [11.6817358, 48.0866201], [11.6817923, 48.0868066], [11.6818491, 48.0868473], [11.6819074, 48.0869425], [11.6819351, 48.0870356], [11.6820088, 48.0871261], [11.6820499, 48.0872891], [11.6821089, 48.0874549], [11.6821896, 48.0876104], [11.6822851, 48.0879685], [11.6823549, 48.0881996], [11.6824127, 48.0884471], [11.6824455, 48.0887168], [11.6825089, 48.0891729], [11.6825136, 48.0894314], [11.6824898, 48.0897684], [11.6825001, 48.0904368], [11.6825288, 48.0907127], [11.6825643, 48.0910337], [11.6826007, 48.0912918], [11.6826482, 48.0914523], [11.6827716, 48.0918035], [11.68304, 48.0920884], [11.6833458, 48.0922506], [11.6834932, 48.0922627], [11.6836904, 48.0923257], [11.6841376, 48.092421], [11.684497, 48.0924806], [11.685052, 48.0924545], [11.6856927, 48.0925076], [11.6859668, 48.0924856], [11.6868414, 48.0923354], [11.6873309, 48.0922273], [11.6878519, 48.0921369], [11.6878527, 48.0922019], [11.6882231, 48.0921909], [11.6887349, 48.0922119], [11.688307, 48.0925394], [11.6880003, 48.0927708], [11.6878784, 48.0928792], [11.6876699, 48.093025], [11.6874224, 48.0932478], [11.6872162, 48.0934379], [11.6871126, 48.0935434], [11.6882031, 48.0937944], [11.6890564, 48.0940088], [11.6890188, 48.0941653], [11.6889675, 48.0944984], [11.6888833, 48.0949278], [11.6893023, 48.0950908], [11.6900712, 48.0954169], [11.6912126, 48.0958457], [11.6917674, 48.096056], [11.6922574, 48.0962481], [11.6935644, 48.0967555], [11.6936641, 48.0968051], [11.6942302, 48.0971188], [11.6943538, 48.0971495], [11.6946477, 48.0972252], [11.6948815, 48.0972286], [11.6953906, 48.0972806], [11.6955205, 48.0973098], [11.695656, 48.097316], [11.69619, 48.097279], [11.6966424, 48.0974342], [11.696838, 48.0975481], [11.6970921, 48.0977583], [11.6975478, 48.0980096], [11.6982588, 48.0983257], [11.6989263, 48.0986132], [11.7001631, 48.0991648], [11.7014686, 48.0996033], [11.7027377, 48.1000653], [11.7033248, 48.1003102], [11.7037439, 48.1003534], [11.7040768, 48.1004066], [11.7043694, 48.1004612], [11.7048445, 48.1006829], [11.7052964, 48.1009084], [11.7057939, 48.1011611], [11.706179, 48.1013358], [11.7070277, 48.101643], [11.7084855, 48.1021528], [11.7088314, 48.1022905], [11.7090286, 48.1023941], [11.7093428, 48.1025744], [11.7095928, 48.1027608], [11.7109553, 48.1037084], [11.7111577, 48.1038721], [11.7112682, 48.103963], [11.7116586, 48.1042771], [11.7118101, 48.1043726], [11.7122874, 48.1046663], [11.7124414, 48.1047416], [11.7127047, 48.1048692], [11.7128891, 48.1052245], [11.7130833, 48.1056211], [11.713206, 48.1061745], [11.7132104, 48.1065489], [11.7132114, 48.1066466], [11.7132508, 48.1068394], [11.7132723, 48.1069427], [11.7133838, 48.1071173], [11.7140224, 48.1086335], [11.7141546, 48.1091652], [11.714231, 48.1095795], [11.7145108, 48.1105447], [11.7145732, 48.1107674], [11.7145946, 48.1108471], [11.7145908, 48.1108709], [11.7145785, 48.1109649], [11.714605, 48.111119], [11.7141395, 48.1110346], [11.7139366, 48.1110192], [11.7134453, 48.1112595], [11.7133534, 48.1113079], [11.7129604, 48.1115152], [11.712516, 48.1118068], [11.7118919, 48.1122648], [11.7112954, 48.1126462], [11.711163, 48.1127307], [11.7107198, 48.1130459], [11.7102978, 48.1133917], [11.7098284, 48.1137266], [11.7092989, 48.1140501], [11.7089815, 48.1142244], [11.708916, 48.1142371], [11.710668, 48.1155572], [11.7046465, 48.1168642], [11.6997477, 48.1179185], [11.6997239, 48.1178775], [11.6989484, 48.1180504], [11.6986909, 48.117973], [11.6984629, 48.1179705], [11.6979684, 48.118174], [11.6976769, 48.118308], [11.6966797, 48.1185273], [11.6964241, 48.1185431], [11.6963988, 48.1186477], [11.6947243, 48.1190141], [11.6940418, 48.1193471], [11.6940546, 48.1193629], [11.6947685, 48.1199876], [11.6948194, 48.1200315], [11.6947904, 48.1200406], [11.6951246, 48.1203408], [11.6960577, 48.1198625], [11.6975662, 48.12118], [11.6941881, 48.1231033], [11.6959275, 48.1243863], [11.6964272, 48.1243881], [11.6977398, 48.1253464], [11.6992458, 48.1244473], [11.7022318, 48.1226626], [11.7039993, 48.1215942], [11.7042695, 48.1214437], [11.7046079, 48.1216232], [11.7050443, 48.1218837], [11.7053509, 48.1220511], [11.7058057, 48.1222768], [11.7060649, 48.1223646], [11.7063555, 48.1224338], [11.7067367, 48.1224884], [11.7070119, 48.1225155], [11.7070999, 48.1225171], [11.707311, 48.1224334], [11.7074155, 48.1223731], [11.7073914, 48.1224772], [11.7086252, 48.1229634], [11.70885, 48.1226348], [11.7095868, 48.1231826], [11.7107359, 48.1240348], [11.7119885, 48.1229767], [11.7136506, 48.1240531], [11.7139429, 48.124264], [11.715141, 48.126331], [11.7155457, 48.1270733], [11.7161672, 48.1281741], [11.7151701, 48.1287789], [11.7153862, 48.1289385], [11.7145197, 48.1296081], [11.7133971, 48.1291073], [11.7117067, 48.1300689], [11.7126703, 48.1305387], [11.7143702, 48.1313657], [11.7141988, 48.1315726], [11.7135475, 48.1321962], [11.7122674, 48.1333845], [11.7144568, 48.1340328], [11.7152706, 48.1327982], [11.7175591, 48.1334772], [11.719111, 48.133936], [11.7201298, 48.1342334], [11.7204373, 48.134335], [11.7202835, 48.1345931], [11.7202151, 48.1347081], [11.7196799, 48.1355406], [11.7200402, 48.1357093], [11.7208145, 48.1360446], [11.722903, 48.1370622], [11.7229099, 48.137117], [11.7224159, 48.1375228], [11.7218743, 48.1379705], [11.7205525, 48.1390065], [11.720463, 48.1390675], [11.7196873, 48.1386771], [11.7192577, 48.1384557], [11.7188253, 48.138178], [11.7185958, 48.1380304], [11.7179981, 48.1377062], [11.717835, 48.1377466], [11.717692, 48.137782], [11.7160825, 48.1381969], [11.7159321, 48.1382357], [11.7150361, 48.1384666], [11.7149461, 48.1384898], [11.71471, 48.1386034], [11.7145998, 48.138613], [11.7145373, 48.1386169], [11.7144724, 48.1386219], [11.7142819, 48.1386467], [11.7141843, 48.1386774], [11.7140935, 48.1387307], [11.7139028, 48.1388882], [11.7138085, 48.1389768], [11.7136383, 48.1391319], [11.7136315, 48.1391381], [11.7135855, 48.1392029], [11.7135235, 48.1392815], [11.7118711, 48.1405283], [11.7109255, 48.1412833], [11.7101299, 48.141854], [11.7102885, 48.1419481], [11.7103937, 48.1420073], [11.7105074, 48.1420651], [11.710975, 48.1423027], [11.7110318, 48.1423301], [11.7116465, 48.1426264], [11.7122225, 48.1429125], [11.7127796, 48.1431936], [11.7109481, 48.1446123], [11.7133337, 48.1454764], [11.7134632, 48.1455237], [11.7127794, 48.1460563], [11.7118574, 48.1467821], [11.7105425, 48.1477765], [11.7104582, 48.1478693], [11.7102589, 48.1480888], [11.7101931, 48.1481612], [11.710117, 48.14818], [11.7083347, 48.1479568], [11.7074996, 48.147832], [11.7064455, 48.1477002], [11.7052922, 48.147553], [11.7029382, 48.147252], [11.702654, 48.1474726], [11.7025924, 48.1474398], [11.7027845, 48.1472332], [11.6986205, 48.1466975], [11.698403, 48.1468928], [11.6983469, 48.1468679], [11.6984962, 48.1466823], [11.6948666, 48.146223], [11.6946517, 48.1462175], [11.6933385, 48.1460222], [11.6916723, 48.1458121], [11.6914785, 48.1459701], [11.6914169, 48.145941], [11.6915437, 48.1457975], [11.6902082, 48.1456302], [11.6888536, 48.1454482], [11.6866865, 48.1451717], [11.6851852, 48.1449808], [11.6843965, 48.1448803], [11.6837275, 48.1447925], [11.6834155, 48.1448492], [11.6830616, 48.1449132], [11.6814969, 48.1447136], [11.679813, 48.1444986], [11.6781624, 48.144285], [11.6798009, 48.1532533], [11.6764581, 48.1550804], [11.6756028, 48.1555483], [11.675265, 48.155734], [11.6747338, 48.1560243], [11.6745174, 48.1561429], [11.6742172, 48.1563062], [11.673925, 48.15647], [11.6742158, 48.156714], [11.6743448, 48.1568191], [11.6745819, 48.1570155], [11.6746106, 48.1570838], [11.674778, 48.1572242], [11.6750791, 48.157423], [11.6755182, 48.1578108], [11.6760099, 48.1582427], [11.676485, 48.1586544], [11.6769605, 48.1590786], [11.6774298, 48.1595055], [11.6778833, 48.1599159], [11.6784996, 48.1604538], [11.6786286, 48.1605808], [11.6787114, 48.160718], [11.678787, 48.1608058], [11.678998, 48.1610015], [11.6796086, 48.1615764], [11.6802644, 48.1622023], [11.6809145, 48.1628376], [11.6811393, 48.1631006], [11.6812894, 48.1632727], [11.6814296, 48.1634038], [11.6816952, 48.1636423], [11.6819308, 48.1638608], [11.6822164, 48.1641483], [11.6828189, 48.164736], [11.6831728, 48.1650729], [11.6835325, 48.1654379], [11.6842502, 48.1661911], [11.6847135, 48.1666683], [11.684773, 48.1667336], [11.6849032, 48.1668636], [11.6850062, 48.1669941], [11.6851784, 48.1672244], [11.6852937, 48.1672633], [11.6854055, 48.167313], [11.6855153, 48.1673724], [11.6855987, 48.1674336], [11.6856558, 48.1674893], [11.6857352, 48.1675993], [11.6857947, 48.1677139], [11.6858331, 48.1678088], [11.6858365, 48.167874], [11.6858276, 48.1679379], [11.6857928, 48.1680306], [11.6857728, 48.1681203], [11.6857303, 48.1682782], [11.685728, 48.1683237], [11.6857532, 48.1683506], [11.6857968, 48.1683704], [11.6858779, 48.1684146], [11.6859241, 48.1684134], [11.6859741, 48.1684097], [11.6860035, 48.1684143], [11.686026, 48.1684315], [11.6860404, 48.1684583], [11.6860477, 48.168513], [11.6863297, 48.1687207], [11.6864455, 48.1688082], [11.6865201, 48.1689115], [11.686554, 48.1690459], [11.6865702, 48.1691224], [11.6866549, 48.1692696], [11.6866499, 48.1693123], [11.6865825, 48.1694622], [11.6866311, 48.1695847], [11.6867295, 48.1696659], [11.6867422, 48.1697065], [11.6867305, 48.1697444], [11.6866989, 48.169777], [11.6865639, 48.1699277], [11.6864071, 48.1701207], [11.6863347, 48.1702911], [11.6863113, 48.1703833], [11.6862778, 48.1704677], [11.6861201, 48.1707013], [11.6860166, 48.1708001], [11.6859487, 48.170847], [11.6859689, 48.1709802], [11.6859932, 48.1710521], [11.6860181, 48.1711053], [11.6860109, 48.1711893], [11.6859427, 48.1712812], [11.6858801, 48.1713242], [11.6858549, 48.1715929], [11.6857938, 48.1717565], [11.6887835, 48.1715231], [11.690547, 48.1711447], [11.692055, 48.1708182], [11.6932605, 48.1705663], [11.6939096, 48.1714186], [11.6943275, 48.1719623], [11.6955548, 48.1736082], [11.6960132, 48.1741803], [11.6960995, 48.1742858], [11.6951016, 48.1750352], [11.6947935, 48.1752512], [11.6946199, 48.1753761], [11.694336, 48.1756194], [11.6938948, 48.1759217], [11.6935938, 48.1761534], [11.6932409, 48.1764234], [11.6935138, 48.1765041], [11.6907035, 48.1781596], [11.6928429, 48.1789651], [11.6937448, 48.1793], [11.6955543, 48.1799813], [11.6946893, 48.1805328], [11.693927, 48.1810193], [11.6935953, 48.1812329], [11.6926102, 48.1820253], [11.6921874, 48.1823595], [11.6919782, 48.1825288], [11.6919119, 48.1825442], [11.6918122, 48.1825573], [11.6908027, 48.1826933], [11.6901089, 48.1827491], [11.6897044, 48.1827661], [11.6889679, 48.1827884], [11.6890044, 48.1818191], [11.6882773, 48.1814391], [11.687644, 48.1809012], [11.6868297, 48.180373], [11.6862148, 48.1804833], [11.6855789, 48.180575], [11.6822628, 48.181139], [11.6811049, 48.1813354], [11.6785744, 48.1815952], [11.6751957, 48.1818438], [11.6722917, 48.1821009], [11.6720634, 48.1821257], [11.6691596, 48.1824161], [11.6677748, 48.182516], [11.667133, 48.1825638], [11.6652871, 48.1826973], [11.6647229, 48.1827305], [11.6640418, 48.182774], [11.6633479, 48.1828168], [11.6622045, 48.1828884], [11.6621049, 48.1828129], [11.6620426, 48.1825967], [11.6620773, 48.1825101], [11.6618787, 48.1822334], [11.6616288, 48.1818785], [11.6612058, 48.1819001], [11.6610123, 48.1816876], [11.6609882, 48.1814998], [11.6610109, 48.1812779], [11.6608748, 48.181283], [11.6609587, 48.1810622], [11.6610019, 48.1809499], [11.6610651, 48.1807811], [11.6611422, 48.1805868], [11.6611459, 48.1805337], [11.6611484, 48.1804605], [11.6611007, 48.1802772], [11.6610556, 48.1800541], [11.6610328, 48.179893], [11.6610541, 48.1797005], [11.6610878, 48.1796436], [11.6613542, 48.1794141], [11.6622339, 48.1788464], [11.6643439, 48.1774846], [11.6644839, 48.1773975], [11.6645801, 48.1773762], [11.6648148, 48.1773837], [11.6649376, 48.177376], [11.6650604, 48.1773151], [11.6652721, 48.1772003], [11.6655143, 48.1770181], [11.6656653, 48.1768295], [11.6657165, 48.1767065], [11.6655252, 48.1761816], [11.6575707, 48.1755421], [11.6509408, 48.1749964], [11.6509888, 48.1745453], [11.6482612, 48.1745231], [11.6482684, 48.1741321], [11.6459992, 48.1739952], [11.6457021, 48.1739785], [11.6458051, 48.1737888], [11.6458544, 48.1736881], [11.6453927, 48.1737136], [11.6451367, 48.1737277], [11.6437337, 48.1738043], [11.6425043, 48.1738747], [11.6422344, 48.1738907], [11.6413408, 48.1739388], [11.6410058, 48.1733964], [11.6405967, 48.1735156], [11.6398645, 48.1737246], [11.6392554, 48.1738661], [11.638908, 48.1739479], [11.6381892, 48.174117], [11.6375913, 48.1742731], [11.6362891, 48.17476], [11.6361264, 48.17482], [11.6360017, 48.1748695], [11.6358903, 48.174917], [11.6359778, 48.1749014], [11.6361062, 48.1749335], [11.6362178, 48.1749596], [11.6364458, 48.1751439], [11.636574, 48.1753247], [11.6366956, 48.1754941], [11.6368178, 48.17567], [11.6370097, 48.175928], [11.6371334, 48.176254], [11.6372115, 48.1764448], [11.636196, 48.1766952], [11.6359118, 48.1767665], [11.6354556, 48.1768756], [11.6352761, 48.1769195], [11.6345315, 48.1771107], [11.6345069, 48.1771089], [11.631807, 48.177774], [11.6314002, 48.1778753], [11.6313289, 48.1775033], [11.6307066, 48.1776555], [11.6306151, 48.1774126], [11.6304834, 48.1774111], [11.6304297, 48.1771078], [11.6294089, 48.1771739], [11.6284969, 48.177227], [11.627706, 48.1773044], [11.6278988, 48.1777637], [11.6279365, 48.1779345], [11.6279692, 48.1781799], [11.6279558, 48.1782795], [11.6280515, 48.1785971], [11.6280539, 48.1787193], [11.6281867, 48.1788034], [11.6282537, 48.1788652], [11.6283106, 48.1789351], [11.6283347, 48.179015], [11.6283583, 48.1791798], [11.6283564, 48.1792591], [11.628342, 48.1793963], [11.6283684, 48.1794664], [11.6284635, 48.1796867], [11.6287175, 48.1800598], [11.6288842, 48.1803007], [11.6289488, 48.1803729], [11.6290006, 48.1805589], [11.6290368, 48.1807207], [11.6293187, 48.181067], [11.6298345, 48.1816851], [11.6300245, 48.1818587], [11.6301501, 48.182036], [11.630186, 48.1820887], [11.6302643, 48.1820817], [11.630554, 48.1823521], [11.6307066, 48.1824905], [11.6308655, 48.1825887], [11.631079, 48.1827575], [11.6312748, 48.1828841], [11.6315335, 48.1830639], [11.6313257, 48.1832192], [11.6310359, 48.1833379], [11.6310901, 48.183405], [11.631086, 48.1834251], [11.6312303, 48.1834969], [11.6306574, 48.1836828], [11.6305665, 48.1837098], [11.6305036, 48.1836364], [11.6294552, 48.1840213], [11.6295999, 48.1842016], [11.6292562, 48.1843291], [11.6293373, 48.1844196], [11.6293721, 48.1844555], [11.6296409, 48.1847881], [11.6298818, 48.1850706], [11.629946, 48.1851479], [11.6302444, 48.1855707], [11.6303974, 48.1857695], [11.6305071, 48.1859342], [11.6307214, 48.1862202], [11.6312158, 48.1868731], [11.6320977, 48.1880461], [11.6327349, 48.1890134], [11.6329927, 48.1894312], [11.6331849, 48.1897497], [11.6338779, 48.1909378], [11.6343592, 48.191762], [11.6346425, 48.1922472], [11.6348257, 48.1925612], [11.6350364, 48.1929316], [11.6352925, 48.193358], [11.6355769, 48.1938513], [11.6358861, 48.1943838], [11.6364588, 48.1953939], [11.6366892, 48.1958076], [11.6369974, 48.196371], [11.6373104, 48.1969415], [11.6375427, 48.1973737], [11.6377992, 48.1978661], [11.638105, 48.1984931], [11.6383474, 48.1992745], [11.6384173, 48.1996333], [11.6385162, 48.2001565], [11.6385213, 48.2005813], [11.6385152, 48.2011964], [11.638536, 48.2018224], [11.6385429, 48.2019973], [11.6385425, 48.2020515], [11.6386263, 48.2025337], [11.6386897, 48.2028854], [11.6389372, 48.2033943], [11.6391181, 48.2037657], [11.6394966, 48.2043305], [11.639661, 48.2045762], [11.6397402, 48.2046739], [11.6398525, 48.2047959], [11.6400333, 48.2049881], [11.640402, 48.205377], [11.6409366, 48.205801], [11.64129, 48.2060798], [11.6417969, 48.2063729], [11.6423738, 48.2067054], [11.6429375, 48.2069587], [11.643145, 48.207053], [11.6434236, 48.2071834], [11.6444081, 48.2076219], [11.6446919, 48.2077529], [11.6449182, 48.2078675], [11.6451273, 48.2079677], [11.6451494, 48.2079815], [11.645815, 48.2083158], [11.64678, 48.2088498], [11.6473491, 48.2092367], [11.6475912, 48.2093905], [11.6480642, 48.2097556], [11.6482084, 48.2099539], [11.6488131, 48.2107223], [11.6495873, 48.2117496], [11.6497562, 48.2117561], [11.6501575, 48.212506], [11.6502669, 48.2127747], [11.6503637, 48.2130173], [11.6504917, 48.2133803], [11.6505553, 48.2137554], [11.650666, 48.2143043], [11.6506929, 48.2147123], [11.6507277, 48.2151315], [11.6506055, 48.2162869], [11.6505275, 48.2168293], [11.6505051, 48.2170076], [11.648766, 48.2176901], [11.6484862, 48.2177943], [11.6476765, 48.2181227], [11.6465305, 48.2185485], [11.6453933, 48.2189303], [11.6434456, 48.2196437], [11.6432028, 48.2197397], [11.6428052, 48.219879], [11.6426275, 48.2200649], [11.6424388, 48.2201913], [11.6424356, 48.2202328], [11.6424904, 48.2203289], [11.6429349, 48.2205166], [11.6430175, 48.2206437], [11.6428554, 48.2206932], [11.6426738, 48.2207456], [11.6424684, 48.2208026], [11.6410494, 48.2212141], [11.6406529, 48.2213226], [11.6403398, 48.2214135], [11.6391535, 48.221753], [11.639017, 48.2220385], [11.638816, 48.2223989], [11.6387506, 48.2225328], [11.6385538, 48.2229324], [11.6384736, 48.2232067], [11.638465, 48.2234998], [11.6384614, 48.2236531], [11.63826, 48.2241538], [11.638272, 48.2244405], [11.6382597, 48.2246412], [11.6383027, 48.2247514], [11.6385843, 48.2249833], [11.6391905, 48.2253919], [11.6394583, 48.225636], [11.639484, 48.225704], [11.6390957, 48.2258524], [11.6389922, 48.2259624], [11.6381556, 48.2261028], [11.6373505, 48.2261989], [11.6366884, 48.2263088], [11.6366599, 48.2262756], [11.6356689, 48.2265047], [11.6347268, 48.2267739], [11.63384, 48.2270021], [11.6331366, 48.2271954], [11.633034, 48.2272244], [11.6329046, 48.2270696], [11.632491, 48.227181], [11.6323445, 48.2272196], [11.6320654, 48.2272911], [11.6311233, 48.2275309], [11.630278, 48.227746], [11.6285728, 48.2281949], [11.6285953, 48.2282537], [11.624613, 48.2292444], [11.6243103, 48.2289481], [11.6242308, 48.2288634], [11.6241655, 48.228777], [11.6241083, 48.2287003], [11.6235217, 48.2287418], [11.6230228, 48.2287645], [11.6229805, 48.2287664], [11.6228236, 48.2287699], [11.6223607, 48.2287395], [11.6223769, 48.2285429], [11.6224293, 48.2281679], [11.6224673, 48.2280023], [11.6225326, 48.227789], [11.6225178, 48.2276439], [11.6224909, 48.2275567], [11.6219307, 48.2275489], [11.6217546, 48.2275669], [11.6215521, 48.2275864], [11.6210609, 48.2275983], [11.6205721, 48.2276004], [11.6197749, 48.2276411], [11.618912, 48.2276458], [11.6185339, 48.2276249], [11.6181431, 48.2275868], [11.6175004, 48.2276214], [11.6171855, 48.2276678], [11.6165811, 48.227735], [11.6159319, 48.2277595], [11.6145834, 48.227888], [11.6141709, 48.2279305], [11.6140727, 48.2277537], [11.6139226, 48.2274438], [11.6136474, 48.2269867], [11.6135621, 48.2268474], [11.6134219, 48.2266125], [11.6131059, 48.2260831], [11.6129485, 48.2255761], [11.6121752, 48.2256232], [11.6115454, 48.2256569], [11.6113662, 48.2256442], [11.6107425, 48.2255611], [11.6103589, 48.2255463], [11.610029, 48.2255527], [11.609665, 48.2255403], [11.609395, 48.2255504], [11.6090604, 48.2256106], [11.6086925, 48.2257075], [11.6081407, 48.2256627], [11.607888, 48.2263845], [11.6075414, 48.2273], [11.6079614, 48.2273858], [11.6084999, 48.2274953], [11.6087872, 48.2275542], [11.6089722, 48.2275894], [11.6090824, 48.2276135], [11.6090099, 48.2278929], [11.6088775, 48.228416], [11.6070763, 48.2281597], [11.6071541, 48.2279546], [11.6072037, 48.2279597], [11.6073036, 48.2277446], [11.6073767, 48.2275867], [11.6075009, 48.2273276], [11.6070277, 48.2272028], [11.6060864, 48.2269353], [11.6058824, 48.2268739], [11.6057154, 48.2267704], [11.6059341, 48.2266434], [11.6061651, 48.2264844], [11.606306, 48.2263477], [11.6064249, 48.226146], [11.6067961, 48.2255956], [11.6072, 48.22501], [11.6075294, 48.2245292], [11.608005, 48.2240028], [11.6080964, 48.2239081], [11.6082673, 48.2237272], [11.6085498, 48.2234334], [11.6090048, 48.222872], [11.6092356, 48.2225798], [11.609506, 48.222152], [11.609674, 48.2218412], [11.6100666, 48.2212454], [11.6108256, 48.2202018], [11.6115803, 48.2191392], [11.6109421, 48.2192164], [11.6108532, 48.2189434], [11.608626, 48.2190685], [11.6061897, 48.2191897], [11.606269, 48.218402], [11.6058826, 48.2183476], [11.6055602, 48.2183178], [11.604813, 48.2183323], [11.6048253, 48.2181575], [11.6048619, 48.2179776], [11.6049988, 48.2174771], [11.6043444, 48.2173561], [11.6018313, 48.2168632], [11.6019528, 48.21596], [11.6020336, 48.215108], [11.6018376, 48.2150807], [11.6018472, 48.2149783], [11.6015143, 48.2149446], [11.6015233, 48.2146682], [11.6018342, 48.2133525], [11.6009184, 48.2133031], [11.5994547, 48.2133343], [11.5989036, 48.2133933], [11.5979297, 48.2134121], [11.5955957, 48.2134304], [11.5955269, 48.2134309], [11.5954435, 48.2134314], [11.5948401, 48.2134353], [11.5940119, 48.213475], [11.5921987, 48.2135653], [11.5914521, 48.2135531], [11.5889879, 48.2135065], [11.5885036, 48.2134972], [11.5880999, 48.2134877], [11.5878925, 48.2134856], [11.5877192, 48.2134811], [11.5874666, 48.2134767], [11.5874861, 48.2137269], [11.5874891, 48.2140623], [11.5874639, 48.2166141], [11.5874483, 48.2180759], [11.5874504, 48.2191247], [11.5874464, 48.220034], [11.5874404, 48.2203795], [11.5874395, 48.2207059], [11.5874361, 48.2209669], [11.5874496, 48.2209722], [11.5874425, 48.2214764], [11.5874383, 48.2221152], [11.5874962, 48.222137], [11.5874274, 48.2226188], [11.5873901, 48.2228675], [11.5873292, 48.2231601], [11.587159, 48.2240011], [11.5870845, 48.2241702], [11.5870286, 48.2242686], [11.5870422, 48.2242795], [11.5870234, 48.2243485], [11.5869796, 48.2244017], [11.5868741, 48.2245268], [11.5866848, 48.2247135], [11.5863774, 48.2249571], [11.5857997, 48.2253991], [11.5850797, 48.2259322], [11.5845408, 48.226369], [11.584046, 48.2268026], [11.583046, 48.2276449], [11.5827362, 48.2280024], [11.582774, 48.2280092], [11.5825872, 48.2282263], [11.582371, 48.2284863], [11.5823007, 48.2285636], [11.5810611, 48.2284541], [11.5787586, 48.2282367], [11.5774904, 48.228129], [11.577341, 48.2280873], [11.5759421, 48.2279691], [11.5756517, 48.2279446], [11.5753446, 48.2279174], [11.5743547, 48.2278245], [11.5724619, 48.2276791], [11.570792, 48.2275558], [11.5701042, 48.2275181], [11.5688198, 48.2274371], [11.5682515, 48.227408], [11.5673916, 48.2273588], [11.5663438, 48.2273043], [11.5649439, 48.2272429], [11.5632518, 48.2271786], [11.5607363, 48.227116], [11.5605832, 48.2270424], [11.5605053, 48.2270414], [11.5603511, 48.2270993], [11.5587934, 48.2270814], [11.5564724, 48.2270448], [11.5540068, 48.2269917], [11.5535565, 48.2269926], [11.5531312, 48.2269813], [11.5529318, 48.2269712], [11.5527521, 48.2269024], [11.5515745, 48.2269058], [11.5493764, 48.2268791], [11.5480361, 48.2269435], [11.5474284, 48.2269969], [11.5468314, 48.227114], [11.5462655, 48.2272777], [11.5458753, 48.2274064], [11.5456126, 48.22753], [11.5452022, 48.2277596], [11.5450185, 48.2278923], [11.5447979, 48.2280931], [11.5444407, 48.2284551], [11.5441915, 48.2287072], [11.544136, 48.2288796], [11.5441414, 48.228941], [11.5441503, 48.2289764], [11.5442711, 48.229276], [11.5442234, 48.2292175], [11.54414, 48.229185], [11.5440638, 48.2291766], [11.5438444, 48.2291895], [11.5437386, 48.2291371], [11.5435745, 48.2294385], [11.5432765, 48.2287567], [11.5416825, 48.2288405], [11.5417649, 48.2291812], [11.5377482, 48.2299149], [11.5377907, 48.2299775], [11.5377331, 48.2299955], [11.5375857, 48.2300146], [11.5374132, 48.2300456], [11.5373886, 48.2300142], [11.5359243, 48.230286], [11.5339469, 48.2304904], [11.5339601, 48.2306331], [11.5339446, 48.2306428], [11.5340096, 48.2314164], [11.5311184, 48.2313437], [11.5307856, 48.2316409], [11.5301013, 48.2322522], [11.5300244, 48.2322626], [11.5298501, 48.2324408], [11.5296105, 48.2328517], [11.5293451, 48.2333915], [11.5291027, 48.233938], [11.5287514, 48.2345215], [11.5285516, 48.2349514], [11.5283907, 48.2351933], [11.5281912, 48.2356025], [11.5279958, 48.2360157], [11.5277244, 48.2367178], [11.5274189, 48.2372889], [11.5271064, 48.2378681], [11.5269311, 48.2383556], [11.5265978, 48.2388724], [11.5262795, 48.239511], [11.525862, 48.2403449], [11.5255147, 48.2408128], [11.5254407, 48.2411147], [11.5253855, 48.2413177], [11.5251407, 48.2413426], [11.5250653, 48.2413632], [11.5246721, 48.2415114], [11.5238573, 48.2418205], [11.5219636, 48.2425658], [11.5204451, 48.2431471], [11.5188169, 48.2437234], [11.5151591, 48.2449319], [11.514312, 48.2452989], [11.5134888, 48.2456498], [11.5132717, 48.2457287], [11.5121948, 48.2459741], [11.5114795, 48.2461043], [11.5090118, 48.2465896], [11.5077674, 48.2468746], [11.5070156, 48.2471273], [11.5061828, 48.2473326], [11.5052122, 48.2474583], [11.5044299, 48.247564], [11.5032725, 48.2476975], [11.5014069, 48.2480909], [11.5011968, 48.2481162], [11.500708, 48.2481142], [11.4998422, 48.2480984], [11.4998239, 48.2478952], [11.4998304, 48.2476589], [11.4998563, 48.2475737], [11.4999247, 48.2474575], [11.4996213, 48.2474324], [11.4983881, 48.247344], [11.4978928, 48.247251], [11.4969025, 48.247034], [11.4952111, 48.2466392], [11.4941689, 48.2464279], [11.4934992, 48.2463008], [11.491617, 48.2459324], [11.4911108, 48.2458168], [11.490981, 48.2457752], [11.4909376, 48.2457321], [11.4908451, 48.2456452], [11.4908081, 48.2456047], [11.4907733, 48.2455437], [11.4907347, 48.245477], [11.4906903, 48.2454237], [11.4906877, 48.245376], [11.4906987, 48.2453406], [11.4906615, 48.2451819], [11.4906453, 48.2448003], [11.4906339, 48.244553], [11.490617, 48.2440331], [11.4906052, 48.2440192], [11.4905873, 48.2435961], [11.4906009, 48.2434475], [11.4906399, 48.2433097], [11.4907315, 48.2431276], [11.4909671, 48.242782], [11.4913841, 48.2421885], [11.4915101, 48.2420045], [11.4915338, 48.2419385], [11.4915749, 48.2418609], [11.4915739, 48.2417403], [11.4915273, 48.2416294], [11.4914587, 48.2415528], [11.4913127, 48.2414479], [11.4911669, 48.2413454], [11.4910034, 48.2412245], [11.4909099, 48.2411237], [11.4908733, 48.2410543], [11.4908569, 48.2409736], [11.4908786, 48.240872], [11.4909345, 48.2407902], [11.4910135, 48.2406799], [11.4915541, 48.2401185], [11.4919203, 48.2397346], [11.4918989, 48.2396552], [11.4918587, 48.2395004], [11.491839, 48.2394294], [11.4918091, 48.2394281], [11.4917693, 48.2392721], [11.491703, 48.2390243], [11.4916125, 48.2386658], [11.4915039, 48.2382047], [11.490802, 48.2379814], [11.4895372, 48.2379692], [11.4895457, 48.237932], [11.4897534, 48.2373431], [11.4898137, 48.2371055], [11.4900153, 48.236216], [11.4902024, 48.2354487], [11.4900386, 48.234826], [11.4899837, 48.2347448], [11.4897937, 48.2346238], [11.4893884, 48.2343474], [11.4891491, 48.234064], [11.4889948, 48.2338904], [11.4887212, 48.2335855], [11.4886374, 48.2334869], [11.4882237, 48.2328677], [11.4878507, 48.2323122], [11.4877657, 48.2321912], [11.4877521, 48.2320807], [11.4878053, 48.2317552], [11.4879762, 48.230889], [11.4883096, 48.2299724], [11.4884385, 48.229679], [11.4885583, 48.229337], [11.4884204, 48.2288153], [11.4883569, 48.2283033], [11.4881807, 48.2265958], [11.488066, 48.226256], [11.4882205, 48.2258619], [11.4884964, 48.2252015], [11.4886636, 48.2247846], [11.4889809, 48.2240063], [11.4888895, 48.2234665], [11.4910806, 48.2230962], [11.4880844, 48.222395], [11.4878355, 48.2223328], [11.4869965, 48.2221448], [11.485553, 48.221829], [11.484757, 48.2216687], [11.4843844, 48.2215824], [11.4841977, 48.2215413], [11.4828579, 48.221237], [11.481827, 48.2210002], [11.4796356, 48.220501], [11.478888, 48.2203301], [11.4779216, 48.2201118], [11.4774271, 48.2199989], [11.4774679, 48.2197313], [11.4772417, 48.219612], [11.4770563, 48.2195538], [11.4769572, 48.2195321], [11.4768994, 48.2195305], [11.4763175, 48.2195132], [11.4746869, 48.2194638], [11.4738206, 48.2194338], [11.473032, 48.2193732], [11.4723219, 48.2192144], [11.4719632, 48.219096], [11.4717088, 48.2190139], [11.4709661, 48.2187779], [11.4706648, 48.2186592], [11.4702641, 48.2184986], [11.4694713, 48.2181557], [11.4680929, 48.2174997], [11.4676486, 48.2173073], [11.4664436, 48.216789], [11.4657199, 48.2164664], [11.4650471, 48.2161758], [11.4643117, 48.2158691], [11.4634522, 48.215499], [11.4627361, 48.2151068], [11.4626492, 48.2150517], [11.462278, 48.2148066], [11.4619144, 48.2145487], [11.4617916, 48.214465], [11.4616524, 48.2143363], [11.4613656, 48.2140819], [11.461168, 48.2138649], [11.460605, 48.2132915], [11.4605115, 48.2133127], [11.4604103, 48.2131961], [11.4604368, 48.2131823], [11.4603675, 48.2130714], [11.4603338, 48.2129048], [11.4606375, 48.212279], [11.4606378, 48.2122785], [11.4605904, 48.2121532], [11.4605009, 48.2120246], [11.4603262, 48.2119201], [11.4600037, 48.2118452], [11.4594747, 48.2117169], [11.4591345, 48.2116368], [11.4590604, 48.2115776], [11.4589577, 48.2113363], [11.4588714, 48.2109686], [11.4587546, 48.2104817], [11.4584247, 48.2099311], [11.458372, 48.2099473], [11.4579949, 48.2093835], [11.4578069, 48.2090916], [11.4576008, 48.2087996], [11.4574852, 48.2087893], [11.4552259, 48.2084819], [11.4525006, 48.208112], [11.4503943, 48.2078227], [11.447648, 48.2074409], [11.4459346, 48.2072014], [11.4440659, 48.2069387], [11.4435089, 48.2063668], [11.4427004, 48.2063363], [11.4412539, 48.2062914], [11.4384262, 48.2061977], [11.4383589, 48.2061643], [11.4383679, 48.2058276], [11.4358701, 48.2057958], [11.4323665, 48.2057585], [11.4324192, 48.2052394], [11.4320937, 48.2051937], [11.4305354, 48.2049763], [11.4283616, 48.2046631], [11.4277885, 48.2045797], [11.4265971, 48.2044107], [11.4262293, 48.2043577], [11.4260416, 48.2043324], [11.4260174, 48.2042922], [11.4257969, 48.2043072], [11.4253543, 48.2043298], [11.4235235, 48.2040699], [11.4207431, 48.2036751], [11.4196325, 48.2035407], [11.4194546, 48.2035059], [11.4193432, 48.2034039], [11.4191989, 48.2031739], [11.4190238, 48.2028893], [11.4189385, 48.202814], [11.4188322, 48.2027723], [11.4186796, 48.2027683], [11.4170594, 48.2031286], [11.4168667, 48.2031454], [11.4160805, 48.2030242], [11.4130023, 48.2025602], [11.4129671, 48.2025522], [11.4129039, 48.2025378], [11.4102472, 48.2021834], [11.4090669, 48.2020261], [11.4088673, 48.2019086], [11.4069823, 48.2016447], [11.4067122, 48.2016114], [11.4066476, 48.2016067], [11.4065717, 48.201657], [11.4047901, 48.20139], [11.4047069, 48.2013822], [11.4046319, 48.2013522], [11.4046178, 48.2013685], [11.4028239, 48.2011354], [11.4024401, 48.2013933], [11.4023451, 48.2013124], [11.4023272, 48.2013015], [11.4022575, 48.2012588], [11.4021081, 48.2011598], [11.4020176, 48.2012151], [11.4016772, 48.2009856], [11.4015412, 48.2009487], [11.4012985, 48.2009309], [11.4003018, 48.2008907], [11.397317, 48.2007468], [11.3942653, 48.2006189], [11.3935928, 48.2005894], [11.3921054, 48.2005218], [11.3908298, 48.2004624], [11.3907621, 48.2003333], [11.3906722, 48.2001512], [11.390593, 48.1996991], [11.3905976, 48.199676], [11.3904517, 48.1990121], [11.3903533, 48.1985925], [11.390326, 48.1985894], [11.390188, 48.1979923], [11.3902047, 48.1979805], [11.3900981, 48.1974865], [11.390079, 48.1974858], [11.3899793, 48.1970059], [11.3900167, 48.1969846], [11.389993, 48.1969489], [11.3899779, 48.1969465], [11.3896586, 48.1953251], [11.3895138, 48.1948123], [11.3893395, 48.1942236], [11.38918, 48.1937723], [11.3888655, 48.1928345], [11.388779, 48.1924919], [11.3887407, 48.192323], [11.3887022, 48.1920127], [11.3886665, 48.1916758], [11.3886234, 48.1912652], [11.3885987, 48.1910891], [11.3885404, 48.1908446], [11.3896894, 48.1907037], [11.3907007, 48.1905799], [11.3905496, 48.1902715], [11.3915474, 48.1898131], [11.3922842, 48.1895554], [11.3922375, 48.1892604], [11.3922159, 48.1886702], [11.3922158, 48.1882899], [11.392207, 48.1879294], [11.3920408, 48.186967], [11.3920119, 48.1867844], [11.3919095, 48.1864788], [11.3917813, 48.1861705], [11.3917642, 48.1861471], [11.3916281, 48.1859605], [11.3915679, 48.1858807], [11.3912683, 48.1855524], [11.3926899, 48.1847721], [11.3932585, 48.1844601], [11.392597, 48.1836087], [11.3916643, 48.1824082], [11.3911788, 48.1817723], [11.391023, 48.1815706], [11.3909586, 48.1814875], [11.3908722, 48.181389], [11.3907071, 48.1812695], [11.3905801, 48.1811797], [11.3904597, 48.1811056], [11.3895588, 48.1807015], [11.3888963, 48.1804075], [11.3888656, 48.1803864], [11.3884908, 48.1802112], [11.3883609, 48.1801284], [11.3880811, 48.1798673], [11.3878229, 48.1794692], [11.38744, 48.1788823], [11.3873094, 48.1787851], [11.3867785, 48.1784571], [11.3859987, 48.1779942], [11.3853011, 48.177571], [11.3848322, 48.1777501], [11.3846344, 48.1778026], [11.3841088, 48.1778606], [11.3838617, 48.1778859], [11.3835317, 48.177918], [11.3833122, 48.1779646], [11.3831458, 48.1780236], [11.3830006, 48.1780985], [11.3821176, 48.1786708], [11.3810841, 48.1793421], [11.3810412, 48.1793165], [11.3805117, 48.1792592], [11.3795039, 48.179147], [11.3774025, 48.1789277], [11.3752942, 48.1790745], [11.3751988, 48.1790711], [11.3750821, 48.1790691], [11.3750744, 48.1790457], [11.3750412, 48.1789759], [11.37498, 48.1789231], [11.3749179, 48.1788887], [11.3746953, 48.1788136], [11.3741559, 48.178629], [11.3737967, 48.1785053], [11.3736819, 48.1784768], [11.3734821, 48.1784539], [11.3722332, 48.178437], [11.3716001, 48.1784311], [11.3714597, 48.1784184], [11.3713056, 48.1783807], [11.3711875, 48.1783358], [11.3711004, 48.1782815], [11.3706665, 48.1778938], [11.3703154, 48.1775858], [11.369843, 48.1771676], [11.3691266, 48.1765327], [11.369049, 48.1764125], [11.3690279, 48.1763006], [11.3692982, 48.1754528], [11.3695753, 48.1746115], [11.3696669, 48.174332], [11.3696347, 48.1742276], [11.3695329, 48.1740176], [11.3694306, 48.1738165], [11.3694089, 48.1737937], [11.3693961, 48.1737436], [11.3691519, 48.1732645], [11.3688606, 48.1726736], [11.3687487, 48.172019], [11.3687529, 48.1719167], [11.3686784, 48.1716821], [11.3686774, 48.1715266], [11.368658, 48.1714418], [11.3686224, 48.1712754], [11.3686266, 48.1711332], [11.3685498, 48.1707898], [11.3685367, 48.1706459], [11.3684888, 48.170584], [11.3685113, 48.1705459], [11.3685134, 48.1704512], [11.3684756, 48.170347], [11.3684278, 48.1700369], [11.3683799, 48.1696775], [11.368298, 48.169446], [11.3680849, 48.1690237], [11.3680698, 48.1689501], [11.3680182, 48.1688714], [11.3679751, 48.168773], [11.3679034, 48.168604], [11.3678431, 48.1684747], [11.3676555, 48.168145], [11.367631, 48.1681523], [11.3675907, 48.1681231], [11.3675688, 48.1680869], [11.3675392, 48.1680311], [11.3675148, 48.1679852], [11.3675029, 48.1679653], [11.3674657, 48.1679004], [11.367444, 48.1678582], [11.3674599, 48.1678483], [11.3674261, 48.1677924], [11.367385, 48.1677368], [11.367181, 48.1674345], [11.3670762, 48.1672097], [11.3670175, 48.167104], [11.3667847, 48.1666784], [11.3665903, 48.1663215], [11.3662365, 48.1656796], [11.3660648, 48.1653575], [11.3658325, 48.1649132], [11.365756, 48.1647833], [11.365646, 48.1646212], [11.3655284, 48.1644768], [11.3654224, 48.1643455], [11.3651119, 48.1640759], [11.3648758, 48.1638889], [11.3643432, 48.1635874], [11.3641799, 48.1635112], [11.3639436, 48.1634077], [11.3636894, 48.1633125], [11.36277, 48.163048], [11.3627796, 48.1630295], [11.3627591, 48.163022], [11.3627063, 48.1628616], [11.3626417, 48.1626334], [11.3621088, 48.1609087], [11.3617953, 48.1598761], [11.3617779, 48.159837], [11.3616993, 48.1596909], [11.361568, 48.1594586], [11.3613732, 48.1591246], [11.3613127, 48.1590198], [11.3612515, 48.1589213], [11.3612284, 48.1588809], [11.3611133, 48.1586657], [11.360777, 48.1580704]]], [[[11.4902263, 48.073821], [11.4903024, 48.0737742], [11.4905389, 48.0739459], [11.4906451, 48.0740223], [11.4907698, 48.0739494], [11.4909805, 48.0741023], [11.490724, 48.0742575], [11.4905361, 48.0741167], [11.4905841, 48.0740868], [11.4902263, 48.073821]]], [[[11.5560672, 48.0799449], [11.5569527, 48.0793801], [11.5577562, 48.0795803], [11.5572383, 48.0799067], [11.5563954, 48.0804318], [11.5560672, 48.0799449]]]]}}, {"type": "Feature", "properties": {"slug": "hamburg", "name": "Hamburg", "osmType": "relation", "osmId": 62782, "source": "OpenStreetMap via Nominatim", "licence": "ODbL 1.0", "simplifiedDegrees": 0.001}, "geometry": {"type": "MultiPolygon", "coordinates": [[[[8.1044993, 54.02505], [8.2109892, 53.9807155], [8.2592167, 53.962], [8.2908333, 53.95], [8.3390333, 53.9300833], [8.4290333, 53.8934167], [8.429328, 53.8932944], [8.4341314, 53.8929325], [8.4383556, 53.8925975], [8.5338059, 53.8852572], [8.5572006, 53.8611518], [8.5735543, 53.8445591], [8.5737038, 53.8445303], [8.5747146, 53.843377], [8.5753768, 53.8441856], [8.575606, 53.8444764], [8.5760454, 53.8450037], [8.5683376, 53.8753112], [8.5621635, 53.8974068], [8.5619009, 53.8987535], [8.5606667, 53.9050833], [8.5456774, 53.9300833], [8.5365167, 53.9360032], [8.504219, 53.9569092], [8.394369, 54.02765], [8.1044993, 54.02505]]], [[[9.7301155, 53.557642], [9.7321538, 53.5575002], [9.7327037, 53.5574652], [9.7404205, 53.5569013], [9.7416503, 53.5568093], [9.749777, 53.5561954], [9.7590116, 53.5554936], [9.7616782, 53.5552876], [9.7633478, 53.5551486], [9.7650407, 53.5546197], [9.7699119, 53.5546127], [9.7724525, 53.5544477], [9.7732704, 53.5543947], [9.7743919, 53.5543254], [9.7736614, 53.5503892], [9.7735914, 53.5500572], [9.7731055, 53.5477835], [9.7725386, 53.5446408], [9.7723167, 53.543523], [9.7718357, 53.543245], [9.7718207, 53.5432364], [9.7714793, 53.5430511], [9.7713312, 53.5429707], [9.7709471, 53.542715], [9.770909, 53.5426896], [9.7708865, 53.5426746], [9.7705451, 53.5425556], [9.7699185, 53.5423373], [9.7697992, 53.5424693], [9.7692323, 53.5422505], [9.768579, 53.5422457], [9.7670913, 53.5420697], [9.7670504, 53.541465], [9.7670269, 53.5411676], [9.7670173, 53.5409347], [9.7663186, 53.5409942], [9.7655587, 53.5410972], [9.7660647, 53.5401123], [9.7665896, 53.5390944], [9.7669406, 53.5384155], [9.7680934, 53.5361758], [9.7686113, 53.5351689], [9.7693752, 53.5336891], [9.7698542, 53.53375], [9.7704341, 53.5327162], [9.77099, 53.5314493], [9.771064, 53.5313543], [9.771253, 53.5310944], [9.771156, 53.5309874], [9.7709524, 53.5309113], [9.7707943, 53.5307728], [9.7707169, 53.5306911], [9.7707079, 53.5306797], [9.7705647, 53.5304937], [9.7706346, 53.5303957], [9.7704709, 53.5300974], [9.7704896, 53.5300159], [9.7704172, 53.5299794], [9.7701808, 53.5296603], [9.7700739, 53.5296147], [9.7698734, 53.5295292], [9.7702241, 53.5292407], [9.770635, 53.5289698], [9.7716479, 53.5284139], [9.7720436, 53.5282719], [9.7725632, 53.5281156], [9.7731775, 53.5279869], [9.773523, 53.527956], [9.7737051, 53.5277354], [9.7741661, 53.5275404], [9.774287, 53.5273296], [9.7742184, 53.5269482], [9.7744694, 53.5264576], [9.7745322, 53.5264155], [9.7746835, 53.5263379], [9.7748991, 53.5262203], [9.774985, 53.5261582], [9.7749463, 53.5260629], [9.7746299, 53.5257056], [9.7743025, 53.5252617], [9.7744396, 53.5249221], [9.7744802, 53.5248227], [9.7745066, 53.52478], [9.7751244, 53.5247945], [9.7776453, 53.5250276], [9.7779817, 53.5250816], [9.778301, 53.5240112], [9.7784719, 53.5235342], [9.778562, 53.5233038], [9.778702, 53.5232844], [9.7788881, 53.5228633], [9.7788864, 53.522697], [9.7793744, 53.5215915], [9.7796193, 53.5210751], [9.7797288, 53.5207306], [9.779939, 53.5200138], [9.7801542, 53.519736], [9.780659, 53.5192554], [9.7812903, 53.5186423], [9.7810509, 53.5183751], [9.7796802, 53.5189046], [9.7781189, 53.5194789], [9.776455, 53.5201032], [9.7758452, 53.5203301], [9.7753576, 53.5205143], [9.7749645, 53.5206436], [9.7741954, 53.5209248], [9.7734246, 53.5211551], [9.7729073, 53.5213097], [9.7710683, 53.5218512], [9.7705302, 53.5212755], [9.7698009, 53.5203733], [9.7689829, 53.5198932], [9.7685325, 53.5186497], [9.7684637, 53.5185032], [9.7677397, 53.5174379], [9.7676567, 53.5173049], [9.7664009, 53.5148132], [9.7665409, 53.5141382], [9.7636135, 53.5083249], [9.7635785, 53.5082559], [9.7640064, 53.5080429], [9.7641214, 53.5079469], [9.7642914, 53.5077639], [9.7644723, 53.507615], [9.7649583, 53.507382], [9.7650372, 53.507344], [9.7656302, 53.507218], [9.7657991, 53.507184], [9.7671139, 53.5066311], [9.7672359, 53.5064401], [9.7675789, 53.5062071], [9.7682218, 53.5058872], [9.7687856, 53.505322], [9.769009, 53.5052446], [9.769732, 53.5051422], [9.7697755, 53.5051368], [9.7699321, 53.5050747], [9.7700504, 53.5050365], [9.7703455, 53.5049677], [9.7705334, 53.5049417], [9.7707614, 53.5048486], [9.7710822, 53.5047478], [9.7714161, 53.5046238], [9.7718587, 53.5044216], [9.7722301, 53.5042611], [9.7727566, 53.5040956], [9.7734269, 53.503867], [9.7739475, 53.5037096], [9.7744027, 53.5035929], [9.7748621, 53.5034801], [9.7754499, 53.5033408], [9.7762183, 53.5031144], [9.7764591, 53.5030095], [9.7766197, 53.5029322], [9.7768001, 53.5028331], [9.7771498, 53.5026829], [9.7774116, 53.5025815], [9.7775093, 53.5025261], [9.77773, 53.5023422], [9.7779556, 53.5022299], [9.7791966, 53.5017889], [9.7792825, 53.5017689], [9.7794563, 53.5017416], [9.7809236, 53.5016174], [9.7812426, 53.5015858], [9.7814878, 53.5015509], [9.7814888, 53.5015247], [9.7813226, 53.5011422], [9.7812156, 53.5009191], [9.7811662, 53.5007829], [9.7811797, 53.5006985], [9.7812935, 53.5006099], [9.7812006, 53.5004647], [9.7811561, 53.500344], [9.7811695, 53.5001843], [9.7811381, 53.5000518], [9.781111, 53.4998134], [9.7811377, 53.4998051], [9.7816069, 53.5000394], [9.7816328, 53.500039], [9.7816617, 53.4999793], [9.7816817, 53.4999829], [9.7817234, 53.5000729], [9.7817448, 53.5000694], [9.7818212, 53.5000059], [9.7823267, 53.5000771], [9.7824554, 53.5001235], [9.7825584, 53.5001976], [9.7827097, 53.5004264], [9.7827758, 53.5004767], [9.7830592, 53.5000763], [9.7843196, 53.5000443], [9.7846248, 53.5000117], [9.78405, 53.4986257], [9.7839227, 53.4983331], [9.7837462, 53.4978554], [9.7836401, 53.497515], [9.783562, 53.4971522], [9.7829676, 53.4947345], [9.7829157, 53.4945528], [9.7831321, 53.4945886], [9.7819927, 53.4923176], [9.7824872, 53.4924146], [9.7828466, 53.4924899], [9.7829533, 53.4925157], [9.7836886, 53.4926648], [9.7846755, 53.4928345], [9.7853444, 53.4929872], [9.785485, 53.4930067], [9.7857394, 53.4930321], [9.786025, 53.4930745], [9.7869432, 53.4932488], [9.7875236, 53.4933439], [9.7879139, 53.4933896], [9.7883108, 53.4934675], [9.7886212, 53.4935431], [9.7891425, 53.4936487], [9.7897944, 53.4938492], [9.789949, 53.493889], [9.7902476, 53.493938], [9.790361, 53.4939643], [9.7908563, 53.4941515], [9.7910022, 53.4941921], [9.7911261, 53.4942141], [9.7914817, 53.4942403], [9.792139, 53.4943416], [9.7924162, 53.4944026], [9.7927183, 53.4945267], [9.7927826, 53.4945372], [9.7929055, 53.4945207], [9.7933645, 53.4944163], [9.7939328, 53.4943127], [9.7945422, 53.4941662], [9.7951731, 53.4940756], [9.7954456, 53.494022], [9.7963367, 53.4938822], [9.796709, 53.4938471], [9.796971, 53.4938067], [9.797438, 53.4937247], [9.7978102, 53.4937037], [9.7979145, 53.493693], [9.7980541, 53.49367], [9.7982532, 53.4936206], [9.7985021, 53.4935477], [9.7986519, 53.4935194], [9.7988248, 53.4935007], [9.7991187, 53.4934961], [9.7995896, 53.4935212], [9.8000016, 53.4935097], [9.8003001, 53.4935345], [9.8003533, 53.4935433], [9.8006352, 53.4935738], [9.801385, 53.4936993], [9.8017965, 53.4938125], [9.802019, 53.4938801], [9.8021177, 53.4938922], [9.8024353, 53.4938636], [9.8025906, 53.4938585], [9.8027631, 53.4938403], [9.8027459, 53.4938181], [9.8026143, 53.4932781], [9.8025612, 53.4930068], [9.8024852, 53.4924702], [9.8024457, 53.4919148], [9.8024154, 53.4917707], [9.8023806, 53.4916787], [9.8023747, 53.4916201], [9.8023396, 53.4914386], [9.8023298, 53.491168], [9.8023652, 53.4908989], [9.8024099, 53.4907203], [9.8024909, 53.4904751], [9.8025082, 53.4903633], [9.8025077, 53.4901831], [9.8024588, 53.4899877], [9.8023953, 53.4898604], [9.8022795, 53.4897133], [9.8018717, 53.4893448], [9.8016964, 53.4891974], [9.8013988, 53.4889052], [9.801126, 53.4885629], [9.8009013, 53.4882976], [9.8008458, 53.4882161], [9.8008099, 53.4881246], [9.8007921, 53.4880347], [9.8007931, 53.4877021], [9.80078, 53.4876204], [9.8007635, 53.4873143], [9.8007783, 53.4870439], [9.8007978, 53.4869356], [9.800828, 53.4869353], [9.8008395, 53.4862908], [9.8008139, 53.486145], [9.800778, 53.486039], [9.8006518, 53.4857499], [9.8004801, 53.4854011], [9.8004241, 53.4852696], [9.8000776, 53.4844086], [9.8000003, 53.4837473], [9.7999848, 53.4835375], [9.8000383, 53.4833025], [9.8002723, 53.4827819], [9.8003184, 53.4826271], [9.8003136, 53.4824753], [9.8002814, 53.4822047], [9.8001857, 53.4816134], [9.8001204, 53.481369], [9.8001228, 53.4812911], [9.8001456, 53.4811879], [9.8002899, 53.4808389], [9.8003356, 53.480674], [9.800333, 53.4805302], [9.8002922, 53.4802397], [9.8001627, 53.4799205], [9.8000456, 53.4797777], [9.799974, 53.4796488], [9.7999886, 53.4787843], [9.7999677, 53.4786559], [9.7998896, 53.4783273], [9.7997328, 53.4777683], [9.7996782, 53.4776045], [9.7995282, 53.4772533], [9.7994159, 53.4768095], [9.7991295, 53.4763842], [9.7990228, 53.4762446], [9.798835, 53.4760245], [9.7987665, 53.4758973], [9.7987592, 53.4757967], [9.7987687, 53.4757335], [9.7987578, 53.4756376], [9.7987303, 53.4755621], [9.7985922, 53.4753121], [9.7985917, 53.4752583], [9.7984795, 53.475131], [9.7985165, 53.4751217], [9.7987046, 53.4751152], [9.7988228, 53.4751295], [9.7989327, 53.4751251], [9.79905, 53.4751412], [9.7991888, 53.4751224], [9.7993395, 53.4751725], [9.7995014, 53.4751937], [9.7996335, 53.4751913], [9.7998178, 53.4752349], [9.8001982, 53.4752906], [9.8003595, 53.4753735], [9.8004605, 53.4754205], [9.8004874, 53.4753911], [9.8004956, 53.4753205], [9.8003648, 53.4743356], [9.8003566, 53.4741429], [9.8003104, 53.4737594], [9.8001007, 53.4720194], [9.7998062, 53.469426], [9.8000957, 53.4693963], [9.8004808, 53.4694066], [9.8010078, 53.469388], [9.8017395, 53.4693865], [9.8031981, 53.4693164], [9.8033806, 53.4672942], [9.8034366, 53.4668957], [9.8034683, 53.466845], [9.8037025, 53.4669292], [9.8041724, 53.4669419], [9.8043187, 53.4669367], [9.8048105, 53.4669991], [9.8053183, 53.4670988], [9.805509, 53.467173], [9.8058358, 53.4673297], [9.8059792, 53.4673714], [9.8060871, 53.4673897], [9.8064428, 53.4668411], [9.8065868, 53.4665839], [9.8066959, 53.4663771], [9.8071748, 53.4653503], [9.8073341, 53.4647385], [9.807393, 53.4644669], [9.8071997, 53.4644482], [9.8072146, 53.4642811], [9.8071472, 53.4641658], [9.8071517, 53.4640755], [9.8073199, 53.4637001], [9.807275, 53.4635235], [9.8073236, 53.4633228], [9.8072751, 53.4631931], [9.8072229, 53.4629369], [9.8074762, 53.4627529], [9.8131015, 53.4624887], [9.8365439, 53.4509216], [9.83952, 53.448554], [9.8422208, 53.4463951], [9.8485093, 53.4413374], [9.8565451, 53.4349132], [9.8569347, 53.4348604], [9.8569729, 53.4348736], [9.8573606, 53.4345924], [9.8579683, 53.4344647], [9.858887, 53.4340711], [9.8593621, 53.4335577], [9.8594304, 53.4331348], [9.8597718, 53.4326476], [9.8600123, 53.4321939], [9.8603158, 53.4320148], [9.8606209, 53.4317424], [9.8609585, 53.4316142], [9.861111, 53.4313742], [9.8611198, 53.4308193], [9.8615916, 53.4304091], [9.8616167, 53.4300694], [9.8617362, 53.429754], [9.8618312, 53.4296174], [9.8622037, 53.4298536], [9.8632752, 53.4301635], [9.8640305, 53.4301819], [9.8646768, 53.4305869], [9.8643898, 53.4311467], [9.8647053, 53.4320018], [9.864096, 53.4323547], [9.8640587, 53.4330344], [9.863489, 53.4335063], [9.8625147, 53.4338259], [9.8622048, 53.4348318], [9.861719, 53.4353185], [9.8615241, 53.4354405], [9.8609392, 53.4356925], [9.8608212, 53.4357725], [9.8600366, 53.4362968], [9.8606392, 53.4371989], [9.8607003, 53.4384325], [9.8620318, 53.4398453], [9.8622201, 53.4399933], [9.8634042, 53.4404301], [9.8641533, 53.4403511], [9.8654147, 53.4399312], [9.8662137, 53.4398392], [9.8664828, 53.4398735], [9.8669182, 53.4400963], [9.8674031, 53.4407155], [9.8674811, 53.4409197], [9.8673401, 53.4415789], [9.8671691, 53.4422815], [9.8671282, 53.4433901], [9.8688964, 53.4445587], [9.8695645, 53.4441053], [9.8697627, 53.4435126], [9.8699217, 53.4433107], [9.8702056, 53.4430857], [9.8703736, 53.4429547], [9.8713402, 53.4425697], [9.8718074, 53.4425138], [9.8725676, 53.4424246], [9.8733018, 53.442164], [9.8859633, 53.4501207], [9.8862113, 53.4497519], [9.8887215, 53.4505813], [9.8895183, 53.4519842], [9.8918156, 53.4532729], [9.8919645, 53.4538623], [9.8941933, 53.4557948], [9.8948478, 53.4558289], [9.8949615, 53.4558357], [9.8949158, 53.4555307], [9.8950125, 53.4551885], [9.8952927, 53.4548584], [9.8955689, 53.4545346], [9.8957728, 53.4543565], [9.8960697, 53.4541587], [9.8966628, 53.4539078], [9.8971071, 53.4537987], [9.8975781, 53.4537425], [9.8976237, 53.4542132], [9.8980343, 53.4543238], [9.8984076, 53.4543595], [9.8987771, 53.454258], [9.9001996, 53.4540455], [9.8979674, 53.4550335], [9.898584, 53.4564253], [9.898409, 53.4570622], [9.898413, 53.4574632], [9.898744, 53.4579631], [9.8989889, 53.4576422], [9.8993089, 53.4574862], [9.8999098, 53.4572912], [9.8999968, 53.4573072], [9.9003717, 53.4573292], [9.9006887, 53.4572112], [9.9008547, 53.4569863], [9.9008697, 53.4567573], [9.9005987, 53.4564753], [9.9008547, 53.4562384], [9.9010855, 53.4561904], [9.9017409, 53.4562116], [9.9025287, 53.4559813], [9.9031047, 53.4560314], [9.9043015, 53.4567207], [9.9042853, 53.4563113], [9.9046855, 53.4555297], [9.9059405, 53.4543824], [9.9061922, 53.4541454], [9.9075436, 53.4538856], [9.9081938, 53.4535829], [9.908429, 53.4530515], [9.909695, 53.4523641], [9.9099427, 53.451699], [9.9105387, 53.4508917], [9.9112029, 53.4499715], [9.9112497, 53.44955], [9.9116309, 53.4492705], [9.9126538, 53.4489958], [9.9134299, 53.4488483], [9.9142004, 53.4484328], [9.9149573, 53.4481067], [9.9171809, 53.4465573], [9.9172142, 53.4462633], [9.91732, 53.4458708], [9.9180448, 53.4449992], [9.918178, 53.4447613], [9.918017, 53.4445248], [9.9168123, 53.4427746], [9.9168361, 53.4426798], [9.9168969, 53.4426341], [9.9168054, 53.4424597], [9.9168759, 53.4422807], [9.9170209, 53.4423719], [9.9189998, 53.4427328], [9.9197199, 53.4394693], [9.9229282, 53.4363614], [9.9215934, 53.4362154], [9.9214491, 53.4361666], [9.9203911, 53.4352285], [9.9203393, 53.435106], [9.9205004, 53.4347169], [9.9203501, 53.4345639], [9.9197303, 53.4339571], [9.9194206, 53.4338875], [9.919267, 53.4337038], [9.9140659, 53.4300204], [9.9162479, 53.4267331], [9.9156065, 53.4260876], [9.9154248, 53.4259047], [9.9162642, 53.4248121], [9.9145004, 53.4240393], [9.9129432, 53.4231501], [9.912698, 53.4225655], [9.9127686, 53.4224677], [9.9107272, 53.4213825], [9.9087409, 53.4194955], [9.9085709, 53.4191596], [9.9075418, 53.4176438], [9.9066994, 53.4159497], [9.911437, 53.4150722], [9.9107856, 53.4140721], [9.9109366, 53.4140444], [9.9115893, 53.415042], [9.9155698, 53.4143088], [9.916468, 53.4141434], [9.9165668, 53.4143761], [9.9178621, 53.4151879], [9.9204847, 53.4168218], [9.9246896, 53.419432], [9.9252349, 53.4193084], [9.9272197, 53.4205351], [9.9293415, 53.4200629], [9.9294927, 53.4200653], [9.9297006, 53.4208375], [9.9297897, 53.42113], [9.9299496, 53.4214842], [9.9321522, 53.4214003], [9.9336002, 53.4213451], [9.9373292, 53.421203], [9.9421349, 53.4210198], [9.9469459, 53.4268999], [9.9428665, 53.4283227], [9.9438393, 53.4294535], [9.9471888, 53.4289483], [9.9488262, 53.4287107], [9.9494851, 53.4286151], [9.9502974, 53.4282981], [9.9515581, 53.4281601], [9.9556375, 53.4277198], [9.9573583, 53.4272918], [9.9576323, 53.4272205], [9.9578847, 53.4271554], [9.958105, 53.4270802], [9.9581543, 53.4270639], [9.9581778, 53.4270585], [9.9582582, 53.4270398], [9.9603364, 53.4265581], [9.9600791, 53.4249863], [9.962171, 53.4248691], [9.9620527, 53.4241409], [9.9626906, 53.4240332], [9.9627374, 53.4239658], [9.9631907, 53.4238911], [9.9633624, 53.424196], [9.9634684, 53.4244247], [9.9636491, 53.4244598], [9.9638538, 53.4240243], [9.9638527, 53.4237767], [9.9682946, 53.4237489], [9.9692688, 53.4220273], [9.9702656, 53.4214891], [9.9704175, 53.4215737], [9.970533, 53.4214909], [9.9705894, 53.421505], [9.9712959, 53.4210206], [9.9725838, 53.4213741], [9.9745215, 53.4206362], [9.9748414, 53.421241], [9.9749608, 53.4219355], [9.9749876, 53.4219358], [9.9749751, 53.4217872], [9.9750356, 53.421786], [9.9750468, 53.4218881], [9.9759265, 53.42189], [9.9757595, 53.4213071], [9.9749687, 53.4202989], [9.9748351, 53.4197807], [9.9750129, 53.4195915], [9.9751178, 53.4195224], [9.975739, 53.4193954], [9.9757631, 53.4184628], [9.9758536, 53.4184101], [9.9758978, 53.4184429], [9.9759245, 53.4184335], [9.9758726, 53.4182466], [9.9758991, 53.4169284], [9.9759583, 53.4159648], [9.9763775, 53.4144331], [9.9764876, 53.4137737], [9.9779982, 53.4139983], [9.9788048, 53.4140537], [9.9794084, 53.4140953], [9.9798252, 53.4141415], [9.9800052, 53.4141505], [9.9801116, 53.4141393], [9.9805911, 53.4141994], [9.9807565, 53.4142493], [9.9810938, 53.4145151], [9.9815073, 53.4146079], [9.9822471, 53.4146169], [9.9824295, 53.4146179], [9.9824438, 53.414618], [9.9833477, 53.4146204], [9.9826604, 53.4155129], [9.9825583, 53.4157043], [9.9834002, 53.4159118], [9.9835164, 53.4159321], [9.983649, 53.4159554], [9.984192, 53.4159578], [9.9842754, 53.4158484], [9.984461, 53.4162396], [9.9846912, 53.4163475], [9.9848395, 53.4164733], [9.9852313, 53.416553], [9.9854406, 53.4171563], [9.9855404, 53.4175413], [9.9861701, 53.4174557], [9.9864885, 53.4173879], [9.9870339, 53.4174117], [9.9870477, 53.418195], [9.9870513, 53.4185578], [9.9869994, 53.4186485], [9.9872641, 53.419455], [9.988146, 53.4193391], [9.9884402, 53.420548], [9.989879, 53.4202553], [9.9927821, 53.4196648], [9.994286, 53.4226527], [9.9951774, 53.424437], [9.9959028, 53.4258765], [9.9970568, 53.425577], [9.9974683, 53.4254632], [10.0007376, 53.4245561], [10.0043293, 53.4269351], [10.0050774, 53.4274296], [10.005952, 53.4280084], [10.0063075, 53.4282323], [10.0073733, 53.4289428], [10.0081277, 53.4290579], [10.0093382, 53.4294975], [10.0095718, 53.4295481], [10.0097917, 53.4292751], [10.0102715, 53.4286794], [10.0145977, 53.4292711], [10.014813, 53.4293006], [10.0148675, 53.4293081], [10.0152321, 53.4289822], [10.016621, 53.4294303], [10.0174328, 53.4287763], [10.0188399, 53.4293081], [10.0177759, 53.4301996], [10.0184268, 53.4301982], [10.0188306, 53.4302141], [10.0188256, 53.4302493], [10.0196929, 53.4302668], [10.0199484, 53.4303184], [10.0204506, 53.4303884], [10.0207611, 53.4304222], [10.0209136, 53.4304511], [10.0211456, 53.4305339], [10.0212564, 53.4305878], [10.0213693, 53.4308041], [10.0214893, 53.4309546], [10.0214452, 53.4310357], [10.0214604, 53.4310352], [10.0214247, 53.4311405], [10.0214738, 53.4312192], [10.0215552, 53.4313055], [10.0217098, 53.4314407], [10.0219291, 53.4315807], [10.0229911, 53.432248], [10.023162, 53.4324618], [10.0233629, 53.4325686], [10.0292108, 53.4352988], [10.0268318, 53.4373572], [10.0267263, 53.4374675], [10.0260757, 53.4379822], [10.0256977, 53.4382552], [10.0245355, 53.4387285], [10.0239291, 53.4389663], [10.0231228, 53.4392414], [10.0214925, 53.4397771], [10.0208424, 53.4399813], [10.0203258, 53.4401195], [10.0198621, 53.4402794], [10.0188601, 53.4406567], [10.018415, 53.4407593], [10.0173621, 53.4409501], [10.0165074, 53.441147], [10.0160849, 53.4412746], [10.0160803, 53.441307], [10.0153143, 53.441907], [10.0151382, 53.4419861], [10.0150202, 53.4420033], [10.0146014, 53.4420211], [10.0146215, 53.4420941], [10.022244, 53.4475535], [10.022378, 53.4475431], [10.0223932, 53.4474993], [10.0240596, 53.446759], [10.0241811, 53.446656], [10.0239377, 53.4461759], [10.0238625, 53.4458673], [10.0239217, 53.4458161], [10.02482, 53.4455522], [10.0253928, 53.445392], [10.0266654, 53.4451702], [10.0276389, 53.4449682], [10.028415, 53.4447582], [10.0288397, 53.4446924], [10.0292904, 53.444619], [10.0301029, 53.4444867], [10.0323191, 53.4441074], [10.0332251, 53.4450411], [10.0338412, 53.4456282], [10.0338761, 53.4456194], [10.0340436, 53.4457918], [10.0341315, 53.4459088], [10.0340358, 53.4459085], [10.0341246, 53.4460384], [10.0342278, 53.4460387], [10.0351809, 53.4469186], [10.0352421, 53.4468959], [10.0352708, 53.4468966], [10.0364517, 53.4469349], [10.0360981, 53.4466262], [10.0363749, 53.4465134], [10.036678, 53.4467749], [10.0371796, 53.4465603], [10.0365825, 53.4460396], [10.0426387, 53.4460694], [10.0431645, 53.4466565], [10.0435185, 53.4465706], [10.0435372, 53.4466015], [10.0438378, 53.446523], [10.0440218, 53.4464515], [10.0440468, 53.4464418], [10.0443319, 53.4467389], [10.0453939, 53.4463998], [10.0457601, 53.4467686], [10.0463061, 53.4472593], [10.0471194, 53.4479901], [10.048979, 53.4496611], [10.0491847, 53.449846], [10.0491257, 53.449859], [10.0413949, 53.451563], [10.0412382, 53.4515975], [10.0441519, 53.4548593], [10.044127, 53.4549608], [10.0421276, 53.4558732], [10.0419722, 53.4565508], [10.042124, 53.4569134], [10.0429467, 53.4579234], [10.0430967, 53.4584134], [10.0435862, 53.458976], [10.0443167, 53.4593753], [10.0449603, 53.4594194], [10.0452501, 53.4593022], [10.0456503, 53.4595773], [10.0458595, 53.4597527], [10.0459268, 53.4597193], [10.0461319, 53.4599286], [10.0459718, 53.4600231], [10.0459041, 53.4604688], [10.0459167, 53.4606529], [10.0462385, 53.4608367], [10.0464029, 53.4609368], [10.0465898, 53.4610868], [10.0466409, 53.4611657], [10.0469354, 53.4611877], [10.0471258, 53.4611865], [10.0473858, 53.4611745], [10.0478292, 53.4612175], [10.0481222, 53.4611235], [10.0481668, 53.4611436], [10.0484576, 53.4615444], [10.0487051, 53.4619305], [10.049356, 53.4625562], [10.0495652, 53.4627634], [10.0496398, 53.4630275], [10.0496344, 53.4630791], [10.0500221, 53.4632418], [10.0516158, 53.4639106], [10.0523534, 53.4634112], [10.0532168, 53.4629063], [10.0578741, 53.4604996], [10.0647191, 53.4570227], [10.0669067, 53.4560205], [10.0682925, 53.4555051], [10.0694661, 53.4551743], [10.0716028, 53.4547384], [10.0789512, 53.4538769], [10.0809293, 53.4530719], [10.0849588, 53.4507873], [10.0899477, 53.4467587], [10.094279, 53.4434385], [10.0965975, 53.4411724], [10.0986811, 53.4380313], [10.099056, 53.4374624], [10.0998389, 53.4363455], [10.0999999, 53.4361085], [10.1009397, 53.4347197], [10.1013537, 53.4341588], [10.1016287, 53.4337888], [10.1046172, 53.4296803], [10.1051903, 53.4290716], [10.1063973, 53.428084], [10.1074035, 53.4274064], [10.1078855, 53.4271468], [10.1084384, 53.4268604], [10.1094255, 53.4263693], [10.1104951, 53.425945], [10.1112171, 53.4256957], [10.1119742, 53.4254578], [10.1147337, 53.4247249], [10.1161475, 53.4244089], [10.1184522, 53.423997], [10.1220896, 53.423669], [10.1231384, 53.4236461], [10.1251691, 53.4236531], [10.1274928, 53.4237951], [10.1296034, 53.4237491], [10.1309372, 53.4235881], [10.13245, 53.4233521], [10.1334678, 53.4231652], [10.1349836, 53.4227532], [10.1359115, 53.4224063], [10.1369983, 53.4219363], [10.139143, 53.4206555], [10.1427385, 53.4180378], [10.1444382, 53.4167599], [10.1457625, 53.4154401], [10.1462869, 53.4148342], [10.1464129, 53.4146582], [10.1483457, 53.4119655], [10.1511133, 53.4085509], [10.1512463, 53.4084059], [10.1518352, 53.407868], [10.1519602, 53.407754], [10.1523441, 53.407399], [10.1538289, 53.4061512], [10.1539959, 53.4060292], [10.1552027, 53.4051483], [10.1556196, 53.4048663], [10.1561625, 53.4044964], [10.1571804, 53.4038664], [10.1593531, 53.4025236], [10.1628196, 53.4006278], [10.1642084, 53.3999639], [10.1655462, 53.399327], [10.1669419, 53.3988201], [10.1682378, 53.3983581], [10.1700035, 53.3978052], [10.1718372, 53.3973362], [10.1735499, 53.3969813], [10.1760906, 53.3965954], [10.1773794, 53.3964774], [10.1776083, 53.3964624], [10.1793091, 53.3964204], [10.179867, 53.3964054], [10.1822276, 53.3965114], [10.1826965, 53.3965534], [10.1831435, 53.3965884], [10.1842583, 53.3967144], [10.1846742, 53.3967594], [10.1851881, 53.3968434], [10.185867, 53.3969584], [10.1898714, 53.3976183], [10.1929249, 53.3981373], [10.1938358, 53.3982932], [10.1939737, 53.3983042], [10.1956285, 53.3984652], [10.1957645, 53.3984762], [10.1966593, 53.3985072], [10.1977332, 53.3985412], [10.1982911, 53.3985262], [10.1991249, 53.3985033], [10.1999978, 53.3984803], [10.2001908, 53.3984763], [10.2007657, 53.3984153], [10.2016445, 53.3983273], [10.2031553, 53.3981713], [10.20494, 53.3978314], [10.2064538, 53.3975494], [10.2088634, 53.3971375], [10.2102872, 53.3968935], [10.211459, 53.3966985], [10.211621, 53.3966725], [10.2158534, 53.3961116], [10.2177231, 53.3958896], [10.218192, 53.3958406], [10.2205646, 53.3955807], [10.2213575, 53.3954937], [10.2237062, 53.3953327], [10.2261358, 53.3952338], [10.2268007, 53.3952068], [10.2316739, 53.3951118], [10.2321608, 53.3951728], [10.2335146, 53.3952678], [10.2352034, 53.3955348], [10.2367511, 53.3959437], [10.237398, 53.3961117], [10.2384488, 53.3964817], [10.2393877, 53.3968136], [10.2395017, 53.3968516], [10.2409984, 53.3975874], [10.2413499, 53.3977901], [10.2416109, 53.3979574], [10.2420814, 53.3982554], [10.242545, 53.3985734], [10.2430569, 53.398986], [10.2435345, 53.399418], [10.2440458, 53.3999289], [10.2444126, 53.4003904], [10.2449236, 53.4011055], [10.245254, 53.4016088], [10.2456445, 53.4021969], [10.2474803, 53.4051827], [10.2475793, 53.4053357], [10.2488882, 53.4074535], [10.2506257, 53.4103062], [10.2514675, 53.4115242], [10.2523526, 53.4127199], [10.253135, 53.4136279], [10.2541184, 53.4145877], [10.2553277, 53.4156207], [10.2564523, 53.4164156], [10.2575939, 53.4171538], [10.2585283, 53.417673], [10.2597222, 53.4182607], [10.2601655, 53.4184728], [10.2611649, 53.418876], [10.262406, 53.4193632], [10.2639765, 53.4198882], [10.2644605, 53.4200252], [10.2653063, 53.4202477], [10.2667756, 53.4206166], [10.2692119, 53.4211405], [10.2724446, 53.4218299], [10.2774767, 53.4228625], [10.2804736, 53.4235187], [10.281984, 53.4238476], [10.2832433, 53.4241627], [10.2843273, 53.4244542], [10.2855304, 53.4248304], [10.2864757, 53.4251514], [10.2880621, 53.4257009], [10.2896155, 53.4262996], [10.2918299, 53.4271562], [10.2941799, 53.4281468], [10.2962224, 53.4291078], [10.2987674, 53.4303641], [10.3004629, 53.4312621], [10.3014478, 53.4317544], [10.3022179, 53.4320793], [10.3035795, 53.4325702], [10.3043567, 53.4328079], [10.3049385, 53.432942], [10.3055968, 53.4330831], [10.3068561, 53.4332464], [10.3079906, 53.433285], [10.3078304, 53.4347288], [10.3101691, 53.4351167], [10.310671, 53.4351587], [10.3135526, 53.4353947], [10.3156693, 53.4353987], [10.3158622, 53.4353987], [10.3178412, 53.4353027], [10.3180547, 53.4362185], [10.3181239, 53.436493], [10.3191814, 53.4377036], [10.3164948, 53.4390668], [10.3161571, 53.4391943], [10.3152953, 53.4394272], [10.3151813, 53.4394692], [10.3144784, 53.4397252], [10.3147163, 53.4400681], [10.3147653, 53.4402201], [10.314955, 53.4404679], [10.3149349, 53.4404954], [10.3152273, 53.4407475], [10.3161344, 53.4415748], [10.3183298, 53.4435769], [10.3206393, 53.4456423], [10.320905, 53.445877], [10.3217727, 53.4466829], [10.3251892, 53.449762], [10.3252805, 53.4498342], [10.3224919, 53.4505908], [10.3172542, 53.4520107], [10.3166031, 53.4521492], [10.3156095, 53.4522087], [10.3152785, 53.4521811], [10.3127052, 53.4522616], [10.3122663, 53.45224], [10.3120656, 53.4514469], [10.3115557, 53.4495281], [10.3102157, 53.4445723], [10.3100212, 53.4439268], [10.3099146, 53.4436559], [10.3099006, 53.4436176], [10.3097864, 53.4433271], [10.3096772, 53.4430797], [10.3091314, 53.4427211], [10.308719, 53.4425794], [10.3084223, 53.4425222], [10.3082323, 53.4425588], [10.3078324, 53.4425708], [10.3075944, 53.4425898], [10.3074404, 53.4426048], [10.3072765, 53.4426008], [10.3069565, 53.4425968], [10.3063916, 53.4425938], [10.3056637, 53.4426278], [10.3048801, 53.4426606], [10.3048149, 53.4426652], [10.3047879, 53.4426658], [10.3027872, 53.4425478], [10.3023612, 53.4425288], [10.3018723, 53.4425438], [10.3012794, 53.4425208], [10.3010025, 53.4426008], [10.3007275, 53.4427308], [10.2999996, 53.4431157], [10.2992887, 53.4434937], [10.2991439, 53.4436656], [10.2988948, 53.4441236], [10.2983484, 53.4446215], [10.2981697, 53.4448064], [10.2979738, 53.4450112], [10.2977599, 53.4453095], [10.2976819, 53.4454045], [10.297371, 53.4457736], [10.2971419, 53.4460922], [10.2966, 53.4465051], [10.2964671, 53.4466373], [10.2962391, 53.4467363], [10.2956732, 53.4469843], [10.2952053, 53.4472742], [10.2948503, 53.4475412], [10.2947243, 53.4476391], [10.294349, 53.4480553], [10.2942258, 53.4481638], [10.2989259, 53.4506122], [10.299009, 53.4506161], [10.2990076, 53.4506649], [10.2986037, 53.4509968], [10.2979578, 53.4515238], [10.2978658, 53.4515928], [10.2976568, 53.4516878], [10.2974749, 53.4517177], [10.2961211, 53.4519627], [10.2956622, 53.4520767], [10.2955372, 53.4521037], [10.2953592, 53.4521607], [10.2937964, 53.4526456], [10.2917775, 53.4543777], [10.2904182, 53.4551223], [10.289963, 53.4553693], [10.28965, 53.4555333], [10.2894871, 53.4556053], [10.2893311, 53.4556783], [10.2888912, 53.4558422], [10.2884122, 53.4560902], [10.2879883, 53.4562962], [10.2874344, 53.4565632], [10.2873284, 53.4566271], [10.2868135, 53.4569441], [10.2863975, 53.4572801], [10.2861936, 53.457444], [10.2845768, 53.458104], [10.2841959, 53.4583709], [10.2839116, 53.4585148], [10.282338, 53.4575476], [10.2818921, 53.4580307], [10.2817477, 53.4581871], [10.2812691, 53.4585911], [10.2809424, 53.4588669], [10.2805708, 53.4590597], [10.2800857, 53.4592589], [10.2778538, 53.4601757], [10.2775819, 53.4603155], [10.2772612, 53.4605271], [10.276392, 53.4609154], [10.2758751, 53.4611861], [10.2753824, 53.4614089], [10.2752348, 53.4614886], [10.2749323, 53.4616239], [10.2747537, 53.4617268], [10.2746509, 53.4618647], [10.2745953, 53.4619755], [10.2741754, 53.4622464], [10.2737714, 53.4625484], [10.2735964, 53.4626744], [10.2734645, 53.4627194], [10.2731765, 53.4628194], [10.272889, 53.4628334], [10.272335, 53.4630765], [10.2707969, 53.4635555], [10.2703885, 53.4637114], [10.2693451, 53.4640702], [10.2718907, 53.4666379], [10.2683945, 53.468165], [10.2649168, 53.4690042], [10.265731, 53.470929], [10.266003, 53.4714496], [10.2660555, 53.4722674], [10.2662395, 53.4731212], [10.2652124, 53.4733238], [10.264414, 53.4750965], [10.2639965, 53.4749982], [10.2638476, 53.475006], [10.26001, 53.4743874], [10.2586624, 53.4762446], [10.2598596, 53.4768994], [10.2599235, 53.4769729], [10.25702, 53.477806], [10.2564305, 53.4781804], [10.2556165, 53.4782412], [10.2549016, 53.4780337], [10.2548575, 53.4776418], [10.254474, 53.4775188], [10.2530425, 53.4775659], [10.2528857, 53.4775373], [10.252306, 53.4772485], [10.250441, 53.4787087], [10.2500849, 53.4789784], [10.2486969, 53.4800804], [10.2385422, 53.4825453], [10.2379927, 53.4848827], [10.2378364, 53.4863904], [10.2378186, 53.486519], [10.2374668, 53.4885668], [10.2374254, 53.4887157], [10.2373621, 53.488932], [10.2369329, 53.4889174], [10.2367865, 53.4889185], [10.2362829, 53.4889533], [10.2357, 53.4890332], [10.2352451, 53.4890942], [10.2351675, 53.4891275], [10.235062, 53.4893109], [10.2345434, 53.4902627], [10.2345401, 53.4902956], [10.2350364, 53.4918617], [10.2356095, 53.493401], [10.2365583, 53.4958488], [10.2366828, 53.4960561], [10.2368508, 53.496336], [10.2364962, 53.4963555], [10.2353171, 53.4966547], [10.2335077, 53.4970377], [10.2332332, 53.4971949], [10.232922, 53.4972263], [10.2327271, 53.4971585], [10.229699, 53.4964345], [10.2295761, 53.4963086], [10.2294007, 53.4961384], [10.2292339, 53.4958703], [10.2290956, 53.4956984], [10.2288355, 53.4956643], [10.2281362, 53.4957287], [10.227466, 53.4959096], [10.2269138, 53.496039], [10.2261105, 53.4960026], [10.2258564, 53.4959821], [10.2253844, 53.495926], [10.2249656, 53.4959052], [10.2247655, 53.4961518], [10.2246715, 53.4962927], [10.2244635, 53.4963681], [10.2243181, 53.4964118], [10.2238791, 53.4964201], [10.2235241, 53.4963973], [10.2229223, 53.496333], [10.2224287, 53.4963281], [10.2220738, 53.4963429], [10.2219409, 53.4963925], [10.2218944, 53.4964977], [10.2219573, 53.4965442], [10.2222764, 53.4966032], [10.2227129, 53.496609], [10.2228695, 53.4966426], [10.223033, 53.4967268], [10.2231237, 53.4968794], [10.2231553, 53.4970224], [10.2231312, 53.4971472], [10.2228523, 53.4973122], [10.2226135, 53.4974142], [10.2223218, 53.4975476], [10.2220551, 53.497625], [10.2219339, 53.4977136], [10.2219391, 53.4977934], [10.2221038, 53.4978981], [10.2222944, 53.497998], [10.222382, 53.4980823], [10.2223437, 53.4982065], [10.2222569, 53.4982573], [10.222135, 53.4982875], [10.2218721, 53.4982786], [10.2216406, 53.4982829], [10.2209463, 53.4982188], [10.2208242, 53.4982173], [10.2207149, 53.4982844], [10.2206604, 53.4984597], [10.2206832, 53.4985579], [10.2208315, 53.4987967], [10.2209672, 53.4989785], [10.2209858, 53.4990871], [10.2208491, 53.4991813], [10.2206218, 53.4992588], [10.2203095, 53.4993148], [10.219902, 53.499341], [10.2188999, 53.4992695], [10.2185496, 53.4992541], [10.218276, 53.4992345], [10.2182727, 53.4993176], [10.2182577, 53.4996334], [10.2183009, 53.5000465], [10.2183675, 53.5004343], [10.2184521, 53.5007195], [10.2186152, 53.5011644], [10.2188126, 53.5016569], [10.2184906, 53.5017614], [10.2185496, 53.5018947], [10.2188437, 53.5020497], [10.2192688, 53.5021246], [10.2196348, 53.5021393], [10.2197126, 53.5021992], [10.2198321, 53.5022561], [10.2200362, 53.5022716], [10.2203128, 53.5023423], [10.2206665, 53.5024375], [10.2207972, 53.5024775], [10.2209353, 53.502571], [10.221111, 53.5026991], [10.2214728, 53.502733], [10.22186, 53.5030246], [10.2221244, 53.5030696], [10.2224186, 53.5032905], [10.2222852, 53.503381], [10.2225676, 53.504392], [10.2227386, 53.5045125], [10.2229866, 53.5047161], [10.2232777, 53.5048224], [10.2236003, 53.5049411], [10.2238231, 53.5051346], [10.2238941, 53.5052985], [10.2238906, 53.5056233], [10.2237276, 53.5059525], [10.2236025, 53.5061588], [10.2234264, 53.5061678], [10.2231633, 53.5062017], [10.2230119, 53.5062142], [10.2228557, 53.506273], [10.2226021, 53.5063308], [10.2223972, 53.5063599], [10.221097, 53.5065118], [10.2203533, 53.5074723], [10.2184569, 53.5077298], [10.218551, 53.5080924], [10.2190468, 53.5100025], [10.2190814, 53.5101359], [10.219206, 53.5105989], [10.2186567, 53.510946], [10.2185438, 53.5110172], [10.2178314, 53.511477], [10.2174084, 53.5117295], [10.216746, 53.5120832], [10.2160352, 53.512332], [10.2153814, 53.5125434], [10.2141753, 53.5129191], [10.2141257, 53.5130471], [10.2140166, 53.5133703], [10.2139929, 53.5134405], [10.2139881, 53.5134527], [10.2155487, 53.5137298], [10.2155312, 53.513815], [10.2154943, 53.5138274], [10.2135749, 53.5139661], [10.213472, 53.51399], [10.2132421, 53.514246], [10.2131518, 53.5144745], [10.2134225, 53.5151578], [10.2134533, 53.5152331], [10.2126394, 53.5166144], [10.2118609, 53.517557], [10.2111402, 53.5189881], [10.2104116, 53.5199281], [10.2102008, 53.5198526], [10.2101126, 53.519719], [10.2093516, 53.519296], [10.2059063, 53.5173692], [10.2020406, 53.5151659], [10.2002504, 53.5141474], [10.1977806, 53.5139667], [10.1923504, 53.5135546], [10.1918065, 53.5135166], [10.1899718, 53.5133483], [10.1898448, 53.5129908], [10.1895445, 53.5116626], [10.1895233, 53.5115688], [10.1878449, 53.5115062], [10.1878889, 53.51164], [10.1880728, 53.5121986], [10.1868282, 53.5126791], [10.1866329, 53.5127545], [10.186172, 53.5129324], [10.1860193, 53.5129868], [10.1858844, 53.5130386], [10.1829289, 53.5141722], [10.1828299, 53.5142101], [10.1825966, 53.5143037], [10.1780297, 53.516461], [10.1769141, 53.5169921], [10.1735663, 53.5180407], [10.1730474, 53.5181967], [10.1724855, 53.5183996], [10.1697247, 53.5193715], [10.1681991, 53.5199121], [10.1677907, 53.5201867], [10.1671061, 53.5202663], [10.1670435, 53.5201679], [10.1658973, 53.5204408], [10.1646231, 53.5212174], [10.1641844, 53.5214629], [10.1623971, 53.5224558], [10.162391, 53.5226332], [10.1623789, 53.5229888], [10.1623307, 53.5229864], [10.1623193, 53.523035], [10.1617774, 53.5253412], [10.1617123, 53.5261003], [10.1619115, 53.5268401], [10.1625161, 53.5278766], [10.162901, 53.5284412], [10.1639939, 53.5291891], [10.1638311, 53.5297255], [10.1635015, 53.5301346], [10.163042, 53.5307871], [10.1635532, 53.5313801], [10.1636496, 53.5315073], [10.1637786, 53.5318261], [10.1639352, 53.5319325], [10.1643724, 53.532049], [10.1645934, 53.532197], [10.1646646, 53.5322767], [10.1651216, 53.532793], [10.1653119, 53.5330752], [10.1653193, 53.5335633], [10.1651649, 53.5337755], [10.1653485, 53.5341835], [10.1656083, 53.5346253], [10.1659085, 53.5347362], [10.1684867, 53.5347333], [10.1685834, 53.5346931], [10.1686633, 53.5358202], [10.168776, 53.5373854], [10.1686028, 53.5374155], [10.1685054, 53.5374519], [10.1683131, 53.5375019], [10.1680729, 53.5376214], [10.1680129, 53.5373097], [10.1679965, 53.5372958], [10.1644404, 53.5375754], [10.1644015, 53.5374654], [10.162616, 53.5376083], [10.1626409, 53.5377054], [10.1615455, 53.5377869], [10.1613575, 53.5377456], [10.1612106, 53.5377697], [10.1610716, 53.5378549], [10.1605252, 53.5380141], [10.1603747, 53.5381663], [10.1602554, 53.5382201], [10.1601802, 53.538207], [10.1601178, 53.5381567], [10.1601526, 53.5380613], [10.1603068, 53.537805], [10.1603021, 53.5377369], [10.1602051, 53.5376837], [10.1600582, 53.5376706], [10.1597716, 53.5377291], [10.1595005, 53.5377085], [10.1591099, 53.5374834], [10.1588968, 53.5372287], [10.1587186, 53.5372265], [10.1582489, 53.5373954], [10.1580201, 53.5373963], [10.1579525, 53.5373964], [10.1575999, 53.5373333], [10.1574829, 53.5373915], [10.1573555, 53.5373703], [10.1572621, 53.5371375], [10.1572348, 53.5368586], [10.1572902, 53.5367403], [10.1571915, 53.5367097], [10.1568247, 53.5367321], [10.1567158, 53.5367131], [10.1565266, 53.5367283], [10.1560038, 53.5367171], [10.1557352, 53.5366138], [10.1550545, 53.536489], [10.1534821, 53.5360052], [10.1529698, 53.5358418], [10.1522724, 53.5355445], [10.1518741, 53.5354775], [10.151885, 53.5356216], [10.1522671, 53.5356919], [10.1546877, 53.5364176], [10.1543903, 53.5372404], [10.154102, 53.5381744], [10.1535007, 53.5400152], [10.1523387, 53.5399742], [10.1522995, 53.5401342], [10.1521334, 53.5405742], [10.1519938, 53.5410824], [10.1518713, 53.5416989], [10.1517778, 53.5421014], [10.151827, 53.5421132], [10.1519888, 53.5421759], [10.1523639, 53.5427243], [10.152486, 53.5431772], [10.1521894, 53.5437458], [10.1521208, 53.5437469], [10.1521179, 53.5438148], [10.151538, 53.544814], [10.1484384, 53.5459771], [10.1501924, 53.548726], [10.1556299, 53.5523593], [10.1562251, 53.5523235], [10.1564931, 53.552501], [10.1567655, 53.5529076], [10.1566808, 53.5533151], [10.1568002, 53.5535146], [10.1569384, 53.5536396], [10.157352, 53.55401], [10.1579363, 53.5541681], [10.1582543, 53.5543735], [10.1588336, 53.5545712], [10.1593159, 53.5548683], [10.1594609, 53.5552188], [10.159551, 53.5553864], [10.159605, 53.5554664], [10.1597795, 53.5556774], [10.1597115, 53.5560685], [10.1598852, 53.5563691], [10.1599536, 53.5568242], [10.1600866, 53.5571262], [10.1602748, 53.5574176], [10.1602708, 53.5576371], [10.1602127, 53.5584721], [10.160126, 53.5585227], [10.1600538, 53.558652], [10.1599029, 53.558873], [10.1598272, 53.5590791], [10.1595809, 53.559335], [10.15924, 53.5598894], [10.1587289, 53.5602709], [10.1604869, 53.5609663], [10.1590524, 53.561121], [10.1581663, 53.561287], [10.157884, 53.5613551], [10.1565876, 53.5616878], [10.1551614, 53.5621171], [10.1549503, 53.5620946], [10.1540453, 53.5623759], [10.1540098, 53.5624534], [10.1527484, 53.5628136], [10.1526498, 53.5627568], [10.1522466, 53.5628541], [10.1523135, 53.562925], [10.1480258, 53.5640097], [10.1477511, 53.5642493], [10.1477125, 53.5643859], [10.1476364, 53.5647024], [10.1475961, 53.5649554], [10.14752, 53.5664193], [10.1481092, 53.5669152], [10.1485729, 53.5670551], [10.148656, 53.5673102], [10.1480847, 53.5675458], [10.1486568, 53.5679898], [10.1497382, 53.5684744], [10.1500037, 53.5685958], [10.1505092, 53.5691542], [10.1506692, 53.5697309], [10.150504, 53.5699471], [10.1503693, 53.5703155], [10.1506333, 53.5705279], [10.1508749, 53.5708585], [10.1510417, 53.5710441], [10.151144, 53.5713845], [10.1512369, 53.5716174], [10.1515169, 53.5719224], [10.1517739, 53.5722004], [10.1518339, 53.5722585], [10.1518909, 53.5724954], [10.1519159, 53.5725644], [10.1519689, 53.5727094], [10.1519719, 53.5728084], [10.1519829, 53.5731664], [10.1519859, 53.5732703], [10.1520039, 53.5734493], [10.1519029, 53.5736093], [10.1518899, 53.5737273], [10.1518469, 53.5741013], [10.1518389, 53.5741892], [10.1517479, 53.5743302], [10.1516959, 53.5744142], [10.1516419, 53.5746352], [10.1516149, 53.5747502], [10.1515949, 53.5751121], [10.1515909, 53.5751891], [10.1515769, 53.5753141], [10.1515689, 53.5754021], [10.1516469, 53.5755591], [10.1516449, 53.5757111], [10.1516769, 53.5758221], [10.1517159, 53.575997], [10.1517984, 53.5762406], [10.1519218, 53.5763352], [10.1518498, 53.5764764], [10.1520453, 53.5770058], [10.1523677, 53.577489], [10.1524516, 53.5776126], [10.1524048, 53.5776126], [10.1524664, 53.5779107], [10.1526682, 53.5779361], [10.1528604, 53.5780094], [10.1529054, 53.5779405], [10.1531128, 53.5778596], [10.15317, 53.57787], [10.1532101, 53.5779307], [10.1531481, 53.5779964], [10.1532819, 53.578099], [10.15344, 53.578129], [10.153634, 53.5781228], [10.153693, 53.5781647], [10.1537998, 53.5783585], [10.1537384, 53.5784108], [10.1538585, 53.5785111], [10.153994, 53.5785566], [10.1540461, 53.5785979], [10.1541067, 53.5788423], [10.1541894, 53.5788472], [10.1542617, 53.5788335], [10.1543901, 53.5788097], [10.1545075, 53.5788169], [10.1546139, 53.5789191], [10.1547216, 53.5790238], [10.1549363, 53.5791401], [10.1553259, 53.5792411], [10.1563091, 53.5797381], [10.1576497, 53.5804047], [10.158062, 53.5806113], [10.1584124, 53.5808052], [10.1589367, 53.5811179], [10.1593071, 53.5817187], [10.1598518, 53.582706], [10.160197, 53.5832372], [10.1603503, 53.5834629], [10.1604056, 53.5835954], [10.1605871, 53.5839704], [10.1605872, 53.5840493], [10.1607249, 53.5842641], [10.160868, 53.5845611], [10.1610558, 53.5846579], [10.1614144, 53.5850035], [10.1615084, 53.585135], [10.1616349, 53.5853103], [10.1617857, 53.5855523], [10.161866, 53.5857867], [10.1637349, 53.5858157], [10.1638142, 53.5857311], [10.1638702, 53.5854358], [10.1643448, 53.5850696], [10.163176, 53.5840042], [10.1653224, 53.5823206], [10.1661216, 53.5823809], [10.1665764, 53.5824126], [10.1670582, 53.58245], [10.1679196, 53.5825153], [10.1700452, 53.5826756], [10.1716781, 53.5827952], [10.1774215, 53.5832457], [10.1781575, 53.5833048], [10.1873404, 53.584042], [10.1870372, 53.585495], [10.1871599, 53.585518], [10.1875092, 53.5839827], [10.195833, 53.5846482], [10.1983763, 53.5821413], [10.2012914, 53.5839951], [10.1992919, 53.586035], [10.1986258, 53.5867145], [10.1984612, 53.5868819], [10.19569, 53.5897257], [10.1951533, 53.590228], [10.1950468, 53.5902827], [10.1946183, 53.590773], [10.1943258, 53.5912016], [10.1942085, 53.5911745], [10.1934863, 53.5925704], [10.193298, 53.5928925], [10.1926642, 53.5940114], [10.1924816, 53.5940892], [10.1924309, 53.5944434], [10.1922834, 53.5945461], [10.192064, 53.5949985], [10.1917776, 53.595594], [10.1918153, 53.5956356], [10.1919834, 53.5961023], [10.1922173, 53.596112], [10.1928572, 53.595899], [10.1930172, 53.595914], [10.1932361, 53.596021], [10.1932771, 53.59596], [10.1933761, 53.59596], [10.1934561, 53.596021], [10.1934351, 53.596128], [10.1934941, 53.596269], [10.1934321, 53.5965429], [10.1934286, 53.5967022], [10.1935701, 53.5967679], [10.1936831, 53.5968749], [10.1945454, 53.5971982], [10.1945954, 53.5972613], [10.1943754, 53.5974427], [10.194823, 53.5977423], [10.1949896, 53.5978784], [10.195162, 53.597918], [10.1952782, 53.5977752], [10.1954457, 53.5977573], [10.1958354, 53.5978961], [10.1958856, 53.5979651], [10.1960047, 53.5982517], [10.1959797, 53.5983698], [10.1965658, 53.5988952], [10.1970347, 53.5993156], [10.1969095, 53.5996366], [10.1968615, 53.5999956], [10.1968305, 53.6002325], [10.1968195, 53.6003085], [10.1967825, 53.6005865], [10.1953167, 53.6042571], [10.1952166, 53.6046615], [10.1951634, 53.6051458], [10.1952081, 53.6053747], [10.1952152, 53.6059773], [10.1952713, 53.6073634], [10.1935209, 53.6099], [10.1918172, 53.6094108], [10.1909208, 53.6106146], [10.1907939, 53.610785], [10.1907869, 53.6107943], [10.1903347, 53.6113929], [10.1888537, 53.6130726], [10.1902594, 53.613954], [10.1907563, 53.6142589], [10.1919911, 53.6149838], [10.192392, 53.6152048], [10.192708, 53.6153768], [10.1950596, 53.6164717], [10.1969533, 53.6173676], [10.1989659, 53.6182905], [10.1991979, 53.6184165], [10.1995038, 53.6185845], [10.2000048, 53.6189394], [10.2000808, 53.6189924], [10.2015335, 53.6200573], [10.2021558, 53.6202452], [10.2026997, 53.6204226], [10.2031692, 53.6205873], [10.204506, 53.6209112], [10.2053639, 53.6213272], [10.2058028, 53.6214722], [10.2058168, 53.6219641], [10.2058188, 53.6220411], [10.2055498, 53.623475], [10.2055088, 53.6235929], [10.2054898, 53.6236619], [10.2054678, 53.6237459], [10.2056048, 53.6237729], [10.2057458, 53.6237349], [10.2058068, 53.6236539], [10.2060078, 53.6236429], [10.2060837, 53.6236469], [10.2064267, 53.6236659], [10.2065077, 53.6238449], [10.2067276, 53.6238219], [10.2069466, 53.6239059], [10.2070246, 53.6240239], [10.2072726, 53.6240659], [10.2073855, 53.6240859], [10.207631, 53.624337], [10.2077033, 53.6243108], [10.2078554, 53.6243507], [10.2080337, 53.6242681], [10.2083934, 53.6241469], [10.2093972, 53.6238219], [10.2097422, 53.623635], [10.210814, 53.623059], [10.210914, 53.623002], [10.211048, 53.623002], [10.211147, 53.623029], [10.2113759, 53.623185], [10.2114989, 53.623269], [10.2116509, 53.623384], [10.2115559, 53.623483], [10.21174, 53.6237022], [10.2119223, 53.6237762], [10.2121107, 53.6236541], [10.2123818, 53.6238679], [10.2125946, 53.62405], [10.2126921, 53.6241044], [10.2127617, 53.6241499], [10.2137635, 53.6246499], [10.2138635, 53.6246919], [10.2140625, 53.6247799], [10.2145354, 53.6249478], [10.2151773, 53.6251768], [10.2157082, 53.6253368], [10.2161212, 53.6254318], [10.2163361, 53.6255498], [10.2164411, 53.6256108], [10.2166091, 53.6257448], [10.2167836, 53.6259519], [10.2174862, 53.6261353], [10.2178395, 53.6263712], [10.2181278, 53.6271867], [10.2176208, 53.6273338], [10.2175149, 53.6273966], [10.2174689, 53.6274726], [10.2174579, 53.6276595], [10.2173907, 53.6277679], [10.2173111, 53.6278709], [10.2169821, 53.6280632], [10.216868, 53.6281579], [10.2168647, 53.6282476], [10.2165626, 53.6285145], [10.2164826, 53.6289624], [10.2165753, 53.6290337], [10.2165473, 53.6291454], [10.2165657, 53.6292091], [10.2167612, 53.6299046], [10.2168593, 53.6299491], [10.2161734, 53.631261], [10.2169544, 53.6313935], [10.2170469, 53.6311541], [10.2172244, 53.6312415], [10.2178492, 53.631549], [10.2185902, 53.6319137], [10.2193346, 53.6322802], [10.2198064, 53.6325124], [10.2219538, 53.6336248], [10.2219942, 53.6336457], [10.2135464, 53.6358349], [10.2135134, 53.6358047], [10.2130594, 53.6359184], [10.210684, 53.6365173], [10.2100829, 53.6366661], [10.2092367, 53.6366653], [10.2085513, 53.6364834], [10.20785, 53.6363312], [10.2064797, 53.6365204], [10.2054951, 53.6365972], [10.2044386, 53.6365722], [10.2037703, 53.6366865], [10.2032499, 53.6367317], [10.2028288, 53.6367859], [10.202392, 53.6368597], [10.2018055, 53.6367909], [10.2015129, 53.6366906], [10.2006731, 53.6365064], [10.1999076, 53.6367338], [10.1998684, 53.6365253], [10.1996868, 53.6363765], [10.1995585, 53.6361581], [10.1983265, 53.6363978], [10.1980498, 53.6363832], [10.1978702, 53.6363798], [10.1975068, 53.6364439], [10.1970572, 53.6366546], [10.1969513, 53.6367102], [10.1966297, 53.636985], [10.1965642, 53.6370148], [10.1960611, 53.6372724], [10.1956392, 53.6374633], [10.1955602, 53.6374943], [10.1951283, 53.6376623], [10.1936855, 53.6380163], [10.1930036, 53.6380623], [10.1927801, 53.6380795], [10.192637, 53.6381115], [10.1923772, 53.638076], [10.1921747, 53.6380972], [10.1908359, 53.6381922], [10.190725, 53.6382002], [10.1899831, 53.6383412], [10.1896394, 53.6383737], [10.1947301, 53.6419177], [10.1953648, 53.6423763], [10.1954214, 53.6424303], [10.1956244, 53.6426848], [10.1956766, 53.6427502], [10.1988518, 53.6467302], [10.1987056, 53.6472632], [10.1983716, 53.6474242], [10.1982646, 53.6474732], [10.1982037, 53.6475532], [10.1979765, 53.6478711], [10.1978228, 53.6480659], [10.1975874, 53.6482845], [10.1972853, 53.6486096], [10.1972033, 53.6487055], [10.1972008, 53.648715], [10.197201, 53.6487236], [10.1972052, 53.6487377], [10.1972148, 53.6487505], [10.197245, 53.6487907], [10.197391, 53.6489255], [10.1974204, 53.6489471], [10.1974337, 53.6489706], [10.1974377, 53.6490038], [10.1974384, 53.6490316], [10.197431, 53.6490593], [10.1973208, 53.649159], [10.1971825, 53.6492366], [10.1971806, 53.6492669], [10.1971115, 53.6492986], [10.1969427, 53.6493446], [10.1968529, 53.649374], [10.1967415, 53.6494018], [10.1966596, 53.6494229], [10.1966395, 53.6494488], [10.1966414, 53.6494818], [10.1966541, 53.6495116], [10.1966588, 53.6495342], [10.19665, 53.6495569], [10.1965941, 53.6496638], [10.1965244, 53.6497378], [10.1964708, 53.6498102], [10.1965031, 53.6498371], [10.1965437, 53.6498709], [10.1965791, 53.6499308], [10.1966228, 53.6500385], [10.1966149, 53.6501589], [10.1965929, 53.6503269], [10.1965719, 53.6504909], [10.1965309, 53.6505939], [10.1962079, 53.6510938], [10.1961589, 53.6512118], [10.1961269, 53.6512878], [10.1961259, 53.6514138], [10.1961249, 53.6515098], [10.195812, 53.6516427], [10.195624, 53.6517227], [10.195572, 53.6518297], [10.195411, 53.6519097], [10.1952531, 53.6520007], [10.1951621, 53.6520857], [10.1950501, 53.6523027], [10.1950301, 53.6523907], [10.1949881, 53.6525886], [10.1951261, 53.6526496], [10.195366, 53.6528256], [10.195465, 53.6528976], [10.195665, 53.6529476], [10.1961229, 53.6532336], [10.1961819, 53.6533745], [10.1963619, 53.6535315], [10.1962989, 53.6537675], [10.1962689, 53.6538825], [10.1962159, 53.6540765], [10.1961769, 53.6541945], [10.1959529, 53.6544694], [10.1958919, 53.6547514], [10.195603, 53.6548394], [10.195421, 53.6548964], [10.1952, 53.6549194], [10.1948511, 53.6549464], [10.1943791, 53.6549884], [10.194214, 53.655008], [10.19414, 53.6550192], [10.1939532, 53.6550597], [10.1938957, 53.6550741], [10.1937966, 53.6550781], [10.1934937, 53.6550799], [10.1932695, 53.6551019], [10.1929678, 53.6551373], [10.1928082, 53.6551596], [10.1926602, 53.6551864], [10.1924273, 53.6552391], [10.1923018, 53.6552553], [10.1920974, 53.6552892], [10.1917666, 53.6553433], [10.1916947, 53.6553561], [10.1916629, 53.655378], [10.1915555, 53.6554022], [10.191403, 53.6554838], [10.1913325, 53.6555266], [10.1911872, 53.6556002], [10.1909718, 53.6556789], [10.1908755, 53.6556771], [10.1908276, 53.6557093], [10.1908079, 53.6557196], [10.1907668, 53.6557286], [10.1907204, 53.6557297], [10.1906298, 53.6557758], [10.1905845, 53.6557537], [10.1905553, 53.6557268], [10.1904843, 53.6557354], [10.1904375, 53.6557377], [10.1903934, 53.6557495], [10.1903708, 53.6557793], [10.1903588, 53.6558075], [10.1903301, 53.6558232], [10.1902907, 53.6558294], [10.1902388, 53.6558592], [10.1900153, 53.6559484], [10.1899572, 53.6559623], [10.1898767, 53.6559902], [10.1898128, 53.6559992], [10.189723, 53.6559996], [10.1895857, 53.6559879], [10.1890488, 53.6559613], [10.1890082, 53.6559751], [10.1889557, 53.6560017], [10.188912, 53.656007], [10.1888575, 53.6560043], [10.1887396, 53.6559906], [10.1886662, 53.6559978], [10.1886142, 53.6560204], [10.1884712, 53.6560392], [10.1884607, 53.6560406], [10.1883121, 53.6560831], [10.187994, 53.6561735], [10.1879099, 53.6562123], [10.1878479, 53.6562365], [10.1877947, 53.6562589], [10.1877604, 53.6562654], [10.1877044, 53.6562747], [10.1876565, 53.6562903], [10.1875298, 53.6563572], [10.1874849, 53.6563732], [10.1874219, 53.656397], [10.1871924, 53.656532], [10.1869943, 53.6566821], [10.1869709, 53.6566991], [10.1868519, 53.6568011], [10.1867373, 53.6568994], [10.1866993, 53.6569556], [10.1866504, 53.6570179], [10.1865898, 53.657085], [10.1865962, 53.6572303], [10.1866154, 53.6573714], [10.1868286, 53.657575], [10.1869104, 53.6577008], [10.187054, 53.6579434], [10.1870898, 53.6580637], [10.1871363, 53.6580983], [10.1871853, 53.6581289], [10.1873621, 53.6581933], [10.187503, 53.6582502], [10.1875323, 53.6582744], [10.1876374, 53.6583675], [10.18772, 53.6584491], [10.1877667, 53.6585608], [10.1877947, 53.6586576], [10.1861843, 53.6605615], [10.1860769, 53.6606885], [10.1858174, 53.6609952], [10.1837575, 53.6634299], [10.183588, 53.6633711], [10.183496, 53.6633333], [10.1833422, 53.6633636], [10.1831872, 53.6632131], [10.183004, 53.6632069], [10.1828795, 53.6632394], [10.1828359, 53.6631979], [10.1828905, 53.6631277], [10.1828245, 53.6630601], [10.1825823, 53.662986], [10.1825087, 53.6629864], [10.1824092, 53.6632244], [10.1821965, 53.663235], [10.1820539, 53.6632838], [10.1819855, 53.6632871], [10.1819507, 53.6632303], [10.1818172, 53.663199], [10.1817288, 53.6631312], [10.1816263, 53.6631245], [10.1807984, 53.6632563], [10.1805903, 53.6632385], [10.1804922, 53.6632004], [10.1802397, 53.6631057], [10.1795924, 53.6631979], [10.179487, 53.6631026], [10.1792875, 53.6630728], [10.1792982, 53.6629115], [10.1790438, 53.6629114], [10.1788601, 53.6629576], [10.1784902, 53.6628243], [10.1779494, 53.6627674], [10.1772681, 53.6627521], [10.1771158, 53.6627136], [10.1768974, 53.6627455], [10.176539, 53.6630053], [10.1763362, 53.6629876], [10.1762753, 53.6631293], [10.1759837, 53.6632304], [10.1758471, 53.6632123], [10.1755963, 53.6633388], [10.1755854, 53.6633583], [10.1755679, 53.6633777], [10.175545, 53.6633952], [10.175514, 53.6634103], [10.1754265, 53.6634665], [10.1753224, 53.6635424], [10.175304, 53.6635568], [10.1752961, 53.6635653], [10.1752841, 53.6635827], [10.1752745, 53.6635955], [10.1751869, 53.6636517], [10.1751496, 53.6636814], [10.175137, 53.6636903], [10.1751281, 53.6637006], [10.1751217, 53.6637127], [10.1751143, 53.6637366], [10.1751042, 53.6637542], [10.17509, 53.6637729], [10.1750719, 53.6637909], [10.1750114, 53.6638491], [10.1749895, 53.6638684], [10.1749756, 53.6638876], [10.1749696, 53.6639306], [10.1749555, 53.6639736], [10.1749467, 53.6639875], [10.174933, 53.663998], [10.1749112, 53.6640046], [10.1748823, 53.664007], [10.1748602, 53.6640109], [10.1748414, 53.6640221], [10.174828, 53.6640348], [10.1747435, 53.6641112], [10.1747263, 53.664123], [10.1747123, 53.6641288], [10.1746997, 53.6641307], [10.174667, 53.6641361], [10.1746424, 53.6641423], [10.1746277, 53.6641469], [10.1746169, 53.6641523], [10.1746062, 53.6641597], [10.1745995, 53.6641678], [10.1745954, 53.6641822], [10.1745967, 53.6641973], [10.174595, 53.6642071], [10.1745865, 53.6642169], [10.1745679, 53.6642255], [10.174544, 53.6642301], [10.1745032, 53.6642356], [10.1744835, 53.6642407], [10.1744638, 53.6642474], [10.1744088, 53.6642767], [10.1743696, 53.6642947], [10.1743444, 53.6642986], [10.1743164, 53.6642986], [10.174222, 53.6642879], [10.1741275, 53.6642773], [10.1740862, 53.6642784], [10.174053, 53.6642826], [10.174011, 53.6642916], [10.1739798, 53.664307], [10.1739375, 53.6643424], [10.17388, 53.664395], [10.1738327, 53.6644382], [10.1737992, 53.6644651], [10.1737631, 53.6644856], [10.1736827, 53.6645267], [10.1736608, 53.6645451], [10.1736499, 53.664565], [10.1736443, 53.664585], [10.1736222, 53.6646274], [10.1735993, 53.6646517], [10.173571, 53.664676], [10.1734267, 53.6647925], [10.173254, 53.664912], [10.1732236, 53.6649384], [10.1732062, 53.6649574], [10.1731928, 53.6649788], [10.1731629, 53.6650296], [10.1731376, 53.6650732], [10.173046, 53.6652275], [10.17293, 53.6653544], [10.1728661, 53.6654024], [10.172856, 53.6654122], [10.1728513, 53.665422], [10.1728513, 53.6654456], [10.1728996, 53.6655126], [10.1729067, 53.6655292], [10.1729158, 53.665543], [10.1729283, 53.665558], [10.1729441, 53.6655718], [10.1729931, 53.6656066], [10.1730616, 53.6656509], [10.1730922, 53.6656697], [10.1731061, 53.6656779], [10.1731254, 53.6656838], [10.1731424, 53.6656866], [10.1731568, 53.6656902], [10.1731758, 53.6656978], [10.1731882, 53.6657086], [10.1732321, 53.6657604], [10.1732419, 53.6657672], [10.1732531, 53.6657724], [10.1732669, 53.665776], [10.1732848, 53.6657788], [10.1733341, 53.665782], [10.1733504, 53.6657847], [10.1733626, 53.6657905], [10.1733791, 53.6658021], [10.1734033, 53.6658287], [10.1734204, 53.6658432], [10.173434, 53.665847], [10.1734504, 53.6658477], [10.1734634, 53.6658511], [10.1734764, 53.6658577], [10.1734929, 53.6658802], [10.1735084, 53.6659062], [10.1735168, 53.665932], [10.1735221, 53.6659919], [10.1735265, 53.6660424], [10.1736503, 53.6660631], [10.1736665, 53.6661225], [10.1735382, 53.6661744], [10.1735418, 53.6661877], [10.1735481, 53.6662017], [10.1735648, 53.6662275], [10.1735849, 53.666254], [10.1735962, 53.6662657], [10.1736089, 53.6662785], [10.1736229, 53.6662888], [10.1736369, 53.6662971], [10.1736648, 53.6663128], [10.1736988, 53.6663284], [10.1737369, 53.6663432], [10.1737696, 53.6663559], [10.1737991, 53.6663671], [10.1738191, 53.6663724], [10.1738445, 53.6663768], [10.173982, 53.6663917], [10.1741308, 53.6663916], [10.1741504, 53.6663955], [10.1741647, 53.6664017], [10.1741762, 53.6664084], [10.1741824, 53.6664182], [10.1741837, 53.6664666], [10.1741916, 53.6664797], [10.1742062, 53.6664929], [10.1742162, 53.6664994], [10.1742235, 53.6665068], [10.1742341, 53.6665215], [10.1742502, 53.6665555], [10.1743309, 53.6667265], [10.174334, 53.6667404], [10.1743319, 53.6667543], [10.1743223, 53.6667658], [10.1743061, 53.6667773], [10.1741155, 53.6668451], [10.1739652, 53.6671518], [10.1739153, 53.6672276], [10.1739103, 53.6672366], [10.1739086, 53.6672452], [10.1739076, 53.667254], [10.1739092, 53.6672628], [10.1739257, 53.6672858], [10.1739271, 53.6672934], [10.1739259, 53.6673005], [10.1739216, 53.6673071], [10.1739153, 53.6673128], [10.173857, 53.6673763], [10.1738539, 53.6673844], [10.1738489, 53.6673925], [10.1738374, 53.6674084], [10.1737786, 53.6674421], [10.1737693, 53.6674483], [10.1737626, 53.6674544], [10.173757, 53.6674603], [10.1737533, 53.6674666], [10.1737537, 53.6675405], [10.1737524, 53.6675485], [10.1737495, 53.667559], [10.1737455, 53.6675668], [10.1737402, 53.6675738], [10.1736991, 53.6676196], [10.1736788, 53.6676483], [10.1736654, 53.6676631], [10.1736519, 53.6676755], [10.1736394, 53.6676847], [10.1736243, 53.6676939], [10.173594, 53.6677099], [10.1735442, 53.6677442], [10.1734077, 53.6678808], [10.1733918, 53.6678934], [10.173375, 53.6679053], [10.1733445, 53.667919], [10.1733287, 53.6679319], [10.1733157, 53.6679448], [10.1733046, 53.6679578], [10.1732975, 53.6679707], [10.173275, 53.6680819], [10.1732649, 53.6681035], [10.173252, 53.6681203], [10.1732258, 53.6681347], [10.1732076, 53.6681507], [10.1730774, 53.6683247], [10.1730576, 53.6683461], [10.1730503, 53.6683572], [10.1730471, 53.6683683], [10.1730267, 53.6684753], [10.1730297, 53.6685414], [10.1730299, 53.6685516], [10.1730234, 53.6685618], [10.1730175, 53.6685696], [10.173005, 53.6685751], [10.1729822, 53.668581], [10.1729637, 53.6685861], [10.1729477, 53.6685926], [10.1729321, 53.6686013], [10.1729232, 53.66861], [10.1727973, 53.6686994], [10.1727771, 53.6687055], [10.1727555, 53.6687069], [10.1727346, 53.6687059], [10.1727136, 53.6687025], [10.1726007, 53.6686819], [10.1725755, 53.6686816], [10.1725543, 53.6686845], [10.1725318, 53.6686889], [10.1725133, 53.6686957], [10.1724097, 53.6687736], [10.1723924, 53.6687828], [10.172375, 53.6687889], [10.172335, 53.6687984], [10.1723137, 53.6688032], [10.1722883, 53.6688064], [10.1722634, 53.6688062], [10.1722411, 53.6688083], [10.1722289, 53.668816], [10.1722221, 53.6688237], [10.1721988, 53.6688596], [10.1721897, 53.6688667], [10.1721727, 53.6688722], [10.1721566, 53.6688721], [10.1721325, 53.6688685], [10.1721016, 53.6688642], [10.1720451, 53.6688579], [10.1719586, 53.6688486], [10.1719389, 53.6688461], [10.1719186, 53.668842], [10.1718983, 53.6688359], [10.1718846, 53.6688266], [10.1717784, 53.6687554], [10.1717596, 53.6687454], [10.1717381, 53.6687378], [10.171718, 53.6687332], [10.1716993, 53.6687302], [10.1716819, 53.6687259], [10.1716686, 53.6687193], [10.171649, 53.6687079], [10.1716312, 53.6687009], [10.171608, 53.668698], [10.1715702, 53.6686958], [10.1715506, 53.6686956], [10.1715323, 53.6686937], [10.1715105, 53.6686866], [10.1714927, 53.6686791], [10.17145, 53.6686615], [10.1706342, 53.668325], [10.1702556, 53.6681655], [10.1698028, 53.6679808], [10.169405, 53.6678716], [10.169007, 53.6677658], [10.1687001, 53.6676843], [10.1686158, 53.6676619], [10.1684523, 53.6676705], [10.1681018, 53.6677139], [10.1678235, 53.667739], [10.1674399, 53.6677737], [10.1670977, 53.6677998], [10.1667877, 53.6678258], [10.1663046, 53.667896], [10.1656134, 53.6679655], [10.1648012, 53.668398], [10.1646548, 53.6684861], [10.1645676, 53.6685998], [10.1640243, 53.6693086], [10.1638239, 53.66957], [10.1637191, 53.6696882], [10.163263, 53.6699528], [10.1616035, 53.6709156], [10.161086, 53.6709486], [10.1610718, 53.6709406], [10.1610562, 53.6709322], [10.1609401, 53.6708685], [10.1604159, 53.6710597], [10.1600703, 53.6705354], [10.1590419, 53.6706411], [10.158838, 53.6696233], [10.1557915, 53.6699251], [10.1557352, 53.6699736], [10.1551112, 53.6720972], [10.1560432, 53.6719417], [10.156057, 53.6719678], [10.1571749, 53.6717599], [10.1578765, 53.6717273], [10.1582355, 53.671603], [10.1595079, 53.6714243], [10.1599333, 53.6713333], [10.1603426, 53.6712487], [10.1608638, 53.6710382], [10.1609092, 53.6710763], [10.1610398, 53.6711859], [10.1611722, 53.6712969], [10.1611951, 53.6713162], [10.1611359, 53.671343], [10.16069, 53.6715351], [10.1605179, 53.6716097], [10.1603458, 53.6716843], [10.1599843, 53.6717986], [10.1598674, 53.6718356], [10.1596097, 53.6719901], [10.1589526, 53.672123], [10.1583567, 53.6721742], [10.1579148, 53.6721527], [10.1578975, 53.6721519], [10.1572415, 53.6721839], [10.1570284, 53.6721704], [10.1562759, 53.6722376], [10.1562091, 53.6722769], [10.1560055, 53.6724601], [10.1559237, 53.6724757], [10.1558112, 53.6724891], [10.1556647, 53.6725665], [10.1555964, 53.6726682], [10.1555772, 53.6727381], [10.1556012, 53.6728124], [10.1556065, 53.6729094], [10.1555246, 53.6730707], [10.1555616, 53.6731584], [10.15555, 53.6732341], [10.1555434, 53.6732769], [10.1555099, 53.6733245], [10.1554083, 53.6734418], [10.1553433, 53.673685], [10.1551306, 53.6738959], [10.1550954, 53.6739833], [10.1551043, 53.6740226], [10.1550207, 53.6740873], [10.1548718, 53.6741494], [10.1548642, 53.6742092], [10.1546253, 53.6741822], [10.1550758, 53.6735397], [10.155118, 53.6735051], [10.1552076, 53.6729471], [10.1551735, 53.6729157], [10.1548452, 53.6729406], [10.1541472, 53.6739271], [10.1543849, 53.6743197], [10.1547664, 53.6742993], [10.1548449, 53.6743187], [10.1549151, 53.6743361], [10.1552508, 53.6744193], [10.1552811, 53.6744368], [10.1552872, 53.6744622], [10.1551224, 53.6745845], [10.1550596, 53.6746512], [10.1550308, 53.6747071], [10.1548975, 53.6749658], [10.1548817, 53.6750418], [10.1548374, 53.6752547], [10.1546884, 53.6755545], [10.1545905, 53.6757514], [10.1545747, 53.6757996], [10.1544066, 53.6759131], [10.1541822, 53.6760647], [10.153578, 53.6755937], [10.1541403, 53.674641], [10.1535776, 53.6746642], [10.1531045, 53.6746884], [10.1527302, 53.6747306], [10.1525418, 53.6747611], [10.1501067, 53.6753672], [10.1495624, 53.6754422], [10.1464311, 53.6758841], [10.1447651, 53.6761383], [10.1443866, 53.6767114], [10.1439367, 53.6771192], [10.1438384, 53.6771732], [10.1438163, 53.6771769], [10.1437448, 53.67723], [10.1430552, 53.6769072], [10.142254, 53.6764574], [10.1417214, 53.6774343], [10.1412215, 53.6783186], [10.1411453, 53.6782944], [10.139962, 53.6803593], [10.1423205, 53.6802784], [10.1434275, 53.6807662], [10.1437927, 53.6805889], [10.1437972, 53.6804359], [10.1443866, 53.6801353], [10.1449237, 53.6798843], [10.145405, 53.6798034], [10.1456644, 53.6798523], [10.1456413, 53.6799596], [10.1469158, 53.6805462], [10.1473114, 53.6806845], [10.1480298, 53.6809788], [10.1497096, 53.6816341], [10.1502804, 53.6818721], [10.1507213, 53.6820355], [10.1512834, 53.6822645], [10.1519112, 53.682537], [10.1531689, 53.6842621], [10.1532929, 53.6843824], [10.15283, 53.6862662], [10.1526691, 53.6865007], [10.1527287, 53.686525], [10.1529451, 53.6865993], [10.1531396, 53.686767], [10.1534441, 53.6869067], [10.1536451, 53.6869756], [10.1538758, 53.6869862], [10.1543469, 53.6869675], [10.1544968, 53.6870118], [10.1546012, 53.6871179], [10.154523, 53.6872157], [10.154851, 53.6873679], [10.1547805, 53.687407], [10.1546598, 53.6875041], [10.1545979, 53.6875965], [10.1545684, 53.6876815], [10.1546321, 53.687757], [10.1551062, 53.6878275], [10.1551574, 53.6878837], [10.1550913, 53.6879946], [10.1549674, 53.6880482], [10.1549562, 53.688123], [10.1550682, 53.688219], [10.1551044, 53.6883425], [10.1554353, 53.6883706], [10.1558803, 53.688374], [10.1559842, 53.6885015], [10.1558559, 53.6886866], [10.1556348, 53.6889016], [10.1557819, 53.6889615], [10.1562803, 53.689375], [10.1567393, 53.6894871], [10.1568855, 53.6895803], [10.1569406, 53.6896184], [10.1571362, 53.6896859], [10.1572785, 53.6896877], [10.1573533, 53.6896706], [10.1575053, 53.6895984], [10.1574338, 53.6895116], [10.1573655, 53.6894093], [10.1582858, 53.6894414], [10.1587665, 53.6901647], [10.1589354, 53.6902631], [10.15896, 53.6905105], [10.1588625, 53.6905917], [10.1586007, 53.690429], [10.1585877, 53.6904611], [10.1586278, 53.6908616], [10.1585195, 53.6911605], [10.1587039, 53.6912736], [10.1587706, 53.6926902], [10.1589065, 53.694256], [10.1589217, 53.6945374], [10.1590893, 53.695068], [10.1591364, 53.6952453], [10.1594535, 53.6958218], [10.1598026, 53.6965404], [10.1598196, 53.6966868], [10.1598526, 53.6969729], [10.1597965, 53.6971398], [10.1596641, 53.6973618], [10.1596651, 53.6975704], [10.1597231, 53.6980613], [10.1595625, 53.6980665], [10.1597954, 53.700209], [10.1598311, 53.700404], [10.1602886, 53.7008271], [10.1601439, 53.7009278], [10.1600038, 53.7011752], [10.1600289, 53.7012533], [10.1598532, 53.7014261], [10.1597078, 53.7014261], [10.1594398, 53.7014793], [10.1592233, 53.7015409], [10.1589811, 53.7016664], [10.1587691, 53.7017811], [10.1585329, 53.7019424], [10.1580444, 53.7021316], [10.1582722, 53.702283], [10.1581392, 53.7023619], [10.157903, 53.7024444], [10.1576751, 53.7025993], [10.1576257, 53.7029574], [10.1572815, 53.7030746], [10.1571149, 53.7032987], [10.1569264, 53.7034179], [10.1566588, 53.7036507], [10.1567392, 53.7040021], [10.1569421, 53.7045133], [10.1573842, 53.704713], [10.1578911, 53.704911], [10.1582824, 53.7050412], [10.1591641, 53.7053498], [10.1610923, 53.7060129], [10.1614244, 53.7061245], [10.1633895, 53.7068262], [10.1655001, 53.7075807], [10.1685759, 53.7086596], [10.1680625, 53.7087385], [10.1679838, 53.7088142], [10.1678992, 53.7089283], [10.1678886, 53.7089597], [10.1677788, 53.7090049], [10.167595, 53.7089967], [10.1674936, 53.7090342], [10.1674404, 53.7090648], [10.1674204, 53.7092469], [10.1675904, 53.7092656], [10.1678755, 53.7092244], [10.167953, 53.7092756], [10.1679568, 53.7093183], [10.1679321, 53.7093642], [10.1678418, 53.7095206], [10.1675415, 53.70964], [10.1674883, 53.7096652], [10.1674174, 53.7096559], [10.1673178, 53.7095749], [10.1672231, 53.7094869], [10.1671363, 53.7094907], [10.1670974, 53.7095171], [10.1670997, 53.7095665], [10.1671219, 53.7096186], [10.1671757, 53.7096925], [10.1673777, 53.7099305], [10.1674325, 53.7099971], [10.1674336, 53.7100541], [10.1674069, 53.7100901], [10.1673427, 53.7101236], [10.1671553, 53.7101363], [10.167045, 53.7101141], [10.1669403, 53.7100879], [10.1667749, 53.7100115], [10.1666992, 53.709933], [10.1665988, 53.7098064], [10.166492, 53.709786], [10.1664045, 53.7098059], [10.1663345, 53.709855], [10.1662838, 53.7099515], [10.1662588, 53.7100978], [10.1662765, 53.7102209], [10.1663336, 53.7104131], [10.1663736, 53.7105085], [10.1664909, 53.7107158], [10.1665105, 53.7108465], [10.1665602, 53.7110738], [10.1665587, 53.7111323], [10.166577, 53.7112404], [10.1668753, 53.7112407], [10.1669232, 53.711157], [10.1670037, 53.7111369], [10.1671113, 53.711127], [10.1672409, 53.7111245], [10.1674763, 53.7112104], [10.1676982, 53.7112147], [10.1683073, 53.7113623], [10.1685245, 53.7114734], [10.1685612, 53.7115336], [10.1686208, 53.7115624], [10.1686832, 53.7115729], [10.1688597, 53.7115904], [10.1701601, 53.7116489], [10.1703435, 53.7116325], [10.171258, 53.7116791], [10.1714007, 53.711716], [10.1716452, 53.7117574], [10.1718035, 53.711828], [10.1719942, 53.7119068], [10.1720628, 53.7120012], [10.1721223, 53.712054], [10.1722206, 53.7122073], [10.1722961, 53.7124042], [10.1741047, 53.7124876], [10.1742759, 53.7122914], [10.1745873, 53.7119966], [10.1749375, 53.7118232], [10.1747862, 53.7116756], [10.1747869, 53.7113167], [10.174821, 53.7112464], [10.1752767, 53.7110851], [10.175493, 53.7110101], [10.1761548, 53.7106397], [10.1763836, 53.7105733], [10.1767832, 53.7104799], [10.1771391, 53.7102713], [10.177277, 53.7101031], [10.1775054, 53.7099595], [10.1778553, 53.709921], [10.1780595, 53.7099496], [10.1783102, 53.709802], [10.1786021, 53.7097101], [10.1793709, 53.7096265], [10.1794965, 53.7096199], [10.1799977, 53.7094588], [10.1801737, 53.7094259], [10.1809229, 53.7092575], [10.1812262, 53.7090478], [10.1815564, 53.7089], [10.1818872, 53.7093986], [10.183515, 53.7116657], [10.1852306, 53.7140436], [10.1889663, 53.7190038], [10.1916636, 53.7225893], [10.1917444, 53.7226967], [10.1916361, 53.722789], [10.1916062, 53.7229067], [10.1915503, 53.7231679], [10.1915743, 53.7234355], [10.1914656, 53.7235231], [10.1915303, 53.7236131], [10.1916004, 53.7238924], [10.1917383, 53.72401], [10.1918879, 53.72453], [10.1919229, 53.7246969], [10.192379, 53.7262795], [10.1928128, 53.7278643], [10.1931613, 53.7290957], [10.1936896, 53.7310028], [10.193461, 53.7310019], [10.1933219, 53.7310596], [10.1931262, 53.7310633], [10.1923459, 53.7312028], [10.1918529, 53.7312557], [10.1917399, 53.7313007], [10.19107, 53.7313366], [10.1909186, 53.7313204], [10.1903575, 53.7312068], [10.1898811, 53.7310011], [10.1894254, 53.7308826], [10.1891224, 53.7307256], [10.1890007, 53.7307081], [10.188694, 53.7308161], [10.1885694, 53.7308894], [10.1884252, 53.7309435], [10.1881698, 53.7311454], [10.1879925, 53.731193], [10.1873391, 53.7311578], [10.1866675, 53.7310722], [10.1865136, 53.7310968], [10.1863491, 53.7311968], [10.1859616, 53.7313061], [10.1858976, 53.7313671], [10.1859749, 53.7314755], [10.1858157, 53.731722], [10.1857644, 53.7318109], [10.1857259, 53.7319594], [10.1855029, 53.7323322], [10.1849819, 53.7325199], [10.1845249, 53.7326235], [10.1843169, 53.7326397], [10.1839394, 53.7325596], [10.1827966, 53.7327283], [10.1824091, 53.7328782], [10.1820057, 53.73297], [10.1817137, 53.7330861], [10.1809729, 53.7333204], [10.1804441, 53.7335592], [10.1799485, 53.7337468], [10.1788305, 53.7341393], [10.1786256, 53.7342326], [10.178225, 53.7348106], [10.1779025, 53.7350926], [10.1771283, 53.736023], [10.1770391, 53.7361556], [10.1767926, 53.736334], [10.1768909, 53.7363491], [10.1728642, 53.738084], [10.1725643, 53.738212], [10.1721119, 53.7383502], [10.1677285, 53.7393145], [10.1672121, 53.7393409], [10.1665817, 53.7392709], [10.1662847, 53.739247], [10.1659352, 53.7392548], [10.1657188, 53.7392586], [10.1652939, 53.7393089], [10.1647879, 53.7394378], [10.1629808, 53.738331], [10.1628477, 53.738293], [10.1625989, 53.738018], [10.1623473, 53.7378557], [10.1622774, 53.7375186], [10.1623224, 53.7374301], [10.1624818, 53.7371964], [10.1618523, 53.7370382], [10.1617491, 53.7369726], [10.1617232, 53.7362316], [10.1616007, 53.7332969], [10.1570385, 53.731843], [10.1476827, 53.7288454], [10.1471379, 53.7286744], [10.1470631, 53.7286307], [10.1469084, 53.7285137], [10.1462035, 53.7282639], [10.1460738, 53.7282055], [10.1458032, 53.7279562], [10.1427932, 53.7251002], [10.1425748, 53.7251265], [10.1394611, 53.7256822], [10.1389019, 53.7252892], [10.138143, 53.7247862], [10.1366852, 53.7242943], [10.1346768, 53.7236173], [10.1334078, 53.7231074], [10.1330062, 53.7228399], [10.1330276, 53.7227909], [10.1323929, 53.7223445], [10.1321749, 53.7222326], [10.1309062, 53.7217225], [10.1295708, 53.7211697], [10.1286921, 53.7208187], [10.1282396, 53.7205976], [10.1271257, 53.7200405], [10.1262169, 53.7195217], [10.1259553, 53.7193071], [10.125977, 53.7191518], [10.1248297, 53.7181472], [10.1247732, 53.7179959], [10.1246399, 53.7176822], [10.1242875, 53.7171842], [10.1240393, 53.717103], [10.1238476, 53.717085], [10.1234904, 53.7171389], [10.1234194, 53.716992], [10.1224764, 53.7157508], [10.1220097, 53.7151892], [10.1216328, 53.7145963], [10.1212164, 53.7136731], [10.1211309, 53.7131603], [10.1209673, 53.713292], [10.1199709, 53.7132477], [10.1189975, 53.7131794], [10.1190569, 53.7134266], [10.1189533, 53.7135014], [10.1187964, 53.7135234], [10.1187031, 53.7135566], [10.1183458, 53.7135811], [10.1178897, 53.7137467], [10.1178079, 53.7137759], [10.1177026, 53.7137829], [10.1177175, 53.7145592], [10.1176062, 53.7146648], [10.1175602, 53.7149364], [10.1174984, 53.7150437], [10.1171423, 53.7152394], [10.1167401, 53.7153144], [10.1165277, 53.7153918], [10.1164365, 53.7154509], [10.1163743, 53.7155828], [10.1163108, 53.7156961], [10.1160559, 53.715828], [10.1157539, 53.7160823], [10.1155049, 53.7159992], [10.1154972, 53.7160092], [10.114905, 53.7159005], [10.114657, 53.7158067], [10.1145315, 53.7156927], [10.1144694, 53.7154609], [10.1142663, 53.715455], [10.1142094, 53.7152635], [10.1140443, 53.7152148], [10.113818, 53.7149512], [10.1134661, 53.7147493], [10.1134053, 53.7145733], [10.1134468, 53.7144538], [10.1133466, 53.7143935], [10.1131954, 53.7144131], [10.1130516, 53.7143629], [10.1126956, 53.7144043], [10.1124814, 53.7143266], [10.1120397, 53.7142491], [10.1118634, 53.7144265], [10.1103929, 53.7143724], [10.1092632, 53.7142533], [10.1089642, 53.7142811], [10.1089193, 53.7143004], [10.1088321, 53.7143365], [10.1088305, 53.7143344], [10.1020453, 53.7151344], [10.1011293, 53.716699], [10.1009728, 53.7166607], [10.0988472, 53.7166067], [10.0975985, 53.7174199], [10.0975375, 53.7175568], [10.0969116, 53.7179578], [10.0966716, 53.7181748], [10.0963497, 53.7183847], [10.0952828, 53.7189537], [10.094176, 53.7193196], [10.093914, 53.7193616], [10.0869461, 53.7200025], [10.0867446, 53.7199998], [10.0819849, 53.7204444], [10.0764508, 53.7137592], [10.076875, 53.7137095], [10.0738468, 53.7118402], [10.0736315, 53.7119169], [10.0735247, 53.7118407], [10.0735125, 53.7119009], [10.073235, 53.7120115], [10.0705346, 53.7123631], [10.0692406, 53.7109394], [10.0706504, 53.7100883], [10.0705515, 53.71002], [10.0707289, 53.7099376], [10.0711878, 53.7102305], [10.0729426, 53.709723], [10.0712738, 53.708337], [10.0693821, 53.7061466], [10.0733964, 53.7052051], [10.075924, 53.7046142], [10.0789872, 53.7039043], [10.076678, 53.7019771], [10.0765753, 53.7015661], [10.0760939, 53.7007937], [10.076434, 53.7004137], [10.0774659, 53.6994178], [10.0758641, 53.6992698], [10.0755652, 53.6992198], [10.0753852, 53.6990408], [10.0750773, 53.6989528], [10.0734155, 53.6987698], [10.0731376, 53.6986129], [10.0728446, 53.6982929], [10.0723057, 53.697705], [10.0719668, 53.697454], [10.0713435, 53.6969573], [10.0712319, 53.6967941], [10.0709998, 53.6958498], [10.0697701, 53.6964241], [10.0688633, 53.6948863], [10.0680734, 53.6948983], [10.0675835, 53.6937764], [10.0676355, 53.6926625], [10.0664107, 53.6907777], [10.0657898, 53.6907627], [10.0658018, 53.6904157], [10.0658502, 53.6889739], [10.0645746, 53.6887437], [10.0640765, 53.688656], [10.0603779, 53.6883088], [10.0603914, 53.6882235], [10.0607087, 53.6882546], [10.0610746, 53.6872761], [10.0611626, 53.6870161], [10.0616321, 53.6860903], [10.0634443, 53.6860374], [10.065214, 53.6859442], [10.065742, 53.6859286], [10.0667232, 53.6859026], [10.0667905, 53.68555], [10.067135, 53.6852415], [10.0658868, 53.6849728], [10.0666541, 53.6837291], [10.0667204, 53.6835641], [10.0692731, 53.6795252], [10.0673404, 53.6793208], [10.0657024, 53.6791593], [10.0644891, 53.6790397], [10.0606008, 53.6786389], [10.060505, 53.6786102], [10.055645, 53.6781568], [10.053161, 53.6778653], [10.0517108, 53.6777145], [10.0514861, 53.6776981], [10.0468835, 53.6801432], [10.046563, 53.6803143], [10.0434538, 53.6819818], [10.0426075, 53.6819726], [10.0315624, 53.6817402], [10.0293842, 53.6816906], [10.0246033, 53.6816066], [10.0174223, 53.681459], [10.006223, 53.6812287], [10.0049869, 53.6811915], [10.004788, 53.6811754], [10.0046859, 53.6811666], [10.0040853, 53.6810706], [10.0030912, 53.680933], [10.00287, 53.68095], [10.0014732, 53.6810759], [10.000995, 53.6811187], [10.0002817, 53.6814022], [9.9996163, 53.6815178], [9.9990876, 53.6812228], [9.998449, 53.6808664], [9.9982797, 53.6807661], [9.997991, 53.6806011], [9.9977334, 53.6804606], [9.997729, 53.6804582], [9.9974925, 53.6803097], [9.9972762, 53.6801413], [9.9970081, 53.6799365], [9.996808, 53.6797802], [9.9966808, 53.6796766], [9.9964878, 53.6795356], [9.9946241, 53.6780558], [9.9934363, 53.6771669], [9.9924445, 53.676393], [9.9923885, 53.6752211], [9.9923415, 53.6749701], [9.9919316, 53.6740692], [9.9916937, 53.6735773], [9.9913677, 53.6728564], [9.9912567, 53.6726084], [9.990095, 53.6700797], [9.989722, 53.6693658], [9.990092, 53.6686069], [9.9911325, 53.6665012], [9.9909966, 53.6660733], [9.990565, 53.6647163], [9.9908669, 53.6635904], [9.9909823, 53.6631045], [9.9912809, 53.6620416], [9.9915469, 53.6610457], [9.9915015, 53.6606062], [9.9912053, 53.6582612], [9.9911057, 53.6580933], [9.9869996, 53.6553853], [9.9873682, 53.6507161], [9.9874806, 53.649346], [9.9874716, 53.649224], [9.9873516, 53.6490612], [9.9858091, 53.6482375], [9.9854127, 53.6483645], [9.9852303, 53.6483368], [9.9849932, 53.6483263], [9.9848523, 53.6484324], [9.9846051, 53.6484961], [9.9834556, 53.648657], [9.9822763, 53.6488647], [9.9822515, 53.6491514], [9.9805642, 53.6491641], [9.9790686, 53.6487914], [9.9787291, 53.6486736], [9.9785308, 53.6486654], [9.9779414, 53.6488725], [9.977887, 53.6491164], [9.9762775, 53.6497214], [9.9759127, 53.6498605], [9.9736549, 53.6481241], [9.9690877, 53.6502978], [9.9689573, 53.6503454], [9.967469, 53.6496746], [9.9654919, 53.64862], [9.9650289, 53.6487514], [9.9645204, 53.649041], [9.9644799, 53.6493793], [9.9644044, 53.6493884], [9.9642105, 53.649511], [9.9639363, 53.6495109], [9.9636914, 53.6499108], [9.9633791, 53.6500491], [9.9632212, 53.650042], [9.9630222, 53.6500737], [9.9628501, 53.6500571], [9.9626619, 53.6499894], [9.9609358, 53.6496028], [9.9594619, 53.6498138], [9.9580656, 53.6504537], [9.9577573, 53.6505037], [9.9560637, 53.6506918], [9.9548006, 53.6508328], [9.9531933, 53.6514736], [9.9529425, 53.6515719], [9.9519505, 53.6507512], [9.9516763, 53.6505641], [9.9515853, 53.6505493], [9.9502693, 53.6508378], [9.9501171, 53.650794], [9.9499627, 53.650755], [9.9497254, 53.650759], [9.9488417, 53.6510286], [9.9481358, 53.6512616], [9.947963, 53.6513161], [9.9478348, 53.6513566], [9.9470133, 53.6517915], [9.9455012, 53.6527498], [9.9453111, 53.6528656], [9.9431278, 53.6527277], [9.9374734, 53.6523224], [9.9365964, 53.6532602], [9.9352648, 53.6520221], [9.933678, 53.6525124], [9.9332356, 53.6526681], [9.9327652, 53.6527534], [9.9324916, 53.652806], [9.932247, 53.6527781], [9.9316054, 53.6526534], [9.9314134, 53.6526384], [9.9312043, 53.652653], [9.930957, 53.6526575], [9.9308112, 53.6526997], [9.9306697, 53.6528998], [9.9303935, 53.6530258], [9.9302665, 53.6531022], [9.9300766, 53.6532873], [9.9252064, 53.6530629], [9.9230879, 53.6536692], [9.9216778, 53.6541124], [9.921975, 53.6543852], [9.921089, 53.6547331], [9.9210304, 53.6547668], [9.921513, 53.6552067], [9.921029, 53.6555215], [9.9209425, 53.6555105], [9.9207311, 53.655509], [9.9206443, 53.6554008], [9.9205003, 53.6553099], [9.9205447, 53.655235], [9.920156, 53.6550342], [9.9196852, 53.6548801], [9.9195703, 53.6547906], [9.9192362, 53.6547268], [9.9188365, 53.6545612], [9.9185539, 53.6545834], [9.9181495, 53.654511], [9.9177834, 53.6543376], [9.9175417, 53.6541449], [9.9173236, 53.6541871], [9.9172466, 53.6542141], [9.9171486, 53.6543026], [9.9167468, 53.6543533], [9.9163182, 53.6545289], [9.9151858, 53.6548296], [9.9147637, 53.6548532], [9.9147405, 53.6545832], [9.9145811, 53.6541782], [9.914549, 53.6540001], [9.914528, 53.6536912], [9.914494, 53.653492], [9.914627, 53.6533248], [9.9142946, 53.6531607], [9.9140399, 53.653085], [9.9138543, 53.653044], [9.9135029, 53.6529946], [9.9132549, 53.6529413], [9.912748, 53.6528266], [9.9123395, 53.6528966], [9.9122509, 53.6528287], [9.9119758, 53.6527747], [9.9117917, 53.652687], [9.911519, 53.65268], [9.9111669, 53.6526074], [9.9109912, 53.6526087], [9.9108275, 53.6525665], [9.9106336, 53.6526614], [9.9105117, 53.6526414], [9.9103519, 53.6525686], [9.9101911, 53.6525745], [9.9096337, 53.652708], [9.9096754, 53.6528184], [9.9094926, 53.6529064], [9.9092374, 53.6529614], [9.908624, 53.6528262], [9.9079921, 53.6527552], [9.9077047, 53.652718], [9.9071044, 53.6525419], [9.9068779, 53.6524844], [9.906888, 53.6524662], [9.9068155, 53.6523999], [9.9071001, 53.6520171], [9.907147, 53.6518604], [9.9071007, 53.6508981], [9.9064065, 53.6508352], [9.9063155, 53.650639], [9.9061696, 53.6504017], [9.906051, 53.6502785], [9.9060292, 53.6500931], [9.9058461, 53.6497752], [9.9057647, 53.6491418], [9.9056505, 53.6491089], [9.9051588, 53.6472225], [9.9052376, 53.6472153], [9.9045089, 53.6464276], [9.9050107, 53.6463755], [9.9060816, 53.6451506], [9.9055594, 53.6450345], [9.9056577, 53.6445898], [9.9057362, 53.6443419], [9.905737, 53.6436752], [9.9057306, 53.6432364], [9.9057274, 53.6427495], [9.9057398, 53.6417447], [9.8995308, 53.6400876], [9.899546, 53.63999], [9.8997465, 53.6393436], [9.9000875, 53.6387418], [9.9003086, 53.6383234], [9.9004564, 53.6380439], [9.9005504, 53.6378109], [9.9004065, 53.636556], [9.9003827, 53.6364418], [9.9004291, 53.6363569], [9.900301, 53.6362804], [9.8997397, 53.6360629], [9.8993922, 53.6359282], [9.8975678, 53.635177], [9.8968804, 53.6349052], [9.8965665, 53.6329133], [9.8965004, 53.6324416], [9.8964109, 53.6311515], [9.8944932, 53.6309705], [9.8934407, 53.6303158], [9.8920968, 53.6295619], [9.8885625, 53.6276367], [9.8878512, 53.6272436], [9.8876935, 53.6270682], [9.8873056, 53.6265909], [9.8861829, 53.6252091], [9.885967, 53.624956], [9.8889145, 53.6230571], [9.8891982, 53.6228692], [9.8851452, 53.6220319], [9.8850364, 53.6219709], [9.8849942, 53.6219472], [9.8847305, 53.6218082], [9.8819736, 53.6204252], [9.8818213, 53.6205542], [9.8808944, 53.6203597], [9.8792342, 53.6197525], [9.8780215, 53.6190554], [9.8766133, 53.6182362], [9.8746106, 53.6170683], [9.8737394, 53.6165737], [9.8736259, 53.6164975], [9.872956, 53.6160525], [9.8716459, 53.6151736], [9.8712611, 53.6149213], [9.8693003, 53.6136116], [9.8691962, 53.6132514], [9.8681548, 53.6092986], [9.8675172, 53.6090947], [9.864537, 53.6081483], [9.8625989, 53.6075026], [9.8617222, 53.6072193], [9.8614795, 53.606644], [9.8610947, 53.6057695], [9.8607647, 53.6050102], [9.8591821, 53.60368], [9.8591502, 53.6036516], [9.8576528, 53.602318], [9.8578718, 53.599372], [9.85685, 53.5990838], [9.8560392, 53.5988574], [9.8550546, 53.5985677], [9.8548265, 53.5985995], [9.8548079, 53.5985066], [9.8545243, 53.5984239], [9.8544885, 53.5983333], [9.8543252, 53.5983568], [9.8542444, 53.5982579], [9.854043, 53.5981269], [9.8529588, 53.5974246], [9.8490225, 53.5977977], [9.849296, 53.5973842], [9.8480265, 53.5971303], [9.8456953, 53.596693], [9.8445295, 53.5964864], [9.8448244, 53.5956693], [9.8451016, 53.594966], [9.8428249, 53.5949958], [9.8423891, 53.5950189], [9.8422678, 53.594997], [9.8414063, 53.5950347], [9.8414166, 53.5950057], [9.8396477, 53.5950351], [9.839688, 53.5947383], [9.8393339, 53.5939463], [9.8393586, 53.5938196], [9.8396595, 53.5936896], [9.8399295, 53.5933476], [9.8400381, 53.5929857], [9.8399734, 53.5928033], [9.8396461, 53.5924873], [9.8395844, 53.5924818], [9.8390737, 53.5926141], [9.8387597, 53.5925457], [9.8380032, 53.5920776], [9.83787, 53.5920178], [9.837811, 53.5920053], [9.8376909, 53.591991], [9.8376031, 53.5920623], [9.8374884, 53.5920897], [9.8373738, 53.5920951], [9.8373487, 53.5921422], [9.8370893, 53.592031], [9.8369892, 53.5917005], [9.8369152, 53.5915074], [9.8366488, 53.591134], [9.836707, 53.5911293], [9.8361071, 53.590135], [9.8360764, 53.5897721], [9.8367667, 53.5893424], [9.836834, 53.5892601], [9.8368981, 53.5887231], [9.8368029, 53.5885838], [9.8367787, 53.5884899], [9.8368458, 53.5883713], [9.8368454, 53.5879556], [9.8367895, 53.5877917], [9.8366512, 53.5876772], [9.8363224, 53.5875626], [9.8355022, 53.5873354], [9.8349744, 53.5872635], [9.834468, 53.5873236], [9.833931, 53.5872826], [9.8336266, 53.5872277], [9.8331682, 53.5870901], [9.8329083, 53.5869807], [9.8328165, 53.5868972], [9.8326228, 53.5867211], [9.8323706, 53.5865836], [9.8311861, 53.5861825], [9.8311615, 53.5861739], [9.8306311, 53.585989], [9.8296862, 53.5856485], [9.8292772, 53.5855495], [9.8289347, 53.5854583], [9.8286002, 53.5854038], [9.8274892, 53.585326], [9.8271829, 53.5852831], [9.8260527, 53.5851247], [9.8259475, 53.5850846], [9.8257268, 53.5850005], [9.8254108, 53.5848437], [9.8251335, 53.5846115], [9.8249785, 53.5844544], [9.8249323, 53.5843039], [9.8248382, 53.5842314], [9.8245427, 53.5841903], [9.8241351, 53.5842041], [9.8238005, 53.5842426], [9.8234487, 53.5842856], [9.8230572, 53.5844184], [9.8223697, 53.5845614], [9.8222515, 53.5845486], [9.821634, 53.5847169], [9.8215791, 53.5847412], [9.8210916, 53.5849711], [9.8211364, 53.5850842], [9.8197148, 53.5855019], [9.8182587, 53.585889], [9.8182011, 53.5859005], [9.8158319, 53.5864741], [9.8075899, 53.5915649], [9.8073608, 53.5916999], [9.8068227, 53.5921761], [9.8067117, 53.5922874], [9.8067082, 53.5923459], [9.8066172, 53.5924351], [9.8067385, 53.5924992], [9.8067381, 53.5925418], [9.8067375, 53.5926083], [9.8066863, 53.5926182], [9.8060025, 53.592868], [9.8046753, 53.593737], [9.8045187, 53.5935745], [9.8043556, 53.593523], [9.8041614, 53.5934113], [9.8038725, 53.5933053], [9.8037474, 53.5933054], [9.8037193, 53.593293], [9.8035426, 53.5933154], [9.8029939, 53.593652], [9.8029032, 53.5936716], [9.8024916, 53.5941118], [9.802318, 53.59412], [9.8013835, 53.5949154], [9.7986152, 53.5959035], [9.7976534, 53.5960377], [9.7975163, 53.5960568], [9.7975349, 53.5963081], [9.7974656, 53.5967433], [9.797279, 53.5968341], [9.7963935, 53.5974782], [9.7937227, 53.5993899], [9.7925573, 53.6002296], [9.7913232, 53.6012653], [9.7905496, 53.6025322], [9.7897061, 53.6039738], [9.7897465, 53.603978], [9.7921768, 53.6042918], [9.7921912, 53.604899], [9.7955679, 53.605347], [9.7971689, 53.6056464], [9.7989204, 53.6078059], [9.7990198, 53.6079284], [9.7977313, 53.60912], [9.7962617, 53.6103233], [9.7912245, 53.6086307], [9.7903145, 53.6092615], [9.790057, 53.6095161], [9.7890786, 53.6104666], [9.7888949, 53.6107187], [9.7888616, 53.6111645], [9.7862062, 53.6114103], [9.7861564, 53.6113785], [9.7830084, 53.6123659], [9.7806217, 53.6131144], [9.7779896, 53.6139256], [9.7705486, 53.6160312], [9.7685244, 53.622575], [9.7692891, 53.6248488], [9.7698697, 53.6266485], [9.7700684, 53.6272643], [9.7701788, 53.6276065], [9.7708308, 53.6296116], [9.7714044, 53.6313757], [9.7713333, 53.63139], [9.7712678, 53.6314046], [9.7700505, 53.6276107], [9.7679873, 53.6275265], [9.7648944, 53.627426], [9.7637478, 53.6273888], [9.7635574, 53.6249062], [9.7600448, 53.6242838], [9.7592477, 53.622182], [9.7588819, 53.6212017], [9.7586238, 53.6204103], [9.7579348, 53.6182621], [9.757553, 53.617057], [9.7574041, 53.6168566], [9.7566391, 53.615979], [9.7559882, 53.6160717], [9.7558764, 53.6160517], [9.7549321, 53.6147153], [9.754819, 53.6147414], [9.7535935, 53.6129531], [9.7537208, 53.6129128], [9.7537565, 53.6128567], [9.7548636, 53.6124741], [9.7563118, 53.6120203], [9.7562614, 53.6119691], [9.7592222, 53.6110076], [9.7591988, 53.6109631], [9.7575942, 53.6073547], [9.7574282, 53.6070067], [9.7568003, 53.6057139], [9.7556645, 53.6033032], [9.7554345, 53.6026654], [9.7540798, 53.6028762], [9.752751, 53.6031052], [9.749693, 53.6036262], [9.7483308, 53.6038558], [9.7480222, 53.6031763], [9.747887, 53.6028784], [9.7477968, 53.6026846], [9.7473999, 53.6018318], [9.7451376, 53.5996437], [9.7438333, 53.5981451], [9.7436113, 53.5968582], [9.7436785, 53.5967953], [9.7438132, 53.5963007], [9.7441228, 53.5951639], [9.7441827, 53.5949442], [9.7445595, 53.5946143], [9.7447536, 53.5945958], [9.7449559, 53.5943633], [9.7464699, 53.5926233], [9.7459726, 53.5911799], [9.7459621, 53.5911494], [9.7458275, 53.5907587], [9.745572, 53.590017], [9.7454776, 53.5897501], [9.7454551, 53.5896846], [9.7454051, 53.5895385], [9.745343, 53.5893575], [9.7454037, 53.589204], [9.7455232, 53.5890805], [9.7455993, 53.5889839], [9.7453072, 53.5889593], [9.7449965, 53.5889682], [9.7447098, 53.5889834], [9.7444691, 53.5889922], [9.7444384, 53.5889936], [9.7444064, 53.5889981], [9.7443777, 53.5890075], [9.7443571, 53.5890224], [9.7443197, 53.5891079], [9.7442869, 53.5891628], [9.7442631, 53.589183], [9.7442459, 53.5891924], [9.7442219, 53.5891985], [9.7442068, 53.5892015], [9.744185, 53.5892021], [9.7441294, 53.5891985], [9.7440289, 53.5891914], [9.7438443, 53.589169], [9.7437589, 53.5891586], [9.7437134, 53.5891542], [9.74368, 53.5891544], [9.7436606, 53.5891576], [9.7436439, 53.5891625], [9.7435858, 53.5891965], [9.7434979, 53.5892533], [9.7434555, 53.5892828], [9.7434104, 53.5893091], [9.7433814, 53.5893246], [9.7433615, 53.5893324], [9.7433403, 53.5893361], [9.7431426, 53.5893646], [9.7431131, 53.5893675], [9.7430903, 53.5893679], [9.7430461, 53.5893664], [9.7428534, 53.5893365], [9.7428231, 53.5893318], [9.7425062, 53.5890237], [9.7422141, 53.5885267], [9.7420767, 53.5883685], [9.7381017, 53.5854579], [9.7377564, 53.5851899], [9.7376715, 53.5851321], [9.7354003, 53.5834776], [9.7351681, 53.5832495], [9.7345486, 53.5825593], [9.7354726, 53.5821206], [9.736369, 53.5815721], [9.7374484, 53.5798698], [9.7391328, 53.5800485], [9.7390317, 53.5811957], [9.7403539, 53.581273], [9.7414153, 53.5795679], [9.7425212, 53.5779765], [9.7406697, 53.57792], [9.7401526, 53.577883], [9.7400115, 53.577859], [9.740054, 53.5777989], [9.7392749, 53.5776612], [9.738644, 53.5775964], [9.7383752, 53.5775811], [9.738085, 53.5775868], [9.7375015, 53.5776657], [9.7369155, 53.5771616], [9.7367358, 53.5771704], [9.7365487, 53.5769392], [9.7363755, 53.5767253], [9.7360206, 53.5762771], [9.7359898, 53.5756317], [9.7369056, 53.5752495], [9.7369437, 53.5752304], [9.7369581, 53.5752232], [9.7365824, 53.5740356], [9.7363839, 53.5734083], [9.7361088, 53.5725788], [9.7352144, 53.5698816], [9.7350897, 53.5697832], [9.7347775, 53.5686532], [9.7347166, 53.5684155], [9.7348227, 53.5682683], [9.7347792, 53.5677001], [9.734776, 53.5674024], [9.7348172, 53.5672607], [9.7349352, 53.567266], [9.7351076, 53.5668065], [9.7352829, 53.5664753], [9.7351142, 53.5664428], [9.7350376, 53.5660479], [9.7349347, 53.5658812], [9.7347509, 53.5656599], [9.7345908, 53.5653781], [9.7344083, 53.5650184], [9.7341714, 53.5646454], [9.7339804, 53.5643394], [9.7330106, 53.5626996], [9.7322737, 53.5613988], [9.7301155, 53.557642]], [[10.1153774, 53.7146646], [10.115496, 53.7147102], [10.1156694, 53.7147443], [10.1158281, 53.7147256], [10.1160065, 53.7146568], [10.1164602, 53.714298], [10.1165903, 53.7142403], [10.1169046, 53.7141972], [10.11699, 53.714134], [10.1169816, 53.7140712], [10.1168349, 53.7139186], [10.1169326, 53.7138537], [10.1164962, 53.7139029], [10.1161288, 53.7138147], [10.1156645, 53.7142151], [10.1153982, 53.714515], [10.1153774, 53.7146646]]], [[[10.168365, 53.6687626], [10.1684656, 53.6684446], [10.168907, 53.6682547], [10.1689284, 53.6682479], [10.1689511, 53.6682442], [10.1689704, 53.668242], [10.1689938, 53.6682413], [10.1690229, 53.6682435], [10.1690519, 53.6682481], [10.1691129, 53.6682574], [10.1695065, 53.6683089], [10.1695295, 53.6683153], [10.169868, 53.6684092], [10.1699398, 53.6684456], [10.1702478, 53.6686017], [10.1703897, 53.6686695], [10.1703943, 53.6687563], [10.1702433, 53.6689487], [10.1702329, 53.668957], [10.1700419, 53.6691087], [10.1698569, 53.6691301], [10.1692938, 53.6689708], [10.1690729, 53.6688886], [10.168851, 53.6688017], [10.1688426, 53.6687983], [10.168365, 53.6687626]]]]}}, {"type": "Feature", "properties": {"slug": "stuttgart", "name": "Stuttgart", "osmType": "relation", "osmId": 62375, "source": "OpenStreetMap via Nominatim", "licence": "ODbL 1.0", "simplifiedDegrees": 0.001}, "geometry": {"type": "Polygon", "coordinates": [[[9.0386007, 48.741318], [9.0388994, 48.7412433], [9.0390511, 48.7412017], [9.039182, 48.7411489], [9.0392889, 48.741096], [9.0393749, 48.7410478], [9.0395332, 48.7409629], [9.0397432, 48.7408253], [9.0398982, 48.7407586], [9.0403469, 48.7407323], [9.0410303, 48.7406961], [9.0416068, 48.7405906], [9.0418726, 48.7405745], [9.0421626, 48.7405835], [9.0424422, 48.740629], [9.0429048, 48.7407429], [9.0435021, 48.7409184], [9.04421, 48.7411669], [9.0442756, 48.7411783], [9.0443792, 48.7411782], [9.0449729, 48.7411573], [9.0451111, 48.7411709], [9.0456047, 48.7412551], [9.0457083, 48.7412642], [9.0459051, 48.7412321], [9.0461467, 48.7411589], [9.0467024, 48.7409439], [9.0472167, 48.7407449], [9.047686, 48.7405984], [9.0480761, 48.7405], [9.0483453, 48.7404656], [9.0484938, 48.7404564], [9.0487976, 48.740447], [9.049022, 48.7404515], [9.0492463, 48.7404809], [9.0495467, 48.7405424], [9.0498505, 48.7406039], [9.0500474, 48.7406266], [9.0503166, 48.7406424], [9.050717, 48.7406467], [9.0509898, 48.7406419], [9.0511521, 48.7406327], [9.0513315, 48.7406052], [9.0514834, 48.7405731], [9.0516284, 48.7405159], [9.0518733, 48.7403582], [9.052008, 48.7402531], [9.0521978, 48.7401319], [9.0523081, 48.7400771], [9.0524634, 48.7400084], [9.0526291, 48.739942], [9.0527741, 48.7398758], [9.052888, 48.7398117], [9.0529949, 48.7397317], [9.0533985, 48.739325], [9.0539678, 48.738845], [9.0541748, 48.7386713], [9.0546976, 48.7382293], [9.0547385, 48.738188], [9.0547898, 48.7381375], [9.0548305, 48.7380711], [9.0548882, 48.7379795], [9.054066, 48.737929], [9.0540228, 48.7377648], [9.0540006, 48.7376303], [9.0540065, 48.737523], [9.0540227, 48.7374293], [9.054087, 48.7373034], [9.0541967, 48.7370775], [9.0542799, 48.7369463], [9.0543169, 48.7368595], [9.0543368, 48.7367772], [9.0543356, 48.7366676], [9.0543483, 48.7365625], [9.0543884, 48.7364368], [9.0544289, 48.7363499], [9.0544931, 48.7362171], [9.0547543, 48.735789], [9.0549238, 48.7354914], [9.0550049, 48.7353381], [9.0551607, 48.7350497], [9.0554524, 48.7345688], [9.0556393, 48.7342894], [9.0563541, 48.7333454], [9.0565347, 48.733123], [9.0567598, 48.7331903], [9.0569363, 48.7332374], [9.0571269, 48.7332889], [9.0573171, 48.7333268], [9.0576456, 48.7333798], [9.0579947, 48.733426], [9.0584647, 48.7334737], [9.0588449, 48.7335083], [9.0592421, 48.7335291], [9.0596427, 48.7335452], [9.0599675, 48.733571], [9.0601713, 48.7335859], [9.0605239, 48.7336206], [9.0609766, 48.7336753], [9.0610874, 48.7336999], [9.062133, 48.7339797], [9.0622784, 48.7340109], [9.0624306, 48.7340421], [9.0625792, 48.7340573], [9.0626724, 48.7340659], [9.0641393, 48.7340309], [9.0650368, 48.7340239], [9.0655001, 48.7340501], [9.065759, 48.7340658], [9.0660353, 48.7340951], [9.0662838, 48.7341222], [9.0666221, 48.7341538], [9.0671108, 48.7334839], [9.0672381, 48.7332988], [9.0673619, 48.7330975], [9.067441, 48.7329353], [9.0675473, 48.7326474], [9.067602, 48.7323617], [9.0676258, 48.7322155], [9.0676256, 48.7321173], [9.0676046, 48.7319963], [9.067573, 48.7317815], [9.067517, 48.7313796], [9.0674751, 48.7311603], [9.0672598, 48.7305667], [9.0667865, 48.730348], [9.0663304, 48.7300722], [9.0660747, 48.729924], [9.0657602, 48.7297531], [9.0655391, 48.7296483], [9.0653284, 48.7295503], [9.0652006, 48.7294934], [9.0650141, 48.7294274], [9.0648966, 48.7293863], [9.0646377, 48.7293364], [9.0643235, 48.7292683], [9.064175, 48.7292297], [9.0639471, 48.7291705], [9.0637675, 48.7291136], [9.0636363, 48.729059], [9.0635292, 48.7289929], [9.0634393, 48.7289199], [9.0633874, 48.7288537], [9.0633423, 48.7287418], [9.0630023, 48.7278651], [9.0629051, 48.7276244], [9.062808, 48.7273789], [9.0640555, 48.727186], [9.0649377, 48.7270473], [9.0656338, 48.72693], [9.0666708, 48.7267425], [9.0672632, 48.7266326], [9.0673217, 48.7266242], [9.0677111, 48.726546], [9.0679315, 48.7264924], [9.0682826, 48.726404], [9.0687197, 48.7262832], [9.0690224, 48.7261836], [9.0696484, 48.7259682], [9.0700197, 48.725818], [9.0702637, 48.7257186], [9.0706107, 48.7255685], [9.07092, 48.7254345], [9.0712601, 48.7252753], [9.07183, 48.72498], [9.0721803, 48.7247979], [9.0724583, 48.7246595], [9.0725787, 48.7245995], [9.0727502, 48.7245027], [9.0729628, 48.7243714], [9.0744001, 48.7234939], [9.0738714, 48.7230892], [9.0742282, 48.7228841], [9.0745784, 48.7226973], [9.0751513, 48.7223633], [9.0760467, 48.7218425], [9.0768221, 48.721391], [9.0770984, 48.7212004], [9.0782893, 48.7204575], [9.0789891, 48.720021], [9.0800878, 48.71935], [9.0803668, 48.7191737], [9.0806044, 48.719018], [9.0811796, 48.7186401], [9.0815859, 48.7183814], [9.0823415, 48.7179039], [9.0829635, 48.7175157], [9.0832389, 48.7173485], [9.0835627, 48.7171515], [9.0839033, 48.7169305], [9.0843018, 48.716694], [9.0846934, 48.716478], [9.0856281, 48.7159678], [9.0862602, 48.7156026], [9.086614, 48.7154005], [9.0869266, 48.715235], [9.0875151, 48.7150274], [9.088372, 48.7147413], [9.0887818, 48.7146324], [9.0892535, 48.7144983], [9.0905447, 48.7141398], [9.0915192, 48.7138897], [9.0928517, 48.7135287], [9.0940915, 48.7132274], [9.0957688, 48.7128285], [9.096585, 48.7126246], [9.0975904, 48.7123652], [9.0990229, 48.7119947], [9.0996805, 48.7118233], [9.1003348, 48.7116724], [9.1006415, 48.7116142], [9.1021471, 48.7113415], [9.1033186, 48.7111294], [9.1042627, 48.7109774], [9.1054932, 48.710723], [9.1057555, 48.7106682], [9.1059833, 48.7106134], [9.1061938, 48.7105632], [9.1064104, 48.7105066], [9.1064906, 48.7104855], [9.1068149, 48.7104102], [9.1072326, 48.7103098], [9.1075914, 48.7102458], [9.1080297, 48.7101728], [9.1083401, 48.7101204], [9.1085716, 48.7100814], [9.11136, 48.7094466], [9.1121951, 48.7092205], [9.1126472, 48.7091223], [9.1133581, 48.708999], [9.1147212, 48.7087979], [9.1152457, 48.7087202], [9.1160841, 48.7085785], [9.1166259, 48.7084917], [9.1171367, 48.70843], [9.1176542, 48.7083729], [9.1182306, 48.7083156], [9.118793, 48.7082631], [9.1192451, 48.7082287], [9.1200042, 48.708167], [9.1211601, 48.7080754], [9.1217434, 48.7080479], [9.1226389, 48.7080571], [9.1235875, 48.708085], [9.1246257, 48.7081518], [9.1259503, 48.7082781], [9.1311136, 48.708879], [9.1324026, 48.7090501], [9.1329993, 48.7091165], [9.1341718, 48.7092401], [9.1350132, 48.709318], [9.1351857, 48.7093341], [9.1359237, 48.7093892], [9.1362409, 48.7094075], [9.1367307, 48.7094281], [9.1371204, 48.7094488], [9.1374722, 48.7094535], [9.1381897, 48.7094605], [9.139221, 48.7094539], [9.1395026, 48.7094518], [9.1396992, 48.7094492], [9.1399545, 48.7094329], [9.1402684, 48.7094141], [9.14061, 48.709384], [9.1422404, 48.7092321], [9.1437389, 48.70906], [9.1497374, 48.7082434], [9.15192, 48.7079726], [9.1565537, 48.707272], [9.1659674, 48.7059827], [9.1667723, 48.7058624], [9.1674321, 48.7057529], [9.167986, 48.7056487], [9.1683961, 48.7055715], [9.1695052, 48.7053724], [9.1706079, 48.7051207], [9.1713653, 48.7048837], [9.1723925, 48.704554], [9.1730074, 48.704329], [9.1736107, 48.7040903], [9.1743374, 48.7038098], [9.1751266, 48.7034884], [9.1759542, 48.7031077], [9.1770968, 48.7025844], [9.1781495, 48.7020744], [9.1796626, 48.7013674], [9.1817095, 48.700347], [9.1833267, 48.6995398], [9.1843093, 48.6991209], [9.1870797, 48.6978171], [9.1893668, 48.696748], [9.1912829, 48.6958448], [9.1935257, 48.6948398], [9.1938267, 48.6947122], [9.1950032, 48.6942468], [9.1970565, 48.6936448], [9.1986409, 48.693207], [9.1988774, 48.6931529], [9.1998976, 48.6929046], [9.2015829, 48.6926511], [9.2035175, 48.6924388], [9.2039025, 48.6924069], [9.2050075, 48.6923153], [9.2104293, 48.692236], [9.2123188, 48.692194], [9.2137905, 48.6920452], [9.2145593, 48.6920188], [9.2161254, 48.6921599], [9.2172806, 48.6922013], [9.2183549, 48.692201], [9.2187979, 48.6922008], [9.2204632, 48.6921887], [9.2224494, 48.692201], [9.2242427, 48.6922937], [9.2260203, 48.692439], [9.2267882, 48.6925018], [9.2295934, 48.6928112], [9.2324112, 48.6931387], [9.2364189, 48.6935813], [9.2394548, 48.6939331], [9.2449713, 48.6945542], [9.2449257, 48.6946574], [9.2438124, 48.697146], [9.2440383, 48.6971781], [9.2438641, 48.6977118], [9.2431955, 48.6976313], [9.2421014, 48.6974676], [9.2409872, 48.6972767], [9.2395123, 48.6969902], [9.2394955, 48.6970292], [9.2394043, 48.6970745], [9.2394058, 48.6981422], [9.2393079, 48.6989073], [9.2390377, 48.700332], [9.238666, 48.7014052], [9.2386008, 48.7014718], [9.2385972, 48.7016064], [9.2382577, 48.7038203], [9.2382478, 48.7040496], [9.2383027, 48.7044035], [9.2383557, 48.7045695], [9.2386238, 48.7052107], [9.238692, 48.7057247], [9.2387996, 48.7062596], [9.2387331, 48.7063699], [9.2391864, 48.7069392], [9.2397488, 48.7074365], [9.2400191, 48.7078045], [9.2409194, 48.7087948], [9.2410846, 48.7092527], [9.2409205, 48.7098109], [9.2406639, 48.7103043], [9.2404495, 48.7106102], [9.240305, 48.7107582], [9.2399243, 48.7112272], [9.2397677, 48.7115074], [9.2392216, 48.7114941], [9.2388856, 48.7114544], [9.238635, 48.7116617], [9.237938, 48.711659], [9.2375339, 48.7115451], [9.2373395, 48.7115716], [9.2372111, 48.7115331], [9.237047, 48.7115409], [9.2369134, 48.7115828], [9.2364944, 48.7115723], [9.2364488, 48.7114527], [9.2362531, 48.7113781], [9.2361265, 48.7113578], [9.236067, 48.7114484], [9.2356436, 48.7112208], [9.2353142, 48.7111562], [9.2348101, 48.7113675], [9.2344252, 48.711433], [9.2344009, 48.7113745], [9.2344161, 48.7113223], [9.2345962, 48.7112823], [9.2346715, 48.7112513], [9.2346488, 48.7111886], [9.2345744, 48.7111552], [9.234531, 48.7111586], [9.2343921, 48.711122], [9.2342579, 48.7110101], [9.2339419, 48.7108998], [9.2339005, 48.7108503], [9.2337171, 48.7108375], [9.2336355, 48.7108172], [9.2336095, 48.7108297], [9.2335373, 48.7108175], [9.2334743, 48.7108477], [9.2333909, 48.7108596], [9.2333181, 48.7108097], [9.2332161, 48.7107018], [9.2331862, 48.7106002], [9.2330903, 48.7105094], [9.2330045, 48.7104933], [9.2329716, 48.7104559], [9.2325221, 48.7101975], [9.2317925, 48.7100633], [9.2317087, 48.7100119], [9.2317407, 48.7099763], [9.2317375, 48.7099299], [9.2316706, 48.7098734], [9.2313383, 48.7097894], [9.2311413, 48.7096362], [9.2309317, 48.7096071], [9.2307261, 48.7095584], [9.2306133, 48.7095977], [9.2305405, 48.7096641], [9.2304432, 48.7096646], [9.2302489, 48.7097116], [9.230296, 48.709768], [9.2302303, 48.709836], [9.2298439, 48.7104893], [9.2292058, 48.7116337], [9.2290329, 48.7115831], [9.2281838, 48.7113345], [9.2280137, 48.7126106], [9.2279188, 48.7126189], [9.2278396, 48.712608], [9.2275164, 48.7126323], [9.227258, 48.7128371], [9.2267875, 48.7132558], [9.2265646, 48.7135288], [9.2264745, 48.7135707], [9.2262254, 48.7136403], [9.2261266, 48.7137039], [9.2260595, 48.713782], [9.2259065, 48.7140481], [9.2258143, 48.7141309], [9.225336, 48.7143311], [9.2251063, 48.7143973], [9.2248774, 48.7145273], [9.2246977, 48.7147491], [9.2245537, 48.7151053], [9.2244669, 48.7154503], [9.2244842, 48.7155566], [9.2245405, 48.7156542], [9.2245488, 48.7157209], [9.2245093, 48.7157808], [9.2243825, 48.7158951], [9.2241489, 48.7160047], [9.2240521, 48.7160932], [9.2236933, 48.7165165], [9.2232081, 48.7170334], [9.222912, 48.7174045], [9.2223754, 48.7180199], [9.2221316, 48.7182768], [9.2215126, 48.7190333], [9.2213435, 48.7191522], [9.2212082, 48.7192048], [9.2204844, 48.7195718], [9.2201647, 48.7198793], [9.2200039, 48.7200085], [9.2199635, 48.720037], [9.2194802, 48.720241], [9.2192651, 48.7203892], [9.2190554, 48.7205912], [9.2188846, 48.720783], [9.2189136, 48.7209026], [9.2188488, 48.7210091], [9.2189236, 48.7212431], [9.218923, 48.7213586], [9.2188136, 48.7216677], [9.2183768, 48.7219798], [9.2181214, 48.7221183], [9.2180711, 48.7221269], [9.2178398, 48.7222714], [9.2176212, 48.7225025], [9.2173857, 48.7228631], [9.2171833, 48.7231325], [9.2170689, 48.7232183], [9.216962, 48.7233294], [9.2169416, 48.7233785], [9.2167928, 48.7235246], [9.2167398, 48.7236129], [9.2165598, 48.723784], [9.2163834, 48.723894], [9.2159778, 48.7240643], [9.2158143, 48.7241937], [9.2157339, 48.724231], [9.2154504, 48.7244203], [9.2153483, 48.7245134], [9.2153092, 48.7246607], [9.2150364, 48.7248452], [9.2142465, 48.7252035], [9.2139977, 48.7253338], [9.2139303, 48.7253874], [9.213837, 48.7253876], [9.2136547, 48.7254767], [9.2135802, 48.7254831], [9.2134086, 48.7255886], [9.2133307, 48.7256249], [9.2132842, 48.7256254], [9.2130213, 48.7257678], [9.2128604, 48.7258192], [9.2125799, 48.7259802], [9.21252, 48.7259984], [9.2121139, 48.7262164], [9.2118144, 48.7263485], [9.211518, 48.7265132], [9.2114766, 48.7265412], [9.2115203, 48.7266568], [9.2115621, 48.7265902], [9.2116353, 48.7265371], [9.2121393, 48.7262947], [9.2122323, 48.7262887], [9.2125924, 48.7264028], [9.2127054, 48.7269436], [9.2127578, 48.7270004], [9.2128934, 48.7273921], [9.2128658, 48.7275556], [9.2126951, 48.7280321], [9.2126164, 48.7284189], [9.2127057, 48.7287358], [9.2126791, 48.7287384], [9.2127467, 48.7289381], [9.2128235, 48.7290421], [9.2129626, 48.7291168], [9.2129694, 48.7292263], [9.2130129, 48.7292974], [9.2131166, 48.7293693], [9.213163, 48.729446], [9.2131494, 48.7295247], [9.2131825, 48.7295848], [9.2132883, 48.7296383], [9.2134552, 48.7296829], [9.2134842, 48.729722], [9.2135096, 48.7297777], [9.2134958, 48.7298939], [9.2134357, 48.7299959], [9.2135708, 48.7301371], [9.2136049, 48.7302343], [9.2136481, 48.7302614], [9.2138082, 48.7302995], [9.2138298, 48.730333], [9.2137877, 48.7303783], [9.2138265, 48.7304461], [9.2140412, 48.7305219], [9.2141025, 48.7305615], [9.2141522, 48.7306349], [9.2141358, 48.7306928], [9.2142341, 48.730878], [9.2145895, 48.7312039], [9.2143324, 48.7313752], [9.2144183, 48.7314289], [9.2145112, 48.7315357], [9.2146119, 48.7315714], [9.2148409, 48.7315542], [9.2151446, 48.7317728], [9.2154952, 48.7319363], [9.2158392, 48.7320552], [9.216039, 48.7320998], [9.2163156, 48.7322377], [9.2167673, 48.7323511], [9.2170734, 48.7323786], [9.2173118, 48.7324264], [9.2173787, 48.732425], [9.2174384, 48.7323953], [9.2175046, 48.7323867], [9.217939, 48.7324448], [9.2179989, 48.7324354], [9.2180793, 48.7323982], [9.2181443, 48.7324121], [9.2182178, 48.7323977], [9.2183108, 48.7324116], [9.2188277, 48.7323546], [9.2191042, 48.7324137], [9.2193676, 48.7324701], [9.2194065, 48.7324784], [9.2194699, 48.7324624], [9.2195125, 48.7325238], [9.2196075, 48.7325218], [9.2196478, 48.7325033], [9.219812, 48.7325371], [9.2199059, 48.7324973], [9.2199035, 48.7324163], [9.2199302, 48.7323971], [9.2200528, 48.7324018], [9.2201877, 48.7323677], [9.2202557, 48.732366], [9.2204198, 48.7324007], [9.2204597, 48.7323687], [9.2207043, 48.7323701], [9.2210021, 48.7323303], [9.2213978, 48.7323755], [9.2215458, 48.7323206], [9.2216136, 48.7323134], [9.2217744, 48.7322323], [9.2219096, 48.7322054], [9.2221135, 48.7322128], [9.2221624, 48.7320188], [9.2221332, 48.7316872], [9.2221472, 48.7315955], [9.2222241, 48.7315203], [9.2225131, 48.7314421], [9.2233518, 48.7315049], [9.2250116, 48.7315513], [9.2255357, 48.7315367], [9.2260312, 48.73146], [9.226112, 48.7314662], [9.226147, 48.7315086], [9.2260591, 48.7318807], [9.2259889, 48.7324292], [9.2260011, 48.7332787], [9.2259821, 48.7338277], [9.2261197, 48.7338279], [9.2260946, 48.7342004], [9.2259104, 48.7350513], [9.2283263, 48.7348298], [9.2291872, 48.7348079], [9.2294246, 48.7348273], [9.2301773, 48.7350052], [9.2310362, 48.735161], [9.231256, 48.7356606], [9.231934, 48.7354729], [9.2324728, 48.7364678], [9.2332324, 48.7380245], [9.2340128, 48.7378157], [9.2347034, 48.7376105], [9.2355326, 48.7372482], [9.2374924, 48.7363192], [9.2377127, 48.736402], [9.2379275, 48.7364826], [9.2386408, 48.7368661], [9.2389749, 48.7370151], [9.2392564, 48.7371159], [9.2390468, 48.7373598], [9.2390946, 48.7373914], [9.2399918, 48.7375302], [9.2402108, 48.7379899], [9.2405233, 48.7384134], [9.24111, 48.7393787], [9.2415189, 48.7399652], [9.2416575, 48.7402369], [9.2418385, 48.7404995], [9.2423462, 48.7410976], [9.242505, 48.7413105], [9.2427059, 48.741642], [9.242798, 48.7419213], [9.2428398, 48.7428215], [9.2428029, 48.7430565], [9.2428854, 48.7432168], [9.2430744, 48.7434298], [9.2431964, 48.7434488], [9.243284, 48.7435067], [9.243386, 48.7435361], [9.2434145, 48.7436155], [9.2435026, 48.7436469], [9.2436265, 48.7435859], [9.2438163, 48.7436965], [9.2438813, 48.7437884], [9.2440297, 48.7438582], [9.2441611, 48.7438496], [9.2442548, 48.7438969], [9.2443546, 48.7440376], [9.2444158, 48.744068], [9.2446159, 48.7440138], [9.2447418, 48.7441097], [9.2450936, 48.7442346], [9.2451483, 48.7441997], [9.2453523, 48.7439931], [9.245492, 48.7436757], [9.2460142, 48.7428921], [9.2467807, 48.7420608], [9.2470894, 48.7419001], [9.2473859, 48.7418218], [9.2476738, 48.7417893], [9.2479551, 48.7417851], [9.2494298, 48.741377], [9.2493303, 48.7408941], [9.2498829, 48.7406572], [9.2500853, 48.7404966], [9.2503242, 48.7404113], [9.2506429, 48.7403473], [9.2512476, 48.7401356], [9.2515154, 48.7401268], [9.2518842, 48.7402978], [9.2523429, 48.7403282], [9.2528639, 48.740272], [9.2525787, 48.7419443], [9.2555775, 48.7425368], [9.256463, 48.7421081], [9.2562123, 48.7418819], [9.2564971, 48.7415285], [9.2565445, 48.7414697], [9.2569605, 48.7422325], [9.2571415, 48.7423352], [9.2575347, 48.7425326], [9.2578746, 48.7427699], [9.2582114, 48.7428839], [9.2587909, 48.7430991], [9.2592166, 48.7432399], [9.2593016, 48.7432732], [9.259677, 48.7434303], [9.260117, 48.7435773], [9.2604054, 48.7436515], [9.2606084, 48.7436787], [9.2607986, 48.7436652], [9.2610467, 48.7436011], [9.2613869, 48.743468], [9.2615849, 48.7434063], [9.2613003, 48.7436971], [9.2609219, 48.7440515], [9.2603872, 48.7445884], [9.2602497, 48.744732], [9.2600959, 48.7448757], [9.2598806, 48.7449451], [9.2598526, 48.744992], [9.2597336, 48.7450424], [9.2596127, 48.7450872], [9.2594264, 48.7451345], [9.2591023, 48.7452485], [9.2590718, 48.7453296], [9.2590536, 48.7454479], [9.2593824, 48.7454797], [9.2600358, 48.7455983], [9.260847, 48.7457295], [9.2611546, 48.7459808], [9.2615472, 48.746299], [9.2617965, 48.7465001], [9.2622964, 48.7469602], [9.2625433, 48.7471902], [9.2645098, 48.7483855], [9.2646843, 48.7484878], [9.2650059, 48.7486827], [9.2651625, 48.7487764], [9.2649329, 48.7492278], [9.2647313, 48.7495853], [9.2645598, 48.7498689], [9.264375, 48.7501573], [9.2642317, 48.7503746], [9.2644306, 48.7504306], [9.2645695, 48.750469], [9.2648067, 48.7505374], [9.2655526, 48.750753], [9.2664299, 48.7510064], [9.2663106, 48.7511707], [9.2664095, 48.7512014], [9.2665601, 48.7512727], [9.2662965, 48.7516756], [9.2662179, 48.7517975], [9.2661771, 48.7518738], [9.2661399, 48.7519542], [9.2661081, 48.7520364], [9.2660759, 48.7521285], [9.2660637, 48.7521711], [9.266041, 48.7522691], [9.2660282, 48.7523505], [9.266018, 48.7524435], [9.2660132, 48.7525338], [9.2660134, 48.7526019], [9.2660171, 48.7526708], [9.2660229, 48.7527429], [9.2660365, 48.7528403], [9.266053, 48.7529227], [9.2662142, 48.7535903], [9.2666356, 48.753555], [9.2669831, 48.7535724], [9.2670533, 48.7535784], [9.2671128, 48.7535866], [9.2671665, 48.7535974], [9.2672237, 48.7536116], [9.2672779, 48.7536275], [9.2673377, 48.7536477], [9.2673936, 48.7536707], [9.2674549, 48.7536994], [9.2675082, 48.753729], [9.2675513, 48.7537569], [9.2675981, 48.7537912], [9.2675886, 48.7537802], [9.2675797, 48.7537684], [9.2675725, 48.753756], [9.2675658, 48.7537407], [9.2675617, 48.7537259], [9.2675592, 48.7537132], [9.267559, 48.7536998], [9.267561, 48.7536874], [9.2675659, 48.7536727], [9.2675745, 48.7536556], [9.2681588, 48.7534615], [9.2700983, 48.7560314], [9.2702538, 48.7560079], [9.2703804, 48.7561668], [9.2706859, 48.756557], [9.2707788, 48.7567124], [9.271666, 48.756761], [9.2721498, 48.7560618], [9.2723444, 48.7557296], [9.2726333, 48.7557741], [9.272958, 48.7558249], [9.2732783, 48.7558604], [9.2736577, 48.7559025], [9.2736709, 48.755904], [9.2736773, 48.7562658], [9.2738638, 48.7562972], [9.2738789, 48.7562954], [9.2741457, 48.7562636], [9.2743563, 48.7562332], [9.2747119, 48.756181], [9.2748415, 48.7561697], [9.2750879, 48.7561699], [9.2754124, 48.7563427], [9.2757292, 48.756485], [9.2755926, 48.7566212], [9.2755752, 48.7566364], [9.2755356, 48.7566624], [9.2754571, 48.7567642], [9.2754294, 48.7568665], [9.2753732, 48.7570413], [9.2753386, 48.7571197], [9.2752677, 48.7572372], [9.2751905, 48.7573384], [9.2750835, 48.7574775], [9.2750337, 48.7575535], [9.2750018, 48.7576177], [9.2749595, 48.7577475], [9.2749204, 48.7581064], [9.274956, 48.7583341], [9.2750234, 48.758587], [9.2750438, 48.7586967], [9.2750623, 48.7588263], [9.2750771, 48.7591665], [9.2750811, 48.7592887], [9.2750907, 48.7594504], [9.2751263, 48.7596185], [9.2752014, 48.7597587], [9.2752785, 48.7598474], [9.2753221, 48.7599046], [9.2753488, 48.7599238], [9.2750807, 48.7599687], [9.2751002, 48.759979], [9.2749865, 48.7600761], [9.2748547, 48.7601621], [9.2750514, 48.760261], [9.275128, 48.7603088], [9.2752041, 48.7603765], [9.2752894, 48.7604147], [9.2752635, 48.760432], [9.2751441, 48.7604803], [9.2750919, 48.7604609], [9.2750467, 48.7604339], [9.2748395, 48.7603632], [9.2746415, 48.7606344], [9.2746601, 48.7608568], [9.2746533, 48.7608938], [9.2749052, 48.7609419], [9.2748989, 48.761073], [9.2747741, 48.7612904], [9.2747445, 48.7613623], [9.2747275, 48.7613582], [9.2745884, 48.7615763], [9.274453, 48.7615441], [9.274295, 48.7615226], [9.2742687, 48.7615374], [9.2741015, 48.7615169], [9.2739336, 48.761519], [9.2739213, 48.761513], [9.2737297, 48.7615398], [9.2735886, 48.7615697], [9.2735847, 48.7615778], [9.2734995, 48.7616059], [9.2732718, 48.7617019], [9.2730181, 48.7618428], [9.2729616, 48.7618769], [9.2728832, 48.7619435], [9.2727463, 48.762104], [9.2726177, 48.7622388], [9.2724579, 48.7623893], [9.2724531, 48.7623913], [9.272391, 48.7624776], [9.2723442, 48.7625486], [9.2723253, 48.7625977], [9.2723433, 48.7626311], [9.2723428, 48.7626381], [9.2723779, 48.7627145], [9.2724493, 48.7628503], [9.2725293, 48.762983], [9.2726782, 48.7631399], [9.2729049, 48.7632949], [9.2730287, 48.7633682], [9.2731586, 48.7634382], [9.2732843, 48.7635386], [9.2734352, 48.7637141], [9.2735834, 48.7638581], [9.2736455, 48.7639269], [9.273752, 48.7640439], [9.27376, 48.7640904], [9.2738121, 48.764181], [9.2738534, 48.764225], [9.2739891, 48.764447], [9.2740997, 48.7646364], [9.2741115, 48.7646725], [9.2741777, 48.7646767], [9.2746306, 48.7647229], [9.2744629, 48.764921], [9.2744127, 48.7649779], [9.2743549, 48.765022], [9.2741781, 48.7651324], [9.2739764, 48.7652221], [9.2738424, 48.7652717], [9.2736539, 48.7653318], [9.2733579, 48.7654099], [9.2733191, 48.7654273], [9.2732481, 48.7654425], [9.2731145, 48.7654923], [9.2729401, 48.7655747], [9.2727676, 48.7656673], [9.272754, 48.7656628], [9.2726793, 48.7657221], [9.2726302, 48.7657713], [9.2727281, 48.7657889], [9.2726431, 48.7658799], [9.2725855, 48.7659723], [9.2724972, 48.766143], [9.2739755, 48.7662552], [9.2736962, 48.7665723], [9.2736087, 48.7666869], [9.2735591, 48.7667628], [9.2734813, 48.7669001], [9.2734454, 48.7669728], [9.2733641, 48.7670661], [9.2733853, 48.7670699], [9.2733245, 48.7671294], [9.2730936, 48.7673204], [9.2730225, 48.7673858], [9.272932, 48.7674851], [9.272809, 48.7676034], [9.2728392, 48.7676126], [9.2730357, 48.7676432], [9.27317, 48.7676759], [9.2734369, 48.7677592], [9.273615, 48.7677936], [9.2737396, 48.7678048], [9.2738637, 48.7678069], [9.2740455, 48.7677862], [9.2745611, 48.7677054], [9.2747303, 48.7676797], [9.2748981, 48.7677832], [9.2749649, 48.7678171], [9.2751599, 48.7679377], [9.2753408, 48.7680479], [9.2751204, 48.768221], [9.2752073, 48.768385], [9.2753569, 48.7686638], [9.2754379, 48.7688227], [9.2755449, 48.7690014], [9.2756395, 48.7692049], [9.2756898, 48.7693088], [9.2757614, 48.7694827], [9.2758139, 48.7696294], [9.2759187, 48.7698226], [9.2760563, 48.7699355], [9.2761458, 48.7699155], [9.2762142, 48.7698818], [9.2762839, 48.7698921], [9.2763331, 48.7699171], [9.2764006, 48.7700105], [9.2767492, 48.7699182], [9.2770262, 48.7698221], [9.2773138, 48.7697372], [9.2773022, 48.7695991], [9.2773019, 48.7695002], [9.2773137, 48.7694163], [9.2773463, 48.7692156], [9.2774253, 48.7691025], [9.2774885, 48.7691333], [9.2775794, 48.7691599], [9.2776279, 48.7692001], [9.2776497, 48.7692513], [9.2777046, 48.7693453], [9.277747, 48.7693481], [9.2780637, 48.7692092], [9.2788095, 48.7688796], [9.2796205, 48.7685246], [9.2798595, 48.7684202], [9.2800921, 48.7683205], [9.280387, 48.768194], [9.2809785, 48.7686008], [9.2811274, 48.7687053], [9.2814118, 48.7687701], [9.2817902, 48.7688616], [9.282236, 48.7687291], [9.2830919, 48.7685454], [9.2835544, 48.7684644], [9.2838379, 48.7684164], [9.2839402, 48.7684176], [9.2842326, 48.7685006], [9.2846701, 48.7686434], [9.2847317, 48.7686695], [9.2849023, 48.7687413], [9.2850756, 48.7687819], [9.2856397, 48.7687064], [9.2862132, 48.7686259], [9.2868469, 48.7686889], [9.2884564, 48.7688302], [9.2885154, 48.7689626], [9.2886292, 48.769221], [9.2887118, 48.7694014], [9.288988, 48.7697469], [9.2891835, 48.7698553], [9.2893334, 48.7699364], [9.2897714, 48.770034], [9.2901835, 48.770125], [9.2902833, 48.770132], [9.2910699, 48.7702117], [9.2916361, 48.7702668], [9.2917699, 48.7702802], [9.2920996, 48.7703132], [9.2926897, 48.7704753], [9.293394, 48.7707572], [9.2940138, 48.771179], [9.2942623, 48.7714013], [9.2945369, 48.7716149], [9.2945199, 48.7716342], [9.2949313, 48.7717976], [9.295488, 48.7719164], [9.2958458, 48.772178], [9.2959021, 48.7722176], [9.2962567, 48.7722838], [9.296631, 48.7723642], [9.2969052, 48.7726111], [9.2972375, 48.7728941], [9.2972241, 48.772929], [9.2972097, 48.7729683], [9.2969565, 48.7732307], [9.2965132, 48.7736483], [9.2968487, 48.7738035], [9.297074, 48.7739279], [9.2977482, 48.7741666], [9.2981318, 48.774353], [9.2986421, 48.7745216], [9.2990423, 48.7746476], [9.2991743, 48.7747051], [9.2993472, 48.7747803], [9.2995909, 48.7749015], [9.2999247, 48.7750161], [9.3006941, 48.7752459], [9.3015495, 48.7755758], [9.301893, 48.775756], [9.3018936, 48.7757619], [9.3019113, 48.7757632], [9.3019484, 48.7757764], [9.3019882, 48.7757867], [9.3020139, 48.7758046], [9.302043, 48.7758112], [9.3020545, 48.7758055], [9.3020616, 48.7757962], [9.302066, 48.7757819], [9.3020606, 48.7757579], [9.3021059, 48.7757295], [9.3021286, 48.7757051], [9.3021495, 48.7757005], [9.302161, 48.775711], [9.3021651, 48.7757275], [9.3021629, 48.775755], [9.3021923, 48.7758022], [9.3022105, 48.7758096], [9.3022429, 48.7758195], [9.3022617, 48.7758461], [9.3022792, 48.7758812], [9.3022875, 48.7758909], [9.3023214, 48.7759111], [9.3023385, 48.7759104], [9.3023515, 48.7758976], [9.3023618, 48.7758842], [9.3023788, 48.7758683], [9.3024037, 48.7758526], [9.3024406, 48.7758374], [9.3024517, 48.7758285], [9.3025524, 48.7757834], [9.3025613, 48.7757772], [9.3025905, 48.7757633], [9.302622, 48.7757291], [9.3027153, 48.7756902], [9.3027371, 48.7756898], [9.3027837, 48.7757037], [9.3028099, 48.7757027], [9.3028681, 48.7756597], [9.3028975, 48.7756516], [9.3029313, 48.7756378], [9.3030777, 48.7755634], [9.3030922, 48.7755424], [9.3030811, 48.775539], [9.3030584, 48.7755256], [9.3030672, 48.7755081], [9.3030919, 48.7754871], [9.3031232, 48.7754743], [9.3031448, 48.7754696], [9.3031699, 48.7754813], [9.3032222, 48.775482], [9.3032767, 48.775489], [9.3033028, 48.7754907], [9.3033604, 48.7754403], [9.3034064, 48.7754197], [9.3034781, 48.7754011], [9.3035502, 48.7753971], [9.3035653, 48.7753867], [9.3035861, 48.7753637], [9.3035928, 48.7753501], [9.3035814, 48.7753372], [9.3035524, 48.7753168], [9.3035394, 48.7752917], [9.3035058, 48.7752611], [9.3035022, 48.7752394], [9.3035085, 48.7752209], [9.3035184, 48.7752047], [9.3035257, 48.7751845], [9.3035077, 48.7751677], [9.3034767, 48.7751584], [9.3034536, 48.7751641], [9.3034247, 48.7751824], [9.3034047, 48.7751874], [9.3033831, 48.7751668], [9.3033598, 48.7751653], [9.3033382, 48.7751731], [9.3033153, 48.7751687], [9.3032924, 48.7751509], [9.3032715, 48.7751053], [9.303277, 48.7750647], [9.3032754, 48.7750468], [9.3032302, 48.7750364], [9.3032301, 48.7750101], [9.3032606, 48.7749868], [9.3032795, 48.7749478], [9.3032916, 48.7749425], [9.3033248, 48.774939], [9.3033551, 48.7749513], [9.3033713, 48.7749379], [9.3033804, 48.7749215], [9.3033536, 48.7749049], [9.3033602, 48.7748953], [9.3033882, 48.7748841], [9.3034022, 48.7748808], [9.3034194, 48.7748964], [9.303467, 48.7748943], [9.3034765, 48.7748899], [9.3034813, 48.7748765], [9.3034499, 48.7748601], [9.3034583, 48.7748421], [9.3034861, 48.7748265], [9.3035004, 48.7748371], [9.3035032, 48.7748511], [9.3035427, 48.7748578], [9.3035653, 48.7748782], [9.3036393, 48.7748715], [9.3036761, 48.7748509], [9.3037023, 48.7748104], [9.3037425, 48.7748023], [9.3037672, 48.7748034], [9.3037905, 48.774816], [9.3038483, 48.7748816], [9.3038783, 48.7749031], [9.3038994, 48.7749066], [9.3039125, 48.774893], [9.3039133, 48.774873], [9.3039204, 48.7748623], [9.3039462, 48.7748627], [9.3039747, 48.7748688], [9.304028, 48.7748702], [9.3042317, 48.7748433], [9.3042627, 48.7748266], [9.304291, 48.7748047], [9.3043176, 48.7747608], [9.3043442, 48.7747366], [9.3043863, 48.7747198], [9.3044364, 48.7747129], [9.3044737, 48.7747173], [9.3044974, 48.7747346], [9.3045075, 48.774768], [9.3045193, 48.7747798], [9.3045455, 48.774784], [9.3045691, 48.7747811], [9.3046046, 48.7747655], [9.3046197, 48.7747504], [9.3046212, 48.7747351], [9.3046102, 48.7747244], [9.3045848, 48.7747193], [9.3045753, 48.774712], [9.3045711, 48.7747023], [9.3045951, 48.7746698], [9.3046165, 48.7746589], [9.3046294, 48.7746622], [9.3046574, 48.7746807], [9.3046928, 48.7746844], [9.3047163, 48.7746721], [9.3047373, 48.7746335], [9.3047397, 48.774564], [9.3047723, 48.7745223], [9.3047765, 48.7745092], [9.3047667, 48.7744958], [9.3047294, 48.774483], [9.3047211, 48.7744725], [9.3047279, 48.7744242], [9.3047507, 48.774408], [9.3048103, 48.7744078], [9.3048366, 48.7743942], [9.304846, 48.7743813], [9.3048321, 48.7743717], [9.3047915, 48.7743709], [9.3047644, 48.7743672], [9.3047526, 48.7743551], [9.3047492, 48.7742762], [9.3047252, 48.7742628], [9.3047212, 48.7742386], [9.3047397, 48.774215], [9.3047759, 48.7742141], [9.3048128, 48.7741752], [9.3048311, 48.7741678], [9.3048515, 48.7741737], [9.3048702, 48.7741941], [9.3048925, 48.7742064], [9.3049202, 48.7741852], [9.3049206, 48.7741575], [9.3049272, 48.7741427], [9.3049872, 48.7740947], [9.3050659, 48.7740151], [9.3050654, 48.7740027], [9.3050286, 48.7739867], [9.3050025, 48.7739596], [9.3050008, 48.7739314], [9.3050052, 48.7739183], [9.305014, 48.7739109], [9.3050312, 48.7739116], [9.3050639, 48.773922], [9.305077, 48.7739313], [9.3050909, 48.7739736], [9.3051081, 48.7739732], [9.3051483, 48.7739521], [9.3051743, 48.7739482], [9.3052078, 48.7739652], [9.3052592, 48.7739638], [9.3052676, 48.7739961], [9.3053194, 48.7740131], [9.3053534, 48.7739962], [9.3053549, 48.7739715], [9.3053254, 48.7739468], [9.305331, 48.7739333], [9.3053513, 48.7739224], [9.3053695, 48.7739251], [9.3054166, 48.7739416], [9.305469, 48.77394], [9.3055459, 48.7739121], [9.3055971, 48.7738883], [9.3056156, 48.7738784], [9.3056186, 48.7738588], [9.3056243, 48.7738472], [9.3056422, 48.7738441], [9.3056778, 48.7738421], [9.3056977, 48.7738493], [9.3056989, 48.7738595], [9.3056887, 48.7738889], [9.3056999, 48.7739003], [9.3058444, 48.7739264], [9.3058915, 48.7739384], [9.3059184, 48.7739169], [9.305917, 48.7738884], [9.3058792, 48.773872], [9.3058697, 48.7738608], [9.3058683, 48.7738339], [9.305878, 48.7738269], [9.3059008, 48.7738257], [9.305951, 48.7738361], [9.3059897, 48.7738602], [9.3060071, 48.7738639], [9.3060214, 48.7738615], [9.3060249, 48.7738376], [9.3060382, 48.7737851], [9.3060496, 48.7737693], [9.3061298, 48.7737407], [9.3061451, 48.7737769], [9.3061851, 48.7737754], [9.3062065, 48.7737608], [9.3062367, 48.7737523], [9.3062698, 48.7737801], [9.3062895, 48.7737891], [9.3063076, 48.7737836], [9.306345, 48.7737536], [9.3063702, 48.7737445], [9.3063954, 48.773747], [9.3064047, 48.7737573], [9.306433, 48.7737581], [9.3065192, 48.773718], [9.3065916, 48.7736898], [9.3065823, 48.7736345], [9.3065798, 48.7735593], [9.3065862, 48.7734935], [9.3066145, 48.7734913], [9.3066384, 48.773499], [9.3066613, 48.7735137], [9.3066825, 48.7735155], [9.3066993, 48.7735085], [9.3067568, 48.77347], [9.3067735, 48.7734232], [9.3068205, 48.7733965], [9.3068463, 48.7734013], [9.3068535, 48.7734166], [9.3068651, 48.7734272], [9.3068835, 48.773422], [9.3069091, 48.7734034], [9.306932, 48.7733837], [9.3070112, 48.7733594], [9.307067, 48.7733251], [9.3070818, 48.7733051], [9.3070748, 48.7732862], [9.3070535, 48.7732648], [9.3069743, 48.7732327], [9.3068821, 48.7732011], [9.3068728, 48.7731687], [9.3069026, 48.773159], [9.306944, 48.7731619], [9.3069986, 48.7731763], [9.3070123, 48.7731765], [9.3070868, 48.7731952], [9.3071831, 48.7731973], [9.3072947, 48.7731857], [9.307323, 48.773217], [9.3073442, 48.7732225], [9.3073654, 48.7732204], [9.307401, 48.773204], [9.3074277, 48.7731995], [9.3074868, 48.7732015], [9.3075112, 48.7731951], [9.3075649, 48.7731561], [9.3076047, 48.7731436], [9.3076276, 48.7731316], [9.3076812, 48.7730848], [9.3077411, 48.7730457], [9.307791, 48.773036], [9.3078239, 48.7730531], [9.3078675, 48.7730601], [9.3079024, 48.7730563], [9.3079659, 48.7730185], [9.3080292, 48.7730036], [9.3080595, 48.7729978], [9.3080753, 48.7729867], [9.3080713, 48.7729719], [9.3080557, 48.7729581], [9.3080182, 48.7729339], [9.3080068, 48.7729036], [9.3080221, 48.7728881], [9.3080435, 48.7728766], [9.3080722, 48.7728722], [9.3081279, 48.772876], [9.3081846, 48.7728686], [9.3082386, 48.7728503], [9.3082731, 48.7728165], [9.308285, 48.7726908], [9.3085164, 48.7728537], [9.3085392, 48.7728817], [9.3085463, 48.7729092], [9.3085239, 48.7729814], [9.30854, 48.7730528], [9.3085586, 48.7731001], [9.3085702, 48.7731343], [9.3085685, 48.7731845], [9.3085613, 48.7732274], [9.3085418, 48.7732676], [9.3085411, 48.773295], [9.3085108, 48.7733446], [9.3084934, 48.773359], [9.3084618, 48.7733722], [9.308428, 48.7733984], [9.308423, 48.7734119], [9.3084526, 48.7734347], [9.3084441, 48.7734465], [9.3083725, 48.7734784], [9.3083267, 48.7735395], [9.3082942, 48.773596], [9.3082953, 48.7736117], [9.3082883, 48.7736387], [9.3082731, 48.7736573], [9.308258, 48.7736679], [9.3082442, 48.7737015], [9.3081841, 48.7737965], [9.3081626, 48.7738208], [9.3084061, 48.7739073], [9.3085782, 48.7739387], [9.3088368, 48.7739781], [9.3091964, 48.7740352], [9.3093559, 48.7740413], [9.3097176, 48.7740475], [9.3103298, 48.7740844], [9.3104337, 48.7741033], [9.3109561, 48.7742269], [9.3114216, 48.7742822], [9.3116249, 48.7742424], [9.3119341, 48.7742122], [9.3122828, 48.7742693], [9.3125332, 48.7743482], [9.3128774, 48.774391], [9.3130366, 48.7744073], [9.3133804, 48.7744292], [9.313695, 48.7744503], [9.3139025, 48.7744846], [9.3143057, 48.7745305], [9.3144191, 48.7745447], [9.3143501, 48.774831], [9.3142662, 48.7752053], [9.3143039, 48.7755368], [9.3147528, 48.7760252], [9.314894, 48.7761828], [9.3154326, 48.7768842], [9.3156012, 48.7771455], [9.3156294, 48.7773571], [9.3157371, 48.7777062], [9.3158364, 48.7779824], [9.3159857, 48.7781707], [9.3160228, 48.7782175], [9.3156398, 48.7786953], [9.3154906, 48.778944], [9.3148877, 48.7789371], [9.3139803, 48.7788293], [9.3135708, 48.7787561], [9.3128805, 48.7787251], [9.3119571, 48.7785933], [9.3109993, 48.7785105], [9.3092189, 48.7783989], [9.3075353, 48.7782911], [9.3073795, 48.7793325], [9.3070962, 48.7808946], [9.3057104, 48.7804773], [9.3053055, 48.7803921], [9.3049181, 48.7803502], [9.3043236, 48.7803251], [9.3035706, 48.780337], [9.3032868, 48.7802856], [9.3029644, 48.7801635], [9.3025173, 48.7800053], [9.3020246, 48.7797696], [9.3012861, 48.7794731], [9.3005509, 48.7791675], [9.3003956, 48.779096], [9.3001141, 48.7790047], [9.2996879, 48.7788601], [9.2995836, 48.7787851], [9.2986392, 48.7792425], [9.298643, 48.7793069], [9.2986887, 48.7795298], [9.2987316, 48.7797212], [9.2989943, 48.780023], [9.29933, 48.7802721], [9.2992977, 48.7803373], [9.2989408, 48.7801731], [9.2985508, 48.7799838], [9.2979519, 48.7798467], [9.2978076, 48.7799386], [9.2975392, 48.7800607], [9.2973224, 48.7801667], [9.2971302, 48.7803067], [9.2969272, 48.7804103], [9.2966621, 48.7805072], [9.2962828, 48.7805978], [9.2959493, 48.780784], [9.2954191, 48.7809939], [9.2948516, 48.7812816], [9.2946035, 48.7813626], [9.2943144, 48.7814985], [9.2936443, 48.7822874], [9.2952152, 48.7839097], [9.2957277, 48.7842807], [9.2960288, 48.78447], [9.2964077, 48.784541], [9.2976133, 48.7847797], [9.2987487, 48.7853101], [9.2992904, 48.7855809], [9.2984016, 48.7863289], [9.2953397, 48.7887016], [9.2933576, 48.7878142], [9.2923626, 48.7869194], [9.2921594, 48.7868838], [9.2921145, 48.7868857], [9.2918246, 48.7868609], [9.2915041, 48.7868315], [9.2911913, 48.7866991], [9.2887461, 48.7877516], [9.2897551, 48.7888718], [9.2913884, 48.7907501], [9.2900671, 48.79167], [9.2886317, 48.7909395], [9.2885163, 48.7908489], [9.2885416, 48.7904176], [9.2875571, 48.7903246], [9.2868646, 48.7902479], [9.286658, 48.790534], [9.2862019, 48.7905735], [9.2861008, 48.7903334], [9.285793, 48.7902994], [9.2853471, 48.7902407], [9.2852779, 48.7901039], [9.2845034, 48.7899451], [9.2844513, 48.7898289], [9.283418, 48.7898071], [9.283176, 48.7898028], [9.2826749, 48.7898488], [9.2819492, 48.7899089], [9.2812234, 48.7899575], [9.2806186, 48.7899808], [9.2801693, 48.7899676], [9.2797337, 48.7899498], [9.2793707, 48.7899022], [9.2788903, 48.7898731], [9.2784375, 48.7898485], [9.2778637, 48.7898399], [9.2772762, 48.7898724], [9.2769546, 48.7899614], [9.2765708, 48.7900321], [9.2759997, 48.7904497], [9.2758924, 48.7904931], [9.2758061, 48.7905045], [9.2757232, 48.7904999], [9.2756402, 48.7904793], [9.2755574, 48.7904177], [9.2754746, 48.7903127], [9.2751811, 48.7901117], [9.274846, 48.789929], [9.2743696, 48.7896367], [9.2741141, 48.7895179], [9.2739412, 48.7894654], [9.2736924, 48.7894173], [9.273528, 48.7893925], [9.2733294, 48.7893625], [9.2734779, 48.7895977], [9.2737641, 48.7899812], [9.2741227, 48.790495], [9.2745399, 48.7910659], [9.2746641, 48.7912257], [9.2746916, 48.7913102], [9.2746042, 48.7918946], [9.2744613, 48.7925475], [9.2743541, 48.7925704], [9.2740565, 48.7927438], [9.2738384, 48.7929264], [9.2734712, 48.7933533], [9.2733396, 48.7934833], [9.2732806, 48.7936135], [9.2732457, 48.7938007], [9.2732899, 48.7942207], [9.2731171, 48.7941842], [9.2728372, 48.7941522], [9.2724052, 48.7941201], [9.2721252, 48.7940949], [9.271904, 48.7940492], [9.2715447, 48.7939373], [9.2715969, 48.7937227], [9.2713793, 48.7936291], [9.2701671, 48.7930032], [9.2693624, 48.7926195], [9.2684397, 48.7924503], [9.2682946, 48.7924366], [9.2678467, 48.7925183], [9.2677621, 48.7925255], [9.2677557, 48.7924004], [9.2670055, 48.7922924], [9.266832, 48.7925846], [9.2654946, 48.7924313], [9.2657582, 48.7919679], [9.2657998, 48.7918675], [9.2657619, 48.7918012], [9.2657068, 48.7917281], [9.2657173, 48.7916505], [9.265804, 48.7914519], [9.2656797, 48.7914131], [9.2653583, 48.7913719], [9.2651682, 48.7913947], [9.2648222, 48.7915475], [9.264362, 48.7917461], [9.2639953, 48.7918989], [9.2635801, 48.7921362], [9.2630056, 48.7924854], [9.2634471, 48.7929535], [9.2637192, 48.7935037], [9.264334, 48.7937277], [9.2622742, 48.7943251], [9.2622371, 48.794791], [9.2622715, 48.7948595], [9.2624683, 48.7949669], [9.2626927, 48.7951244], [9.2625507, 48.795218], [9.262499, 48.7951654], [9.2622436, 48.7949964], [9.2619913, 48.794921], [9.2616491, 48.7949255], [9.2613586, 48.7949824], [9.2611579, 48.7950509], [9.2608016, 48.7951901], [9.2603587, 48.7953817], [9.2600058, 48.7954911], [9.2596531, 48.7955367], [9.2593177, 48.7955526], [9.2589859, 48.7955365], [9.258623, 48.7954747], [9.2578216, 48.7952279], [9.2573828, 48.795109], [9.2567608, 48.7949467], [9.2564573, 48.7948928], [9.2558383, 48.7947585], [9.2554444, 48.794706], [9.2550265, 48.7946703], [9.25495, 48.7946936], [9.2548975, 48.7947635], [9.2544777, 48.7946462], [9.2544576, 48.794674], [9.2543654, 48.7946095], [9.2542482, 48.7944773], [9.2541079, 48.7944006], [9.2535096, 48.7941454], [9.2531538, 48.7939442], [9.2526805, 48.7935646], [9.2521833, 48.7933623], [9.2513801, 48.792776], [9.2506059, 48.7932823], [9.250373, 48.7934536], [9.2500308, 48.7937052], [9.2497219, 48.7935699], [9.249442, 48.7937083], [9.2488819, 48.7937475], [9.2487902, 48.793839], [9.2484014, 48.7943264], [9.248287, 48.7945266], [9.2480228, 48.7950602], [9.2475375, 48.7950458], [9.2469065, 48.7948223], [9.2465901, 48.7950916], [9.2465923, 48.7955978], [9.2465441, 48.7957119], [9.2471135, 48.7959611], [9.2471376, 48.7960341], [9.2483692, 48.7960287], [9.2490922, 48.7961715], [9.2499824, 48.7962425], [9.2496339, 48.7966627], [9.2492489, 48.7966416], [9.2494576, 48.7973935], [9.2501106, 48.7975971], [9.2506357, 48.7977547], [9.2509191, 48.7978302], [9.2508945, 48.7978802], [9.2505406, 48.7986017], [9.2503092, 48.7990632], [9.2504514, 48.7991382], [9.2530313, 48.7997445], [9.2530353, 48.7998335], [9.2538186, 48.8001058], [9.2546793, 48.8000629], [9.2545667, 48.8002937], [9.255235, 48.8004475], [9.2547387, 48.8007111], [9.2544624, 48.8013166], [9.2544724, 48.8017892], [9.2553316, 48.8020407], [9.2553406, 48.8029105], [9.2553383, 48.803878], [9.255338, 48.8039793], [9.2550741, 48.8040404], [9.2541802, 48.8038807], [9.2540336, 48.8045957], [9.2539374, 48.8051941], [9.2537694, 48.8058545], [9.2537827, 48.8062766], [9.2538095, 48.8067587], [9.2536156, 48.8078957], [9.2532812, 48.8095486], [9.2532422, 48.809818], [9.253208, 48.8100538], [9.2538527, 48.8101842], [9.2550153, 48.810421], [9.2568091, 48.8107714], [9.2562903, 48.8119543], [9.2562804, 48.8119907], [9.2567539, 48.8120817], [9.2562845, 48.8131128], [9.2562801, 48.8131432], [9.2555132, 48.8129982], [9.2552507, 48.8129485], [9.2547704, 48.8140665], [9.2547613, 48.8140878], [9.2547758, 48.8141272], [9.2550218, 48.8141717], [9.2547519, 48.8147025], [9.254538, 48.8151866], [9.25452, 48.8152376], [9.255622, 48.8154309], [9.2550976, 48.8166828], [9.2550626, 48.8168875], [9.2546976, 48.8168549], [9.2544652, 48.8167924], [9.2543454, 48.8167211], [9.2541028, 48.8165734], [9.2540831, 48.8166109], [9.2540776, 48.8166213], [9.2536321, 48.8179651], [9.2534568, 48.8185181], [9.2531502, 48.819405], [9.2531172, 48.8193961], [9.2502853, 48.8186305], [9.2497819, 48.8195509], [9.2491305, 48.8193898], [9.2487854, 48.8193378], [9.2477843, 48.8215582], [9.2462707, 48.8213186], [9.2461557, 48.8216432], [9.2461202, 48.8217433], [9.2457853, 48.8227016], [9.2455347, 48.8226743], [9.2454529, 48.8231069], [9.243355, 48.8229061], [9.2430367, 48.8245547], [9.2438249, 48.8246492], [9.2434208, 48.8258981], [9.2426994, 48.8258435], [9.2426371, 48.8263093], [9.2413643, 48.8262517], [9.2413594, 48.8262787], [9.2411572, 48.8273985], [9.2404092, 48.829787], [9.2403632, 48.829934], [9.2404923, 48.8300385], [9.2410875, 48.8303233], [9.2414758, 48.8305792], [9.2418087, 48.8308671], [9.2421013, 48.8312154], [9.2423282, 48.8316802], [9.2427993, 48.8333396], [9.2429779, 48.8336263], [9.2432814, 48.8339182], [9.2435164, 48.8340735], [9.2438613, 48.8342057], [9.244186, 48.8342939], [9.2444728, 48.8343325], [9.244882, 48.834331], [9.2452239, 48.8342784], [9.2459384, 48.8340164], [9.2460906, 48.8341654], [9.2452361, 48.8345399], [9.2446835, 48.8347265], [9.2436887, 48.8349961], [9.2413424, 48.8355751], [9.2409484, 48.8356963], [9.2409044, 48.8356625], [9.239905, 48.8359389], [9.2393647, 48.8360562], [9.2396505, 48.8372067], [9.2394093, 48.8372122], [9.2384822, 48.8373426], [9.238767, 48.8380093], [9.2389488, 48.8379549], [9.2401569, 48.8387495], [9.2395381, 48.8391891], [9.2395189, 48.8392017], [9.2392311, 48.8393985], [9.2393095, 48.8394507], [9.2391947, 48.8395338], [9.2388469, 48.8397094], [9.2384321, 48.839989], [9.2381751, 48.8402008], [9.2381637, 48.840225], [9.2384954, 48.8402783], [9.2384104, 48.8403671], [9.2384569, 48.8406677], [9.2382708, 48.8409399], [9.2383582, 48.8409383], [9.2381493, 48.8410987], [9.2376543, 48.841394], [9.2375996, 48.8414507], [9.2374717, 48.8416716], [9.2371672, 48.8419978], [9.2378282, 48.8423616], [9.2381011, 48.8424563], [9.2386189, 48.8425504], [9.2388327, 48.8425692], [9.2391106, 48.8426625], [9.2397955, 48.8430887], [9.2403485, 48.8434935], [9.2409954, 48.8438797], [9.2420579, 48.8446024], [9.2425881, 48.8450497], [9.2431246, 48.8455307], [9.2435789, 48.8460999], [9.2438558, 48.8464969], [9.2439455, 48.8467354], [9.244139, 48.8472442], [9.2420496, 48.8472259], [9.2414848, 48.8472617], [9.2408776, 48.8472205], [9.2401272, 48.8469633], [9.2394269, 48.8465404], [9.239317, 48.8465987], [9.2393008, 48.8465887], [9.2389313, 48.8467864], [9.2388637, 48.8467822], [9.2383647, 48.8464005], [9.2383462, 48.8463374], [9.2368496, 48.8478679], [9.2365259, 48.8480544], [9.2337007, 48.8493445], [9.2340422, 48.8502466], [9.2339835, 48.8502104], [9.2328979, 48.8500802], [9.2332947, 48.8511338], [9.2328248, 48.8511879], [9.232766, 48.8511614], [9.233745, 48.8539033], [9.2327082, 48.8540589], [9.2297416, 48.8547591], [9.2297063, 48.8547996], [9.2304861, 48.8570455], [9.2304981, 48.8570788], [9.2304118, 48.8571035], [9.2294809, 48.8573703], [9.2296749, 48.8576166], [9.229584, 48.8576427], [9.2296345, 48.8577148], [9.2284816, 48.8582347], [9.2298328, 48.8620189], [9.2303795, 48.8638639], [9.2284943, 48.8642045], [9.2273945, 48.8642429], [9.2267039, 48.8643258], [9.2250743, 48.8646874], [9.2239661, 48.8649333], [9.2230107, 48.8651706], [9.2226121, 48.8652953], [9.2213632, 48.8657558], [9.221337, 48.8656744], [9.2201466, 48.8660122], [9.2198177, 48.8661146], [9.2194127, 48.8662146], [9.2190424, 48.8662873], [9.2169182, 48.8663994], [9.2170757, 48.8657333], [9.2164205, 48.8657815], [9.2155777, 48.8658436], [9.2158635, 48.8650619], [9.2158738, 48.8650338], [9.2157159, 48.8645161], [9.2154828, 48.8637805], [9.2152386, 48.8632212], [9.214441, 48.8636589], [9.214151, 48.8638181], [9.2139593, 48.8637228], [9.2134176, 48.8634532], [9.2127854, 48.863129], [9.2121975, 48.8626349], [9.2112283, 48.8625184], [9.2112351, 48.8624189], [9.2066462, 48.8615561], [9.2065018, 48.8614993], [9.2059174, 48.8612696], [9.2059882, 48.8611036], [9.206631, 48.8595957], [9.2065501, 48.8594813], [9.2063426, 48.8584964], [9.2061757, 48.8575694], [9.2061396, 48.8573692], [9.206731, 48.8573114], [9.206518, 48.8561974], [9.2075842, 48.855838], [9.2050765, 48.8544472], [9.2076705, 48.852754], [9.2049436, 48.8517619], [9.2022797, 48.8512761], [9.202123, 48.8512647], [9.2000565, 48.8511139], [9.1968897, 48.851254], [9.1968399, 48.8506815], [9.1938997, 48.8511785], [9.1927091, 48.8499441], [9.1925375, 48.8500342], [9.1913081, 48.848743], [9.1900022, 48.8476645], [9.1894985, 48.8479939], [9.188148, 48.848609], [9.1882658, 48.8487071], [9.1868316, 48.8493184], [9.1864318, 48.8489366], [9.1861004, 48.848726], [9.1846309, 48.8492569], [9.1839555, 48.8495008], [9.1833125, 48.8496819], [9.1829844, 48.8492253], [9.1826656, 48.8487815], [9.1825808, 48.8488052], [9.1812818, 48.8492021], [9.1804457, 48.8494576], [9.1798674, 48.8487111], [9.1768095, 48.8495645], [9.1767572, 48.849579], [9.1767132, 48.8494096], [9.1766877, 48.8492317], [9.1767071, 48.848763], [9.1764946, 48.8487549], [9.17622, 48.8475184], [9.1755774, 48.8477116], [9.1751366, 48.8478411], [9.1743893, 48.8479905], [9.1736817, 48.8483448], [9.1731213, 48.8487421], [9.1713974, 48.8489789], [9.1712709, 48.8491694], [9.1711951, 48.8491992], [9.1708048, 48.8496987], [9.1706473, 48.8499446], [9.1704932, 48.8501853], [9.1702401, 48.850601], [9.1699132, 48.8516164], [9.1698538, 48.8521434], [9.1698399, 48.8522164], [9.1693732, 48.8521829], [9.1692091, 48.8521526], [9.1688947, 48.85204], [9.1681475, 48.8516774], [9.1680534, 48.8517373], [9.1673808, 48.8513606], [9.1666649, 48.8509282], [9.1663595, 48.8508506], [9.1657703, 48.8508712], [9.1656301, 48.8509662], [9.1653155, 48.8511865], [9.1650899, 48.8513292], [9.1650488, 48.8513525], [9.1648744, 48.8514438], [9.1645867, 48.8515425], [9.1643116, 48.8515784], [9.1640407, 48.8515043], [9.1638657, 48.8513962], [9.162548, 48.8519443], [9.160873, 48.8527062], [9.1606065, 48.8528897], [9.1601432, 48.8531059], [9.1598188, 48.853392], [9.1596945, 48.8536567], [9.1595978, 48.8539], [9.1593916, 48.8540408], [9.159976, 48.8545231], [9.1613268, 48.8559942], [9.160329, 48.8563641], [9.1584296, 48.8570404], [9.158381, 48.8569542], [9.1556808, 48.8571324], [9.1554806, 48.856934], [9.1553171, 48.8568882], [9.1549396, 48.8570007], [9.1549012, 48.8570954], [9.1547391, 48.8573633], [9.1546371, 48.8575618], [9.1544669, 48.8579589], [9.1543211, 48.8582692], [9.1541857, 48.8585454], [9.1540919, 48.8587668], [9.1540049, 48.8590292], [9.1538972, 48.8593488], [9.1538206, 48.859657], [9.1537335, 48.8599811], [9.1536671, 48.8603258], [9.1536251, 48.860618], [9.1536284, 48.8607207], [9.1534164, 48.8607788], [9.1530525, 48.8607463], [9.1526471, 48.8607164], [9.1523109, 48.8606792], [9.1520199, 48.8606555], [9.1519006, 48.8606382], [9.1515796, 48.8605915], [9.1512397, 48.8605384], [9.1508652, 48.8604763], [9.1504665, 48.8604212], [9.1500887, 48.8603774], [9.1496624, 48.8603293], [9.1491876, 48.8602769], [9.1485914, 48.8602022], [9.1481442, 48.8601495], [9.1477595, 48.8601104], [9.1474547, 48.8600936], [9.1470877, 48.8600726], [9.1466846, 48.8599422], [9.146448, 48.8601374], [9.1461725, 48.8602643], [9.1458487, 48.8604052], [9.1451903, 48.8606413], [9.144811, 48.8607688], [9.1445105, 48.8608296], [9.1440339, 48.8609255], [9.143264, 48.8611028], [9.14266, 48.8612587], [9.1420529, 48.8614444], [9.1414255, 48.8616849], [9.1410059, 48.8619084], [9.1411279, 48.859846], [9.1407169, 48.8599233], [9.1409109, 48.8562509], [9.1389112, 48.8566328], [9.1384661, 48.8567515], [9.1359143, 48.8572958], [9.135507, 48.8573936], [9.1351824, 48.8574592], [9.1349681, 48.857499], [9.1346709, 48.8575255], [9.134301, 48.8575684], [9.1337755, 48.8576257], [9.1339343, 48.853853], [9.1339398, 48.8537343], [9.1339038, 48.8535998], [9.1338749, 48.853488], [9.1338629, 48.8533533], [9.1338766, 48.8530245], [9.1364083, 48.8528662], [9.1368819, 48.8528273], [9.1371893, 48.8527665], [9.1375577, 48.8526026], [9.1376228, 48.8525383], [9.1377773, 48.8524303], [9.1379282, 48.8523086], [9.1381346, 48.8521912], [9.1382856, 48.8520831], [9.1383887, 48.852005], [9.1384677, 48.8519566], [9.1385746, 48.8519195], [9.1388404, 48.8518612], [9.1390027, 48.8518399], [9.1390366, 48.8517712], [9.1390566, 48.8517072], [9.1390896, 48.8515586], [9.1391684, 48.8511769], [9.1392304, 48.8508501], [9.1392689, 48.850576], [9.1393858, 48.8502009], [9.139462, 48.8498992], [9.1396009, 48.8496359], [9.1398219, 48.8492832], [9.1399075, 48.8491636], [9.1399974, 48.8490406], [9.1401181, 48.8488309], [9.1402009, 48.8486714], [9.1403046, 48.8485164], [9.1404495, 48.8483272], [9.140895, 48.847721], [9.1411367, 48.8473859], [9.1413024, 48.8471535], [9.1415407, 48.8467956], [9.1419239, 48.8462555], [9.1421794, 48.8459114], [9.1423002, 48.8457769], [9.1424627, 48.8456492], [9.1426354, 48.8455055], [9.1428151, 48.8453345], [9.1431604, 48.8448126], [9.1425957, 48.8442255], [9.1418977, 48.8440094], [9.1418083, 48.8439629], [9.1416835, 48.843954], [9.1411296, 48.8439893], [9.1409287, 48.8440057], [9.1408456, 48.8439968], [9.1406334, 48.8438117], [9.1405151, 48.8437273], [9.1404216, 48.8437114], [9.1400371, 48.8436961], [9.1395177, 48.8437176], [9.1389222, 48.8437576], [9.138631, 48.8437936], [9.1383838, 48.8438242], [9.1379688, 48.8438707], [9.1376021, 48.8438997], [9.1372098, 48.843928], [9.136834, 48.8439551], [9.1362976, 48.8440364], [9.136076, 48.84407], [9.1359911, 48.8440176], [9.1358828, 48.8439507], [9.135621, 48.8437012], [9.1351432, 48.843967], [9.1339394, 48.8446365], [9.1339189, 48.8445695], [9.1337224, 48.8441413], [9.1336444, 48.8439168], [9.1345075, 48.8429833], [9.1347113, 48.8427937], [9.1348291, 48.8426635], [9.1349286, 48.8425242], [9.1350528, 48.8423712], [9.1351633, 48.8422228], [9.1353116, 48.8420469], [9.1354807, 48.8418048], [9.1355979, 48.8416177], [9.1357254, 48.8414258], [9.1358462, 48.8412431], [9.1359737, 48.8410536], [9.1361117, 48.8408709], [9.1361876, 48.8407362], [9.1363185, 48.840501], [9.1363908, 48.8403823], [9.136522, 48.8402361], [9.1366532, 48.8401242], [9.1368052, 48.8400076], [9.1369227, 48.839939], [9.1370367, 48.839891], [9.1371889, 48.839843], [9.1373998, 48.8398108], [9.1375831, 48.8397786], [9.1377734, 48.8397626], [9.1378148, 48.8397567], [9.1379115, 48.8397428], [9.1380765, 48.8397194], [9.138714, 48.83957], [9.1384122, 48.8391891], [9.1400983, 48.8382382], [9.1400723, 48.8375125], [9.1399892, 48.837451], [9.1397709, 48.8373393], [9.1396634, 48.8372774], [9.1395492, 48.8372117], [9.1394315, 48.8371479], [9.1392964, 48.8370545], [9.1391889, 48.8369746], [9.139078, 48.8368378], [9.1389738, 48.8367237], [9.1388767, 48.8365709], [9.1386268, 48.836238], [9.1384498, 48.8359962], [9.1382729, 48.8357452], [9.1382034, 48.8356563], [9.1380298, 48.8353758], [9.1380511, 48.8353333], [9.1387303, 48.8322146], [9.1387739, 48.8320414], [9.1388162, 48.8318729], [9.1370886, 48.831044], [9.1387065, 48.8314818], [9.1387101, 48.8313247], [9.1387141, 48.8311484], [9.1386764, 48.8306957], [9.1386686, 48.8306024], [9.1384487, 48.8302723], [9.1382334, 48.8299492], [9.1383224, 48.8291528], [9.1381626, 48.8280421], [9.1367005, 48.8278814], [9.1363583, 48.8278454], [9.1358157, 48.8277878], [9.1352901, 48.8277415], [9.1347369, 48.827693], [9.1344051, 48.8276547], [9.1343257, 48.8276452], [9.1342567, 48.8276174], [9.1340877, 48.8275708], [9.1337663, 48.8275303], [9.1331029, 48.82744], [9.1325982, 48.8273894], [9.1323252, 48.8273605], [9.1321628, 48.8273368], [9.1315899, 48.8272105], [9.1308306, 48.8270375], [9.1304296, 48.8269722], [9.1291019, 48.8265921], [9.1286637, 48.8264916], [9.1284429, 48.8264333], [9.1283463, 48.8264054], [9.128236, 48.8263729], [9.1275912, 48.8261731], [9.1258818, 48.8256689], [9.1253243, 48.8255053], [9.1232846, 48.8248845], [9.1228431, 48.8247501], [9.1219385, 48.8246197], [9.118891, 48.8241132], [9.1186088, 48.8240724], [9.1183907, 48.824055], [9.1176499, 48.8239609], [9.1175763, 48.8239526], [9.1162182, 48.8237799], [9.113978, 48.8234961], [9.1139087, 48.8236341], [9.1136445, 48.8239363], [9.1134723, 48.8241332], [9.1132034, 48.8244407], [9.1131547, 48.8245083], [9.1135714, 48.8247952], [9.1128679, 48.8249369], [9.1127982, 48.8250029], [9.1123537, 48.8252071], [9.1102654, 48.8249629], [9.1096325, 48.8248946], [9.1087473, 48.8248186], [9.1087046, 48.8252678], [9.1086094, 48.8262706], [9.1085073, 48.8273468], [9.1084256, 48.8281324], [9.1083864, 48.8283113], [9.1083068, 48.8293424], [9.1076172, 48.829191], [9.1075242, 48.8291669], [9.1057618, 48.8287929], [9.1052216, 48.8286594], [9.1027317, 48.8280322], [9.1024011, 48.8283729], [9.1019739, 48.8288074], [9.1017431, 48.8290407], [9.1014986, 48.829306], [9.1010383, 48.8292727], [9.099457, 48.8291868], [9.0993737, 48.829947], [9.099336, 48.8300499], [9.0992534, 48.8301368], [9.0991878, 48.8301779], [9.0990876, 48.8302124], [9.0989838, 48.8302263], [9.0988627, 48.8302174], [9.0972477, 48.8329072], [9.0970419, 48.8342042], [9.0951504, 48.834141], [9.0941887, 48.8352486], [9.0940514, 48.8351918], [9.0939676, 48.8351618], [9.0935575, 48.8355234], [9.0930498, 48.8352634], [9.0926028, 48.8350816], [9.0923705, 48.8349771], [9.0921487, 48.8348633], [9.0915595, 48.8345883], [9.0910182, 48.8343272], [9.0905195, 48.8340698], [9.0894415, 48.8334798], [9.0888913, 48.8331537], [9.0879834, 48.8326006], [9.0868607, 48.831817], [9.0864861, 48.8315484], [9.0862014, 48.8312955], [9.0859549, 48.8310837], [9.0857264, 48.8309182], [9.086189, 48.8307004], [9.0862447, 48.8306716], [9.0863318, 48.8303639], [9.0864321, 48.8300252], [9.086478, 48.8296022], [9.0866982, 48.8279643], [9.0866491, 48.8279589], [9.0867173, 48.8260469], [9.0861155, 48.8260251], [9.0856971, 48.8260762], [9.0853134, 48.8261294], [9.0850955, 48.8261435], [9.0852947, 48.8239884], [9.0842575, 48.8241203], [9.0841486, 48.8236595], [9.0839532, 48.8229242], [9.0839404, 48.8228752], [9.0838202, 48.8223314], [9.0838274, 48.8218587], [9.083811, 48.8217597], [9.0837807, 48.8216302], [9.0836003, 48.8208373], [9.0835364, 48.8204135], [9.0835083, 48.8202269], [9.0834953, 48.8201405], [9.0834523, 48.8200896], [9.0833925, 48.820019], [9.0834223, 48.8196103], [9.0833991, 48.81905], [9.081819, 48.8187739], [9.079912, 48.8183799], [9.0803908, 48.8179932], [9.0803661, 48.8179809], [9.0803328, 48.8179643], [9.0798437, 48.8177537], [9.0800662, 48.8176575], [9.0802615, 48.8175319], [9.0803787, 48.8174101], [9.0804958, 48.8172181], [9.0805643, 48.8170474], [9.0804685, 48.8170268], [9.0800629, 48.8169395], [9.0799604, 48.8169174], [9.079436, 48.8167779], [9.0798904, 48.8161199], [9.0795799, 48.8160093], [9.0796321, 48.8159707], [9.0797261, 48.8158911], [9.0798169, 48.8157728], [9.0799707, 48.8155656], [9.0801736, 48.8152491], [9.0799632, 48.8151663], [9.0798348, 48.8152229], [9.0797722, 48.8152752], [9.0796363, 48.8154162], [9.07669, 48.814565], [9.0768206, 48.8143405], [9.0769132, 48.8142145], [9.0772269, 48.8138315], [9.0773105, 48.8137473], [9.0773663, 48.8137041], [9.0775505, 48.8135724], [9.0776095, 48.8135452], [9.0776651, 48.8135043], [9.077683, 48.8134872], [9.0777174, 48.8134543], [9.0778321, 48.8133725], [9.077939, 48.8134185], [9.0783436, 48.8129566], [9.0787506, 48.8131063], [9.0788936, 48.8129448], [9.0791143, 48.8130368], [9.0791416, 48.8130779], [9.0791758, 48.8131237], [9.0795704, 48.8126184], [9.0800111, 48.8128777], [9.0804039, 48.8130912], [9.0805334, 48.8129342], [9.0807005, 48.8127316], [9.0810078, 48.8123424], [9.0812275, 48.8120762], [9.0814091, 48.8118394], [9.0815208, 48.8116937], [9.0816223, 48.8115389], [9.0817933, 48.8113317], [9.082119, 48.8113838], [9.0834343, 48.8115894], [9.083978, 48.8101014], [9.0840136, 48.8100148], [9.0840353, 48.8099396], [9.0840824, 48.8097641], [9.0841083, 48.8096294], [9.0841298, 48.8094673], [9.0841349, 48.8094287], [9.0844247, 48.8094896], [9.08477, 48.8095371], [9.0851256, 48.80958], [9.0853987, 48.8096021], [9.0855722, 48.8096088], [9.0857374, 48.8096153], [9.0863631, 48.8096483], [9.0868812, 48.8096966], [9.0873673, 48.8097682], [9.0868226, 48.8088241], [9.0865115, 48.8082078], [9.0863397, 48.8078673], [9.0858973, 48.8069791], [9.0858199, 48.8068097], [9.0857628, 48.8066655], [9.0857127, 48.8065123], [9.0856697, 48.8063545], [9.0856373, 48.8061763], [9.0856252, 48.8060324], [9.085627, 48.8058886], [9.0856469, 48.8056694], [9.0857342, 48.805186], [9.0857583, 48.8050422], [9.0857801, 48.8049624], [9.0858123, 48.804869], [9.0858633, 48.8046615], [9.0859422, 48.8044153], [9.0860646, 48.804017], [9.0857009, 48.8035007], [9.0857843, 48.8034669], [9.085536, 48.8031323], [9.085337, 48.8027121], [9.0853187, 48.8026604], [9.0853037, 48.8026178], [9.0852533, 48.8025173], [9.0851615, 48.8022707], [9.0851149, 48.8021636], [9.0850893, 48.8020797], [9.08508, 48.8020495], [9.0850521, 48.8019103], [9.0850173, 48.8017369], [9.0850147, 48.801703], [9.0850101, 48.8016388], [9.0850163, 48.8012348], [9.0850229, 48.8010682], [9.0850149, 48.8009374], [9.085005, 48.800776], [9.0849839, 48.8005273], [9.0849697, 48.8003721], [9.0849346, 48.8001074], [9.0849201, 48.7999848], [9.08491, 48.7998997], [9.0847917, 48.799489], [9.0847117, 48.7992586], [9.0845675, 48.7987662], [9.0845252, 48.7986978], [9.0843771, 48.7986021], [9.0846324, 48.7981056], [9.0844165, 48.7975041], [9.0841316, 48.7968915], [9.0831156, 48.7969069], [9.0830325, 48.7966745], [9.0824344, 48.7968237], [9.0822047, 48.7970233], [9.0812414, 48.7963691], [9.0811049, 48.7961922], [9.0808979, 48.7959727], [9.0807187, 48.7958653], [9.0806911, 48.7957677], [9.0805853, 48.7956363], [9.0805103, 48.7954752], [9.0803774, 48.7953691], [9.0802156, 48.7951803], [9.0801016, 48.7951145], [9.0799345, 48.794996], [9.0798984, 48.7949585], [9.0798811, 48.7948774], [9.0799, 48.7947082], [9.0798002, 48.7945085], [9.0797495, 48.7943062], [9.0797735, 48.7942563], [9.079609, 48.7942163], [9.0795495, 48.7946678], [9.0797652, 48.7951863], [9.0801552, 48.7955533], [9.0792692, 48.7952297], [9.0789139, 48.7950294], [9.0784923, 48.7948223], [9.078184, 48.7946515], [9.0776846, 48.793697], [9.0775877, 48.7932748], [9.0774499, 48.7928112], [9.0768768, 48.7914607], [9.0764724, 48.7909375], [9.0762124, 48.790404], [9.0760275, 48.7899455], [9.0753905, 48.7895407], [9.0753592, 48.7890725], [9.0752292, 48.7885487], [9.0753597, 48.7878587], [9.0752586, 48.787157], [9.0793602, 48.7855709], [9.0804611, 48.7851736], [9.0807595, 48.7850263], [9.082231, 48.7844614], [9.0852485, 48.7832473], [9.0877342, 48.7822307], [9.0883223, 48.7820005], [9.087018, 48.7813484], [9.0862578, 48.7813655], [9.0857437, 48.7810284], [9.0856793, 48.7808118], [9.0857621, 48.7804401], [9.0862006, 48.7799122], [9.0866898, 48.7795116], [9.0868286, 48.7791875], [9.0866963, 48.7784844], [9.0857512, 48.7779707], [9.0851567, 48.7775726], [9.0849706, 48.7769429], [9.0835331, 48.7755293], [9.0834878, 48.7751232], [9.0843856, 48.7748362], [9.0850822, 48.7741412], [9.085809, 48.7736242], [9.0850589, 48.7726607], [9.0853426, 48.7719629], [9.0850979, 48.771724], [9.0844759, 48.7716458], [9.0839471, 48.7714045], [9.0835044, 48.7706354], [9.0825476, 48.7697347], [9.0827935, 48.7692363], [9.0833177, 48.7686069], [9.0831774, 48.7685665], [9.0819965, 48.7683071], [9.0803841, 48.767608], [9.0790524, 48.7674713], [9.0776053, 48.7673354], [9.0758558, 48.7671915], [9.0771151, 48.7650782], [9.0776067, 48.7641971], [9.0776773, 48.7631705], [9.0772623, 48.7624383], [9.0768684, 48.761653], [9.076438, 48.7607566], [9.0761094, 48.7594496], [9.076516, 48.7579731], [9.0772948, 48.7573214], [9.0771136, 48.7564443], [9.0773896, 48.7560039], [9.0772018, 48.7557534], [9.0771508, 48.7556017], [9.0768679, 48.7552884], [9.076771, 48.7552269], [9.0766258, 48.755152], [9.0764701, 48.7551043], [9.0762733, 48.7550796], [9.0760694, 48.7550732], [9.0758313, 48.7550851], [9.0753478, 48.7550748], [9.0752888, 48.7550041], [9.0752713, 48.7549379], [9.0752677, 48.75489], [9.075174, 48.7547829], [9.0751289, 48.7547373], [9.0747526, 48.7547678], [9.0743696, 48.7548348], [9.0741488, 48.7548878], [9.0734849, 48.7555558], [9.073088, 48.7556137], [9.0725599, 48.7556809], [9.0719137, 48.7555773], [9.071268, 48.7555672], [9.0707569, 48.7555614], [9.0700767, 48.7555856], [9.0692766, 48.7558818], [9.0689638, 48.7559768], [9.067384, 48.7560639], [9.0690368, 48.7563601], [9.0690585, 48.7566894], [9.0676757, 48.7566633], [9.0675197, 48.75648], [9.0663651, 48.7559782], [9.0658981, 48.7556941], [9.065236, 48.755386], [9.0647063, 48.7549222], [9.0642228, 48.7544327], [9.0633125, 48.7533041], [9.0628913, 48.7526085], [9.0627507, 48.7518396], [9.0626894, 48.7512763], [9.0625487, 48.7507004], [9.0622861, 48.7501188], [9.0635775, 48.7479571], [9.0678657, 48.7483421], [9.0688878, 48.7485591], [9.0683566, 48.7481525], [9.0675054, 48.7476591], [9.0673367, 48.7473036], [9.0661495, 48.7474162], [9.066111, 48.7476278], [9.0656224, 48.7477606], [9.0652825, 48.7475718], [9.0624613, 48.7474913], [9.0620576, 48.7473945], [9.061586, 48.7474807], [9.0599397, 48.7471622], [9.0598915, 48.7470271], [9.0595449, 48.7469798], [9.0584672, 48.7468714], [9.0582624, 48.7468857], [9.0560427, 48.7472143], [9.055349, 48.7475195], [9.054799, 48.7478574], [9.0526923, 48.7481374], [9.0521813, 48.7480872], [9.0509109, 48.748023], [9.0490384, 48.7478889], [9.047171, 48.7474951], [9.0465507, 48.7475003], [9.0462986, 48.7474094], [9.0457274, 48.7470999], [9.0454821, 48.7468787], [9.0453284, 48.7466559], [9.045193, 48.7464895], [9.0450782, 48.7463047], [9.0449565, 48.7461178], [9.0448142, 48.7459833], [9.0446585, 48.7458856], [9.0444749, 48.7457786], [9.0442811, 48.74569], [9.0440908, 48.7456037], [9.0439108, 48.7455173], [9.0436718, 48.7453626], [9.0433601, 48.7451464], [9.0430034, 48.7449393], [9.0426778, 48.7447232], [9.0425842, 48.7446768], [9.0422417, 48.7445072], [9.0420027, 48.744392], [9.0417607, 48.7442754], [9.0413766, 48.7441072], [9.0409165, 48.743905], [9.0404287, 48.7437052], [9.0398319, 48.7434579], [9.0397977, 48.7432434], [9.0397834, 48.743143], [9.0397517, 48.7430335], [9.0397133, 48.7429422], [9.0396438, 48.7428625], [9.0395708, 48.7427805], [9.0395013, 48.7427122], [9.0393938, 48.7426234], [9.0392795, 48.7425598], [9.0391548, 48.7424962], [9.0390372, 48.742444], [9.0389852, 48.7424076], [9.0389712, 48.7423666], [9.038936, 48.7422593], [9.0388832, 48.7420814], [9.0387819, 48.7418487], [9.0386906, 48.741575], [9.0386007, 48.741318]]]}}, {"type": "Feature", "properties": {"slug": "cologne", "name": "Cologne", "osmType": "relation", "osmId": 62578, "source": "OpenStreetMap via Nominatim", "licence": "ODbL 1.0", "simplifiedDegrees": 0.001}, "geometry": {"type": "Polygon", "coordinates": [[[6.7725303, 51.0616154], [6.7725304, 51.0616153], [6.7725455, 51.0615759], [6.7728852, 51.0606878], [6.7728848, 51.0606166], [6.7728838, 51.0604188], [6.7728827, 51.0601714], [6.7728822, 51.0600616], [6.772882, 51.0600249], [6.7729238, 51.0599368], [6.7736176, 51.0593788], [6.7738383, 51.0591715], [6.7740657, 51.0589122], [6.7741958, 51.0587583], [6.7741959, 51.0587582], [6.7742009, 51.0587509], [6.774322, 51.0585746], [6.7744734, 51.0583541], [6.7745011, 51.05832], [6.7746367, 51.0581533], [6.7748052, 51.0579523], [6.7748353, 51.0579164], [6.7748656, 51.0578813], [6.775026, 51.0576951], [6.7750285, 51.0576927], [6.7751217, 51.0576025], [6.7752682, 51.0574607], [6.7754771, 51.0572793], [6.7762204, 51.0567244], [6.77668, 51.0563486], [6.7767803, 51.056291], [6.7771942, 51.0561392], [6.7771949, 51.0561389], [6.7775916, 51.0564469], [6.7775917, 51.056447], [6.7775921, 51.0564473], [6.7779851, 51.0562667], [6.779063, 51.0557716], [6.7797383, 51.0553419], [6.780022, 51.0551614], [6.7802262, 51.0550129], [6.7808154, 51.0545397], [6.7813898, 51.05416], [6.7829433, 51.0533706], [6.7837177, 51.0529183], [6.784478, 51.0525308], [6.7851459, 51.0521571], [6.7853995, 51.0520019], [6.7857811, 51.0516866], [6.7863327, 51.0512586], [6.7867306, 51.0509274], [6.7870442, 51.050641], [6.7872275, 51.0504735], [6.7874184, 51.0503622], [6.787672, 51.0502709], [6.7877854, 51.0502], [6.7882381, 51.0499167], [6.7888111, 51.0493361], [6.7890343, 51.0490485], [6.7891775, 51.0489045], [6.7894716, 51.0486007], [6.7897577, 51.0480182], [6.7898299, 51.0477953], [6.7898978, 51.0474356], [6.7900858, 51.0469098], [6.7901072, 51.0468551], [6.7902605, 51.0464728], [6.7904251, 51.0461922], [6.7905479, 51.0460049], [6.7907002, 51.0457733], [6.790701, 51.0457708], [6.7907322, 51.0456721], [6.7907386, 51.0456517], [6.7907917, 51.0454832], [6.7908339, 51.0453497], [6.7909345, 51.0451173], [6.7909643, 51.0450484], [6.790966, 51.0450446], [6.7911909, 51.0447334], [6.7914525, 51.0444273], [6.7918287, 51.0439956], [6.7920813, 51.0437056], [6.7926359, 51.0431906], [6.7926361, 51.0431904], [6.7926452, 51.0431779], [6.792713, 51.0430853], [6.7929128, 51.0429338], [6.7929218, 51.0429274], [6.7929427, 51.0429125], [6.7929454, 51.0429105], [6.793225, 51.0427126], [6.7935914, 51.0424509], [6.7937643, 51.0422632], [6.7939312, 51.0419114], [6.7940533, 51.0417574], [6.7944417, 51.0415126], [6.7949287, 51.0412064], [6.794966, 51.0410484], [6.794942, 51.0408544], [6.7949678, 51.0407641], [6.7949814, 51.0407461], [6.7952525, 51.0403889], [6.7953934, 51.0401495], [6.7955832, 51.0397519], [6.795855, 51.0394959], [6.7959824, 51.0391614], [6.7959947, 51.0391316], [6.7960046, 51.0391119], [6.7961608, 51.0387933], [6.7967596, 51.038107], [6.7971246, 51.0377968], [6.7971849, 51.0377559], [6.7973989, 51.0376114], [6.7974623, 51.0375684], [6.7978217, 51.037271], [6.7980764, 51.0369848], [6.7981985, 51.0367319], [6.8028726, 51.0386789], [6.8053817, 51.0394925], [6.8054982, 51.0393926], [6.806127, 51.0388546], [6.8061514, 51.0388312], [6.8078392, 51.0361432], [6.808319, 51.03533], [6.8083921, 51.035335], [6.8083926, 51.0353351], [6.8084431, 51.0352342], [6.808491, 51.0352874], [6.8123923, 51.0366361], [6.8127517, 51.0367603], [6.8127832, 51.0367636], [6.812873, 51.0367512], [6.812886, 51.0367446], [6.8128971, 51.0367305], [6.8139987, 51.0353559], [6.8140527, 51.035376], [6.814104, 51.0353943], [6.8155757, 51.0359093], [6.8160518, 51.0360947], [6.8164224, 51.0362735], [6.8173669, 51.0367612], [6.8180316, 51.0371277], [6.8180409, 51.0371329], [6.8180779, 51.0371527], [6.8180805, 51.0371541], [6.8181425, 51.0371889], [6.818234, 51.0372394], [6.8189567, 51.0376298], [6.819059, 51.0376851], [6.8190655, 51.0376886], [6.8194396, 51.0379292], [6.8195759, 51.0380374], [6.8196714, 51.0381131], [6.8198678, 51.0382873], [6.8200448, 51.0384818], [6.8201141, 51.0384572], [6.8203551, 51.0383716], [6.8203921, 51.0383585], [6.820403, 51.038354], [6.8204629, 51.0384297], [6.8204683, 51.0384366], [6.8205434, 51.0385313], [6.8205436, 51.0385316], [6.8206185, 51.0384551], [6.82069, 51.0383822], [6.8225292, 51.0365056], [6.8226039, 51.0364293], [6.8241639, 51.0373351], [6.8241761, 51.0373893], [6.8270249, 51.0344837], [6.8270973, 51.0344098], [6.8271711, 51.0343346], [6.8272618, 51.034242], [6.8277274, 51.0337671], [6.8277983, 51.0336949], [6.8278034, 51.0336896], [6.8278134, 51.0336882], [6.8279385, 51.0336711], [6.8279458, 51.03367], [6.8289158, 51.033537], [6.8296505, 51.0334362], [6.8298887, 51.0334036], [6.8298967, 51.0334025], [6.8299375, 51.0333601], [6.8299374, 51.03336], [6.8299285, 51.0333392], [6.8298997, 51.0332719], [6.8298996, 51.0332716], [6.8298987, 51.0332693], [6.8298984, 51.0332686], [6.8298681, 51.033194], [6.8300379, 51.0332836], [6.830122, 51.0332402], [6.8301974, 51.0332013], [6.8302101, 51.0331947], [6.8302763, 51.0331605], [6.8302827, 51.0331575], [6.8303093, 51.0331452], [6.8304202, 51.0330939], [6.8323829, 51.0321871], [6.8326707, 51.0320541], [6.8334331, 51.0317017], [6.8334598, 51.0316895], [6.8336359, 51.031608], [6.8337452, 51.0315576], [6.8337859, 51.0315387], [6.836339, 51.030359], [6.8366682, 51.0302063], [6.8383407, 51.0295168], [6.8396906, 51.0289603], [6.8399062, 51.0288713], [6.8399619, 51.0288483], [6.8398641, 51.0288488], [6.8381057, 51.0281621], [6.8357284, 51.0272336], [6.8355995, 51.0271447], [6.8397851, 51.0254279], [6.8398849, 51.0254294], [6.8399466, 51.025394], [6.8399463, 51.0253939], [6.8397944, 51.0253357], [6.8398946, 51.0253389], [6.8415312, 51.0247112], [6.8408664, 51.0241151], [6.8405691, 51.0238486], [6.8370294, 51.0206775], [6.8369297, 51.0205927], [6.8369139, 51.0205829], [6.8368897, 51.0205667], [6.8368119, 51.0204972], [6.8365548, 51.0202672], [6.8362506, 51.0199952], [6.8359811, 51.0197542], [6.8356323, 51.0194423], [6.8352863, 51.0191329], [6.8352515, 51.0191019], [6.8352033, 51.0190587], [6.8351799, 51.0190379], [6.8348844, 51.0187736], [6.8348018, 51.0186998], [6.8346342, 51.0185513], [6.8342435, 51.0182055], [6.8341245, 51.0181001], [6.8341165, 51.018093], [6.8340949, 51.0180739], [6.8340823, 51.0180627], [6.8339983, 51.0179883], [6.8339609, 51.017955], [6.8339242, 51.0179218], [6.8338701, 51.0178693], [6.8338757, 51.0178681], [6.8340498, 51.0178309], [6.8340863, 51.0178227], [6.8341807, 51.017808], [6.8342219, 51.0178016], [6.8343304, 51.0177848], [6.8343479, 51.0177824], [6.8344802, 51.017765], [6.8347956, 51.0177232], [6.835477, 51.0176332], [6.8356339, 51.0176123], [6.8356583, 51.0175894], [6.8356812, 51.0175674], [6.8357559, 51.0174962], [6.8366763, 51.0166173], [6.8371335, 51.0161828], [6.8372084, 51.0161117], [6.8375092, 51.0158259], [6.8388722, 51.0145229], [6.8393406, 51.0140743], [6.8394151, 51.0140029], [6.8412836, 51.012222], [6.8412612, 51.0121983], [6.8414406, 51.0121991], [6.8415104, 51.0121447], [6.8414894, 51.012123], [6.8416039, 51.0120117], [6.8413581, 51.0120106], [6.8411378, 51.0120097], [6.8408165, 51.011996], [6.8404514, 51.0119648], [6.8401981, 51.0119326], [6.8399276, 51.0118858], [6.839797, 51.0118634], [6.8393493, 51.011757], [6.8386107, 51.011539], [6.8377246, 51.0112791], [6.837322, 51.0111511], [6.8375338, 51.0109438], [6.8375224, 51.0109392], [6.8376505, 51.0108156], [6.8382568, 51.0102494], [6.8383308, 51.0101771], [6.8385411, 51.0099716], [6.8387973, 51.0097212], [6.8392123, 51.0093546], [6.8394088, 51.0091522], [6.8394558, 51.0091039], [6.8395831, 51.0089721], [6.8403118, 51.0082767], [6.8414133, 51.0072258], [6.8418127, 51.006844], [6.8419415, 51.0067212], [6.8420245, 51.0066459], [6.8423495, 51.0063512], [6.8426838, 51.0060164], [6.8427668, 51.0059333], [6.8428475, 51.0058595], [6.8431304, 51.0056011], [6.843513, 51.0052208], [6.8436996, 51.0050425], [6.8445965, 51.0041854], [6.8446694, 51.0041157], [6.8446739, 51.0041116], [6.8447294, 51.0040891], [6.8447836, 51.004067], [6.8447668, 51.0040466], [6.8447645, 51.004044], [6.8447451, 51.0040206], [6.8447449, 51.0040204], [6.8447412, 51.0040159], [6.8443299, 51.0040666], [6.8439667, 51.0041114], [6.8437455, 51.0041385], [6.8435684, 51.004161], [6.8432482, 51.0042005], [6.8425465, 51.0042873], [6.8423396, 51.0043101], [6.8421909, 51.0043265], [6.8420121, 51.0043462], [6.8420122, 51.0043459], [6.8420125, 51.0043453], [6.8420293, 51.0043128], [6.8420291, 51.0043126], [6.8420241, 51.0043092], [6.8414865, 51.003939], [6.8405218, 51.003277], [6.8403163, 51.0031357], [6.8402514, 51.0030912], [6.8399081, 51.0028556], [6.8398354, 51.0028057], [6.8397438, 51.0027427], [6.8392677, 51.0024159], [6.8389633, 51.0022068], [6.8388717, 51.002144], [6.838421, 51.0018344], [6.8372011, 51.0009971], [6.8368408, 51.0007497], [6.8368022, 51.0007231], [6.8367965, 51.0007191], [6.8367064, 51.0006572], [6.8366556, 51.0006223], [6.8363161, 51.0003894], [6.8360209, 51.0001867], [6.8353873, 50.9997519], [6.8353307, 50.9997649], [6.8353706, 50.9996887], [6.8354298, 50.9995746], [6.835471, 50.9994937], [6.8358554, 50.9987413], [6.8361993, 50.9980678], [6.8362407, 50.9979865], [6.836385, 50.9977041], [6.8364264, 50.9976228], [6.8365103, 50.9974586], [6.8369767, 50.9966075], [6.8372847, 50.9960256], [6.8373581, 50.995887], [6.8374074, 50.9957879], [6.8375346, 50.995576], [6.8375589, 50.9955357], [6.8377081, 50.9953528], [6.8378902, 50.9951661], [6.838091, 50.9949608], [6.8381511, 50.9948697], [6.8382029, 50.9947908], [6.8388844, 50.9937561], [6.8390304, 50.9936199], [6.8391106, 50.9935451], [6.8391434, 50.9935144], [6.8391695, 50.9934901], [6.8391953, 50.9933615], [6.8392057, 50.993309], [6.8392227, 50.9932243], [6.8394024, 50.9923261], [6.839498, 50.9919496], [6.8395567, 50.9917188], [6.83956, 50.991557], [6.8395341, 50.9914401], [6.8394267, 50.9910766], [6.8394806, 50.990963], [6.8394845, 50.9909544], [6.8395415, 50.9909091], [6.8396954, 50.9907835], [6.8403279, 50.9904339], [6.8404829, 50.9903709], [6.840735, 50.9902679], [6.8407894, 50.9902719], [6.8408311, 50.9902749], [6.8413503, 50.9900731], [6.8414619, 50.9900172], [6.8415572, 50.9899504], [6.8416969, 50.9898219], [6.8418156, 50.9897002], [6.8426913, 50.9894258], [6.8444444, 50.9888765], [6.844565, 50.9888387], [6.8445726, 50.9888363], [6.8446235, 50.9888203], [6.8445703, 50.988748], [6.8445545, 50.9887265], [6.8433177, 50.9870875], [6.8432618, 50.9871046], [6.8432564, 50.9871], [6.8432549, 50.9870988], [6.8432545, 50.9870985], [6.8432535, 50.9870976], [6.8419897, 50.9860258], [6.8407127, 50.9849428], [6.8406218, 50.9848656], [6.840541, 50.9847972], [6.839799, 50.9841677], [6.8397182, 50.9840992], [6.8396477, 50.9840394], [6.8394388, 50.9838624], [6.8387321, 50.9832628], [6.8386636, 50.9832048], [6.8386417, 50.9831864], [6.8384447, 50.9830191], [6.8384387, 50.9830144], [6.8385561, 50.9829522], [6.8389338, 50.982752], [6.8394372, 50.9824873], [6.8390374, 50.9821452], [6.8382441, 50.9814658], [6.8382365, 50.9814598], [6.8381994, 50.9814308], [6.8373472, 50.9807147], [6.8370275, 50.980446], [6.8369216, 50.9803571], [6.8369215, 50.980357], [6.8369214, 50.9803561], [6.836921, 50.9803517], [6.8369059, 50.9802032], [6.8368872, 50.9801918], [6.8366159, 50.9800269], [6.8365185, 50.9799676], [6.8361414, 50.9797382], [6.8347356, 50.9788832], [6.8344756, 50.978725], [6.8344483, 50.9787085], [6.8342899, 50.9786126], [6.8341925, 50.9785534], [6.8328064, 50.9777105], [6.8328028, 50.9777083], [6.8327542, 50.9776788], [6.8326533, 50.9776175], [6.8325497, 50.9775544], [6.832506, 50.9775267], [6.8324993, 50.9775225], [6.8324885, 50.9775157], [6.8324865, 50.9775144], [6.8324864, 50.9775143], [6.8324204, 50.9775748], [6.8324175, 50.9775776], [6.8324174, 50.9775776], [6.832411, 50.9775367], [6.8321198, 50.9773587], [6.8320228, 50.9772995], [6.8319449, 50.9772519], [6.8292042, 50.9755783], [6.8289676, 50.9754338], [6.8280594, 50.9748793], [6.8279636, 50.9748207], [6.8279155, 50.9747914], [6.8278601, 50.9747576], [6.8278589, 50.9747569], [6.8278588, 50.9747568], [6.8278641, 50.9747511], [6.8278994, 50.9747116], [6.8279255, 50.9746563], [6.8279535, 50.9745968], [6.8279608, 50.9745899], [6.8281299, 50.9744307], [6.8282958, 50.9742744], [6.8290143, 50.9735971], [6.8290378, 50.9735751], [6.8290533, 50.9735605], [6.8294745, 50.9731633], [6.8299306, 50.9727334], [6.8299901, 50.9726774], [6.8300629, 50.9726088], [6.830109, 50.9725632], [6.8301116, 50.9725606], [6.8302355, 50.9724318], [6.8302706, 50.9723953], [6.8304984, 50.9721586], [6.8305025, 50.9721546], [6.8305029, 50.9721541], [6.8305087, 50.9721486], [6.8305248, 50.9721332], [6.8306014, 50.9720602], [6.8306016, 50.97206], [6.8306385, 50.9720248], [6.8307182, 50.9719489], [6.8307181, 50.9719489], [6.8307165, 50.9719486], [6.8306482, 50.9719341], [6.8305618, 50.9719383], [6.8305617, 50.9719383], [6.8305585, 50.9719385], [6.8304642, 50.9718776], [6.8304641, 50.9718776], [6.8304341, 50.9718583], [6.8304041, 50.9718389], [6.8303879, 50.9718285], [6.8303742, 50.9718196], [6.8303657, 50.9718141], [6.8303441, 50.9718003], [6.8303141, 50.9717809], [6.8302241, 50.971723], [6.8302011, 50.9717081], [6.8301345, 50.9716651], [6.8300785, 50.9716292], [6.8300348, 50.9716013], [6.8299788, 50.971565], [6.8298133, 50.9714581], [6.8295886, 50.9713132], [6.8295629, 50.9712966], [6.8293225, 50.9711417], [6.8293224, 50.9711416], [6.8291151, 50.971008], [6.8289485, 50.9709006], [6.828945, 50.9708983], [6.8279918, 50.9702837], [6.8278978, 50.970223], [6.8278919, 50.9702194], [6.82782, 50.9700989], [6.8278192, 50.9700975], [6.8277742, 50.9701403], [6.8277344, 50.9701782], [6.8277326, 50.9701799], [6.8276815, 50.9701474], [6.8276754, 50.9701435], [6.8276494, 50.9701268], [6.8275811, 50.970083], [6.8269524, 50.96968], [6.826699, 50.9695176], [6.8263685, 50.9693059], [6.8262686, 50.9692419], [6.8258651, 50.9689832], [6.8257654, 50.9689192], [6.8254081, 50.9686902], [6.8252387, 50.9685817], [6.8248197, 50.968313], [6.8238681, 50.967703], [6.8238629, 50.9676996], [6.8238352, 50.9676819], [6.8237382, 50.9676604], [6.8237381, 50.9676604], [6.8237848, 50.9676298], [6.8237884, 50.9676275], [6.8238277, 50.9676019], [6.8238278, 50.9676018], [6.8237409, 50.9676067], [6.8237235, 50.9676078], [6.8237206, 50.967608], [6.8233455, 50.9674382], [6.8231995, 50.9673722], [6.822646, 50.967122], [6.8219205, 50.9667938], [6.8218454, 50.9667598], [6.8214402, 50.9665765], [6.8194576, 50.9656881], [6.8191239, 50.9655385], [6.8191161, 50.965535], [6.8189576, 50.9654522], [6.8188257, 50.9653539], [6.8187345, 50.9652588], [6.8187203, 50.9652441], [6.8187202, 50.965244], [6.8186988, 50.9652069], [6.8186503, 50.965123], [6.8186322, 50.965073], [6.8186132, 50.9650201], [6.8186049, 50.9649972], [6.818601, 50.96487], [6.8186179, 50.9648015], [6.8186322, 50.9647433], [6.818697, 50.9646208], [6.8187011, 50.9646156], [6.8188101, 50.9644771], [6.8189056, 50.9643556], [6.8190219, 50.9642077], [6.8196249, 50.9634414], [6.8196994, 50.9633465], [6.8197086, 50.9633349], [6.8197595, 50.9632701], [6.8205375, 50.9622806], [6.8210282, 50.9616565], [6.821029, 50.9616555], [6.8210872, 50.9615815], [6.8211038, 50.9615604], [6.821137, 50.9615182], [6.8211376, 50.9615174], [6.8211787, 50.961514], [6.8211933, 50.9615131], [6.8212143, 50.961512], [6.8212158, 50.9615106], [6.8213148, 50.9614222], [6.8212562, 50.9613785], [6.8212358, 50.9613633], [6.8212193, 50.9613509], [6.8212163, 50.9613486], [6.8210134, 50.9611971], [6.8209893, 50.9611791], [6.820977, 50.9611545], [6.8210183, 50.9611017], [6.8210781, 50.9610257], [6.8234284, 50.9580367], [6.8237532, 50.9576367], [6.8241367, 50.9571795], [6.8241998, 50.9571044], [6.8242486, 50.9570462], [6.8240635, 50.956985], [6.8239443, 50.9569455], [6.8230566, 50.9566531], [6.8227809, 50.9565403], [6.8220194, 50.9562499], [6.8216408, 50.956091], [6.821181, 50.9558842], [6.8206898, 50.9556366], [6.8204303, 50.9555057], [6.8196562, 50.9550628], [6.8178863, 50.953971], [6.8177122, 50.9538636], [6.8178063, 50.9538028], [6.8178486, 50.9537755], [6.8178503, 50.9537744], [6.8179104, 50.9537357], [6.8175654, 50.9535224], [6.8171208, 50.9532829], [6.816866, 50.9531568], [6.816799, 50.9531237], [6.8167816, 50.9531151], [6.816701, 50.9530752], [6.8158168, 50.9527794], [6.8153183, 50.952676], [6.8156621, 50.9524289], [6.8156637, 50.9524277], [6.8156958, 50.9524046], [6.8158535, 50.9522992], [6.815946, 50.9522375], [6.8159557, 50.952231], [6.8159558, 50.9522309], [6.8159963, 50.9522038], [6.8159994, 50.9522017], [6.8160051, 50.9521979], [6.8161206, 50.9521368], [6.8162374, 50.9520774], [6.8163311, 50.9519967], [6.816337, 50.9519944], [6.816341, 50.9519929], [6.8163534, 50.9519883], [6.816433, 50.9519599], [6.8164035, 50.9519392], [6.8164027, 50.9519387], [6.8163287, 50.9518867], [6.81616, 50.9517688], [6.8161326, 50.9517496], [6.8161184, 50.9517397], [6.8158252, 50.9515098], [6.8151319, 50.9509666], [6.8143322, 50.9503177], [6.8142889, 50.9502826], [6.8139473, 50.95001], [6.8136814, 50.9497977], [6.8135974, 50.9497308], [6.8135624, 50.9497028], [6.8135163, 50.949666], [6.8125393, 50.9488864], [6.8124847, 50.9488427], [6.8118015, 50.9482851], [6.8117179, 50.9482169], [6.8115568, 50.9482399], [6.8109963, 50.9483203], [6.8094997, 50.9485349], [6.809541, 50.9484929], [6.8125012, 50.9454805], [6.8124831, 50.9454782], [6.8123513, 50.945461], [6.8115541, 50.9453247], [6.8115399, 50.9453223], [6.8114541, 50.9453076], [6.8114411, 50.9453054], [6.8113327, 50.9452869], [6.8113333, 50.9452858], [6.8113527, 50.9452437], [6.8113533, 50.9452424], [6.8119931, 50.943773], [6.8120287, 50.943691], [6.8120309, 50.9436859], [6.8120437, 50.9436558], [6.8120458, 50.9436511], [6.8120881, 50.9435566], [6.8120937, 50.9435444], [6.8120984, 50.9435337], [6.8121034, 50.9435226], [6.8121152, 50.943495], [6.8121181, 50.9434881], [6.8121943, 50.9433133], [6.8126059, 50.9423702], [6.8126437, 50.9422831], [6.812663, 50.94224], [6.812663, 50.9422399], [6.8126686, 50.9422356], [6.8127566, 50.9421714], [6.8143088, 50.9410318], [6.8143272, 50.9409626], [6.8144233, 50.9406017], [6.813045, 50.9404556], [6.8130443, 50.9404549], [6.8129856, 50.9404494], [6.8117102, 50.940313], [6.8116142, 50.940301], [6.811514, 50.9402887], [6.8114937, 50.9402878], [6.8113575, 50.9402815], [6.8113498, 50.9402812], [6.8113354, 50.9402795], [6.8113347, 50.9402794], [6.8097637, 50.9400948], [6.8079723, 50.9399289], [6.8077115, 50.9399048], [6.8064032, 50.9397836], [6.8052848, 50.93968], [6.8052836, 50.9396175], [6.8052832, 50.9395964], [6.805283, 50.9395908], [6.8052829, 50.9395841], [6.8052822, 50.9395424], [6.8052817, 50.9395217], [6.805281, 50.9394876], [6.8052808, 50.9394876], [6.8052788, 50.9394874], [6.8052142, 50.9394807], [6.80508, 50.9394671], [6.8050715, 50.9394663], [6.8051169, 50.9390256], [6.8051413, 50.9387894], [6.8051505, 50.9386991], [6.8051526, 50.9386782], [6.8052657, 50.9386824], [6.8054007, 50.938687], [6.805401, 50.938687], [6.8055581, 50.9386922], [6.8057992, 50.9387003], [6.8069679, 50.9387397], [6.8077295, 50.9387653], [6.8091576, 50.9388133], [6.8092671, 50.9388119], [6.8094075, 50.93881], [6.809719, 50.9388059], [6.8098798, 50.9388038], [6.810495, 50.9387955], [6.8110253, 50.9387904], [6.8110287, 50.9387903], [6.8114044, 50.9387838], [6.8119933, 50.9387736], [6.8121046, 50.9387719], [6.8121442, 50.9387713], [6.8121528, 50.9387712], [6.8122107, 50.9387704], [6.8122655, 50.9387696], [6.81229, 50.9387692], [6.8134693, 50.938752], [6.8138647, 50.9387462], [6.8139997, 50.9387442], [6.8142147, 50.9387411], [6.8147394, 50.9387334], [6.8152661, 50.9387235], [6.8153931, 50.9387211], [6.8155501, 50.9387182], [6.8156836, 50.9387163], [6.8159709, 50.9387121], [6.8165506, 50.9387038], [6.8171316, 50.9386953], [6.8174268, 50.9386908], [6.8178216, 50.9386846], [6.817857, 50.9385005], [6.8178557, 50.9384139], [6.817819, 50.9369051], [6.8178099, 50.9365397], [6.8178099, 50.9365372], [6.81776, 50.9342931], [6.8177231, 50.9329043], [6.8206971, 50.9328845], [6.8209233, 50.9324549], [6.8209566, 50.9323935], [6.8210221, 50.9322716], [6.8210429, 50.9322338], [6.8210839, 50.9321584], [6.8211463, 50.9320436], [6.8212736, 50.9318084], [6.8213172, 50.9317282], [6.8213198, 50.9317231], [6.8216424, 50.9311283], [6.8217112, 50.9310017], [6.8218299, 50.9307461], [6.821882, 50.9306339], [6.8218748, 50.9306309], [6.8216124, 50.930516], [6.8214586, 50.9304487], [6.8212777, 50.9303561], [6.8211968, 50.9303012], [6.8211461, 50.9302668], [6.8210699, 50.9301921], [6.8210055, 50.930098], [6.8209532, 50.9299827], [6.8209269, 50.9298864], [6.8209248, 50.9298797], [6.8209339, 50.9298355], [6.8209313, 50.9298139], [6.820928, 50.9297849], [6.820926, 50.9297692], [6.8209237, 50.9297489], [6.8209197, 50.9297157], [6.8209193, 50.929712], [6.8209074, 50.9296108], [6.8209061, 50.9296006], [6.8209036, 50.9295783], [6.8208899, 50.9294634], [6.820883, 50.9294041], [6.8208825, 50.9294002], [6.8208807, 50.9293842], [6.8209347, 50.9293817], [6.8210016, 50.9293786], [6.8210575, 50.9293761], [6.8220077, 50.9293094], [6.8221214, 50.9293118], [6.8221727, 50.9293129], [6.8224536, 50.9292944], [6.8230339, 50.9292563], [6.8231881, 50.9292461], [6.8234503, 50.9292242], [6.8235685, 50.9292154], [6.8237021, 50.9292034], [6.8237696, 50.9291974], [6.8238926, 50.9291871], [6.8243054, 50.9291526], [6.8243719, 50.9291473], [6.8244674, 50.9291398], [6.8252656, 50.9290767], [6.8265656, 50.9289673], [6.8267066, 50.9289534], [6.8276848, 50.9288575], [6.8288023, 50.9287276], [6.8300593, 50.9285829], [6.8302016, 50.9285665], [6.8321299, 50.9282815], [6.8322676, 50.9282602], [6.8324187, 50.9282368], [6.8332282, 50.9281112], [6.8335492, 50.9280588], [6.8335671, 50.9280559], [6.8343291, 50.9279316], [6.8354247, 50.9277482], [6.8362109, 50.9276126], [6.836341, 50.92759], [6.8364199, 50.9275823], [6.8365579, 50.9275532], [6.8377779, 50.9273447], [6.8384274, 50.9271939], [6.838553, 50.9271647], [6.8392097, 50.9270123], [6.8393593, 50.9269775], [6.8398229, 50.9268692], [6.8399283, 50.9268446], [6.8400364, 50.9268194], [6.8402159, 50.9267774], [6.8404104, 50.926732], [6.8411349, 50.9264315], [6.8414282, 50.9262865], [6.8418964, 50.9260217], [6.8423441, 50.9256491], [6.8427091, 50.9251482], [6.8427433, 50.9250608], [6.8428613, 50.9247599], [6.8428784, 50.9247163], [6.8429739, 50.9244076], [6.8430157, 50.9240923], [6.8430121, 50.9240459], [6.8429808, 50.9236263], [6.8429779, 50.923589], [6.8429746, 50.9235772], [6.8428504, 50.9231335], [6.842614, 50.9225111], [6.8424736, 50.9220644], [6.8424459, 50.9219523], [6.8423622, 50.9216178], [6.8422996, 50.921323], [6.8422817, 50.9212383], [6.8422271, 50.9208476], [6.8421598, 50.920005], [6.8421524, 50.9199138], [6.8421284, 50.9197802], [6.8420557, 50.9196499], [6.8420117, 50.9195932], [6.8419647, 50.9195324], [6.8418474, 50.9194264], [6.8417553, 50.9193589], [6.8413872, 50.9190888], [6.8412516, 50.9189755], [6.8411198, 50.9188375], [6.8410344, 50.9186908], [6.8409904, 50.9185524], [6.8409844, 50.9184061], [6.8410207, 50.9182497], [6.8413386, 50.917624], [6.8413821, 50.9175385], [6.8413507, 50.9174395], [6.8413695, 50.9174392], [6.8414081, 50.9174382], [6.8414738, 50.9174365], [6.8414508, 50.9174033], [6.8414205, 50.9173722], [6.8413934, 50.9173517], [6.841375, 50.9173376], [6.8413215, 50.9173078], [6.8412621, 50.9172822], [6.8412002, 50.917261], [6.8411349, 50.9172426], [6.8410686, 50.9172257], [6.8410767, 50.9172275], [6.8412058, 50.9172566], [6.8413076, 50.9172795], [6.8414842, 50.9173194], [6.8416663, 50.9173582], [6.8417566, 50.9173779], [6.8422224, 50.9174738], [6.8422307, 50.9174755], [6.8430214, 50.9176373], [6.8430388, 50.9176031], [6.8430526, 50.9175761], [6.8430811, 50.9175202], [6.8431224, 50.9174387], [6.8431263, 50.9174313], [6.843143, 50.9173988], [6.8431612, 50.9173627], [6.843153, 50.9173611], [6.8428759, 50.9173047], [6.8427545, 50.9172769], [6.8427273, 50.9172656], [6.8427043, 50.9172476], [6.8426808, 50.9171862], [6.8426424, 50.9171145], [6.8427486, 50.9171135], [6.842833, 50.9170749], [6.8428375, 50.9170704], [6.8429112, 50.9169989], [6.8429768, 50.9169352], [6.8430416, 50.9168421], [6.843095, 50.9167381], [6.8432383, 50.9165885], [6.8435032, 50.9162255], [6.8435524, 50.9161463], [6.8437872, 50.9157685], [6.8437949, 50.9157595], [6.8440095, 50.9155036], [6.8443261, 50.9151607], [6.844364, 50.9151196], [6.8443812, 50.915102], [6.8444354, 50.9150457], [6.8444377, 50.9150433], [6.8445807, 50.9150636], [6.844721, 50.9150835], [6.8447213, 50.9150835], [6.844886, 50.9148938], [6.8445615, 50.9148315], [6.8445732, 50.914806], [6.8446141, 50.9147169], [6.8446103, 50.914716], [6.8446137, 50.9147106], [6.8446278, 50.9146872], [6.8446431, 50.9146622], [6.8446891, 50.9145866], [6.8446932, 50.9145817], [6.8447571, 50.9145058], [6.8447782, 50.9144806], [6.8449136, 50.9143279], [6.8451717, 50.9139852], [6.8452258, 50.9139069], [6.8454527, 50.9135785], [6.8454668, 50.913556], [6.8454699, 50.9135509], [6.8455194, 50.9134718], [6.8456652, 50.9132382], [6.8459297, 50.9127783], [6.8461534, 50.9123617], [6.8463839, 50.9118993], [6.8463865, 50.9118942], [6.8463458, 50.9118352], [6.8463438, 50.9118321], [6.8466767, 50.9119323], [6.8467007, 50.9118707], [6.846506, 50.9118079], [6.8466905, 50.9113224], [6.8466946, 50.9113035], [6.8469241, 50.910236], [6.8469553, 50.9097479], [6.8473025, 50.9096036], [6.8477163, 50.9094321], [6.8477135, 50.9093577], [6.8477113, 50.9093063], [6.8477064, 50.9091752], [6.8477031, 50.90909], [6.8477028, 50.9090859], [6.847855, 50.9090231], [6.8484716, 50.9087685], [6.8485899, 50.9087196], [6.8512314, 50.9076296], [6.8514588, 50.9075358], [6.853992, 50.9064903], [6.855111, 50.9060284], [6.855158, 50.9060088], [6.8551741, 50.9060022], [6.8551814, 50.9059993], [6.8552936, 50.9059529], [6.8569523, 50.9052685], [6.8569767, 50.9052585], [6.8569997, 50.9052489], [6.8570847, 50.9052139], [6.8571065, 50.9052049], [6.8603333, 50.9038723], [6.8604455, 50.9038261], [6.8604528, 50.9038231], [6.8604601, 50.9038257], [6.8605757, 50.9038694], [6.8612481, 50.904123], [6.8615428, 50.9042321], [6.8618452, 50.9043406], [6.861912, 50.9043622], [6.86193, 50.9043679], [6.8619726, 50.9043818], [6.8621803, 50.9044465], [6.8624529, 50.9045296], [6.8627807, 50.9046238], [6.8630672, 50.9046977], [6.8638387, 50.904891], [6.8640788, 50.9049451], [6.8645238, 50.9050301], [6.8645868, 50.9050421], [6.864599, 50.9050445], [6.8646169, 50.9050479], [6.8647518, 50.9050734], [6.8648142, 50.9050892], [6.8648751, 50.9051044], [6.8649662, 50.9051273], [6.8651087, 50.9051632], [6.8652035, 50.905174], [6.8652119, 50.905175], [6.8652365, 50.905181], [6.8653457, 50.9052078], [6.8656543, 50.9052833], [6.8658304, 50.9053162], [6.8660342, 50.9053725], [6.8660342, 50.9053724], [6.8660369, 50.9053689], [6.8662266, 50.9054215], [6.8662269, 50.9054216], [6.8662309, 50.9054167], [6.8662371, 50.905409], [6.8662821, 50.9053518], [6.8662902, 50.9053415], [6.8662967, 50.9053332], [6.8662975, 50.9053323], [6.8662996, 50.9053296], [6.8663015, 50.9053258], [6.866304, 50.9053209], [6.8663132, 50.9053233], [6.8665754, 50.9053865], [6.8669919, 50.9055119], [6.8675292, 50.9056781], [6.8675354, 50.9056798], [6.8675758, 50.9056944], [6.867785, 50.9057665], [6.8678926, 50.9058053], [6.869656, 50.9064412], [6.8697727, 50.9064833], [6.8703105, 50.9066772], [6.8705912, 50.9067847], [6.8708177, 50.9068771], [6.8709779, 50.9069448], [6.872585, 50.9076484], [6.8726963, 50.9076968], [6.8735047, 50.9080492], [6.8736151, 50.9080973], [6.8736239, 50.9081011], [6.8738382, 50.9081975], [6.8739391, 50.908247], [6.8740183, 50.9082945], [6.8753971, 50.9092419], [6.8762303, 50.9098291], [6.8767624, 50.9102041], [6.877113, 50.9104635], [6.8771845, 50.9105018], [6.8775235, 50.9106829], [6.8780294, 50.9109284], [6.8784372, 50.9110809], [6.8797318, 50.9115025], [6.8798182, 50.9115306], [6.879851, 50.9115412], [6.8798915, 50.9115541], [6.8799968, 50.9115756], [6.880107, 50.9115332], [6.8808968, 50.911182], [6.8825402, 50.9104403], [6.8826497, 50.9103909], [6.8842837, 50.9096485], [6.8851481, 50.9092558], [6.8851551, 50.9092526], [6.8852232, 50.9091276], [6.8852235, 50.909127], [6.885226, 50.9091223], [6.885282, 50.9090998], [6.8853174, 50.9090856], [6.8853339, 50.909079], [6.8853342, 50.9090789], [6.8853473, 50.9090736], [6.8854193, 50.9090718], [6.8855257, 50.9090691], [6.8856003, 50.9090404], [6.8857144, 50.9089861], [6.8868946, 50.9084234], [6.8869351, 50.9084274], [6.8872398, 50.9083113], [6.8873491, 50.908262], [6.8888486, 50.9075864], [6.8896774, 50.9072102], [6.8903141, 50.9069047], [6.8904718, 50.9068496], [6.8910948, 50.9065614], [6.891386, 50.9064266], [6.8921621, 50.9060674], [6.8922693, 50.9060177], [6.8923386, 50.905986], [6.8923464, 50.9059825], [6.8929351, 50.905716], [6.8931565, 50.9056158], [6.8939837, 50.9052414], [6.8940933, 50.9051918], [6.8941023, 50.9051877], [6.8950212, 50.9047718], [6.8957405, 50.9044462], [6.8969559, 50.9038919], [6.897492, 50.9036289], [6.897594, 50.9035957], [6.8976008, 50.9035925], [6.8977098, 50.9035431], [6.8983112, 50.9032704], [6.8990233, 50.9029476], [6.8992126, 50.9028605], [6.8996178, 50.9026691], [6.9003145, 50.9023408], [6.9008235, 50.9021045], [6.9013556, 50.9018707], [6.9014085, 50.9018681], [6.9016719, 50.9017444], [6.9016714, 50.9017441], [6.9016298, 50.901722], [6.9016604, 50.9016993], [6.9017772, 50.901658], [6.901937, 50.9015841], [6.9019665, 50.9015698], [6.901969, 50.9015686], [6.9020427, 50.9015327], [6.9021497, 50.9014809], [6.9030153, 50.9010803], [6.9030154, 50.9010802], [6.9031017, 50.9010403], [6.9032003, 50.9009947], [6.9032073, 50.9009914], [6.9032079, 50.9009911], [6.9033034, 50.9009471], [6.9033177, 50.9009406], [6.9033502, 50.9009634], [6.9033527, 50.9009651], [6.9034125, 50.9010068], [6.9034126, 50.9010068], [6.9034587, 50.9009858], [6.9034679, 50.9009816], [6.9035862, 50.9009278], [6.9035854, 50.9009271], [6.9035526, 50.9008959], [6.903546, 50.9008894], [6.9035459, 50.9008894], [6.9035397, 50.9008834], [6.9035343, 50.9008548], [6.9036157, 50.9008085], [6.9036222, 50.9008049], [6.9037221, 50.9007482], [6.9039812, 50.900601], [6.9040815, 50.9005441], [6.9040871, 50.9005408], [6.9040877, 50.9005404], [6.9047168, 50.9002429], [6.9052186, 50.9000094], [6.9053674, 50.8999401], [6.9057223, 50.899889], [6.9059125, 50.8998247], [6.9078294, 50.8989496], [6.907939, 50.8988997], [6.9079583, 50.8988864], [6.9081431, 50.8987593], [6.9082425, 50.898703], [6.9082537, 50.8986966], [6.908339, 50.898721], [6.9083393, 50.898721], [6.9083689, 50.8987496], [6.908375, 50.8987555], [6.9083754, 50.8987559], [6.9083773, 50.8987575], [6.9083779, 50.898758], [6.9084221, 50.8987383], [6.9085885, 50.8986629], [6.9085571, 50.8986263], [6.9085474, 50.8986079], [6.9085159, 50.8985474], [6.9086327, 50.8984959], [6.9087434, 50.898447], [6.9089806, 50.8983423], [6.9089875, 50.8983392], [6.9090331, 50.898319], [6.9090937, 50.8983438], [6.909094, 50.898344], [6.9091575, 50.8984048], [6.9091988, 50.8983865], [6.9092284, 50.8983732], [6.90925, 50.8983634], [6.9092898, 50.8983454], [6.9093711, 50.8983085], [6.9093989, 50.8982959], [6.9094075, 50.898292], [6.9094025, 50.8982872], [6.9091978, 50.8980921], [6.9091519, 50.8980483], [6.9091092, 50.8980076], [6.9090015, 50.8979047], [6.9085445, 50.8974711], [6.9085071, 50.8974356], [6.9084445, 50.8973763], [6.9082491, 50.8971911], [6.9081389, 50.8970866], [6.9080088, 50.8969646], [6.9079331, 50.8968937], [6.9079328, 50.8968934], [6.9079322, 50.8968929], [6.907928, 50.8968889], [6.9079573, 50.8968771], [6.9079638, 50.8968744], [6.9079687, 50.8968724], [6.9080083, 50.8968562], [6.9080184, 50.8968521], [6.9080223, 50.8968544], [6.9080246, 50.8968557], [6.9084192, 50.8970837], [6.9084616, 50.8971083], [6.9086396, 50.8971539], [6.9086671, 50.8971502], [6.908686, 50.8971477], [6.9088953, 50.8971196], [6.9089031, 50.897117], [6.9092377, 50.8970059], [6.9100067, 50.8966395], [6.9107289, 50.8962811], [6.9107337, 50.8962787], [6.9107356, 50.8962777], [6.9108002, 50.8962568], [6.9109617, 50.8962046], [6.9110844, 50.8961713], [6.9112031, 50.8961581], [6.9112771, 50.8961568], [6.9113911, 50.8961549], [6.9115328, 50.8961676], [6.9116761, 50.8961805], [6.9119793, 50.8962196], [6.9123399, 50.8962799], [6.9127056, 50.8963306], [6.9128823, 50.8963337], [6.9130138, 50.8963142], [6.9131267, 50.8962976], [6.9132658, 50.8962621], [6.91402, 50.8959808], [6.9146286, 50.8957283], [6.91486, 50.89563], [6.9152051, 50.8954835], [6.9153166, 50.8954361], [6.9153521, 50.8954211], [6.9159019, 50.8951698], [6.9162178, 50.8950254], [6.9167567, 50.894782], [6.9171217, 50.8946171], [6.9172382, 50.8945645], [6.9176189, 50.8943956], [6.9180058, 50.8942195], [6.9181231, 50.8941663], [6.9183978, 50.8940326], [6.9185286, 50.8939588], [6.9188015, 50.8937905], [6.9188982, 50.8937309], [6.9189731, 50.8937083], [6.9191411, 50.8936793], [6.9192064, 50.8936522], [6.9193775, 50.893556], [6.9195799, 50.8934371], [6.9197345, 50.8933538], [6.9197606, 50.8933398], [6.91986, 50.8932975], [6.9199838, 50.8932448], [6.9199806, 50.89324], [6.9199199, 50.8931501], [6.9197446, 50.892929], [6.9198219, 50.8928359], [6.9193221, 50.8921357], [6.9192375, 50.8921726], [6.919181, 50.8920924], [6.9191268, 50.8920154], [6.9182118, 50.8907171], [6.9181544, 50.8906355], [6.9181723, 50.8906305], [6.9182016, 50.8906222], [6.9181439, 50.8905399], [6.9177754, 50.8900143], [6.9173081, 50.8893473], [6.9166849, 50.8884536], [6.9162288, 50.8877924], [6.916171, 50.8877086], [6.9161398, 50.8877193], [6.9160861, 50.8876363], [6.9159436, 50.887416], [6.915881, 50.8873193], [6.9158409, 50.8872707], [6.9158278, 50.8872548], [6.9156915, 50.8870893], [6.9156368, 50.8870111], [6.9153594, 50.886613], [6.9150951, 50.8862358], [6.9149843, 50.8860773], [6.9148968, 50.8859521], [6.9148357, 50.8858648], [6.9147781, 50.8857822], [6.9145767, 50.8854939], [6.9143424, 50.8851161], [6.9142575, 50.8849786], [6.9141354, 50.8847824], [6.9140151, 50.8845886], [6.91386, 50.8843109], [6.9138126, 50.8842262], [6.913759, 50.8841303], [6.9129026, 50.882689], [6.9128992, 50.8826832], [6.9128734, 50.8826388], [6.9128583, 50.8826135], [6.9132133, 50.8825334], [6.9133206, 50.8825099], [6.9134551, 50.8824796], [6.913563, 50.8824558], [6.9135626, 50.8824552], [6.9135258, 50.8824007], [6.9135673, 50.8823845], [6.9136459, 50.8823539], [6.9137638, 50.8822958], [6.913774, 50.8822893], [6.9138641, 50.8822319], [6.9139501, 50.8821576], [6.9140008, 50.8820921], [6.9140109, 50.882079], [6.9140143, 50.8820747], [6.9140581, 50.8819868], [6.9140762, 50.8818949], [6.9140782, 50.8818028], [6.9140591, 50.8817113], [6.9140452, 50.8816759], [6.914024, 50.8816218], [6.913965, 50.8814966], [6.9139646, 50.8814959], [6.9137056, 50.8809468], [6.9136671, 50.8808654], [6.9136635, 50.8808576], [6.9136103, 50.8807345], [6.9135716, 50.8806302], [6.9135632, 50.8806078], [6.9135228, 50.8804793], [6.913496, 50.8803497], [6.9134846, 50.8802193], [6.9134841, 50.8801604], [6.9134836, 50.8800885], [6.9134963, 50.8799578], [6.913519, 50.8798282], [6.9137558, 50.8786452], [6.9137727, 50.8785608], [6.9139626, 50.8776111], [6.9139767, 50.8775416], [6.9139796, 50.8775269], [6.9139815, 50.8775177], [6.9139975, 50.8774361], [6.9140284, 50.8772842], [6.9140637, 50.877178], [6.9140919, 50.8771465], [6.9141348, 50.8771229], [6.914187, 50.8771096], [6.9142413, 50.8771132], [6.9142191, 50.8771018], [6.9140784, 50.8770301], [6.9140311, 50.877008], [6.914024, 50.8770053], [6.9140045, 50.876998], [6.9140523, 50.8769333], [6.9140714, 50.8769416], [6.9140836, 50.8769295], [6.914111, 50.8768923], [6.9142, 50.8767805], [6.9142076, 50.8767709], [6.9142492, 50.8767168], [6.9142664, 50.8766945], [6.9143689, 50.8765617], [6.9144007, 50.8765173], [6.9144443, 50.876464], [6.9147376, 50.876158], [6.9151544, 50.8757221], [6.9156797, 50.8751742], [6.9160864, 50.8747514], [6.9161526, 50.8746824], [6.9161818, 50.8746523], [6.916527, 50.8742995], [6.9166092, 50.8742127], [6.9166782, 50.8741399], [6.9168069, 50.8740038], [6.9168802, 50.873926], [6.9169299, 50.8738732], [6.9171483, 50.8736414], [6.9172487, 50.8735347], [6.9173465, 50.8734334], [6.9175262, 50.8732468], [6.9176006, 50.8731696], [6.9176669, 50.8731008], [6.9176947, 50.8730669], [6.9178357, 50.8728913], [6.9179666, 50.8727288], [6.9180315, 50.872648], [6.9181606, 50.8724877], [6.9182091, 50.8724273], [6.9186996, 50.8718172], [6.9187595, 50.8717427], [6.9192711, 50.8711064], [6.9193565, 50.8710002], [6.9205587, 50.8698052], [6.9210458, 50.8694256], [6.9211047, 50.8693797], [6.9214445, 50.8691148], [6.9215974, 50.8689617], [6.9216649, 50.8688724], [6.9217015, 50.8688242], [6.9217667, 50.8687379], [6.9218085, 50.8686826], [6.9219112, 50.8685469], [6.9219132, 50.8685445], [6.921915, 50.868542], [6.9219464, 50.8684742], [6.9219656, 50.8684328], [6.9220704, 50.8682054], [6.9222322, 50.8678573], [6.9223066, 50.8676971], [6.9223801, 50.8675331], [6.9225893, 50.8670674], [6.9226281, 50.8669807], [6.9226507, 50.8668955], [6.9226729, 50.8668113], [6.9227485, 50.8665241], [6.9227823, 50.866396], [6.9228067, 50.8663034], [6.9228372, 50.8661877], [6.9228599, 50.8661016], [6.9228784, 50.8660312], [6.9231156, 50.8655739], [6.9231601, 50.8654879], [6.9231977, 50.8654627], [6.9232481, 50.8654289], [6.9232296, 50.8654206], [6.9231712, 50.8653949], [6.9230975, 50.8653954], [6.9230896, 50.8653935], [6.9229056, 50.865351], [6.9224628, 50.8652487], [6.9220326, 50.8651229], [6.9217676, 50.8649647], [6.9215954, 50.864834], [6.9215352, 50.8647882], [6.9214279, 50.8646889], [6.9213898, 50.8646536], [6.9213143, 50.8645838], [6.9212737, 50.8645462], [6.9210568, 50.8643454], [6.9209706, 50.8642657], [6.9207149, 50.8640289], [6.9206226, 50.8639361], [6.9205403, 50.8638531], [6.9202926, 50.8636037], [6.9202075, 50.863518], [6.9201323, 50.8634424], [6.9201428, 50.8633849], [6.9201006, 50.8633341], [6.9200313, 50.8633294], [6.9200272, 50.8633246], [6.9199665, 50.863249], [6.9194408, 50.8625953], [6.9192044, 50.8623414], [6.919132, 50.8622635], [6.9189096, 50.8620602], [6.9182635, 50.8614678], [6.918075, 50.861289], [6.9178729, 50.8610976], [6.9176678, 50.8609026], [6.9175927, 50.8608315], [6.9175879, 50.860827], [6.917556, 50.8607967], [6.9175508, 50.8607876], [6.9175335, 50.8607567], [6.9175111, 50.8607169], [6.917463, 50.8606318], [6.9171183, 50.8600195], [6.9170767, 50.8599387], [6.916572, 50.8589552], [6.9164771, 50.8587708], [6.916433, 50.8586849], [6.9164109, 50.8586521], [6.9163574, 50.8585732], [6.9164356, 50.8586079], [6.9165098, 50.8586103], [6.9165315, 50.8585212], [6.9166723, 50.8579425], [6.9166926, 50.8578587], [6.9168494, 50.8572142], [6.9171046, 50.8561647], [6.9171345, 50.8560768], [6.9172656, 50.8560956], [6.9176283, 50.8561478], [6.9176453, 50.8561059], [6.9176551, 50.8560816], [6.9177928, 50.8561037], [6.9179229, 50.8561246], [6.9188927, 50.8562799], [6.9188949, 50.8562746], [6.9189295, 50.8561925], [6.9189642, 50.85611], [6.9191474, 50.8556745], [6.9191821, 50.8555919], [6.9197433, 50.8542573], [6.9199606, 50.8542851], [6.9199754, 50.8542411], [6.9204, 50.8530256], [6.9205841, 50.8528818], [6.9194389, 50.8513063], [6.9191548, 50.8509114], [6.9189421, 50.8506162], [6.9189101, 50.8505717], [6.918873, 50.8505205], [6.9185394, 50.8500579], [6.9185476, 50.8500599], [6.9188141, 50.8501217], [6.9191094, 50.85019], [6.9200914, 50.8504168], [6.9200782, 50.850327], [6.9200458, 50.8501023], [6.9199346, 50.8493511], [6.9199276, 50.8493082], [6.9199146, 50.8492264], [6.9199043, 50.8491533], [6.9198973, 50.8491086], [6.9199097, 50.8491086], [6.920039, 50.8491069], [6.9203641, 50.8491024], [6.9204878, 50.8491009], [6.921988, 50.8490797], [6.9229025, 50.8490669], [6.92317, 50.8490825], [6.9232308, 50.8490918], [6.9233609, 50.8491124], [6.9233701, 50.8491138], [6.9234335, 50.8490872], [6.923435, 50.8490815], [6.9234576, 50.8489954], [6.9240256, 50.846829], [6.9241983, 50.846195], [6.9243659, 50.84561], [6.9249293, 50.8436512], [6.9284633, 50.8439868], [6.9285144, 50.8439559], [6.9279022, 50.8411186], [6.9297733, 50.8412785], [6.9300853, 50.84029], [6.9301013, 50.8402394], [6.9308274, 50.8379389], [6.9308538, 50.8378552], [6.9308758, 50.8377857], [6.9308815, 50.8377672], [6.9308133, 50.8377271], [6.9308086, 50.8377243], [6.9307941, 50.8377159], [6.9306078, 50.8376067], [6.9304321, 50.8374949], [6.9306038, 50.8374703], [6.9313004, 50.8373699], [6.9313106, 50.8374445], [6.931316, 50.8374838], [6.931533, 50.8374838], [6.9316095, 50.8374864], [6.9318226, 50.8374931], [6.9319944, 50.8375198], [6.9326704, 50.8375795], [6.9327984, 50.8375792], [6.9350718, 50.8379351], [6.9368411, 50.8382114], [6.9373017, 50.8382821], [6.9377472, 50.8383307], [6.9380206, 50.8383519], [6.9383094, 50.8383666], [6.938531, 50.8383753], [6.9390221, 50.8383797], [6.9395201, 50.8383662], [6.9399071, 50.8383439], [6.9398834, 50.8383772], [6.9398232, 50.8384613], [6.9397944, 50.8385023], [6.9396475, 50.8387021], [6.9407755, 50.8390498], [6.9408692, 50.839079], [6.9409256, 50.839096], [6.9403878, 50.8399322], [6.9413639, 50.8402079], [6.9414198, 50.8402236], [6.9415513, 50.8402609], [6.9413941, 50.8403757], [6.9412597, 50.8404734], [6.9409357, 50.8407851], [6.9407218, 50.8409214], [6.9406806, 50.8409548], [6.9406237, 50.8410009], [6.9405444, 50.841064], [6.9405233, 50.8410817], [6.9401789, 50.8414299], [6.9397738, 50.8419114], [6.9391754, 50.8426706], [6.9385563, 50.8434555], [6.9382687, 50.8439361], [6.9381945, 50.8440794], [6.9381555, 50.844288], [6.9383924, 50.8443311], [6.9390417, 50.8444492], [6.9410721, 50.8448186], [6.9427703, 50.8451281], [6.9427744, 50.8450718], [6.9428448, 50.8450832], [6.9428998, 50.8450925], [6.944299, 50.8453245], [6.9443871, 50.845339], [6.9444764, 50.8453539], [6.9445546, 50.8453669], [6.9446526, 50.845383], [6.9449227, 50.8454279], [6.9456476, 50.8445029], [6.9457837, 50.84433], [6.9460037, 50.8441856], [6.946107, 50.8441183], [6.9462551, 50.8439527], [6.9463248, 50.8438745], [6.9463926, 50.8437986], [6.9467547, 50.8433943], [6.9471758, 50.8429239], [6.9480032, 50.8419999], [6.9481051, 50.8418869], [6.9482428, 50.8417331], [6.9482574, 50.8417166], [6.94836, 50.8416015], [6.9485773, 50.8413593], [6.9490568, 50.8408253], [6.9500049, 50.8397661], [6.9500571, 50.8397076], [6.9500752, 50.8396877], [6.9501187, 50.8396465], [6.9505052, 50.8392793], [6.9506941, 50.8391007], [6.9510159, 50.8387953], [6.9516793, 50.838166], [6.9517678, 50.8380818], [6.9518624, 50.837992], [6.9522083, 50.8376639], [6.9523592, 50.8375211], [6.9524551, 50.8374305], [6.9526353, 50.837259], [6.9530512, 50.8368656], [6.9531168, 50.8368034], [6.9532261, 50.8366997], [6.9533059, 50.8366242], [6.9533925, 50.8365069], [6.9541555, 50.8354707], [6.9546733, 50.8347686], [6.9546659, 50.8347583], [6.9546471, 50.8347325], [6.9546551, 50.8347274], [6.9547002, 50.8347354], [6.954768, 50.834747], [6.954822, 50.8347587], [6.9550252, 50.8348032], [6.9551729, 50.8348357], [6.9553433, 50.834885], [6.9555119, 50.8349341], [6.9555422, 50.834943], [6.9555446, 50.8349438], [6.9555501, 50.8349455], [6.9555987, 50.8349591], [6.9565381, 50.8352233], [6.9565963, 50.8352416], [6.9567906, 50.8353029], [6.9569695, 50.8353595], [6.9570175, 50.8353746], [6.957081, 50.8353947], [6.9575217, 50.8355337], [6.9576527, 50.8355765], [6.9577454, 50.8356074], [6.9578538, 50.8356434], [6.9580141, 50.8356968], [6.958183, 50.8357531], [6.9585222, 50.8358659], [6.9586732, 50.8359161], [6.9588246, 50.8359695], [6.958963, 50.8360182], [6.9591064, 50.8360687], [6.9591502, 50.8360851], [6.9591559, 50.8360867], [6.9594832, 50.8362066], [6.9600826, 50.83642], [6.9604486, 50.8365693], [6.9610731, 50.8369071], [6.9611234, 50.8369338], [6.9611508, 50.8369778], [6.9614032, 50.8370612], [6.9614761, 50.8370854], [6.9619144, 50.8372306], [6.9620386, 50.8372717], [6.962976, 50.8375817], [6.9630317, 50.8376004], [6.9630749, 50.8376151], [6.9633013, 50.8376899], [6.9634775, 50.8377472], [6.9642586, 50.8380047], [6.9643472, 50.8380341], [6.9643762, 50.8380437], [6.9645237, 50.8380924], [6.964564, 50.838036], [6.9649066, 50.8381277], [6.9654585, 50.8382924], [6.9658682, 50.8384096], [6.9659421, 50.8384307], [6.9660445, 50.8384599], [6.9661332, 50.8384853], [6.9663787, 50.8385556], [6.9664481, 50.8385756], [6.9666936, 50.838647], [6.9667204, 50.8386543], [6.9667539, 50.8386645], [6.9668378, 50.8386991], [6.9669182, 50.838733], [6.9669854, 50.8387607], [6.9670576, 50.8387906], [6.9671937, 50.838847], [6.9673139, 50.8389096], [6.9674447, 50.838977], [6.9677161, 50.8392069], [6.9678785, 50.8393832], [6.967993, 50.83958], [6.9681693, 50.8399155], [6.9681963, 50.8399668], [6.9682095, 50.8399927], [6.9683488, 50.8401909], [6.9684008, 50.8402541], [6.9684624, 50.8403279], [6.968502, 50.8403688], [6.968555, 50.8404235], [6.968719, 50.8405937], [6.9688495, 50.8407281], [6.9688535, 50.8407322], [6.9689441, 50.8408147], [6.9691311, 50.8409846], [6.9692145, 50.8410507], [6.9692845, 50.8411077], [6.9693966, 50.8411958], [6.9694221, 50.8412157], [6.9694851, 50.8412636], [6.9695987, 50.8413498], [6.9696228, 50.8413671], [6.9699337, 50.8415997], [6.9701951, 50.841795], [6.9702817, 50.8418917], [6.9703931, 50.8420151], [6.9704977, 50.8421307], [6.970695, 50.8423492], [6.97075, 50.8423888], [6.9708232, 50.8424416], [6.9711071, 50.8426448], [6.9712278, 50.8427316], [6.9713265, 50.8428023], [6.9713425, 50.8428142], [6.9714384, 50.8428823], [6.9714733, 50.8429073], [6.9715632, 50.8429713], [6.9716692, 50.8430475], [6.9716943, 50.8430655], [6.9720915, 50.8433057], [6.9721989, 50.8433705], [6.9722222, 50.8433846], [6.9723358, 50.8434532], [6.9723745, 50.8434764], [6.9724503, 50.8435154], [6.9729432, 50.8437686], [6.9730207, 50.8438084], [6.9731196, 50.8438591], [6.9734273, 50.8440171], [6.973676, 50.8441323], [6.9737686, 50.8440377], [6.9738893, 50.8439153], [6.9740039, 50.843799], [6.9743118, 50.843608], [6.9745598, 50.8433858], [6.974629, 50.8433238], [6.974666, 50.8432903], [6.97504, 50.8429268], [6.9751325, 50.8428364], [6.9751975, 50.8427735], [6.9753014, 50.8426725], [6.9753484, 50.842621], [6.9753867, 50.8425792], [6.9754355, 50.8425258], [6.9755274, 50.8424259], [6.9756488, 50.842293], [6.9756595, 50.8422828], [6.9757044, 50.8422333], [6.9760384, 50.8418707], [6.9761377, 50.8417633], [6.9761785, 50.8417191], [6.9762354, 50.8416578], [6.9764954, 50.8413763], [6.9766695, 50.8411881], [6.9768893, 50.8412111], [6.9778738, 50.8415918], [6.9781192, 50.841546], [6.9799066, 50.8411242], [6.9806034, 50.8409595], [6.9806445, 50.8410202], [6.9806868, 50.8410808], [6.9807297, 50.841141], [6.9809462, 50.8414068], [6.9811745, 50.8416684], [6.9814145, 50.8419259], [6.981666, 50.842179], [6.9819285, 50.8424275], [6.9822023, 50.8426712], [6.9822035, 50.8426723], [6.9824867, 50.8429099], [6.9826776, 50.843061], [6.9826999, 50.8430786], [6.9827816, 50.8431433], [6.983087, 50.8433714], [6.9832753, 50.8435044], [6.9834671, 50.8436354], [6.9836624, 50.8437644], [6.9837192, 50.8438011], [6.9837762, 50.8438376], [6.9838336, 50.8438739], [6.983871, 50.8438976], [6.9839464, 50.8439448], [6.9839578, 50.8439375], [6.9854508, 50.8429809], [6.9859695, 50.8426486], [6.9860184, 50.8426216], [6.9861277, 50.8425611], [6.9862268, 50.8425064], [6.9862124, 50.8424959], [6.9861236, 50.8424316], [6.9857813, 50.8421834], [6.9854345, 50.8419318], [6.9853458, 50.8418676], [6.9853056, 50.8418384], [6.9850517, 50.841466], [6.9849959, 50.8413841], [6.9850331, 50.8413633], [6.9850681, 50.8413438], [6.9851691, 50.8412874], [6.9864571, 50.8405682], [6.9865619, 50.8405098], [6.9866059, 50.8404851], [6.9865214, 50.840424], [6.986499, 50.8403799], [6.9864332, 50.8402625], [6.9865002, 50.8402409], [6.9865197, 50.8402347], [6.9866033, 50.8402077], [6.9866615, 50.840189], [6.9866782, 50.8401837], [6.9866784, 50.8401834], [6.9867152, 50.8400963], [6.9868912, 50.839701], [6.9869292, 50.8396159], [6.9869333, 50.8396144], [6.9869377, 50.8396128], [6.9869515, 50.8396079], [6.9869532, 50.8396072], [6.9869917, 50.839514], [6.9870191, 50.8394477], [6.9870754, 50.8393113], [6.9871094, 50.839229], [6.9871106, 50.8392262], [6.987175, 50.8391733], [6.9875655, 50.8390264], [6.9876479, 50.8389953], [6.9876893, 50.8389797], [6.9878237, 50.8389295], [6.9886804, 50.8386097], [6.9886806, 50.8386097], [6.9898335, 50.8381785], [6.9899812, 50.8381231], [6.9901043, 50.8380772], [6.9923965, 50.8372197], [6.9925178, 50.8371748], [6.9926125, 50.837191], [6.9926726, 50.8371589], [6.992762, 50.8372271], [6.9936038, 50.8378693], [6.9936957, 50.8379395], [6.9937043, 50.8379365], [6.9938222, 50.8378959], [6.9946883, 50.8375985], [6.9952194, 50.837416], [6.9953004, 50.8373882], [6.9960933, 50.8371158], [6.9963649, 50.8370225], [6.9975667, 50.8366096], [6.998307, 50.8363553], [6.9983432, 50.8364427], [6.9986229, 50.8371176], [6.9987155, 50.837341], [6.9989021, 50.8376549], [6.9989748, 50.8376371], [6.9990071, 50.8375903], [7.0007685, 50.8371441], [7.0009233, 50.8371049], [7.0012672, 50.837071], [7.0022391, 50.8369752], [7.0023804, 50.8369612], [7.0023826, 50.8369621], [7.0024502, 50.8369907], [7.0024623, 50.8370236], [7.0025307, 50.8370509], [7.0025732, 50.8370104], [7.0025799, 50.8370097], [7.0041931, 50.8368474], [7.0042045, 50.8368464], [7.0042055, 50.8368494], [7.0043282, 50.8371826], [7.0044497, 50.8375165], [7.0045914, 50.8375022], [7.0057768, 50.8373828], [7.0059093, 50.8373694], [7.0059174, 50.8373685], [7.0059827, 50.8373984], [7.0059013, 50.8370841], [7.0059736, 50.8370857], [7.0060118, 50.83707], [7.0061329, 50.8371179], [7.0072648, 50.8375643], [7.0080241, 50.8378638], [7.0081388, 50.8379092], [7.0081463, 50.8379122], [7.0081674, 50.8379204], [7.0081762, 50.837924], [7.0082243, 50.8379433], [7.0082314, 50.8379462], [7.0083049, 50.8379747], [7.0083063, 50.8379754], [7.0083073, 50.8379759], [7.0083086, 50.8379766], [7.0083174, 50.8379799], [7.0083322, 50.8379856], [7.008339, 50.8379881], [7.008405, 50.8380147], [7.0084994, 50.8380836], [7.009437, 50.8387677], [7.0095385, 50.8388245], [7.0095908, 50.8388537], [7.0099791, 50.8390419], [7.0100698, 50.8391312], [7.0116676, 50.8398857], [7.011675, 50.8398891], [7.0118369, 50.8399397], [7.0119293, 50.8399341], [7.0120183, 50.8398826], [7.011889, 50.8398622], [7.0118688, 50.8398092], [7.0118731, 50.8398045], [7.0123463, 50.8392821], [7.0124523, 50.8391651], [7.0125195, 50.8390911], [7.0130876, 50.8384646], [7.0135158, 50.837993], [7.013587, 50.8379144], [7.0136729, 50.8378792], [7.0148, 50.8378087], [7.0154058, 50.8377708], [7.0155392, 50.8377625], [7.0155485, 50.8377619], [7.0155518, 50.837766], [7.0156138, 50.8378413], [7.0159779, 50.8382817], [7.016585, 50.8390161], [7.0166069, 50.8390424], [7.0166696, 50.8391179], [7.017015, 50.8395336], [7.0169855, 50.8395684], [7.0169933, 50.8395769], [7.0170161, 50.8396019], [7.0170245, 50.8396112], [7.0170807, 50.8396078], [7.0171374, 50.839604], [7.017194, 50.8396005], [7.0174538, 50.8395844], [7.0213307, 50.8393385], [7.0214716, 50.8393295], [7.0215287, 50.8393258], [7.0216626, 50.8393173], [7.0216764, 50.8393164], [7.0218096, 50.839308], [7.0231943, 50.8392199], [7.0232029, 50.8392193], [7.0232651, 50.8392153], [7.0233482, 50.8392432], [7.0234147, 50.8393234], [7.0234209, 50.8393308], [7.0234836, 50.8394064], [7.0240529, 50.8400925], [7.0243258, 50.8404212], [7.0244138, 50.8405275], [7.0245196, 50.840655], [7.0245819, 50.8407301], [7.0250993, 50.8413536], [7.025273, 50.841563], [7.0261605, 50.8426319], [7.0265384, 50.8430877], [7.0266301, 50.8431984], [7.0268622, 50.8434783], [7.0270739, 50.8437335], [7.0271278, 50.8437987], [7.0271353, 50.8439391], [7.0271657, 50.8445143], [7.0271704, 50.8446045], [7.0271825, 50.8448363], [7.0271863, 50.8449142], [7.0271968, 50.8451073], [7.0272012, 50.845192], [7.0272159, 50.8454701], [7.0272353, 50.8458401], [7.0272595, 50.8462976], [7.0272763, 50.8466174], [7.0272845, 50.8467723], [7.0272892, 50.8468627], [7.0272347, 50.8468979], [7.0272352, 50.8469034], [7.0272352, 50.8469069], [7.0272366, 50.8469404], [7.0272368, 50.8469473], [7.0272759, 50.8469467], [7.0273588, 50.8469453], [7.0273717, 50.846945], [7.0274281, 50.8469392], [7.0280928, 50.8469018], [7.0290748, 50.8468467], [7.029977, 50.8467961], [7.0313805, 50.8467172], [7.0315511, 50.8467077], [7.0342128, 50.8465581], [7.0343546, 50.8465501], [7.0344113, 50.8465734], [7.0344113, 50.8465735], [7.0342097, 50.8475372], [7.0341532, 50.8478057], [7.0341411, 50.8478628], [7.0341434, 50.8478747], [7.034133, 50.8479005], [7.0342397, 50.8483742], [7.0343587, 50.8489914], [7.0343588, 50.848992], [7.0343753, 50.8489906], [7.0344546, 50.848984], [7.0344792, 50.848982], [7.0344922, 50.8490549], [7.0344928, 50.8490549], [7.0345022, 50.8490542], [7.0346354, 50.849045], [7.0374585, 50.8488504], [7.041296, 50.8490376], [7.0413553, 50.8490405], [7.0435182, 50.8491466], [7.0438613, 50.8491634], [7.0500271, 50.8499503], [7.0500328, 50.849951], [7.0500585, 50.8499541], [7.0501394, 50.8499495], [7.0501676, 50.849967], [7.0502052, 50.8499722], [7.050337, 50.8499899], [7.0511236, 50.8500948], [7.0511382, 50.8500509], [7.0510886, 50.8500075], [7.0511016, 50.8499273], [7.0511366, 50.84971], [7.0511952, 50.8493439], [7.0513382, 50.8493493], [7.0546664, 50.8494721], [7.0547161, 50.8494739], [7.0547699, 50.8491374], [7.054912, 50.8491425], [7.0577166, 50.8492413], [7.0578583, 50.8492463], [7.0579038, 50.8492824], [7.0579059, 50.8492769], [7.0579358, 50.8491945], [7.0584746, 50.847703], [7.0585063, 50.8476152], [7.0585393, 50.8475515], [7.058588, 50.8474818], [7.0585987, 50.847468], [7.0593751, 50.8463723], [7.0598581, 50.8456941], [7.0599238, 50.8456016], [7.0599922, 50.8455315], [7.0608927, 50.8445962], [7.0612068, 50.8442699], [7.0613795, 50.8440916], [7.0613808, 50.844086], [7.0614299, 50.8438594], [7.0614743, 50.8436583], [7.0615655, 50.8432513], [7.0616299, 50.8429137], [7.061702, 50.8425359], [7.0617181, 50.8424516], [7.0617437, 50.8423188], [7.0617568, 50.8422508], [7.0617826, 50.8421168], [7.0619573, 50.841215], [7.0619788, 50.8411031], [7.0621106, 50.840418], [7.0621591, 50.8401659], [7.0621664, 50.8399323], [7.062173, 50.839815], [7.0622121, 50.83878], [7.0622229, 50.8384932], [7.0622264, 50.8384573], [7.0621696, 50.8384568], [7.0621698, 50.8384514], [7.0622261, 50.8370283], [7.0622295, 50.8369387], [7.0621751, 50.8369019], [7.0621767, 50.8368482], [7.0622351, 50.8368142], [7.0622361, 50.8367919], [7.0622925, 50.8355523], [7.0622963, 50.8354672], [7.062318, 50.8349904], [7.0623719, 50.8338506], [7.062376, 50.8337655], [7.0624063, 50.8331253], [7.0624107, 50.8330345], [7.0624484, 50.8322371], [7.062479, 50.8315881], [7.0624924, 50.8315786], [7.0625234, 50.8304399], [7.0660252, 50.8309138], [7.0661182, 50.8309843], [7.0661814, 50.8310447], [7.0664836, 50.831074], [7.0666678, 50.8309597], [7.066658, 50.8308266], [7.0666079, 50.830781], [7.0675872, 50.830861], [7.0681348, 50.8308807], [7.0684704, 50.8308791], [7.0685653, 50.8308787], [7.0687062, 50.8308782], [7.0688984, 50.8308775], [7.069307, 50.830876], [7.0701666, 50.8308729], [7.0707417, 50.8308709], [7.0710471, 50.8308699], [7.0713601, 50.8308688], [7.0714966, 50.8308684], [7.0716721, 50.8308678], [7.0718146, 50.8308679], [7.0719697, 50.8308681], [7.072319, 50.8308685], [7.0726254, 50.8308689], [7.0729171, 50.8308692], [7.0734775, 50.8308699], [7.0746594, 50.8308145], [7.0746899, 50.8308132], [7.0755506, 50.8307756], [7.0756469, 50.830771], [7.0765659, 50.8307327], [7.0767018, 50.830727], [7.0774185, 50.8307248], [7.0786097, 50.8307659], [7.0786833, 50.8307683], [7.0787443, 50.8307703], [7.0787529, 50.8307706], [7.0790537, 50.8307695], [7.0791098, 50.8307692], [7.0793108, 50.8307681], [7.0793186, 50.8307691], [7.0813099, 50.8310448], [7.085181, 50.83158], [7.0858685, 50.8316752], [7.0861085, 50.8317083], [7.0904077, 50.8332181], [7.0906342, 50.8332968], [7.0916656, 50.8336809], [7.0926677, 50.8341062], [7.0929652, 50.8342149], [7.0931443, 50.8342804], [7.0933803, 50.8343666], [7.0934274, 50.8343837], [7.09344, 50.8343883], [7.0935145, 50.8344154], [7.0941721, 50.8345964], [7.094727, 50.8347982], [7.0950064, 50.8349009], [7.0950472, 50.8349173], [7.0951364, 50.8349903], [7.0951367, 50.8349918], [7.095231, 50.8350701], [7.0954042, 50.8352608], [7.0974328, 50.8372102], [7.0978514, 50.8376125], [7.0979206, 50.8376185], [7.0979247, 50.8376188], [7.0979261, 50.8376189], [7.0979797, 50.8376391], [7.0979726, 50.8376643], [7.0979718, 50.8376671], [7.0979646, 50.8376928], [7.0986557, 50.8379624], [7.0994929, 50.8382892], [7.0998946, 50.8384461], [7.0999773, 50.8384375], [7.09999, 50.8384834], [7.1002875, 50.8385821], [7.1011061, 50.8388757], [7.1011306, 50.8388845], [7.1011349, 50.8388862], [7.1011554, 50.8388942], [7.1012382, 50.8389829], [7.1012661, 50.8390129], [7.1012637, 50.8390155], [7.1012603, 50.8390192], [7.1012128, 50.8390707], [7.1012846, 50.8390812], [7.1014029, 50.8391316], [7.101879, 50.8393347], [7.1020553, 50.83941], [7.1032267, 50.8399106], [7.1035659, 50.8400551], [7.1036832, 50.8401052], [7.1042675, 50.8403553], [7.1054529, 50.8408614], [7.105624, 50.8409012], [7.1080739, 50.8412876], [7.1082823, 50.8413205], [7.108437, 50.8413449], [7.1101575, 50.8416159], [7.1101659, 50.8416171], [7.1107494, 50.8418838], [7.1111022, 50.842045], [7.1111642, 50.8420733], [7.1111947, 50.8420321], [7.1113625, 50.8421089], [7.1117943, 50.8424188], [7.1118511, 50.8424545], [7.1119463, 50.8424951], [7.1120728, 50.842545], [7.1121019, 50.8425565], [7.112638, 50.8427685], [7.1127083, 50.8427963], [7.112724, 50.8428272], [7.1129092, 50.8431903], [7.1130731, 50.8438095], [7.113109, 50.8439448], [7.1131105, 50.8439504], [7.1131389, 50.8439984], [7.1131544, 50.8440238], [7.1131581, 50.8440301], [7.1132088, 50.8441161], [7.1132207, 50.8441365], [7.1132372, 50.844246], [7.1132455, 50.8443017], [7.1132468, 50.8443102], [7.1131995, 50.8443983], [7.1131688, 50.8444555], [7.1131887, 50.8445324], [7.1132085, 50.8446115], [7.1132107, 50.8446203], [7.1132266, 50.8446823], [7.1132625, 50.8448233], [7.1132912, 50.844936], [7.1133132, 50.8450157], [7.1133755, 50.8452411], [7.1133985, 50.8453245], [7.1134912, 50.8456603], [7.1136043, 50.8457178], [7.1136563, 50.8457443], [7.1137965, 50.8458236], [7.1160955, 50.8469981], [7.1166656, 50.8472915], [7.1172071, 50.8475698], [7.1174212, 50.8476799], [7.1192698, 50.8486299], [7.119639, 50.8488194], [7.1196443, 50.8488221], [7.1218625, 50.8499595], [7.1219681, 50.8500136], [7.1222044, 50.8501348], [7.1244137, 50.8512738], [7.1264504, 50.8523209], [7.1272479, 50.8527308], [7.1291893, 50.8537283], [7.1296085, 50.8539437], [7.1297345, 50.8540084], [7.129783, 50.8540322], [7.1298467, 50.8540661], [7.1304061, 50.8543534], [7.1307759, 50.8545434], [7.1308776, 50.8545956], [7.1309819, 50.8546492], [7.1315443, 50.8549397], [7.1316851, 50.8550105], [7.1346998, 50.8565591], [7.1348047, 50.8566131], [7.1349044, 50.8566642], [7.1378165, 50.8581601], [7.1378239, 50.8581629], [7.1379386, 50.8582066], [7.1381442, 50.858285], [7.1383084, 50.8583454], [7.1389283, 50.858573], [7.1439579, 50.8604203], [7.1449162, 50.8607863], [7.1483119, 50.8622548], [7.1488097, 50.8624653], [7.1522251, 50.8639094], [7.1530991, 50.8642789], [7.1550367, 50.865098], [7.1558291, 50.8654333], [7.1559412, 50.8654808], [7.1585702, 50.8665923], [7.1586307, 50.8666175], [7.1586594, 50.8666298], [7.1586896, 50.8666427], [7.1588085, 50.866693], [7.1593745, 50.8669251], [7.1596042, 50.867032], [7.1596128, 50.8670615], [7.1597107, 50.8672633], [7.1597162, 50.8672694], [7.1597823, 50.8673429], [7.1598898, 50.8674623], [7.1600107, 50.8675745], [7.160054, 50.8676145], [7.1601061, 50.8676629], [7.160817, 50.8683147], [7.1615203, 50.868967], [7.1616587, 50.8691019], [7.1616939, 50.869136], [7.1617383, 50.8691867], [7.1617928, 50.8692594], [7.161859, 50.8693561], [7.1618761, 50.8693877], [7.1619588, 50.8696122], [7.162028, 50.8698688], [7.1620073, 50.8701465], [7.1619208, 50.8704073], [7.1617554, 50.8706557], [7.1612035, 50.8713829], [7.1611408, 50.8714652], [7.1605465, 50.8722573], [7.1605315, 50.8722773], [7.1604706, 50.8723583], [7.1599971, 50.8729894], [7.1597039, 50.8733293], [7.1592789, 50.8736111], [7.1592543, 50.8736238], [7.1588122, 50.8738531], [7.158304, 50.874052], [7.1582831, 50.8740602], [7.1578178, 50.8741473], [7.1574006, 50.8741599], [7.1569724, 50.8741357], [7.1562375, 50.8739896], [7.1549042, 50.8736791], [7.1534341, 50.8735007], [7.1528977, 50.8735328], [7.1528892, 50.8735333], [7.1528222, 50.8735461], [7.1521039, 50.8736832], [7.1514369, 50.8739738], [7.1514343, 50.873975], [7.1514334, 50.8739755], [7.1505522, 50.8744883], [7.1503357, 50.8746462], [7.1502484, 50.87471], [7.1494747, 50.8752498], [7.1493733, 50.8753126], [7.1489397, 50.875581], [7.1488885, 50.8756127], [7.1487862, 50.875676], [7.1476075, 50.876203], [7.1474805, 50.8762448], [7.1463393, 50.8766206], [7.1454896, 50.8768872], [7.1442389, 50.8773042], [7.1430498, 50.8777798], [7.1420315, 50.878288], [7.1419273, 50.8783502], [7.1415389, 50.8785814], [7.1412687, 50.8787425], [7.1407082, 50.8791159], [7.1402939, 50.8793919], [7.1392634, 50.8801033], [7.1391993, 50.8801475], [7.1391724, 50.880166], [7.1381179, 50.8808939], [7.1378888, 50.881052], [7.1376488, 50.8812168], [7.1375876, 50.8812594], [7.137482, 50.8830729], [7.1375154, 50.8832227], [7.137626, 50.883396], [7.1381725, 50.8838534], [7.1384826, 50.8841511], [7.1388343, 50.8846469], [7.1389881, 50.8848909], [7.1392507, 50.8853106], [7.1398475, 50.8861626], [7.1403231, 50.8867683], [7.140943, 50.8873953], [7.141043, 50.8883556], [7.1410546, 50.8886979], [7.1410485, 50.8895096], [7.1404196, 50.8908367], [7.1403905, 50.890894], [7.1395525, 50.8933415], [7.1393959, 50.8933197], [7.1393924, 50.8933193], [7.1393372, 50.8933116], [7.1396713, 50.8958736], [7.139708, 50.8961552], [7.139717, 50.8962242], [7.1397882, 50.8967698], [7.1398045, 50.8968954], [7.1396223, 50.8974408], [7.1396105, 50.8974758], [7.1393007, 50.8983931], [7.1389433, 50.8993632], [7.1388781, 50.8995402], [7.1388355, 50.8996559], [7.1387811, 50.8998033], [7.138696, 50.9000348], [7.1386768, 50.9000864], [7.1387351, 50.9000946], [7.1388708, 50.900141], [7.1386617, 50.9004242], [7.138597, 50.9004261], [7.138534, 50.9005115], [7.1384911, 50.9005698], [7.1384369, 50.9006432], [7.1379783, 50.9012649], [7.1371705, 50.9022499], [7.1371224, 50.9023487], [7.1370564, 50.902486], [7.1370221, 50.9025472], [7.1364672, 50.9026945], [7.1361375, 50.9027836], [7.1359641, 50.9028341], [7.1357024, 50.9029104], [7.1354969, 50.9029702], [7.1347523, 50.9031648], [7.1345133, 50.9032272], [7.1343595, 50.903269], [7.1341034, 50.9033275], [7.1339144, 50.9033788], [7.1336473, 50.9034514], [7.1335314, 50.9034836], [7.133527, 50.9034848], [7.1336828, 50.9037102], [7.1337302, 50.9037789], [7.1337372, 50.9037952], [7.1338466, 50.9039976], [7.1338602, 50.9040226], [7.1338688, 50.9040387], [7.1339667, 50.9042195], [7.1340609, 50.9043936], [7.1341841, 50.9046214], [7.1345434, 50.905297], [7.1345583, 50.9053235], [7.1345929, 50.9053892], [7.1347565, 50.9056937], [7.1348023, 50.9057791], [7.1348411, 50.9058515], [7.1348706, 50.9059063], [7.1350153, 50.9059066], [7.1350358, 50.9059067], [7.1351258, 50.9059068], [7.1351939, 50.905914], [7.1354053, 50.9059034], [7.1356206, 50.9058926], [7.1359395, 50.9058766], [7.136123, 50.9058827], [7.1365896, 50.9058984], [7.1365899, 50.9058963], [7.1365925, 50.9058792], [7.1365964, 50.9058537], [7.1366443, 50.9058618], [7.1367311, 50.9058989], [7.1365914, 50.9074464], [7.1365871, 50.9074936], [7.1365995, 50.9075466], [7.1366007, 50.9075519], [7.1366318, 50.9076844], [7.1366355, 50.9077049], [7.136645, 50.9077555], [7.1366794, 50.9079395], [7.1366878, 50.9079845], [7.1367159, 50.9080969], [7.1367198, 50.9081129], [7.1367434, 50.908207], [7.1374244, 50.9092604], [7.137685, 50.9098999], [7.1379728, 50.9108673], [7.1379822, 50.9108991], [7.13813, 50.911396], [7.1382116, 50.9116626], [7.1382532, 50.9117987], [7.1382941, 50.9119325], [7.138444, 50.9124223], [7.1385957, 50.9131455], [7.1388342, 50.9140424], [7.1388382, 50.9141227], [7.1388453, 50.9142601], [7.1387956, 50.9146389], [7.1386437, 50.9149549], [7.1382503, 50.9159787], [7.1381688, 50.9162877], [7.1381838, 50.9163735], [7.1382339, 50.9166641], [7.1382595, 50.9167825], [7.1382964, 50.9169543], [7.1383243, 50.9170835], [7.1381887, 50.9177535], [7.1381923, 50.9181725], [7.1382212, 50.9182881], [7.1385185, 50.918656], [7.1385552, 50.9187015], [7.1387228, 50.9188117], [7.1389203, 50.9189415], [7.1389879, 50.9189859], [7.1390731, 50.9190419], [7.1396633, 50.9195574], [7.1397648, 50.9198238], [7.1397934, 50.9198994], [7.1397941, 50.9199918], [7.1396626, 50.9200378], [7.1396054, 50.9201429], [7.1393187, 50.9206677], [7.1394975, 50.9211254], [7.1395489, 50.921256], [7.1396224, 50.9214426], [7.1397055, 50.9216534], [7.1398931, 50.9221287], [7.1399092, 50.9224788], [7.139819, 50.9228482], [7.1398156, 50.9228617], [7.1396224, 50.9230729], [7.1393508, 50.9233129], [7.1392487, 50.9234518], [7.1392299, 50.9234774], [7.1391011, 50.9237022], [7.1390076, 50.9238654], [7.1380752, 50.9254941], [7.137981, 50.9256586], [7.1378789, 50.9258368], [7.1375887, 50.9263616], [7.1375012, 50.9264326], [7.1374138, 50.9265864], [7.1371839, 50.9269914], [7.1369698, 50.9272023], [7.1368549, 50.9273155], [7.1367448, 50.9274243], [7.1367163, 50.9274974], [7.1366738, 50.927606], [7.1367257, 50.9277401], [7.136808, 50.9279551], [7.1369174, 50.9282417], [7.137282, 50.9287437], [7.1379077, 50.9293327], [7.1383438, 50.9301049], [7.1384531, 50.930359], [7.1385323, 50.930543], [7.1386751, 50.9307981], [7.1388408, 50.931094], [7.1388415, 50.9310953], [7.1389169, 50.9312298], [7.139042, 50.9313958], [7.1396017, 50.9321384], [7.1397836, 50.9323798], [7.1399103, 50.9327438], [7.139833, 50.9330488], [7.1398066, 50.9333595], [7.1398477, 50.933498], [7.1400121, 50.9338462], [7.1400776, 50.9339291], [7.1401083, 50.9339713], [7.1404177, 50.934397], [7.1405363, 50.9345602], [7.1405883, 50.9346319], [7.1406274, 50.9346847], [7.1408534, 50.9349909], [7.1410878, 50.9353084], [7.1410896, 50.9353152], [7.1411113, 50.9353987], [7.1411794, 50.9356597], [7.141166, 50.9361137], [7.1411091, 50.9362929], [7.1411621, 50.9364167], [7.1417575, 50.9378002], [7.1420889, 50.9385919], [7.1424252, 50.9390407], [7.142903, 50.9395988], [7.1439668, 50.9410068], [7.1440214, 50.9411393], [7.1440879, 50.9413013], [7.144348, 50.9419335], [7.1446512, 50.9429422], [7.144676, 50.9430247], [7.1447251, 50.9432022], [7.1448144, 50.9435237], [7.1448252, 50.9435627], [7.1448715, 50.9437297], [7.1450726, 50.9444538], [7.1450779, 50.9444602], [7.145109, 50.9444971], [7.1451315, 50.9445238], [7.1453536, 50.9447881], [7.1453019, 50.9448617], [7.1444657, 50.9457239], [7.1445259, 50.9457976], [7.1447316, 50.9460496], [7.1447084, 50.9461817], [7.1446711, 50.9463937], [7.1446253, 50.9463875], [7.144624, 50.9464031], [7.1445685, 50.9463952], [7.1445403, 50.9463914], [7.1444806, 50.9462214], [7.1444609, 50.9462243], [7.1443523, 50.9462395], [7.1442184, 50.9461852], [7.1441879, 50.9461725], [7.1440917, 50.9461632], [7.1438849, 50.9460951], [7.143456, 50.9461679], [7.1434559, 50.9461679], [7.1432686, 50.9460986], [7.1431993, 50.9459844], [7.1431978, 50.9459849], [7.1428171, 50.9461105], [7.1428713, 50.9462012], [7.1427093, 50.9464045], [7.1427076, 50.9464048], [7.1415675, 50.946549], [7.1415126, 50.9468398], [7.1415109, 50.9468391], [7.1415001, 50.9468351], [7.1412285, 50.946718], [7.1409165, 50.9466792], [7.140856, 50.9466329], [7.1408338, 50.9466269], [7.1406932, 50.9466469], [7.1407096, 50.9466662], [7.1407201, 50.9467039], [7.1406063, 50.9466947], [7.1405818, 50.9466469], [7.1405432, 50.9465647], [7.1404571, 50.9465366], [7.1404195, 50.9464815], [7.1403039, 50.9464809], [7.1402741, 50.9464807], [7.1402874, 50.9464518], [7.1403041, 50.9464155], [7.1402874, 50.9463762], [7.1402674, 50.9463289], [7.1402821, 50.9462925], [7.1402209, 50.9462711], [7.1402192, 50.9462714], [7.1399165, 50.9463272], [7.1399164, 50.9463272], [7.1397939, 50.9462936], [7.139784, 50.9462907], [7.1397835, 50.9462913], [7.1397419, 50.9463442], [7.1397406, 50.9463436], [7.1395434, 50.9462631], [7.1395412, 50.9462622], [7.1395222, 50.9462545], [7.1395252, 50.946221], [7.1395377, 50.9461345], [7.1395114, 50.946114], [7.139517, 50.9461071], [7.1395526, 50.9460622], [7.1395342, 50.9460499], [7.1394035, 50.9460157], [7.1394017, 50.9459669], [7.1393975, 50.9458535], [7.1393973, 50.9458465], [7.1394682, 50.9457513], [7.1394734, 50.9457443], [7.139369, 50.9456953], [7.1393677, 50.9456958], [7.1393491, 50.945703], [7.1392646, 50.945736], [7.1392642, 50.9457356], [7.1392303, 50.9457113], [7.1392767, 50.9456938], [7.139221, 50.945651], [7.1391927, 50.9456293], [7.1392423, 50.9455388], [7.1392259, 50.9455258], [7.1391864, 50.9454908], [7.1389065, 50.9455882], [7.138789, 50.9456294], [7.1387361, 50.9456487], [7.1387274, 50.945666], [7.1387534, 50.9457791], [7.1386964, 50.9457919], [7.1385435, 50.9458055], [7.1384291, 50.945926], [7.138353, 50.9458616], [7.1383537, 50.9457886], [7.1381999, 50.9457727], [7.1381997, 50.945773], [7.1381759, 50.9458454], [7.1380327, 50.9458921], [7.1380317, 50.945892], [7.1380083, 50.9458913], [7.1378493, 50.9457884], [7.1378077, 50.9457464], [7.1377572, 50.9456954], [7.1377995, 50.9456892], [7.1378015, 50.9456889], [7.1378663, 50.9457035], [7.1379321, 50.9457182], [7.1379341, 50.9457187], [7.1379359, 50.9457191], [7.1379547, 50.9455484], [7.1379571, 50.9455426], [7.1378929, 50.945527], [7.1378917, 50.9455275], [7.1378093, 50.9455593], [7.1378074, 50.94556], [7.1377947, 50.9455649], [7.1377943, 50.9455645], [7.1377736, 50.9455473], [7.1377705, 50.9455447], [7.1377052, 50.9454905], [7.1376741, 50.9454392], [7.1376933, 50.9454041], [7.1375777, 50.9453415], [7.137446, 50.9453443], [7.1372553, 50.9453488], [7.1372652, 50.9452933], [7.1371982, 50.9452573], [7.137111, 50.9452582], [7.1371161, 50.9453237], [7.1369894, 50.945326], [7.1368954, 50.9453482], [7.1366294, 50.9451939], [7.136582, 50.9451616], [7.1365875, 50.945131], [7.1366093, 50.9451231], [7.1366561, 50.9451495], [7.1366963, 50.9450984], [7.1368, 50.9450571], [7.1367557, 50.9450109], [7.1364779, 50.9449701], [7.1364564, 50.944971], [7.1364418, 50.9449766], [7.1363978, 50.9450584], [7.1364085, 50.9450815], [7.1363818, 50.9450919], [7.1363572, 50.9451014], [7.1362894, 50.9451278], [7.136113, 50.9451706], [7.1360944, 50.9451642], [7.1360552, 50.9451284], [7.1359337, 50.9450571], [7.1360586, 50.9450225], [7.1361091, 50.9449384], [7.1361014, 50.9449238], [7.1358032, 50.9449586], [7.1355945, 50.9450266], [7.1353893, 50.9450522], [7.1353868, 50.9451008], [7.1353603, 50.9451151], [7.1353141, 50.945103], [7.1352412, 50.9451058], [7.135085, 50.9450834], [7.1350812, 50.9450643], [7.1351334, 50.945004], [7.135202, 50.9450179], [7.1352134, 50.9449338], [7.1352155, 50.9449335], [7.1353357, 50.9449607], [7.1353525, 50.944998], [7.1354337, 50.9449849], [7.1354052, 50.9448432], [7.1352061, 50.9447852], [7.1351852, 50.9447919], [7.1351108, 50.9448978], [7.1349305, 50.9448138], [7.1349513, 50.9447531], [7.1349354, 50.9447467], [7.1349029, 50.9447509], [7.1345979, 50.9449113], [7.1344661, 50.9448516], [7.1344838, 50.9446126], [7.1344445, 50.944611], [7.1343871, 50.9445366], [7.1341728, 50.9442487], [7.1339574, 50.9442755], [7.1338477, 50.944256], [7.1337009, 50.9442979], [7.1335415, 50.9443932], [7.1334808, 50.9443839], [7.1334608, 50.944364], [7.1334903, 50.9442624], [7.1334793, 50.9442118], [7.1334697, 50.9442025], [7.133014, 50.9441436], [7.1328673, 50.9441022], [7.1327843, 50.9441283], [7.1327514, 50.9441347], [7.1326715, 50.9439973], [7.1326768, 50.9439764], [7.1327699, 50.9439689], [7.1327849, 50.9439636], [7.1327807, 50.9439502], [7.1326745, 50.9439075], [7.1325012, 50.9439093], [7.1325004, 50.9438786], [7.1323678, 50.9438466], [7.1322908, 50.9439762], [7.1322741, 50.9439969], [7.1322193, 50.9439396], [7.1321793, 50.9438738], [7.132032, 50.9437674], [7.1321354, 50.9437337], [7.1321297, 50.9437168], [7.1320306, 50.9436453], [7.1317264, 50.9435919], [7.1317306, 50.943654], [7.1315677, 50.9436426], [7.1315318, 50.9436144], [7.1314245, 50.9436035], [7.1313704, 50.9436944], [7.1315792, 50.9438129], [7.1315797, 50.9439027], [7.1314218, 50.9439279], [7.1312748, 50.9439525], [7.1311823, 50.9440095], [7.1310684, 50.944009], [7.131092, 50.9440816], [7.1309958, 50.9441155], [7.1308069, 50.9440481], [7.1307545, 50.9439735], [7.1306266, 50.943908], [7.1306215, 50.9438702], [7.1304856, 50.9438267], [7.1304127, 50.9438358], [7.1304504, 50.9439172], [7.13036, 50.9439343], [7.1303632, 50.9439477], [7.1304692, 50.9439696], [7.1304787, 50.943983], [7.1304591, 50.9440633], [7.1303962, 50.9441194], [7.130314, 50.9441053], [7.130291, 50.9440409], [7.1301285, 50.9437433], [7.129763, 50.9438353], [7.1295849, 50.9437068], [7.1296103, 50.9436201], [7.1295734, 50.9436203], [7.1295437, 50.9436408], [7.1294604, 50.9437032], [7.1293849, 50.9437616], [7.1292483, 50.9438472], [7.1292549, 50.9438645], [7.1293744, 50.9438883], [7.1293748, 50.9439016], [7.1292625, 50.9439573], [7.12923, 50.9439663], [7.1292348, 50.9439854], [7.1292117, 50.9440049], [7.1291438, 50.9439961], [7.1291547, 50.9439388], [7.1289473, 50.9439137], [7.1288168, 50.9438696], [7.1287323, 50.943874], [7.1287551, 50.9439704], [7.1286653, 50.9441357], [7.1286455, 50.944139], [7.1284918, 50.9440356], [7.1282265, 50.9440521], [7.1280857, 50.9441063], [7.1280364, 50.9440758], [7.1280443, 50.9440544], [7.1280753, 50.9440147], [7.128104, 50.9439055], [7.127985, 50.9438934], [7.1279629, 50.9439655], [7.1278424, 50.9440235], [7.1277976, 50.9441058], [7.1277147, 50.9441421], [7.1276951, 50.9441413], [7.1277121, 50.9440569], [7.1276893, 50.9440405], [7.1275614, 50.9440839], [7.1276129, 50.9441284], [7.1274427, 50.9442258], [7.1274032, 50.9441987], [7.1274272, 50.9441555], [7.1274239, 50.9441451], [7.1274037, 50.9441061], [7.1273637, 50.9440657], [7.1273608, 50.9440425], [7.1273532, 50.9440297], [7.1273286, 50.9440109], [7.127307, 50.9440136], [7.1272914, 50.9440552], [7.1270851, 50.9441478], [7.1269741, 50.9441918], [7.1268942, 50.9441906], [7.1266401, 50.9441651], [7.1265027, 50.9441837], [7.1263744, 50.9442275], [7.1263348, 50.9442301], [7.1263028, 50.9442186], [7.1262972, 50.9442081], [7.1262684, 50.944174], [7.1262666, 50.9441718], [7.1262164, 50.9441122], [7.1261477, 50.9440788], [7.1260732, 50.944087], [7.1260373, 50.9441308], [7.1260218, 50.9441452], [7.1260251, 50.9441801], [7.12605, 50.9442075], [7.126053, 50.9442107], [7.1260713, 50.9442308], [7.1260769, 50.9442573], [7.1260589, 50.9442797], [7.1260068, 50.9442962], [7.1259389, 50.9443219], [7.1258929, 50.9443215], [7.1258723, 50.944311], [7.1258696, 50.9442954], [7.1258693, 50.9442941], [7.1258665, 50.9442782], [7.1258801, 50.9441857], [7.1258747, 50.9441453], [7.1258268, 50.9441073], [7.1257506, 50.9440719], [7.1257208, 50.9440685], [7.1256575, 50.9440715], [7.1256034, 50.9440824], [7.1255886, 50.9440964], [7.1256083, 50.9441534], [7.1255824, 50.9441787], [7.125535, 50.9441901], [7.1255073, 50.9441884], [7.1254552, 50.9441658], [7.1254016, 50.9441333], [7.1253762, 50.9441276], [7.1252963, 50.9441209], [7.12526, 50.9441321], [7.125226, 50.9441526], [7.1250069, 50.9441838], [7.1249724, 50.9441713], [7.1248951, 50.9441695], [7.1248488, 50.9441705], [7.1247211, 50.9442053], [7.1247049, 50.9442097], [7.1246347, 50.9442204], [7.1245887, 50.9442106], [7.1245868, 50.9442097], [7.1245648, 50.9442001], [7.1245171, 50.9441528], [7.1244703, 50.9441281], [7.1244648, 50.9441283], [7.1244357, 50.9441295], [7.1243555, 50.9441493], [7.1243428, 50.9441627], [7.1243176, 50.9441929], [7.1243394, 50.9442036], [7.1244136, 50.9442616], [7.1244515, 50.9443444], [7.1244526, 50.9443647], [7.1244534, 50.9443782], [7.1244264, 50.9443985], [7.1243928, 50.9444017], [7.1242657, 50.9443452], [7.1241613, 50.9442716], [7.1241353, 50.9442409], [7.1241305, 50.9442353], [7.1241118, 50.9442263], [7.1241039, 50.9442225], [7.1240504, 50.9442183], [7.1240092, 50.9442677], [7.123898, 50.9443629], [7.1238171, 50.9443896], [7.1237348, 50.9443969], [7.1236807, 50.9443924], [7.1236509, 50.9443909], [7.1236436, 50.944404], [7.123647, 50.9444288], [7.1236578, 50.9444752], [7.123665, 50.9444945], [7.1237191, 50.9445223], [7.12376, 50.9445765], [7.1237567, 50.9446109], [7.1237501, 50.9446241], [7.1237101, 50.9446354], [7.1235847, 50.9446073], [7.1235032, 50.9445865], [7.1234724, 50.9445851], [7.1234212, 50.9445949], [7.1233511, 50.9446345], [7.1233151, 50.94463], [7.1233036, 50.9446127], [7.1232894, 50.9446071], [7.1232543, 50.9446071], [7.123151, 50.9446764], [7.1231086, 50.9447069], [7.1230419, 50.9447349], [7.1229749, 50.9448283], [7.1229238, 50.9448602], [7.1227793, 50.9448714], [7.122595, 50.9449365], [7.1225777, 50.9449202], [7.1225851, 50.9448772], [7.1225477, 50.944816], [7.1225009, 50.9447132], [7.1224686, 50.9446861], [7.1224401, 50.9446822], [7.1223997, 50.9447035], [7.1223023, 50.9447713], [7.1222688, 50.9447786], [7.1222388, 50.9447773], [7.1222111, 50.9447437], [7.1221766, 50.9446955], [7.1221571, 50.9446936], [7.1219896, 50.9446694], [7.1219451, 50.9446833], [7.1219021, 50.9446839], [7.1218259, 50.9446556], [7.1216312, 50.9446337], [7.1215067, 50.9446344], [7.1214291, 50.944619], [7.1213658, 50.944598], [7.1212715, 50.9445994], [7.121203, 50.9446286], [7.1210846, 50.9446451], [7.1209234, 50.9446121], [7.1207648, 50.9445954], [7.1206638, 50.944564], [7.1205981, 50.9445268], [7.1205332, 50.9445159], [7.1204807, 50.9445161], [7.1204563, 50.9445341], [7.1204651, 50.9445466], [7.1204675, 50.9445638], [7.1204485, 50.9445765], [7.1203779, 50.9445908], [7.1203217, 50.9445861], [7.1202733, 50.9445543], [7.1202425, 50.9445156], [7.1201692, 50.9444842], [7.1201042, 50.9444895], [7.1200824, 50.9444898], [7.1200681, 50.9445076], [7.1200671, 50.9445323], [7.1200418, 50.9445546], [7.1199832, 50.9445442], [7.1199063, 50.9445054], [7.1198726, 50.9444614], [7.1198569, 50.9444519], [7.1198107, 50.9444441], [7.119781, 50.9444533], [7.1197224, 50.9444748], [7.1197098, 50.9444944], [7.1197028, 50.9445053], [7.1196872, 50.9445121], [7.1196357, 50.9445113], [7.1196047, 50.9444968], [7.1195847, 50.944506], [7.1194863, 50.9445514], [7.1193345, 50.9445643], [7.1192291, 50.9446005], [7.1191859, 50.9446257], [7.1191698, 50.9446351], [7.1191332, 50.9446565], [7.119133, 50.9446567], [7.1191328, 50.9446567], [7.1190931, 50.9446817], [7.1190716, 50.944693], [7.1189519, 50.9447453], [7.1189341, 50.944749], [7.1188625, 50.9447561], [7.1188445, 50.9447575], [7.1187965, 50.9447614], [7.1187712, 50.9447561], [7.1186538, 50.944731], [7.1184998, 50.9447663], [7.1183634, 50.944759], [7.1181972, 50.9446878], [7.1181672, 50.9446712], [7.1180859, 50.9446729], [7.1180719, 50.9446696], [7.1180558, 50.944663], [7.1180806, 50.944609], [7.1180806, 50.9446088], [7.1180867, 50.9446015], [7.118117, 50.9445641], [7.1181072, 50.9445464], [7.1179437, 50.9444594], [7.1179195, 50.9444465], [7.117874, 50.9444525], [7.1178331, 50.9444572], [7.1178036, 50.9444703], [7.1177908, 50.9444853], [7.1177903, 50.9444859], [7.1177834, 50.944494], [7.1177823, 50.9444953], [7.1177787, 50.9444997], [7.1177573, 50.9445063], [7.1177176, 50.9445319], [7.1176119, 50.9445866], [7.1175856, 50.944628], [7.1175683, 50.9446375], [7.1175063, 50.9446601], [7.1173931, 50.9446892], [7.1173396, 50.9446814], [7.1173215, 50.9446734], [7.11723, 50.944651], [7.117178, 50.9446543], [7.1170821, 50.9447148], [7.1170625, 50.9447187], [7.1170275, 50.9447077], [7.1170164, 50.944692], [7.1170166, 50.9446428], [7.1170323, 50.9446365], [7.1170597, 50.9445875], [7.1170598, 50.9445875], [7.1170992, 50.9444747], [7.1170978, 50.9444349], [7.1170726, 50.9444223], [7.1170156, 50.9444294], [7.1169847, 50.9444494], [7.1169677, 50.9444603], [7.1169066, 50.9444711], [7.1168167, 50.9444835], [7.116751, 50.9445074], [7.1167486, 50.9445093], [7.1167304, 50.9444952], [7.1166826, 50.9444582], [7.1166896, 50.9444313], [7.116711, 50.9443476], [7.1167234, 50.9442991], [7.1167526, 50.9441853], [7.1169021, 50.9436134], [7.1169077, 50.9435925], [7.1169169, 50.9435574], [7.116922, 50.9435384], [7.1169393, 50.943473], [7.1169507, 50.9434294], [7.1169584, 50.9434003], [7.1169664, 50.9433714], [7.1169793, 50.9433209], [7.1170105, 50.9432027], [7.11738, 50.9418024], [7.1163669, 50.9414742], [7.1160161, 50.9413333], [7.1149054, 50.9408873], [7.1147837, 50.9408384], [7.1147818, 50.9408421], [7.11474, 50.9409223], [7.1146231, 50.9411457], [7.1146151, 50.9411606], [7.1145832, 50.941219], [7.1145605, 50.9412607], [7.1145212, 50.9413357], [7.114272, 50.9418172], [7.1142615, 50.9418366], [7.1142263, 50.9419042], [7.1142138, 50.9419228], [7.1142129, 50.9419295], [7.1141868, 50.9419794], [7.1141758, 50.9420003], [7.1141632, 50.9420246], [7.1141564, 50.9420376], [7.1140859, 50.9421722], [7.1134336, 50.9434187], [7.1133893, 50.9435033], [7.1133612, 50.9434918], [7.1125242, 50.9431803], [7.1120202, 50.9429921], [7.1118356, 50.9429231], [7.1118049, 50.9429117], [7.1117634, 50.9428962], [7.1117321, 50.9428845], [7.1117191, 50.9428796], [7.111687, 50.9428676], [7.1116651, 50.9428594], [7.1111437, 50.9426647], [7.1108398, 50.9430154], [7.1108341, 50.943021], [7.1108192, 50.943039], [7.1110662, 50.9431545], [7.1111049, 50.9432469], [7.1111116, 50.9432635], [7.1111291, 50.9433056], [7.1111408, 50.9433334], [7.1111496, 50.9433548], [7.1110812, 50.9433694], [7.1109152, 50.9434044], [7.1098667, 50.943626], [7.1098226, 50.9436353], [7.1097348, 50.9436538], [7.1095113, 50.9437752], [7.1092688, 50.9439069], [7.10921, 50.9439389], [7.1078386, 50.944684], [7.107284, 50.9449814], [7.1071761, 50.9450404], [7.1059517, 50.9457091], [7.1057128, 50.9458388], [7.1056157, 50.9458917], [7.1055428, 50.9459312], [7.1054966, 50.9459563], [7.1048255, 50.946321], [7.1040626, 50.9467326], [7.1032701, 50.9471643], [7.1031678, 50.9472201], [7.1021789, 50.9477588], [7.1018249, 50.9480196], [7.1014508, 50.9483034], [7.1014098, 50.9483345], [7.1014, 50.9483461], [7.101287, 50.9483944], [7.1012415, 50.9484138], [7.1011573, 50.9484498], [7.1011005, 50.9484741], [7.1010805, 50.9484828], [7.1008343, 50.9485919], [7.1007929, 50.9486102], [7.1007321, 50.9486371], [7.1007028, 50.9486501], [7.1004241, 50.948696], [7.0997651, 50.948805], [7.0991158, 50.9489123], [7.0984881, 50.9490159], [7.0978972, 50.9491191], [7.097836, 50.9491943], [7.0971787, 50.9499912], [7.0967093, 50.9505812], [7.096646, 50.9506596], [7.0965962, 50.9507519], [7.0965366, 50.9508622], [7.0965114, 50.950909], [7.0965113, 50.950909], [7.0964497, 50.9510234], [7.0964153, 50.9510876], [7.0964251, 50.951085], [7.0960394, 50.9518016], [7.0960139, 50.9518493], [7.0960479, 50.9518348], [7.0961608, 50.9517869], [7.0978345, 50.9510767], [7.097946, 50.9510293], [7.0979547, 50.9510256], [7.0979818, 50.9510289], [7.0983698, 50.951091], [7.0990698, 50.9511898], [7.0992006, 50.9512083], [7.0992543, 50.9512525], [7.0992106, 50.9513567], [7.0991369, 50.9515564], [7.0990945, 50.951671], [7.0990006, 50.9519257], [7.0989591, 50.9520384], [7.0989199, 50.9521447], [7.0989266, 50.9521593], [7.0988503, 50.9521831], [7.0987866, 50.9522031], [7.098512, 50.9522904], [7.0982897, 50.9523581], [7.0980865, 50.9524224], [7.0979336, 50.9524707], [7.0978232, 50.9525039], [7.0978143, 50.9525078], [7.0976382, 50.9525627], [7.0975553, 50.9525885], [7.0975051, 50.9526042], [7.0973221, 50.9526612], [7.0972777, 50.952675], [7.0971838, 50.9527042], [7.0969777, 50.9527685], [7.0968431, 50.9528105], [7.0966477, 50.9528713], [7.0965257, 50.9529093], [7.0964875, 50.9529212], [7.0964587, 50.9529302], [7.0964364, 50.9529371], [7.0963917, 50.9529614], [7.0963632, 50.9529769], [7.0963149, 50.9530031], [7.0962122, 50.9530589], [7.0961885, 50.9530718], [7.0961768, 50.9530781], [7.0961162, 50.9531111], [7.0954816, 50.9532888], [7.095352, 50.9533245], [7.0953521, 50.9533247], [7.095812, 50.954264], [7.0958284, 50.9543051], [7.0958363, 50.9543232], [7.0958529, 50.9543608], [7.0958643, 50.9543868], [7.095885, 50.9544341], [7.0958982, 50.9544641], [7.0959068, 50.9544834], [7.0959215, 50.954517], [7.0959534, 50.9545897], [7.0959534, 50.9545926], [7.0958599, 50.9545997], [7.0954121, 50.9546235], [7.0953649, 50.9546261], [7.0952374, 50.9546328], [7.0950867, 50.9546413], [7.0949907, 50.9546466], [7.0946576, 50.9546652], [7.0943475, 50.9546826], [7.0942133, 50.954688], [7.0941853, 50.9546895], [7.0941095, 50.9547117], [7.0938654, 50.9547829], [7.0934147, 50.9549143], [7.0929394, 50.9550529], [7.0926969, 50.9551236], [7.0925966, 50.9551529], [7.0924936, 50.955193], [7.092412, 50.9552246], [7.09236, 50.9552456], [7.0912976, 50.955669], [7.0911766, 50.9557171], [7.0910868, 50.9557536], [7.0902094, 50.956111], [7.0900965, 50.956157], [7.090063, 50.9561707], [7.0900151, 50.9561899], [7.0894518, 50.9564162], [7.0889607, 50.9566135], [7.088847, 50.9566593], [7.0881469, 50.9570802], [7.087606, 50.9574065], [7.0875074, 50.957466], [7.087501, 50.9574699], [7.0874483, 50.9574552], [7.0870403, 50.9573426], [7.0866037, 50.9573309], [7.0865962, 50.9573306], [7.0865925, 50.9573343], [7.0864102, 50.9575082], [7.0861362, 50.9577695], [7.0860588, 50.9578499], [7.0859853, 50.9579264], [7.0860382, 50.957974], [7.0860665, 50.9579995], [7.0862168, 50.9581354], [7.0863945, 50.9582611], [7.0865157, 50.958347], [7.0866055, 50.9584106], [7.086612, 50.9584152], [7.0867034, 50.9583862], [7.0867511, 50.9583338], [7.0867549, 50.9583356], [7.0868637, 50.9583871], [7.0875202, 50.9586978], [7.0876277, 50.9587488], [7.0876356, 50.9587526], [7.0875898, 50.9588382], [7.0874819, 50.9590401], [7.0874562, 50.9590881], [7.0873789, 50.9592326], [7.0873334, 50.9593177], [7.08743, 50.9593325], [7.0876151, 50.959361], [7.08769, 50.9593725], [7.0877992, 50.9593893], [7.0878247, 50.9593945], [7.0880533, 50.9594417], [7.0881752, 50.9594679], [7.0883947, 50.9595048], [7.0884144, 50.9595081], [7.0885075, 50.9595253], [7.0886373, 50.9595492], [7.0887122, 50.9595629], [7.0888838, 50.9595945], [7.0889523, 50.9596071], [7.0894486, 50.9596999], [7.0895943, 50.9597281], [7.0897132, 50.9597656], [7.089951, 50.9598406], [7.090322, 50.9599778], [7.0904387, 50.9600209], [7.0906035, 50.9600819], [7.0907443, 50.9601339], [7.0908211, 50.9601623], [7.091044, 50.9602446], [7.0913825, 50.9603698], [7.0917094, 50.9604905], [7.0918195, 50.9604992], [7.0918914, 50.9605205], [7.0918734, 50.9605397], [7.0918051, 50.9606126], [7.0915223, 50.9609138], [7.0914618, 50.9609781], [7.091507, 50.9610058], [7.0916035, 50.9610649], [7.09178, 50.961173], [7.0919722, 50.9612381], [7.0922845, 50.9613438], [7.0922051, 50.9614425], [7.0921162, 50.9615531], [7.0920899, 50.9615857], [7.0920749, 50.9616044], [7.0920571, 50.9616351], [7.0921712, 50.9616799], [7.0928043, 50.9619287], [7.0930054, 50.9620564], [7.0930987, 50.9621157], [7.0935073, 50.9623752], [7.0938119, 50.9625746], [7.0941613, 50.9628052], [7.0942574, 50.9628686], [7.0943488, 50.9629299], [7.0945328, 50.9630518], [7.0945747, 50.9630795], [7.0947453, 50.9631924], [7.0947564, 50.9632013], [7.0948348, 50.9632517], [7.0949541, 50.9632979], [7.094981, 50.9633084], [7.0950188, 50.963323], [7.0952542, 50.9634144], [7.0957651, 50.9636122], [7.0960365, 50.9637175], [7.0961316, 50.9637534], [7.0962901, 50.9638133], [7.096324, 50.9638261], [7.0964947, 50.9638904], [7.096616, 50.9639362], [7.0967548, 50.9639204], [7.0968823, 50.9639061], [7.0970158, 50.963891], [7.0970245, 50.9638899], [7.0971489, 50.9638759], [7.0972815, 50.9638609], [7.0973259, 50.9638559], [7.0974156, 50.9638458], [7.0974711, 50.9638395], [7.0975366, 50.963832], [7.0976382, 50.9638205], [7.0976447, 50.9638276], [7.0977127, 50.9639011], [7.0977503, 50.9639419], [7.0978695, 50.9640712], [7.0979096, 50.9641144], [7.0979924, 50.9642043], [7.098115, 50.9643371], [7.0981764, 50.9644035], [7.0982376, 50.96447], [7.0983114, 50.9645501], [7.0986459, 50.9649124], [7.0987178, 50.9649904], [7.0987765, 50.96506], [7.0988232, 50.9651156], [7.0988379, 50.965133], [7.0988683, 50.9651701], [7.0988915, 50.9651983], [7.0989129, 50.9652241], [7.0989566, 50.9652766], [7.0989857, 50.9653114], [7.0991687, 50.9655308], [7.0994355, 50.9658508], [7.099448, 50.9658663], [7.0996629, 50.9661341], [7.0997277, 50.9662149], [7.100485, 50.9671583], [7.100538, 50.9672346], [7.1011337, 50.9679588], [7.1011253, 50.9680482], [7.1010829, 50.9685031], [7.1010671, 50.9686733], [7.1010589, 50.9687626], [7.1010511, 50.9688462], [7.1010414, 50.9689319], [7.1010313, 50.9690201], [7.1010265, 50.9691106], [7.1009808, 50.9699514], [7.1009759, 50.9700419], [7.1009571, 50.9701299], [7.1007974, 50.9707731], [7.1006714, 50.971281], [7.1006649, 50.9713072], [7.1006557, 50.9713372], [7.1005863, 50.9713564], [7.1005109, 50.9713775], [7.1004665, 50.9714637], [7.1003107, 50.9717675], [7.1000975, 50.9721825], [7.1000559, 50.9722633], [7.09989, 50.9725867], [7.0997712, 50.9728134], [7.0996999, 50.9729496], [7.0996754, 50.972953], [7.0996653, 50.9729471], [7.0995385, 50.9728735], [7.0995273, 50.9728669], [7.0993642, 50.9727722], [7.0992744, 50.97272], [7.0991482, 50.9726467], [7.0990742, 50.972727], [7.0988194, 50.9730033], [7.098704, 50.9731436], [7.098658, 50.9731994], [7.0986466, 50.9732134], [7.0985726, 50.9733031], [7.0985416, 50.973341], [7.098531, 50.973354], [7.098523, 50.973422], [7.0985209, 50.9734391], [7.0984829, 50.9735083], [7.0984328, 50.9735615], [7.0980032, 50.9740216], [7.0976495, 50.9744116], [7.0975737, 50.9744952], [7.0974353, 50.9746405], [7.0970278, 50.9750381], [7.0969779, 50.9750042], [7.0969007, 50.9749516], [7.0967935, 50.974904], [7.0967511, 50.9748888], [7.0966893, 50.9748543], [7.0966199, 50.9748355], [7.096567, 50.974817], [7.0964106, 50.9747478], [7.0964021, 50.974746], [7.0963639, 50.9747468], [7.0963528, 50.9747494], [7.0963277, 50.9747637], [7.0962642, 50.9747945], [7.0962162, 50.9748158], [7.0961793, 50.9748396], [7.0961599, 50.9748655], [7.0961341, 50.9749036], [7.0961445, 50.9749131], [7.0961349, 50.974948], [7.0960963, 50.9749398], [7.0960793, 50.9749788], [7.096069, 50.9750015], [7.0960837, 50.9750125], [7.0961058, 50.9750283], [7.0961554, 50.9750459], [7.0961868, 50.9750463], [7.0961996, 50.9750472], [7.0962462, 50.9750505], [7.0962639, 50.9750517], [7.0962872, 50.9750533], [7.0963983, 50.975061], [7.0964302, 50.9750735], [7.0964758, 50.9751146], [7.0964962, 50.9751331], [7.0964865, 50.9751414], [7.0964379, 50.975184], [7.0964109, 50.9752179], [7.0964194, 50.9752807], [7.0964315, 50.9752937], [7.0964319, 50.975342], [7.0963653, 50.9754363], [7.0963536, 50.9755727], [7.0963664, 50.9757586], [7.0963701, 50.9758113], [7.096373, 50.975858], [7.0959407, 50.9761293], [7.0958243, 50.9762024], [7.0958578, 50.9765463], [7.0958787, 50.9767768], [7.096051, 50.9773631], [7.0960774, 50.9774524], [7.0962808, 50.9779519], [7.0963693, 50.9781693], [7.0964029, 50.9782516], [7.096406, 50.9782593], [7.0965064, 50.9785103], [7.0967129, 50.9788007], [7.0967321, 50.9788277], [7.096738, 50.9788364], [7.0967454, 50.9788474], [7.0967634, 50.9788599], [7.097248, 50.9791979], [7.0973484, 50.979268], [7.0975443, 50.979405], [7.0978994, 50.9795632], [7.0982829, 50.9797651], [7.0988014, 50.9799211], [7.0990003, 50.9799828], [7.0989054, 50.9799734], [7.0989424, 50.9800061], [7.0992719, 50.9802934], [7.0993763, 50.9803843], [7.0994341, 50.9804345], [7.0995986, 50.9805778], [7.0999813, 50.9809116], [7.0999981, 50.9809261], [7.1000005, 50.9809276], [7.1000625, 50.9809817], [7.0995832, 50.9815663], [7.099465, 50.9815745], [7.0993256, 50.9815933], [7.0992455, 50.9816041], [7.0991161, 50.9815719], [7.0987687, 50.9814857], [7.0985536, 50.9814324], [7.0981513, 50.9813543], [7.097647, 50.9813487], [7.0966394, 50.9813515], [7.096616, 50.9814974], [7.0959772, 50.9820613], [7.0945754, 50.9823017], [7.0937897, 50.9825346], [7.095792, 50.98277], [7.0959542, 50.9834337], [7.0960227, 50.9835635], [7.0960618, 50.9836376], [7.0960662, 50.9836459], [7.0960953, 50.9836674], [7.0962969, 50.9838163], [7.0964799, 50.9839034], [7.0967665, 50.9841438], [7.0968347, 50.984201], [7.0969258, 50.9842731], [7.0969274, 50.9842744], [7.0969477, 50.9842994], [7.0969296, 50.984448], [7.0969203, 50.9844535], [7.0969199, 50.9844537], [7.0969033, 50.9844633], [7.0968706, 50.984474], [7.0968581, 50.9845533], [7.0968552, 50.984643], [7.0968542, 50.9846758], [7.0968573, 50.9847638], [7.0968596, 50.9848293], [7.096839, 50.9849247], [7.0968297, 50.9849256], [7.0966963, 50.9849409], [7.0965514, 50.9849576], [7.0963851, 50.9849735], [7.0963586, 50.984976], [7.0963207, 50.9849801], [7.0962411, 50.9855319], [7.0960891, 50.9855307], [7.0960549, 50.9855304], [7.0959584, 50.9855297], [7.0959144, 50.9855289], [7.0956224, 50.9855266], [7.0955127, 50.9855258], [7.095319, 50.9855239], [7.0950312, 50.985522], [7.0947459, 50.9855203], [7.0943095, 50.9855172], [7.0938639, 50.9858697], [7.0928882, 50.9858837], [7.0926847, 50.9858866], [7.0925022, 50.9858784], [7.0923023, 50.985869], [7.0918755, 50.9860728], [7.0918282, 50.986095], [7.0914566, 50.9862684], [7.091327, 50.9862794], [7.0911366, 50.9862956], [7.0906496, 50.9863383], [7.0899319, 50.9864002], [7.0898474, 50.9864077], [7.0896386, 50.9864256], [7.089561, 50.9864297], [7.089088, 50.9862024], [7.0885253, 50.9859355], [7.0879348, 50.9856546], [7.0878831, 50.9858551], [7.08795, 50.9867793], [7.0879922, 50.9874472], [7.0880222, 50.9879269], [7.0862545, 50.9878537], [7.0843316, 50.9877848], [7.0841821, 50.9877792], [7.0841306, 50.9877772], [7.0840026, 50.9878178], [7.0824168, 50.9883216], [7.0822883, 50.9883624], [7.0820589, 50.9884361], [7.0818192, 50.9885131], [7.0816082, 50.9885795], [7.0814898, 50.9886163], [7.0813977, 50.9886456], [7.0801995, 50.9886899], [7.080076, 50.9886944], [7.0798357, 50.9887037], [7.0788184, 50.9887384], [7.0786159, 50.9887642], [7.0784832, 50.9887811], [7.0780293, 50.9888396], [7.0776753, 50.988884], [7.0767714, 50.9889992], [7.0754749, 50.9891642], [7.0751852, 50.9892011], [7.07461, 50.9892235], [7.0733526, 50.9892727], [7.072861, 50.9892918], [7.0692894, 50.9894709], [7.0691551, 50.9894777], [7.0691337, 50.9894789], [7.0691293, 50.9894789], [7.0690361, 50.9894836], [7.0690431, 50.9894951], [7.0690921, 50.9895742], [7.0691855, 50.9897251], [7.0692611, 50.9898472], [7.069344, 50.9899786], [7.0695021, 50.9902365], [7.0696117, 50.9904185], [7.0696346, 50.9904813], [7.0696651, 50.9905642], [7.0697531, 50.9908048], [7.0697672, 50.9908401], [7.0697697, 50.9908826], [7.0697775, 50.9909919], [7.0698297, 50.9912562], [7.0698222, 50.9913358], [7.0696853, 50.9915426], [7.0696824, 50.9915469], [7.0696244, 50.9916348], [7.0691063, 50.9915478], [7.0689893, 50.991528], [7.0689582, 50.991602], [7.0687092, 50.9920817], [7.0685264, 50.9924334], [7.0685179, 50.9924416], [7.0681457, 50.9928013], [7.0675822, 50.9935748], [7.0673168, 50.9936954], [7.0667687, 50.9935942], [7.0672848, 50.9944825], [7.0684484, 50.9957841], [7.0700832, 50.9971375], [7.0701442, 50.9971881], [7.0702222, 50.9972659], [7.0713032, 50.9983435], [7.0713811, 50.9984208], [7.0715832, 50.9986215], [7.0717343, 50.9987716], [7.0719998, 50.9990353], [7.0722637, 50.9992974], [7.0724311, 50.9994637], [7.0724319, 50.9994645], [7.072437, 50.9994704], [7.0724695, 50.9995019], [7.0724971, 50.9995294], [7.0725673, 50.9995994], [7.072832, 50.9997444], [7.0733155, 51.0000104], [7.0734355, 51.0000764], [7.0734468, 51.0000826], [7.073508, 51.0001045], [7.0736356, 51.0001501], [7.0740595, 51.0003015], [7.074128, 51.0003254], [7.0742867, 51.000382], [7.0743078, 51.0003935], [7.0744235, 51.0004557], [7.0745594, 51.0005308], [7.074603, 51.0005546], [7.0746473, 51.0005787], [7.0746573, 51.0005842], [7.0748278, 51.0006772], [7.0748869, 51.0007095], [7.0754899, 51.0010365], [7.0755187, 51.0010521], [7.0755298, 51.00106], [7.0760583, 51.0019915], [7.0759587, 51.0020569], [7.0756613, 51.0022512], [7.0752606, 51.0025151], [7.0751876, 51.0025631], [7.0751272, 51.0026032], [7.0750415, 51.0026597], [7.0749033, 51.0027503], [7.0747899, 51.002825], [7.0747654, 51.0028411], [7.074743, 51.0028556], [7.0745533, 51.0029827], [7.0745521, 51.0029835], [7.0741738, 51.0032368], [7.0731527, 51.0039245], [7.0731249, 51.0039432], [7.0730719, 51.0039785], [7.0717794, 51.004839], [7.071548, 51.0049939], [7.0712731, 51.0051779], [7.0712632, 51.0051847], [7.0712346, 51.0052037], [7.0711526, 51.0052653], [7.0711329, 51.0052801], [7.0711144, 51.0052932], [7.0711129, 51.0052945], [7.0710928, 51.0053122], [7.0710633, 51.0053371], [7.0706576, 51.0056794], [7.0706135, 51.0057167], [7.0701063, 51.0061446], [7.0699854, 51.0062468], [7.0699365, 51.006288], [7.0697998, 51.0064034], [7.0697871, 51.0064141], [7.0686542, 51.0073702], [7.0686153, 51.007403], [7.0683574, 51.0076208], [7.0681953, 51.0077694], [7.068033, 51.0079183], [7.0678708, 51.0080671], [7.0676988, 51.0082248], [7.0676439, 51.0082752], [7.0671897, 51.0086773], [7.0670576, 51.0087907], [7.0669227, 51.0089065], [7.0666353, 51.0091533], [7.0663247, 51.0094197], [7.0661483, 51.0095712], [7.0659886, 51.0097082], [7.0655784, 51.0100608], [7.0654299, 51.0101966], [7.0650739, 51.0105025], [7.0648223, 51.0107189], [7.0647516, 51.0107796], [7.0643252, 51.0111462], [7.0642035, 51.011251], [7.0641209, 51.0113222], [7.0627964, 51.0124615], [7.0618696, 51.0132593], [7.0617856, 51.0133315], [7.06185, 51.0133597], [7.0619597, 51.0134077], [7.063422, 51.0140429], [7.0654568, 51.0149319], [7.0688829, 51.0170986], [7.0685463, 51.0173479], [7.0684586, 51.0174127], [7.0684417, 51.0174253], [7.0681104, 51.0179305], [7.068059, 51.0180091], [7.0680522, 51.0180194], [7.0680283, 51.0180559], [7.0680191, 51.0180701], [7.0680757, 51.0181136], [7.0681728, 51.0181881], [7.068384, 51.01835], [7.0682237, 51.0184086], [7.0673989, 51.0187092], [7.0628239, 51.0190607], [7.0610531, 51.0188426], [7.0605735, 51.0186202], [7.058652, 51.0177296], [7.0577132, 51.0189667], [7.0559848, 51.0187066], [7.0551223, 51.0186837], [7.0537777, 51.0189161], [7.0508917, 51.019138], [7.0505582, 51.0191713], [7.0505549, 51.0191717], [7.0488344, 51.019199], [7.0486855, 51.0192013], [7.0486043, 51.0192026], [7.0465992, 51.0192339], [7.0453532, 51.0192533], [7.0442783, 51.019273], [7.0430612, 51.0192953], [7.0428823, 51.0198598], [7.0414117, 51.0211156], [7.0405469, 51.0206954], [7.0386427, 51.0197797], [7.0365289, 51.0183496], [7.0364285, 51.0182817], [7.0333386, 51.0181199], [7.0329924, 51.0180995], [7.032856, 51.0180914], [7.0328489, 51.018091], [7.032848, 51.018091], [7.0327432, 51.0180849], [7.0324718, 51.0180688], [7.0316798, 51.0180221], [7.0312674, 51.0180059], [7.0312248, 51.0180041], [7.031084, 51.0179986], [7.0308742, 51.0179903], [7.0307617, 51.0179859], [7.030521, 51.0179764], [7.030461, 51.017974], [7.0303238, 51.0179686], [7.0301554, 51.017959], [7.0299911, 51.0179497], [7.0299267, 51.0179464], [7.029896, 51.0179448], [7.0298178, 51.0179409], [7.0257977, 51.0177382], [7.0257679, 51.0177367], [7.0256681, 51.0177316], [7.0254923, 51.0177227], [7.0254842, 51.0177223], [7.0254781, 51.0177186], [7.025435, 51.017693], [7.0252297, 51.0175709], [7.0247086, 51.017261], [7.0246003, 51.0171965], [7.0243537, 51.0170972], [7.022145, 51.0162082], [7.0219095, 51.0161133], [7.021895, 51.0161063], [7.0218429, 51.0160813], [7.0216839, 51.0160047], [7.0214841, 51.0161715], [7.0211458, 51.0164475], [7.0211055, 51.0164883], [7.0209334, 51.0166625], [7.0203849, 51.0172187], [7.0202148, 51.0173912], [7.0199141, 51.0176961], [7.0197582, 51.017853], [7.0195936, 51.0178369], [7.0182257, 51.0176995], [7.0181002, 51.0176869], [7.017994, 51.0176762], [7.0179129, 51.017668], [7.0178896, 51.0176657], [7.0178471, 51.0176614], [7.0177657, 51.0176532], [7.0173629, 51.0176113], [7.0158826, 51.0174619], [7.015777, 51.0174513], [7.0157744, 51.017451], [7.0155886, 51.0174324], [7.0155605, 51.0174276], [7.0154844, 51.0174146], [7.0154805, 51.0174139], [7.0154477, 51.017497], [7.0154958, 51.0175316], [7.0154921, 51.0175404], [7.0154225, 51.0177054], [7.015152, 51.0183479], [7.0144755, 51.0190093], [7.0143921, 51.0191827], [7.0142071, 51.0195676], [7.0140869, 51.0196227], [7.0140097, 51.0196581], [7.013957, 51.0196823], [7.0136826, 51.0198082], [7.0136282, 51.0198119], [7.0135956, 51.0198142], [7.0135701, 51.019816], [7.0135548, 51.019817], [7.0135459, 51.0198177], [7.0134316, 51.0198257], [7.0132656, 51.0198374], [7.0131348, 51.0198465], [7.0128384, 51.0198673], [7.0127449, 51.0198733], [7.0127429, 51.0198735], [7.0127397, 51.0198738], [7.0127153, 51.0198753], [7.0126906, 51.0198768], [7.0126803, 51.0198775], [7.0126802, 51.0198775], [7.0126768, 51.0198778], [7.012673, 51.019878], [7.0124072, 51.0201935], [7.0120034, 51.020456], [7.0117823, 51.0219158], [7.0130541, 51.0218019], [7.0130371, 51.0219439], [7.0132317, 51.0220747], [7.0134862, 51.0220017], [7.013714, 51.0222582], [7.0137288, 51.0222749], [7.0137794, 51.022332], [7.0118968, 51.0224488], [7.0108864, 51.0225109], [7.0106662, 51.0225244], [7.0095451, 51.0225952], [7.0093826, 51.0226054], [7.0092687, 51.0226126], [7.0092598, 51.0226124], [7.0091788, 51.0224671], [7.0090678, 51.0222679], [7.0090008, 51.0221713], [7.0089583, 51.0220856], [7.0089473, 51.0220577], [7.0088375, 51.0217785], [7.0086906, 51.021405], [7.0085212, 51.0206328], [7.0071459, 51.0206386], [7.0067164, 51.0205166], [7.0049848, 51.019873], [7.0044207, 51.019734], [7.0037427, 51.0197118], [7.0027018, 51.0194745], [7.0027529, 51.0193649], [7.0029074, 51.019034], [6.9973807, 51.0171076], [6.9967577, 51.0168939], [6.9953552, 51.0164182], [6.9952951, 51.0161484], [6.9953441, 51.0161358], [6.995499, 51.0160425], [6.9957038, 51.0160242], [6.9966066, 51.015945], [6.9968623, 51.0143827], [6.9970587, 51.0140925], [6.9970502, 51.0140919], [6.9970237, 51.01409], [6.9967699, 51.014072], [6.9965478, 51.0140562], [6.9963563, 51.0140401], [6.9962872, 51.0140345], [6.9961986, 51.0140271], [6.9961664, 51.0140244], [6.9961121, 51.0140198], [6.9960888, 51.0140179], [6.9960258, 51.0140126], [6.9959533, 51.0140065], [6.9959238, 51.0140041], [6.9958912, 51.0140014], [6.9958641, 51.0139992], [6.9958557, 51.0139985], [6.9957205, 51.0139872], [6.9957119, 51.0139865], [6.9957137, 51.013981], [6.9957601, 51.0138387], [6.9958043, 51.0137033], [6.9958546, 51.0135504], [6.9959567, 51.0132442], [6.9960338, 51.0129873], [6.9960399, 51.0129668], [6.9960439, 51.0129525], [6.9961149, 51.0126979], [6.9962472, 51.012223], [6.9963382, 51.0118921], [6.9963608, 51.0118097], [6.9963618, 51.0118055], [6.996362, 51.0118047], [6.9963278, 51.0118077], [6.9961879, 51.0118195], [6.9958778, 51.0118256], [6.9948685, 51.0118454], [6.9947137, 51.0118484], [6.9947053, 51.0118499], [6.9945739, 51.0118728], [6.9941931, 51.0119391], [6.9941781, 51.0119417], [6.9940921, 51.0119567], [6.9940705, 51.0119604], [6.9932277, 51.0121071], [6.9931022, 51.012129], [6.9929658, 51.0121522], [6.9928035, 51.0121707], [6.9926749, 51.0121853], [6.9924123, 51.0121694], [6.9922439, 51.0121552], [6.9917829, 51.0121059], [6.990619, 51.0119811], [6.9904861, 51.0119668], [6.9904776, 51.011966], [6.9901882, 51.0119821], [6.9892702, 51.012201], [6.9886909, 51.012339], [6.9882058, 51.0124006], [6.9881582, 51.0123952], [6.9881074, 51.0123896], [6.9879761, 51.012375], [6.9870428, 51.0122711], [6.9865107, 51.0121864], [6.9863978, 51.0121305], [6.9856736, 51.0117711], [6.9850938, 51.0114834], [6.9850705, 51.0114719], [6.9850301, 51.011478], [6.9850183, 51.0114798], [6.9850184, 51.0114799], [6.9850213, 51.0114859], [6.9850518, 51.0115461], [6.9851662, 51.0117715], [6.9851577, 51.0117728], [6.9850276, 51.0117936], [6.984198, 51.0119258], [6.9840644, 51.011947], [6.9840301, 51.0119524], [6.9828977, 51.0121328], [6.9828892, 51.0121317], [6.9828815, 51.0121306], [6.9828618, 51.0121278], [6.9827571, 51.0121127], [6.9820855, 51.0120194], [6.9820013, 51.0120047], [6.9819933, 51.0120036], [6.9819467, 51.0120973], [6.9818649, 51.0122606], [6.9818243, 51.0123417], [6.9818218, 51.012347], [6.9817991, 51.0123386], [6.9813257, 51.0121638], [6.9810746, 51.012073], [6.9806727, 51.0119232], [6.9802015, 51.011749], [6.9798873, 51.0116318], [6.9797972, 51.0115981], [6.9796406, 51.0115425], [6.9794812, 51.0114831], [6.9794783, 51.011482], [6.9793443, 51.0117489], [6.9785889, 51.0114895], [6.9785987, 51.0114727], [6.9785986, 51.0114726], [6.9785985, 51.0114726], [6.9779391, 51.0113691], [6.9779382, 51.011369], [6.9779381, 51.0113689], [6.977938, 51.0113689], [6.9779379, 51.0113688], [6.977896, 51.0113499], [6.9778469, 51.0113276], [6.9773752, 51.0112865], [6.9771036, 51.0112628], [6.9759411, 51.0111616], [6.9755152, 51.0111245], [6.9755152, 51.0111283], [6.9755152, 51.0111312], [6.9755148, 51.0112069], [6.975515, 51.0112123], [6.9755242, 51.0116446], [6.975528, 51.0118197], [6.9755516, 51.0129205], [6.9755537, 51.0130118], [6.9755445, 51.0130149], [6.9754505, 51.0130472], [6.9754401, 51.0130505], [6.9753196, 51.0130886], [6.9738252, 51.0135621], [6.9737559, 51.0135837], [6.9728237, 51.0138726], [6.9718684, 51.0141657], [6.9719387, 51.0142546], [6.9720076, 51.014344], [6.9721554, 51.0145447], [6.9723299, 51.0147973], [6.9725119, 51.0150743], [6.9726829, 51.0153538], [6.9728436, 51.0156357], [6.9728637, 51.0156709], [6.9728931, 51.0157263], [6.9729175, 51.0157717], [6.9729346, 51.0158043], [6.9729517, 51.015837], [6.9729685, 51.0158697], [6.9729823, 51.0158968], [6.9730099, 51.0159511], [6.9730978, 51.0161316], [6.9731815, 51.0163129], [6.9732608, 51.0164949], [6.9733782, 51.0167853], [6.9734099, 51.0168724], [6.9734659, 51.0170263], [6.9734845, 51.0170773], [6.9735798, 51.0173708], [6.9736551, 51.017632], [6.9736691, 51.0176873], [6.9737032, 51.0178211], [6.9737218, 51.0178942], [6.9737796, 51.0181571], [6.9737861, 51.0181911], [6.9737925, 51.0182249], [6.9737988, 51.0182588], [6.9738045, 51.0182882], [6.9738101, 51.0183176], [6.9738155, 51.018347], [6.9738204, 51.0183749], [6.9738252, 51.0184027], [6.97383, 51.0184306], [6.9738663, 51.0186716], [6.9738952, 51.0189128], [6.9739168, 51.0191544], [6.9739335, 51.0194538], [6.973939, 51.0197534], [6.9739332, 51.020053], [6.9739266, 51.0201949], [6.9739176, 51.0203367], [6.973906, 51.0204785], [6.9738889, 51.0206436], [6.9738766, 51.0207459], [6.9738629, 51.020848], [6.9738479, 51.02095], [6.9737968, 51.0212479], [6.9737347, 51.0215449], [6.9736613, 51.021841], [6.973581, 51.022122], [6.9734907, 51.0224018], [6.9733903, 51.0226803], [6.9733814, 51.0227034], [6.9733612, 51.0227552], [6.9733346, 51.0228231], [6.9732277, 51.023079], [6.9731124, 51.0233335], [6.9729886, 51.0235863], [6.9728383, 51.0238706], [6.9726772, 51.0241524], [6.9725057, 51.0244318], [6.9723882, 51.0246126], [6.9722663, 51.0247923], [6.9721398, 51.0249707], [6.9721028, 51.0250217], [6.9719285, 51.0252535], [6.9716089, 51.025655], [6.9714468, 51.0258379], [6.9712753, 51.0260292], [6.9711858, 51.0261264], [6.9709683, 51.0263579], [6.9707478, 51.0265879], [6.9705242, 51.0268167], [6.9703731, 51.0269687], [6.9702196, 51.0271198], [6.9701568, 51.027182], [6.9701003, 51.0272372], [6.9700503, 51.027286], [6.9699518, 51.0273818], [6.9697532, 51.0275729], [6.9694884, 51.0278217], [6.9692197, 51.0280687], [6.9689471, 51.0283142], [6.9688592, 51.0283914], [6.9687708, 51.0284682], [6.968682, 51.028545], [6.9684921, 51.0287109], [6.9683003, 51.0288759], [6.9681069, 51.0290402], [6.9678193, 51.0292787], [6.967528, 51.0295154], [6.9672331, 51.0297503], [6.9669676, 51.0299572], [6.9667001, 51.0301617], [6.9664277, 51.0303664], [6.9656685, 51.030924], [6.9653916, 51.03112], [6.9648197, 51.0315132], [6.9644218, 51.0317787], [6.9638318, 51.0321612], [6.9634218, 51.0324191], [6.9628975, 51.0327384], [6.962857, 51.0327629], [6.9627912, 51.0328024], [6.9627584, 51.0328221], [6.9627289, 51.0328397], [6.9626996, 51.0328573], [6.9626702, 51.0328748], [6.9626378, 51.0328941], [6.9626055, 51.0329134], [6.9623886, 51.0330412], [6.9620392, 51.0332443], [6.9613305, 51.0336434], [6.9611749, 51.0337291], [6.9607807, 51.0339431], [6.9603827, 51.0341538], [6.9602447, 51.0342258], [6.9598768, 51.0344154], [6.959506, 51.0346028], [6.9591323, 51.0347878], [6.9588455, 51.0349298], [6.9583267, 51.0351827], [6.9581421, 51.0352725], [6.9580058, 51.0353387], [6.9579546, 51.035364], [6.9568794, 51.0358892], [6.9546216, 51.0369943], [6.9540608, 51.0372678], [6.9534999, 51.0375421], [6.9523732, 51.0380929], [6.95185, 51.0383487], [6.9517437, 51.0384007], [6.9516677, 51.0384378], [6.951591, 51.0384753], [6.9514853, 51.038527], [6.9512467, 51.0386437], [6.9501201, 51.0391945], [6.9496702, 51.0394144], [6.9489934, 51.0397452], [6.9478667, 51.040296], [6.9467401, 51.0408468], [6.9460745, 51.0411715], [6.9459627, 51.0412268], [6.9433596, 51.042499], [6.9422329, 51.0430496], [6.9409582, 51.0436731], [6.9408818, 51.0437099], [6.940768, 51.043766], [6.9403284, 51.0439818], [6.9402681, 51.0440099], [6.9382558, 51.0449945], [6.9368556, 51.0456786], [6.9365982, 51.0458031], [6.9354713, 51.0463538], [6.9326694, 51.0477228], [6.9311533, 51.0484635], [6.9309632, 51.0485564], [6.930725, 51.0486727], [6.9304555, 51.0488044], [6.9302791, 51.0488906], [6.9298361, 51.049107], [6.928709, 51.0496576], [6.9277977, 51.0501027], [6.9246951, 51.0516181], [6.9228046, 51.0525414], [6.9208183, 51.0535114], [6.9135788, 51.0570465], [6.9027773, 51.0623183], [6.9027747, 51.0623196], [6.9027723, 51.0623208], [6.9016496, 51.0628686], [6.9011065, 51.0631336], [6.9010954, 51.0631391], [6.9009885, 51.0631908], [6.9009488, 51.0632097], [6.9008544, 51.0632566], [6.9005218, 51.063419], [6.900382, 51.0634872], [6.8993939, 51.0639693], [6.8978324, 51.0647314], [6.8964242, 51.0653757], [6.8950583, 51.0659573], [6.8936613, 51.0665087], [6.8935966, 51.0665331], [6.8933989, 51.0666076], [6.8932702, 51.0666554], [6.8930667, 51.0667309], [6.8929245, 51.0667853], [6.892782, 51.0668394], [6.8926391, 51.0668932], [6.8926073, 51.0669052], [6.8925753, 51.0669171], [6.8925434, 51.066929], [6.8924731, 51.0669552], [6.8924027, 51.0669813], [6.8923323, 51.0670073], [6.8907977, 51.0675203], [6.8907337, 51.0675399], [6.890571, 51.0675896], [6.8892345, 51.067998], [6.8876448, 51.0684395], [6.8864632, 51.0687483], [6.8852733, 51.0690439], [6.8840753, 51.0693266], [6.8839742, 51.0693498], [6.8828512, 51.0696], [6.8817219, 51.0698388], [6.8805865, 51.070066], [6.8804825, 51.0700861], [6.8787539, 51.0704059], [6.8770133, 51.070699], [6.8752617, 51.070965], [6.8743025, 51.0711025], [6.8741913, 51.0711183], [6.8668487, 51.0721699], [6.8667374, 51.0721858], [6.8661555, 51.0722691], [6.8658978, 51.072306], [6.8656018, 51.0723484], [6.8650738, 51.072437], [6.8646615, 51.0725063], [6.8644084, 51.0725488], [6.8632424, 51.0728057], [6.8621108, 51.0731175], [6.8620745, 51.0731286], [6.862038, 51.0731398], [6.8620018, 51.073151], [6.8609411, 51.0735116], [6.859926, 51.0739206], [6.8589614, 51.0743758], [6.8589343, 51.0743897], [6.8588801, 51.0744175], [6.8588604, 51.0744277], [6.8588212, 51.074448], [6.8577951, 51.0750305], [6.8568511, 51.0756656], [6.855996, 51.0763489], [6.855971, 51.0763708], [6.855946, 51.0763927], [6.8559212, 51.0764148], [6.8558956, 51.0764375], [6.8558702, 51.0764602], [6.8558449, 51.0764831], [6.8555063, 51.0768012], [6.8551869, 51.0771273], [6.8548871, 51.0774605], [6.8548302, 51.077527], [6.8547428, 51.0776443], [6.854132, 51.0784635], [6.8535871, 51.0794397], [6.8532013, 51.0804454], [6.8531944, 51.0804685], [6.8531876, 51.0804917], [6.8531809, 51.0805148], [6.8531745, 51.0805377], [6.853168, 51.0805605], [6.8531616, 51.0805834], [6.8530507, 51.0810524], [6.8529773, 51.0815242], [6.8529407, 51.0820214], [6.85294, 51.0820451], [6.8529394, 51.0820689], [6.8529529, 51.0826309], [6.8529633, 51.082719], [6.8530128, 51.0831366], [6.8530193, 51.0831916], [6.8531387, 51.0837487], [6.8531597, 51.0838263], [6.8531902, 51.0839433], [6.8532228, 51.08406], [6.8532409, 51.0841213], [6.8532573, 51.0841766], [6.8506476, 51.0845245], [6.850546, 51.0845076], [6.8504971, 51.0844996], [6.8497309, 51.0843729], [6.8490663, 51.084263], [6.8489473, 51.0842405], [6.848855, 51.084223], [6.8487263, 51.0841986], [6.8487261, 51.0841995], [6.8486606, 51.0844539], [6.8486411, 51.0845683], [6.8485717, 51.0849743], [6.8485673, 51.0849734], [6.8485633, 51.0849725], [6.8485625, 51.0849723], [6.8484952, 51.0849576], [6.8484951, 51.0849575], [6.8474531, 51.0847294], [6.8469531, 51.0846199], [6.8451184, 51.0842182], [6.844966, 51.0841845], [6.8449085, 51.084172], [6.8448704, 51.0841636], [6.8447583, 51.0841391], [6.8447247, 51.0841317], [6.8434915, 51.0838619], [6.8434897, 51.0838615], [6.8430613, 51.0837677], [6.8430615, 51.0837673], [6.8430621, 51.0837662], [6.8431314, 51.0836404], [6.8433742, 51.0832], [6.8438608, 51.082317], [6.8441809, 51.0817339], [6.8441836, 51.0817313], [6.8441821, 51.0817309], [6.8441775, 51.0817299], [6.8440641, 51.0817051], [6.837274, 51.0802191], [6.8372369, 51.080211], [6.8372329, 51.0802101], [6.837218, 51.0802068], [6.8368329, 51.0801225], [6.8366099, 51.0800737], [6.8366104, 51.0800728], [6.8371122, 51.0791647], [6.8377031, 51.0780944], [6.8378073, 51.0779053], [6.8378238, 51.0778757], [6.8379001, 51.0777372], [6.8378983, 51.0777368], [6.8376452, 51.0776813], [6.8374922, 51.0776478], [6.8360181, 51.0773252], [6.8359372, 51.0773074], [6.8314202, 51.0763185], [6.831302, 51.0762926], [6.8301992, 51.0760511], [6.8293946, 51.075875], [6.8285279, 51.0756852], [6.8273516, 51.0754277], [6.8273224, 51.0754213], [6.8272329, 51.0754016], [6.8272145, 51.0753976], [6.827203, 51.075395], [6.8270762, 51.0753672], [6.8266821, 51.075281], [6.8258404, 51.0750967], [6.8257346, 51.0750734], [6.8256424, 51.0750533], [6.8254261, 51.0748595], [6.8253772, 51.0748159], [6.8252711, 51.0747206], [6.8251278, 51.0746255], [6.8251007, 51.0746073], [6.8250756, 51.0745954], [6.8250662, 51.0745909], [6.8249175, 51.0745203], [6.8246631, 51.0744413], [6.8246285, 51.0744306], [6.8245345, 51.0744014], [6.8246332, 51.0743539], [6.8254958, 51.0736775], [6.825815, 51.073428], [6.8258863, 51.0733719], [6.8258963, 51.0733634], [6.8259834, 51.0732951], [6.8260355, 51.0732404], [6.8261717, 51.0730884], [6.8261765, 51.073083], [6.8262527, 51.0729595], [6.8263244, 51.0728432], [6.8265858, 51.0724196], [6.8266449, 51.0723235], [6.8267562, 51.0721784], [6.8268429, 51.0720654], [6.8271382, 51.0716803], [6.8271752, 51.0716218], [6.8272562, 51.0715049], [6.8276808, 51.0708715], [6.8277255, 51.0708053], [6.8278263, 51.0706571], [6.8285133, 51.0696355], [6.829145, 51.0684662], [6.8291456, 51.0684649], [6.829146, 51.0684642], [6.8292503, 51.0682706], [6.8292581, 51.0682561], [6.8301955, 51.0669973], [6.8301967, 51.0669962], [6.8302064, 51.0669877], [6.8302074, 51.0669867], [6.8302124, 51.0669823], [6.8302269, 51.0669695], [6.8302439, 51.0669545], [6.8302456, 51.066953], [6.8302471, 51.0669517], [6.8302918, 51.0669121], [6.8302928, 51.0669113], [6.8306254, 51.0666179], [6.8306864, 51.066564], [6.830933, 51.0663463], [6.8312177, 51.0660948], [6.8312922, 51.066029], [6.8314111, 51.065924], [6.8314114, 51.0658661], [6.8314105, 51.0658662], [6.8314058, 51.0658666], [6.8313616, 51.0658709], [6.8313459, 51.0658724], [6.8313454, 51.0658711], [6.8313291, 51.0658192], [6.8313852, 51.0657766], [6.8314971, 51.0654892], [6.8315941, 51.0652403], [6.8319583, 51.0643059], [6.8319856, 51.0642361], [6.8319922, 51.064219], [6.8319966, 51.0642078], [6.8320127, 51.0641663], [6.832035, 51.0641092], [6.832378, 51.0632288], [6.8325068, 51.0628987], [6.832988, 51.0616726], [6.8330196, 51.0615919], [6.8330267, 51.0615739], [6.8330333, 51.0615568], [6.8330409, 51.0615373], [6.8330562, 51.0614986], [6.8330622, 51.0614834], [6.8330656, 51.0614747], [6.8330693, 51.061465], [6.8331986, 51.0611322], [6.833688, 51.0598884], [6.8336902, 51.0598825], [6.8337072, 51.0598393], [6.8337265, 51.05979], [6.8336049, 51.0597209], [6.8335195, 51.0596732], [6.8334662, 51.0596446], [6.8332645, 51.0595319], [6.8330988, 51.0594393], [6.8326364, 51.0591808], [6.832549, 51.0591351], [6.8324933, 51.0591058], [6.832491, 51.0591046], [6.8324776, 51.0590976], [6.8324694, 51.0590939], [6.832328, 51.0590297], [6.8323121, 51.0590224], [6.8322334, 51.0589893], [6.8313113, 51.0586001], [6.8312592, 51.0585781], [6.8310136, 51.0584721], [6.83002, 51.0580428], [6.8291879, 51.0576824], [6.8290545, 51.0576246], [6.8290463, 51.0576209], [6.8289216, 51.0575653], [6.8273758, 51.0569058], [6.8265723, 51.0565629], [6.8264675, 51.0565182], [6.8261759, 51.0564089], [6.8260844, 51.0563829], [6.8260346, 51.0563678], [6.8260021, 51.0563583], [6.8257371, 51.0562701], [6.8252576, 51.0561103], [6.8239356, 51.0556698], [6.8222851, 51.0551937], [6.8215559, 51.0549836], [6.8215388, 51.0549786], [6.8213791, 51.0549326], [6.8211589, 51.0548692], [6.8209167, 51.0547994], [6.820495, 51.0546779], [6.8191908, 51.0542935], [6.8184541, 51.0540764], [6.8178781, 51.0539064], [6.8178293, 51.0538999], [6.8177368, 51.0539148], [6.8167759, 51.0538172], [6.8164612, 51.0538313], [6.8165085, 51.0536499], [6.8166994, 51.0536097], [6.8162732, 51.0518128], [6.8158762, 51.0518185], [6.815779, 51.0517957], [6.8148622, 51.0518643], [6.8143843, 51.05133], [6.8142147, 51.0510819], [6.8139308, 51.0506187], [6.81365, 51.050067], [6.8136776, 51.0500084], [6.8136127, 51.0497547], [6.8131777, 51.0491087], [6.8130999, 51.0486807], [6.8131163, 51.0485683], [6.8132773, 51.0482726], [6.8136736, 51.0478741], [6.8137205, 51.0477881], [6.8136654, 51.0470736], [6.8137374, 51.0460272], [6.813741, 51.0459735], [6.8137736, 51.0459468], [6.8138267, 51.0459031], [6.8138036, 51.0458912], [6.8137914, 51.0459006], [6.8137242, 51.0458959], [6.8132486, 51.0458632], [6.8128132, 51.0460408], [6.8123344, 51.0460221], [6.8119406, 51.0460822], [6.8117032, 51.0461801], [6.8115841, 51.0462128], [6.8112148, 51.0462139], [6.8108774, 51.0461837], [6.8103421, 51.046174], [6.8100259, 51.0462132], [6.8097958, 51.0462646], [6.8097367, 51.0462778], [6.8094431, 51.0462847], [6.8092798, 51.0462621], [6.8088036, 51.0462355], [6.8080318, 51.0462634], [6.8077385, 51.04641], [6.8074658, 51.0464921], [6.8073298, 51.0464958], [6.8062692, 51.0469394], [6.8059268, 51.0474058], [6.8058275, 51.0477746], [6.8056792, 51.0479088], [6.8055217, 51.0480086], [6.8050458, 51.0484475], [6.8048768, 51.0486492], [6.8046194, 51.0490664], [6.804442, 51.0493494], [6.8042802, 51.0496047], [6.803785, 51.0501155], [6.8035864, 51.05048], [6.803507, 51.0505929], [6.8034851, 51.0506239], [6.803484, 51.0506256], [6.8034284, 51.0508099], [6.8034071, 51.0508805], [6.8029604, 51.052362], [6.8028177, 51.0526195], [6.8027939, 51.0526625], [6.8025082, 51.0531781], [6.8025004, 51.053192], [6.8024659, 51.0532506], [6.8021129, 51.0538488], [6.8020973, 51.0538751], [6.8018717, 51.0542573], [6.8017546, 51.0544561], [6.8016216, 51.0546813], [6.8015049, 51.0548505], [6.8014603, 51.0549149], [6.8012557, 51.0552113], [6.8011701, 51.0553634], [6.8011461, 51.0554061], [6.8011019, 51.0554846], [6.8008082, 51.0560063], [6.8009539, 51.0573735], [6.8009523, 51.0575017], [6.8009478, 51.0577228], [6.8009464, 51.0577946], [6.8009437, 51.0579377], [6.8009429, 51.0579782], [6.8009362, 51.0583349], [6.8007558, 51.0593595], [6.8007343, 51.059482], [6.8007167, 51.059582], [6.8006954, 51.0595857], [6.8006632, 51.0595903], [6.8005532, 51.0596095], [6.8004437, 51.0596294], [6.7999129, 51.0597215], [6.7999108, 51.0597219], [6.7999081, 51.0597224], [6.7996233, 51.0596998], [6.7988307, 51.0594864], [6.7988266, 51.0594853], [6.798823, 51.0594843], [6.7988204, 51.0594887], [6.798557, 51.0599289], [6.7989892, 51.0600423], [6.7972554, 51.061337], [6.7971157, 51.0615435], [6.7969045, 51.0617692], [6.7966864, 51.061962], [6.7964348, 51.0621284], [6.796286, 51.0622271], [6.7960384, 51.0623909], [6.7960249, 51.0624032], [6.795978, 51.0624458], [6.7952948, 51.0631363], [6.7948583, 51.0633775], [6.794743, 51.0634286], [6.7946209, 51.0634558], [6.794236, 51.0634216], [6.7940935, 51.0634527], [6.7939899, 51.0635226], [6.7936553, 51.0636606], [6.7934154, 51.0637334], [6.7930317, 51.0639076], [6.7929841, 51.0639254], [6.7929203, 51.0639493], [6.7927806, 51.0640016], [6.7925986, 51.0641191], [6.7923641, 51.0643061], [6.7923628, 51.064307], [6.792356, 51.0643119], [6.7920991, 51.0644955], [6.7920965, 51.0645006], [6.7919603, 51.0647697], [6.7919094, 51.0648705], [6.7919107, 51.0648726], [6.7919916, 51.0650034], [6.7920122, 51.0650922], [6.7920288, 51.0651633], [6.7920893, 51.0654237], [6.7920887, 51.0654265], [6.7920751, 51.0654878], [6.7920483, 51.0656084], [6.792004, 51.0657527], [6.7920017, 51.0657556], [6.7917358, 51.0660678], [6.7916519, 51.0661997], [6.7915434, 51.0663322], [6.7915241, 51.0663557], [6.7914855, 51.0664028], [6.7914535, 51.0664418], [6.7914515, 51.0664479], [6.7914481, 51.0664587], [6.7913885, 51.0666448], [6.7912897, 51.0669531], [6.7912919, 51.0669699], [6.7913235, 51.0672103], [6.7913051, 51.0672822], [6.7912765, 51.0673941], [6.791279, 51.0673968], [6.7912826, 51.0674006], [6.7912874, 51.0674058], [6.7912803, 51.0674085], [6.791275, 51.0674104], [6.790814, 51.0675795], [6.7901494, 51.0678232], [6.7887494, 51.0680964], [6.788637, 51.0681183], [6.7885308, 51.0681518], [6.7884287, 51.0681841], [6.7877896, 51.0683857], [6.7869773, 51.0686775], [6.7869177, 51.0687014], [6.7868151, 51.0687426], [6.7861229, 51.0684947], [6.7843777, 51.0678695], [6.7842228, 51.067814], [6.7840537, 51.0677534], [6.7810411, 51.066674], [6.7797741, 51.0662201], [6.773835, 51.0640918], [6.773698, 51.0638463], [6.7733996, 51.0633111], [6.7728046, 51.0622438], [6.7725643, 51.0616932], [6.7725303, 51.0616154]]]}}, {"type": "Feature", "properties": {"slug": "frankfurt", "name": "Frankfurt", "osmType": "relation", "osmId": 62400, "source": "OpenStreetMap via Nominatim", "licence": "ODbL 1.0", "simplifiedDegrees": 0.001}, "geometry": {"type": "Polygon", "coordinates": [[[8.4727605, 50.0998225], [8.4731258, 50.0996534], [8.4734101, 50.0995219], [8.4737533, 50.099363], [8.4741237, 50.0991916], [8.4740991, 50.0991639], [8.4735035, 50.0984548], [8.4738782, 50.0983265], [8.4741522, 50.0982295], [8.4745132, 50.0981017], [8.4749124, 50.0979604], [8.475483, 50.0977506], [8.4757133, 50.0976494], [8.475916, 50.0975603], [8.4763081, 50.0973881], [8.476711, 50.097211], [8.4769147, 50.0971216], [8.477117, 50.0970326], [8.4773258, 50.0969409], [8.4775259, 50.096853], [8.4778644, 50.0966971], [8.4779698, 50.0966485], [8.4782879, 50.096502], [8.4787069, 50.0963091], [8.4787638, 50.0962829], [8.4787494, 50.0962726], [8.4792969, 50.09602], [8.4797092, 50.0958298], [8.4798091, 50.0957837], [8.4798214, 50.095778], [8.4798838, 50.0957492], [8.4784816, 50.0951632], [8.4785031, 50.0951428], [8.4785291, 50.0951182], [8.4785485, 50.0950999], [8.4786187, 50.0950334], [8.4799814, 50.0937438], [8.4797376, 50.0935662], [8.4816936, 50.0924344], [8.4817374, 50.0924091], [8.4817475, 50.0924032], [8.4818554, 50.0923408], [8.481445, 50.0920227], [8.4815122, 50.0919641], [8.4815184, 50.0919609], [8.4815578, 50.0919413], [8.4815844, 50.091928], [8.483735, 50.0908553], [8.4838053, 50.0908202], [8.4846127, 50.0904176], [8.4847266, 50.0903607], [8.4854504, 50.0899989], [8.485489, 50.0899788], [8.4854755, 50.0899665], [8.4852214, 50.0897327], [8.4851855, 50.0896996], [8.4879204, 50.0882955], [8.4879128, 50.0882792], [8.4879097, 50.0882727], [8.487376, 50.0871263], [8.487362, 50.0870961], [8.4869599, 50.0862323], [8.4869504, 50.0862121], [8.4870759, 50.0861698], [8.4873124, 50.0860902], [8.4877351, 50.0859478], [8.4878409, 50.0859122], [8.487861, 50.0859054], [8.4878579, 50.0858963], [8.4877933, 50.085701], [8.4877491, 50.0855675], [8.4877252, 50.0854955], [8.4876684, 50.0853239], [8.4876644, 50.085312], [8.4875332, 50.0849155], [8.4876032, 50.0848902], [8.4876343, 50.0848789], [8.4884216, 50.0845943], [8.4886797, 50.0845009], [8.488903, 50.0844202], [8.4890878, 50.0848898], [8.4893644, 50.0849197], [8.4900773, 50.0849968], [8.4907187, 50.0850662], [8.4909127, 50.0850872], [8.4910327, 50.0851005], [8.4912312, 50.0851224], [8.4915194, 50.0851544], [8.4916027, 50.085171], [8.4918566, 50.0852217], [8.4921255, 50.0852754], [8.4924092, 50.085332], [8.4927781, 50.085393], [8.4930345, 50.0854353], [8.4934824, 50.0855093], [8.4947201, 50.0857017], [8.4947444, 50.0858662], [8.4950763, 50.0859151], [8.494769, 50.0844422], [8.4947596, 50.0844042], [8.4948701, 50.0843427], [8.4949801, 50.0842811], [8.4958781, 50.0837713], [8.4958792, 50.0837707], [8.4959174, 50.0837509], [8.4970823, 50.0831454], [8.4975941, 50.0828923], [8.4976501, 50.0828646], [8.498632, 50.0823789], [8.4987189, 50.0823359], [8.4987698, 50.0823107], [8.4987919, 50.0822998], [8.4987075, 50.0821167], [8.4987219, 50.0820758], [8.4987298, 50.0820686], [8.4987512, 50.0820496], [8.4998836, 50.0816028], [8.5001176, 50.0815516], [8.5013578, 50.0814667], [8.5015705, 50.0814304], [8.5018379, 50.0813657], [8.5018924, 50.0813361], [8.5015405, 50.0801929], [8.5014904, 50.0801212], [8.5013512, 50.0793049], [8.5013418, 50.0792444], [8.501242, 50.0786557], [8.501132, 50.0779916], [8.5011197, 50.0778049], [8.5010033, 50.0773961], [8.5007467, 50.0765501], [8.5007591, 50.0764801], [8.5008531, 50.0763539], [8.5009688, 50.0761987], [8.5010056, 50.0761497], [8.5013291, 50.0762922], [8.5013627, 50.076307], [8.5013633, 50.0762323], [8.5013637, 50.0761716], [8.5013642, 50.0761124], [8.5013647, 50.076054], [8.501365, 50.0760198], [8.5013661, 50.0758848], [8.5013664, 50.0758452], [8.5013668, 50.0757957], [8.5013676, 50.0756957], [8.5013686, 50.0755778], [8.5013686, 50.0755565], [8.5013691, 50.0755039], [8.5013698, 50.0754238], [8.5015805, 50.0753755], [8.5020079, 50.0752773], [8.5020907, 50.0752125], [8.5021031, 50.0752028], [8.5021126, 50.0751954], [8.5022417, 50.0750944], [8.5022671, 50.0750812], [8.5024849, 50.0749676], [8.5025295, 50.0749444], [8.5026695, 50.0748714], [8.5027716, 50.0748181], [8.5028836, 50.0747627], [8.5029457, 50.074732], [8.5030966, 50.0746574], [8.5032069, 50.0746028], [8.5032978, 50.0745678], [8.5033708, 50.0745397], [8.5035202, 50.0744822], [8.5036697, 50.0744247], [8.5037398, 50.0743977], [8.5038276, 50.0743703], [8.5039608, 50.0743287], [8.5041304, 50.0742757], [8.5042328, 50.0742437], [8.5042961, 50.074224], [8.5043616, 50.0742035], [8.504491, 50.0741631], [8.5046122, 50.0741252], [8.5047328, 50.0740876], [8.5048516, 50.0740381], [8.5049705, 50.0739887], [8.5051396, 50.0739184], [8.5052714, 50.0738636], [8.5055135, 50.0737477], [8.5056037, 50.0737045], [8.5056979, 50.0736595], [8.5057898, 50.0736155], [8.5058788, 50.0735729], [8.5059562, 50.0735358], [8.5060313, 50.0734999], [8.5061041, 50.073465], [8.5062297, 50.0734049], [8.5062936, 50.0733743], [8.5064202, 50.0733137], [8.506548, 50.0732525], [8.5066438, 50.0732067], [8.5067486, 50.0731565], [8.5068192, 50.0731227], [8.5069687, 50.0730512], [8.5070809, 50.0729974], [8.5070789, 50.0729959], [8.5070581, 50.0729797], [8.5058319, 50.0719841], [8.5058017, 50.0719593], [8.5057854, 50.0719459], [8.5059182, 50.0718982], [8.506232, 50.0717177], [8.5064949, 50.0715257], [8.5071002, 50.0712071], [8.5077618, 50.0710288], [8.5084051, 50.0706697], [8.5084991, 50.0705971], [8.5086005, 50.0705188], [8.5087731, 50.0703171], [8.5091674, 50.0699543], [8.5098542, 50.0691561], [8.5099944, 50.0690188], [8.5100858, 50.0688812], [8.5104901, 50.0684422], [8.5106745, 50.0681708], [8.5109297, 50.0678292], [8.510954, 50.0678482], [8.5109856, 50.0678729], [8.5110324, 50.0678515], [8.5137213, 50.0666232], [8.513832, 50.0665726], [8.5140191, 50.0664871], [8.5140647, 50.0665238], [8.5140892, 50.0665435], [8.5141031, 50.0665547], [8.5146271, 50.0662982], [8.5147257, 50.0663032], [8.5162429, 50.0655678], [8.516533, 50.0654272], [8.5166166, 50.0654927], [8.5166403, 50.0655112], [8.5169156, 50.0653769], [8.517172, 50.0652519], [8.5176346, 50.0650262], [8.5177945, 50.0649482], [8.5178011, 50.0649449], [8.5171672, 50.0642305], [8.5173091, 50.0641427], [8.5173292, 50.0641303], [8.5173593, 50.0641117], [8.5174117, 50.0640793], [8.5174579, 50.0640507], [8.5175042, 50.064022], [8.517559, 50.0639851], [8.5175915, 50.0639632], [8.5176566, 50.0639192], [8.5177164, 50.0638789], [8.5177757, 50.0638389], [8.5179354, 50.0637312], [8.5179954, 50.0636886], [8.5180349, 50.0636606], [8.5180808, 50.063628], [8.5182112, 50.0635355], [8.5183107, 50.063465], [8.5184102, 50.0633944], [8.5188719, 50.0630669], [8.5188742, 50.0630653], [8.5189798, 50.0629849], [8.5190856, 50.0629043], [8.5191929, 50.0628092], [8.5193015, 50.0627129], [8.5193685, 50.0626536], [8.5194008, 50.0626252], [8.5195742, 50.0624809], [8.5201202, 50.0620236], [8.5202057, 50.0619521], [8.5203882, 50.0617683], [8.5219718, 50.0623796], [8.5256661, 50.0644497], [8.5267569, 50.0655932], [8.5269962, 50.0662523], [8.5271451, 50.0670179], [8.5270764, 50.0679052], [8.5269617, 50.0686313], [8.5266826, 50.0694599], [8.5259671, 50.0706366], [8.5244219, 50.0722206], [8.5238175, 50.0730228], [8.5234209, 50.0738609], [8.5232609, 50.0743309], [8.5231908, 50.0745366], [8.5229731, 50.0751759], [8.5229579, 50.0752205], [8.5229448, 50.0752588], [8.5228554, 50.0755211], [8.5228435, 50.0755561], [8.5228292, 50.0755982], [8.5221173, 50.0776875], [8.5221263, 50.0788985], [8.522523, 50.0798953], [8.5228421, 50.0804239], [8.5230538, 50.0807743], [8.5238288, 50.0820566], [8.5251565, 50.0834394], [8.5256844, 50.0838616], [8.526586, 50.083396], [8.5265966, 50.0833906], [8.5266516, 50.0833621], [8.5266553, 50.0833603], [8.5266985, 50.083338], [8.5272708, 50.0830435], [8.5272919, 50.0830326], [8.5273017, 50.0830276], [8.5273067, 50.083025], [8.5273235, 50.0830163], [8.5273548, 50.0830002], [8.5273717, 50.0829915], [8.5274165, 50.0829685], [8.5274561, 50.0829481], [8.5274848, 50.0829333], [8.5276163, 50.0828657], [8.5277864, 50.0827781], [8.5277897, 50.0827765], [8.5278714, 50.0827344], [8.5278876, 50.0827261], [8.5284872, 50.0824176], [8.5291238, 50.08209], [8.5292873, 50.0820354], [8.529622, 50.0819237], [8.5298665, 50.0818421], [8.5300358, 50.0817855], [8.5308556, 50.0815119], [8.5305255, 50.0811931], [8.5303087, 50.0809838], [8.5299626, 50.0806496], [8.5314597, 50.0795887], [8.5318039, 50.0793448], [8.532388, 50.0787907], [8.5324095, 50.0787702], [8.532518, 50.0787246], [8.5340302, 50.078537], [8.5347462, 50.0784492], [8.5348705, 50.078468], [8.5348499, 50.0783903], [8.5349184, 50.0783359], [8.5349715, 50.0782936], [8.5350245, 50.0782516], [8.5350771, 50.0782098], [8.535112, 50.0781821], [8.5351485, 50.078153], [8.5351846, 50.0781244], [8.5352206, 50.0780958], [8.5352567, 50.078067], [8.5352905, 50.0780402], [8.5353779, 50.0779707], [8.5354217, 50.0779359], [8.535465, 50.0779015], [8.5355611, 50.0778251], [8.5356062, 50.0777893], [8.5356302, 50.0777702], [8.5356729, 50.0777363], [8.5357164, 50.0777017], [8.5357607, 50.0776665], [8.5358091, 50.0776281], [8.5358565, 50.0775904], [8.5359044, 50.0775523], [8.5359939, 50.0774812], [8.5360243, 50.077457], [8.5361869, 50.0773278], [8.5362564, 50.0772989], [8.536368, 50.0772543], [8.5364433, 50.0772242], [8.536508, 50.0771984], [8.5366356, 50.0771474], [8.5366772, 50.0771307], [8.5366929, 50.0771245], [8.5367818, 50.0770889], [8.5368258, 50.0770713], [8.5376802, 50.07673], [8.5394408, 50.076487], [8.5399382, 50.0764468], [8.5401412, 50.0764304], [8.540209, 50.0764249], [8.5403224, 50.0764157], [8.5405368, 50.0763988], [8.5407802, 50.0763787], [8.5408036, 50.0763769], [8.540994, 50.076362], [8.5410394, 50.0763403], [8.5411328, 50.0762945], [8.5413843, 50.0761722], [8.5415013, 50.0761152], [8.5415608, 50.0760862], [8.5418123, 50.0759294], [8.5419187, 50.0758635], [8.5420238, 50.0757981], [8.5421737, 50.0757048], [8.5422218, 50.0756749], [8.5422889, 50.0756331], [8.5425836, 50.0754497], [8.5428442, 50.0752876], [8.5428642, 50.0740221], [8.5428649, 50.0739772], [8.5428878, 50.0738907], [8.5433488, 50.0721493], [8.5433821, 50.0720239], [8.5435588, 50.0713562], [8.5435928, 50.071228], [8.5436, 50.0712005], [8.5436737, 50.0711374], [8.5436683, 50.0711576], [8.5443562, 50.0712749], [8.5445179, 50.0713812], [8.5445609, 50.0714094], [8.5445952, 50.0713519], [8.5446244, 50.071311], [8.5446492, 50.071276], [8.5447633, 50.0711153], [8.5447777, 50.0710951], [8.54479, 50.0710795], [8.5449522, 50.0708727], [8.5452267, 50.070594], [8.545469, 50.0703944], [8.5456897, 50.0702314], [8.5458961, 50.0700915], [8.5460655, 50.0699907], [8.5462689, 50.0698812], [8.5463219, 50.0698644], [8.5466634, 50.0696145], [8.5467247, 50.0695696], [8.5471322, 50.0692713], [8.5471502, 50.0692582], [8.5476402, 50.0691062], [8.5479318, 50.0688992], [8.5481697, 50.068711], [8.5483543, 50.0685473], [8.5485673, 50.068343], [8.5487172, 50.0681896], [8.5488686, 50.0680262], [8.5490972, 50.0677669], [8.5492606, 50.0675782], [8.5493763, 50.0674317], [8.5495646, 50.0671621], [8.5497445, 50.0668795], [8.5497605, 50.0668543], [8.5497652, 50.0668458], [8.5498405, 50.066707], [8.5499908, 50.0663978], [8.5501359, 50.066066], [8.5501198, 50.0660254], [8.5499491, 50.0660238], [8.5499532, 50.0660132], [8.5499702, 50.0659677], [8.5500077, 50.0658675], [8.5501658, 50.0658691], [8.5501969, 50.0657915], [8.550214, 50.065733], [8.5503779, 50.065173], [8.5503843, 50.0651514], [8.5502838, 50.0651701], [8.5502944, 50.0651157], [8.5503915, 50.0650977], [8.5503929, 50.0650814], [8.5504407, 50.0644947], [8.5504322, 50.0640286], [8.5503525, 50.0635028], [8.5503486, 50.0634774], [8.5504018, 50.0634539], [8.5504134, 50.0634487], [8.5502766, 50.0631605], [8.5502165, 50.0632126], [8.5502082, 50.0632089], [8.550197, 50.063204], [8.5501664, 50.0631905], [8.5501334, 50.063176], [8.5501303, 50.063163], [8.5501241, 50.063137], [8.550121, 50.0631236], [8.5501174, 50.0631089], [8.5502237, 50.0630043], [8.5502484, 50.0629799], [8.5502454, 50.0629475], [8.5502499, 50.0628161], [8.5502505, 50.0627963], [8.5502509, 50.062785], [8.5502332, 50.0627818], [8.5501784, 50.0627716], [8.5499809, 50.061971], [8.5499882, 50.0619679], [8.5500291, 50.0619507], [8.5502012, 50.0618781], [8.5502701, 50.0618491], [8.5502888, 50.0618412], [8.5504874, 50.0617235], [8.5505932, 50.0616231], [8.5507703, 50.0614552], [8.5508671, 50.0613307], [8.5509104, 50.061275], [8.5510284, 50.0609747], [8.5510255, 50.0607651], [8.5510243, 50.0606842], [8.5510241, 50.0606639], [8.550898, 50.0604314], [8.5506888, 50.0602293], [8.5506566, 50.0602098], [8.5506322, 50.060195], [8.5506095, 50.0601812], [8.5504882, 50.0601076], [8.5499436, 50.05987], [8.5496766, 50.0597038], [8.5495812, 50.0595777], [8.5496011, 50.0594826], [8.5496049, 50.059464], [8.5498192, 50.0591987], [8.5503028, 50.0585996], [8.5504951, 50.0580805], [8.5506999, 50.057545], [8.5507088, 50.0575217], [8.5507176, 50.0574988], [8.5507339, 50.0574562], [8.550738, 50.0574454], [8.5508472, 50.0574497], [8.5510161, 50.0574235], [8.5509679, 50.0572946], [8.5509492, 50.0572447], [8.5508832, 50.0570682], [8.5508529, 50.056987], [8.5507895, 50.0567746], [8.5506454, 50.0562589], [8.5505835, 50.0554913], [8.5505942, 50.0552282], [8.5503417, 50.0551715], [8.5501974, 50.0551392], [8.5500057, 50.0550962], [8.5499391, 50.0550813], [8.5499274, 50.0550787], [8.5498746, 50.0550668], [8.5499064, 50.0549806], [8.5499442, 50.0548858], [8.5499786, 50.0547912], [8.5500123, 50.0546951], [8.550031, 50.0546435], [8.5500508, 50.054606], [8.5500937, 50.0545146], [8.5501357, 50.0544283], [8.5501749, 50.0543405], [8.5501952, 50.0542964], [8.5502162, 50.054251], [8.5503365, 50.0539932], [8.5503742, 50.0539061], [8.5503809, 50.0538906], [8.5504139, 50.0538226], [8.5504561, 50.0537388], [8.5504983, 50.0536558], [8.5505387, 50.0535746], [8.5505803, 50.0534948], [8.5505809, 50.0534913], [8.5506252, 50.0534119], [8.550715, 50.0532532], [8.55076, 50.0531745], [8.5507824, 50.0531351], [8.5508037, 50.0530967], [8.5508473, 50.0530182], [8.5508542, 50.0530097], [8.550896, 50.0529426], [8.5509428, 50.0528672], [8.5509883, 50.0527965], [8.5510327, 50.0527287], [8.5510793, 50.0526561], [8.5511359, 50.0525659], [8.5511538, 50.0525379], [8.5514497, 50.0520757], [8.5515946, 50.0518892], [8.5515581, 50.0518534], [8.55151, 50.0518362], [8.5515333, 50.0518037], [8.5515845, 50.051822], [8.5516746, 50.0517944], [8.552068, 50.0513598], [8.552092, 50.0513294], [8.5521952, 50.0511988], [8.5522093, 50.051181], [8.5522148, 50.051174], [8.5522688, 50.0511056], [8.5523296, 50.0510286], [8.5523738, 50.0509725], [8.5523786, 50.0509665], [8.5523818, 50.0509625], [8.552507, 50.0508039], [8.5525245, 50.0507817], [8.5526684, 50.0505837], [8.5527021, 50.0505374], [8.552712, 50.0505237], [8.5526769, 50.0505084], [8.5525695, 50.0504615], [8.5525665, 50.0504602], [8.5525609, 50.0504578], [8.5527716, 50.0501882], [8.5527775, 50.0501897], [8.5527964, 50.0501945], [8.5528971, 50.0502199], [8.5529311, 50.0502285], [8.5532088, 50.049958], [8.5532498, 50.0499042], [8.5533326, 50.0497958], [8.5533379, 50.0497888], [8.5533829, 50.04973], [8.5533996, 50.0497081], [8.5534193, 50.0496823], [8.5534919, 50.0495873], [8.5531411, 50.0494762], [8.5524984, 50.0492728], [8.5525474, 50.0492111], [8.5527587, 50.0492556], [8.5527938, 50.0492629], [8.5528269, 50.0492698], [8.5528734, 50.0492789], [8.5529716, 50.0492989], [8.552988, 50.0493022], [8.5530015, 50.0492851], [8.5530043, 50.0492816], [8.5532706, 50.0489483], [8.5532836, 50.0489327], [8.5532697, 50.0489296], [8.5531682, 50.0489075], [8.5531611, 50.0489059], [8.5531262, 50.0488993], [8.553092, 50.0488929], [8.55308, 50.0488872], [8.5524064, 50.0487614], [8.5511459, 50.0484823], [8.5510872, 50.0484693], [8.5497812, 50.0481709], [8.5496449, 50.0481335], [8.5496012, 50.0481215], [8.5495612, 50.0481105], [8.5491501, 50.0480188], [8.5490904, 50.0480057], [8.5490822, 50.0480039], [8.5489995, 50.0479857], [8.5489738, 50.0479801], [8.5489227, 50.0479688], [8.5489277, 50.0479633], [8.5488793, 50.0479508], [8.5488259, 50.047937], [8.5488186, 50.0479352], [8.5487614, 50.0479204], [8.5487544, 50.0479186], [8.5485445, 50.0478645], [8.5484746, 50.0479264], [8.5479539, 50.0477755], [8.5470578, 50.0475044], [8.5461792, 50.0472317], [8.5459923, 50.0471698], [8.5457952, 50.0471045], [8.5452843, 50.0469353], [8.5444352, 50.0466383], [8.5436099, 50.0463338], [8.5427871, 50.0460052], [8.5423422, 50.0458235], [8.5418491, 50.0456221], [8.5408936, 50.0452511], [8.5400045, 50.0448939], [8.5388706, 50.0444353], [8.5388542, 50.0444291], [8.5379858, 50.0440989], [8.5380476, 50.0440417], [8.5380158, 50.0440288], [8.5379702, 50.0440105], [8.5378096, 50.0439459], [8.537764, 50.0439275], [8.5377212, 50.0439104], [8.5377148, 50.043916], [8.5376505, 50.0439721], [8.5369954, 50.0437135], [8.5365, 50.0434963], [8.5360505, 50.0432991], [8.5350856, 50.0429473], [8.534146, 50.042573], [8.5330981, 50.0421439], [8.5320554, 50.0417319], [8.5311317, 50.0413515], [8.5304292, 50.0409975], [8.5297666, 50.0407881], [8.5288299, 50.0404099], [8.5279894, 50.0400964], [8.5272694, 50.0398081], [8.5267041, 50.0395537], [8.5263736, 50.0394043], [8.5261616, 50.0393085], [8.5259622, 50.0392369], [8.5252922, 50.038996], [8.5244584, 50.0386596], [8.5238137, 50.0384087], [8.523707, 50.0383671], [8.5231355, 50.0381763], [8.5232088, 50.0381193], [8.5232395, 50.0380954], [8.5228499, 50.0379469], [8.5228153, 50.0379662], [8.5227289, 50.0380145], [8.5217964, 50.0376348], [8.5208236, 50.0372378], [8.5197971, 50.0368454], [8.5198733, 50.0367837], [8.5200893, 50.0366087], [8.5204208, 50.0360464], [8.5204641, 50.0359727], [8.520509, 50.0358964], [8.5205986, 50.0357441], [8.5206168, 50.0357132], [8.5208191, 50.0353683], [8.5215659, 50.0340993], [8.5216048, 50.034033], [8.5203985, 50.0337376], [8.5201926, 50.0336873], [8.5197777, 50.033587], [8.5192192, 50.0334497], [8.5187629, 50.0333383], [8.5187284, 50.0333299], [8.5186731, 50.0333164], [8.5166467, 50.0328225], [8.5168057, 50.0325466], [8.5168334, 50.0324987], [8.517261, 50.0317579], [8.5178647, 50.0307113], [8.5178744, 50.0306945], [8.5179302, 50.0305978], [8.5188795, 50.0289525], [8.5189237, 50.0288759], [8.5189322, 50.0288617], [8.5195056, 50.0278684], [8.5177061, 50.0274366], [8.5169008, 50.0272444], [8.5168053, 50.0272216], [8.516335, 50.0271094], [8.5166194, 50.0266159], [8.5166724, 50.0265241], [8.5168167, 50.0262736], [8.516847, 50.026221], [8.5170774, 50.0258215], [8.5199879, 50.0207793], [8.5207478, 50.0208149], [8.5208183, 50.0208183], [8.521876, 50.0208703], [8.5221055, 50.0208815], [8.5221746, 50.0208849], [8.5233113, 50.0209407], [8.5233983, 50.0209449], [8.5234699, 50.0209496], [8.5245498, 50.0210013], [8.5247236, 50.0210098], [8.5256409, 50.0210548], [8.5264783, 50.0210958], [8.5267628, 50.0211109], [8.5272816, 50.0211359], [8.5273643, 50.0211399], [8.5281524, 50.0211779], [8.5284655, 50.0211933], [8.5292122, 50.0212299], [8.5292976, 50.0212341], [8.5293228, 50.0212353], [8.5298704, 50.0212623], [8.5299846, 50.0212679], [8.530029, 50.0212701], [8.5303486, 50.0212859], [8.5314895, 50.0213421], [8.5320181, 50.0214686], [8.5320647, 50.0214799], [8.533941, 50.021933], [8.5377515, 50.023054], [8.538238, 50.0231975], [8.5385088, 50.0232774], [8.5385815, 50.0232989], [8.5386434, 50.0233132], [8.5411473, 50.0238924], [8.5414082, 50.0239528], [8.5430322, 50.0243284], [8.543273, 50.0243689], [8.5485352, 50.0252549], [8.5485521, 50.0252577], [8.5487767, 50.0252961], [8.5490631, 50.0252874], [8.5490932, 50.0252865], [8.549273, 50.0252814], [8.550778, 50.0252387], [8.5521243, 50.0254225], [8.5535345, 50.0255607], [8.5545054, 50.0256861], [8.5547177, 50.0257136], [8.5557034, 50.0258409], [8.556425, 50.0259342], [8.5572181, 50.0259906], [8.5575722, 50.0260158], [8.5590402, 50.0258337], [8.5615682, 50.0262552], [8.5630137, 50.0266332], [8.5644381, 50.0263471], [8.565883, 50.0260706], [8.5679491, 50.0257454], [8.5695065, 50.0254431], [8.5696954, 50.0253642], [8.569796, 50.0253223], [8.5698037, 50.025319], [8.5700882, 50.0253871], [8.570152, 50.0252806], [8.5707827, 50.0242291], [8.5707925, 50.0242129], [8.5708437, 50.0241275], [8.5711259, 50.0236572], [8.5722342, 50.0218075], [8.5722511, 50.021782], [8.5722674, 50.0217558], [8.5726798, 50.0210914], [8.5746129, 50.0187778], [8.5748998, 50.0181359], [8.5749377, 50.0180442], [8.5755313, 50.0166059], [8.5759732, 50.0158669], [8.575988, 50.0158243], [8.5761067, 50.0154853], [8.5761531, 50.0153529], [8.5761573, 50.0153553], [8.5781641, 50.0164704], [8.5793727, 50.0167811], [8.5804564, 50.0169467], [8.5810157, 50.0175159], [8.5811376, 50.0175351], [8.5812073, 50.0175361], [8.583352, 50.0175667], [8.5845887, 50.0177151], [8.5850089, 50.0177655], [8.5857606, 50.0178555], [8.5858232, 50.0178542], [8.5909825, 50.0177496], [8.5914887, 50.0177007], [8.5918332, 50.0177029], [8.5918678, 50.0177031], [8.5920142, 50.0177041], [8.5921291, 50.0179243], [8.5921656, 50.0180219], [8.5922065, 50.0181318], [8.5922339, 50.0182053], [8.5922797, 50.0183474], [8.5925148, 50.0186872], [8.5924638, 50.0187283], [8.5923667, 50.0190812], [8.5922688, 50.019572], [8.5920076, 50.0207836], [8.5918267, 50.02168], [8.5916229, 50.0225792], [8.5914725, 50.0234971], [8.591374, 50.024361], [8.5913862, 50.0252073], [8.5914025, 50.0257527], [8.5914004, 50.0262767], [8.5915044, 50.0266057], [8.5916323, 50.0273223], [8.5917308, 50.0278862], [8.5919106, 50.0285439], [8.5920563, 50.0290101], [8.5922326, 50.0294458], [8.592244, 50.0294746], [8.5924079, 50.0298867], [8.5925502, 50.0302274], [8.5927763, 50.0308088], [8.5928154, 50.0308803], [8.5931475, 50.0314881], [8.5931731, 50.0315385], [8.5933479, 50.0318822], [8.5936281, 50.032433], [8.5937262, 50.0326252], [8.5938453, 50.0328598], [8.5939721, 50.0331091], [8.5941074, 50.0333751], [8.5946362, 50.0344142], [8.5946432, 50.0344124], [8.5947639, 50.0346476], [8.5948269, 50.0347704], [8.5948357, 50.0347875], [8.5948701, 50.0348545], [8.5948828, 50.0348793], [8.5949218, 50.0349553], [8.5949318, 50.0349747], [8.5949452, 50.0350009], [8.5951327, 50.0353714], [8.5954898, 50.036077], [8.5958744, 50.0368373], [8.5962326, 50.0376027], [8.5965602, 50.0383028], [8.596644, 50.0384811], [8.5969829, 50.0392031], [8.597006, 50.0392702], [8.5970193, 50.0393088], [8.5970508, 50.0393998], [8.5973448, 50.0399418], [8.597542, 50.0403491], [8.5976118, 50.0404933], [8.597899, 50.0410862], [8.5981384, 50.0415707], [8.5984281, 50.0421567], [8.5984757, 50.042253], [8.5984913, 50.0422477], [8.5987273, 50.0421682], [8.598778, 50.0421512], [8.5990219, 50.042069], [8.5990569, 50.0420573], [8.599102, 50.0420421], [8.5991232, 50.0420349], [8.5992472, 50.0419932], [8.5993832, 50.0419474], [8.5994515, 50.0419244], [8.5996588, 50.0418546], [8.6009088, 50.04103], [8.6028994, 50.0404369], [8.6029297, 50.0404278], [8.6029588, 50.0404192], [8.6033438, 50.0403045], [8.6037925, 50.040142], [8.6047855, 50.0397826], [8.6063291, 50.0391377], [8.6063337, 50.0391358], [8.6063904, 50.039114], [8.6069892, 50.0401403], [8.6072129, 50.0404797], [8.6076295, 50.0411117], [8.6082161, 50.0420109], [8.6084254, 50.0424131], [8.6087458, 50.0430286], [8.6089751, 50.043469], [8.6093628, 50.0438282], [8.6098583, 50.0442872], [8.6107218, 50.0450876], [8.6108652, 50.0452055], [8.6108657, 50.045206], [8.6110732, 50.0453765], [8.6115682, 50.0457835], [8.6120143, 50.0460911], [8.6121576, 50.0461907], [8.6128762, 50.0466854], [8.6129783, 50.0467559], [8.613866, 50.0474082], [8.6139069, 50.0474383], [8.6144152, 50.0478115], [8.6145933, 50.047943], [8.6159631, 50.0489115], [8.6161418, 50.0490064], [8.6179597, 50.0499699], [8.6179712, 50.0499757], [8.6180252, 50.0500043], [8.6180843, 50.0500356], [8.6191983, 50.0506644], [8.619651, 50.0508967], [8.6204702, 50.051317], [8.6214125, 50.0518511], [8.6215479, 50.0519278], [8.6216994, 50.0520136], [8.621714, 50.0520272], [8.6217844, 50.0520929], [8.6220794, 50.0523683], [8.6221629, 50.0524461], [8.6221988, 50.0524795], [8.6223058, 50.0525794], [8.6226351, 50.0528866], [8.6229344, 50.0532686], [8.623344, 50.0537921], [8.6242085, 50.054667], [8.6246212, 50.0550851], [8.6247542, 50.0550574], [8.6253558, 50.0549332], [8.6261186, 50.0549079], [8.6262823, 50.0549027], [8.6263718, 50.0549229], [8.6264306, 50.0549362], [8.6275541, 50.0551896], [8.6276049, 50.0552011], [8.6278458, 50.0552544], [8.6278611, 50.0552578], [8.6286584, 50.0554343], [8.6289721, 50.0555038], [8.6297259, 50.0555159], [8.6297635, 50.0555165], [8.6298009, 50.0555171], [8.6309245, 50.0555353], [8.6310186, 50.0555369], [8.6311485, 50.0555243], [8.6312312, 50.0555164], [8.6315261, 50.0554879], [8.6323129, 50.055412], [8.6330748, 50.0554257], [8.6331032, 50.0554262], [8.6333168, 50.0554301], [8.6334423, 50.0554323], [8.6334881, 50.0554332], [8.6336907, 50.0554493], [8.6340435, 50.0554773], [8.6347195, 50.0555317], [8.6347886, 50.0555335], [8.63518, 50.0555686], [8.6367265, 50.0557965], [8.6370579, 50.0557738], [8.6371368, 50.0557684], [8.6372068, 50.0557635], [8.6373166, 50.055756], [8.6374028, 50.0557501], [8.6379583, 50.0557119], [8.638821, 50.0557306], [8.6388385, 50.055731], [8.6391607, 50.055738], [8.6395522, 50.0557465], [8.6406706, 50.0556779], [8.6412037, 50.0556796], [8.6420329, 50.0556823], [8.6428087, 50.0557554], [8.6437748, 50.0558463], [8.6440581, 50.055873], [8.6443461, 50.0558688], [8.6461923, 50.0558415], [8.6464388, 50.055807], [8.6465816, 50.0557871], [8.6466703, 50.0557747], [8.6468111, 50.0557549], [8.6469685, 50.0557449], [8.6481783, 50.0556678], [8.6485577, 50.055676], [8.6489232, 50.055684], [8.6489927, 50.0556855], [8.6491197, 50.0556882], [8.6495624, 50.0556978], [8.6496734, 50.0556885], [8.6508951, 50.0555833], [8.6519392, 50.0556248], [8.6530411, 50.0556685], [8.6530741, 50.0556698], [8.6548362, 50.0557173], [8.6550025, 50.055722], [8.6572261, 50.0555908], [8.6582792, 50.0555869], [8.658329, 50.0555868], [8.6595027, 50.0555827], [8.6595232, 50.0555824], [8.6604551, 50.0555452], [8.6604902, 50.0555438], [8.6611807, 50.055516], [8.662993, 50.0553374], [8.6632289, 50.0553142], [8.6639888, 50.0553369], [8.6640158, 50.0553377], [8.6640431, 50.0553385], [8.6651803, 50.0553724], [8.6653187, 50.0553856], [8.6656522, 50.0554166], [8.6656851, 50.0554204], [8.6658339, 50.0554345], [8.6661929, 50.0554686], [8.6662249, 50.0554717], [8.6663624, 50.0554849], [8.667271, 50.0555711], [8.6673211, 50.0555759], [8.6673298, 50.0555767], [8.6675823, 50.0556007], [8.6677846, 50.0556225], [8.66857, 50.0556964], [8.6697751, 50.0557511], [8.6698282, 50.0557535], [8.6698808, 50.0557558], [8.6701847, 50.0557696], [8.6717758, 50.0559115], [8.6719601, 50.0559241], [8.6723394, 50.0559509], [8.6723773, 50.0559536], [8.6724153, 50.0559563], [8.6733192, 50.0560201], [8.6734025, 50.0560261], [8.6738911, 50.0560605], [8.6741476, 50.0560785], [8.6741648, 50.0560797], [8.6760546, 50.0566136], [8.6763721, 50.0567029], [8.6763952, 50.0567099], [8.6776925, 50.0571105], [8.677728, 50.0571214], [8.6777632, 50.0571323], [8.6780789, 50.05723], [8.6785894, 50.0573345], [8.6797906, 50.0575808], [8.6809917, 50.0578184], [8.6823748, 50.0580912], [8.6825132, 50.0581029], [8.682571, 50.0581078], [8.6835162, 50.0581882], [8.6836543, 50.0582], [8.685874, 50.058133], [8.686242, 50.0581223], [8.6863069, 50.0581234], [8.6863385, 50.058124], [8.686388, 50.0581249], [8.6875266, 50.058146], [8.6884218, 50.0581365], [8.6885629, 50.0581349], [8.6887897, 50.0581546], [8.6900557, 50.0582645], [8.6902116, 50.0582781], [8.6905974, 50.0582725], [8.6910181, 50.0582663], [8.6920455, 50.0582511], [8.6927881, 50.0582216], [8.6941743, 50.0581656], [8.6944449, 50.0581547], [8.6950072, 50.0581853], [8.6952702, 50.0581993], [8.6953257, 50.0582022], [8.6962884, 50.0582198], [8.6964421, 50.0582229], [8.697289, 50.0582387], [8.6974318, 50.0582414], [8.6986262, 50.0582902], [8.6986419, 50.0582908], [8.698846, 50.0582981], [8.6990348, 50.0583048], [8.6993836, 50.0583172], [8.6994351, 50.058319], [8.6996163, 50.0583375], [8.6998655, 50.0583626], [8.700306, 50.058515], [8.700463, 50.0585692], [8.7014813, 50.0587247], [8.7016988, 50.058807], [8.7019264, 50.0588931], [8.7019613, 50.0589105], [8.7029659, 50.0594037], [8.7038084, 50.0597962], [8.7041154, 50.0599074], [8.7049415, 50.0602063], [8.704957, 50.0602119], [8.7049817, 50.0602144], [8.7049966, 50.060216], [8.7051025, 50.060227], [8.7051344, 50.0602303], [8.7051557, 50.0602325], [8.7063491, 50.0603563], [8.7066167, 50.0603834], [8.7068595, 50.0604144], [8.7072605, 50.0604658], [8.7073403, 50.060476], [8.7080678, 50.0605689], [8.7081239, 50.0605761], [8.7090125, 50.0606472], [8.7094631, 50.0606833], [8.7107255, 50.060749], [8.7107596, 50.0607508], [8.7108091, 50.0607534], [8.7114764, 50.0607881], [8.7118055, 50.0608055], [8.714122, 50.0608235], [8.7160346, 50.0609345], [8.7160677, 50.0609364], [8.7161186, 50.0609394], [8.7165651, 50.0609652], [8.7186672, 50.0610911], [8.71902, 50.0611118], [8.7205665, 50.061115], [8.720612, 50.0611151], [8.720665, 50.0611153], [8.7214434, 50.0611164], [8.7214555, 50.0611164], [8.7215044, 50.0611165], [8.7223104, 50.0611176], [8.7235804, 50.0613399], [8.7249626, 50.0617284], [8.7250365, 50.0623337], [8.7248898, 50.0628102], [8.7246224, 50.0632361], [8.7242471, 50.0635977], [8.7237547, 50.0639188], [8.7230681, 50.0641549], [8.722486, 50.0642876], [8.7224506, 50.0650544], [8.7235504, 50.0650845], [8.723976, 50.065131], [8.724299, 50.0651977], [8.7249161, 50.0654576], [8.725013, 50.0655246], [8.7250918, 50.0655976], [8.7252943, 50.0658154], [8.7255062, 50.0659703], [8.7259989, 50.0662689], [8.726826, 50.0664863], [8.7272169, 50.0666528], [8.7274548, 50.0668832], [8.727609, 50.0671161], [8.727824, 50.0674904], [8.7280902, 50.0680873], [8.7281871, 50.0683815], [8.728222, 50.0686323], [8.7293163, 50.0696357], [8.7304938, 50.0705], [8.7303827, 50.0706105], [8.7297213, 50.0708391], [8.7277633, 50.0716499], [8.7268326, 50.0719237], [8.7260097, 50.0721368], [8.72593, 50.0723119], [8.7260601, 50.0726217], [8.7261394, 50.0730325], [8.7270715, 50.0733646], [8.7282092, 50.0736544], [8.7291579, 50.0739888], [8.7322783, 50.0749766], [8.7343313, 50.0758914], [8.734108, 50.0769898], [8.7343765, 50.0780245], [8.7337503, 50.0788468], [8.7333271, 50.0797369], [8.7328272, 50.0802001], [8.7315599, 50.0806546], [8.7320227, 50.0819598], [8.7321899, 50.0822204], [8.7333844, 50.0837567], [8.7343421, 50.0844668], [8.7350462, 50.0854435], [8.7355371, 50.0861956], [8.7360161, 50.0866232], [8.7367946, 50.086947], [8.736909, 50.087047], [8.7375343, 50.0876489], [8.7378189, 50.0879233], [8.7384262, 50.0883468], [8.7388471, 50.0887138], [8.7394042, 50.0892807], [8.7396667, 50.0897599], [8.7410905, 50.0908315], [8.7413772, 50.0914046], [8.7420219, 50.0922295], [8.7428495, 50.092736], [8.7438292, 50.092899], [8.7447757, 50.0933937], [8.746859, 50.094101], [8.7475922, 50.0941618], [8.7488131, 50.0942039], [8.7490018, 50.0944958], [8.7493165, 50.0949949], [8.7494259, 50.0956749], [8.7502089, 50.0964895], [8.7499896, 50.0968079], [8.7497616, 50.0973091], [8.7496838, 50.0974449], [8.7495525, 50.0977538], [8.7486799, 50.0985149], [8.7484889, 50.098673], [8.7481492, 50.0991326], [8.7476344, 50.0995403], [8.7472912, 50.0997493], [8.7469451, 50.0998986], [8.746278, 50.1000968], [8.7460008, 50.1002452], [8.7455475, 50.1003717], [8.7454243, 50.1006023], [8.7454946, 50.100713], [8.7447161, 50.1012747], [8.7445954, 50.1017172], [8.7445759, 50.1017866], [8.7445989, 50.1018004], [8.7445243, 50.101935], [8.7443843, 50.1019922], [8.7443429, 50.1020354], [8.7434848, 50.1025622], [8.7423635, 50.1029915], [8.7421573, 50.1032061], [8.7419374, 50.1036957], [8.7418395, 50.1041177], [8.7418454, 50.1041876], [8.7417945, 50.1042282], [8.7417227, 50.1042897], [8.7405825, 50.1042291], [8.7405522, 50.1042456], [8.7405002, 50.1046131], [8.73903, 50.1045564], [8.7390178, 50.1047218], [8.7380552, 50.104685], [8.7379942, 50.1053265], [8.7330573, 50.1051227], [8.7326217, 50.1051171], [8.7320652, 50.1051187], [8.7313574, 50.1051833], [8.730673, 50.1053076], [8.7302967, 50.1053988], [8.7298175, 50.1055413], [8.7292674, 50.1057481], [8.7289897, 50.1058695], [8.7285528, 50.106088], [8.7280745, 50.1063913], [8.7278566, 50.1065585], [8.7276912, 50.1066854], [8.7274806, 50.1066387], [8.7271516, 50.1072097], [8.726811, 50.1071211], [8.7264628, 50.1075996], [8.7264058, 50.1076766], [8.7262876, 50.107738], [8.7263559, 50.1077709], [8.7255224, 50.1084935], [8.7296841, 50.1096608], [8.735355, 50.1113246], [8.7361518, 50.1115564], [8.7369955, 50.111991], [8.7374229, 50.1122463], [8.7387629, 50.113108], [8.7405317, 50.1139479], [8.7412916, 50.1143099], [8.7426504, 50.1147339], [8.7440971, 50.1151878], [8.7456945, 50.1154062], [8.7472227, 50.1155768], [8.7484585, 50.1156488], [8.7496783, 50.1156338], [8.7509941, 50.1155578], [8.7522779, 50.115432], [8.7529669, 50.1153398], [8.7535418, 50.1151878], [8.7543311, 50.1149826], [8.7548764, 50.1147396], [8.7558703, 50.1142382], [8.7570722, 50.1134319], [8.7582252, 50.1124299], [8.7582373, 50.1124195], [8.7583273, 50.1123737], [8.7605726, 50.1107306], [8.7621239, 50.1098364], [8.7632177, 50.1094118], [8.7657795, 50.1086185], [8.7676647, 50.1081417], [8.7687156, 50.1079614], [8.7688936, 50.1079323], [8.7703433, 50.1078432], [8.7716874, 50.1078732], [8.7726446, 50.1079826], [8.7734221, 50.1081214], [8.7749142, 50.1085548], [8.7757126, 50.108877], [8.776732, 50.1092842], [8.7782635, 50.1100183], [8.7791655, 50.1105302], [8.7798147, 50.1110552], [8.7803738, 50.1116993], [8.7805921, 50.1120654], [8.7808201, 50.1126984], [8.78095, 50.1131358], [8.7809438, 50.1135781], [8.7808841, 50.1145806], [8.7807503, 50.1151447], [8.7797665, 50.1171931], [8.7790143, 50.1181529], [8.7786542, 50.1184464], [8.7760129, 50.1202943], [8.7748609, 50.1213283], [8.7732573, 50.1228927], [8.7723226, 50.1242193], [8.7715439, 50.1249412], [8.7707122, 50.1258532], [8.7700148, 50.1267461], [8.7697227, 50.1272173], [8.7693691, 50.127983], [8.7690125, 50.1289352], [8.768926, 50.1296855], [8.7690859, 50.1312931], [8.7691754, 50.131644], [8.7693017, 50.1319807], [8.7697404, 50.1327591], [8.7706534, 50.1337656], [8.7716912, 50.1345907], [8.7730689, 50.1354639], [8.7736396, 50.135747], [8.7744789, 50.1360825], [8.7752912, 50.1363352], [8.7773502, 50.1369089], [8.7786368, 50.1371396], [8.779774, 50.1372919], [8.7798723, 50.1378589], [8.7798896, 50.1379591], [8.7798999, 50.138018], [8.7799092, 50.1380716], [8.7799108, 50.1380814], [8.7799197, 50.1381308], [8.7799211, 50.1381387], [8.7799254, 50.138166], [8.7799448, 50.1382821], [8.7799533, 50.1383329], [8.7840542, 50.1391874], [8.7841772, 50.1392145], [8.7844982, 50.1392867], [8.7846719, 50.1393223], [8.7849123, 50.1393715], [8.7849032, 50.1393975], [8.7847597, 50.1398066], [8.7847403, 50.1398622], [8.7847215, 50.1399157], [8.784713, 50.1399399], [8.7846742, 50.1400508], [8.7845759, 50.1402236], [8.7843898, 50.1405513], [8.7841642, 50.1407116], [8.7835928, 50.1411109], [8.7835867, 50.1411171], [8.7834758, 50.1412425], [8.7832127, 50.1415397], [8.7828398, 50.1420643], [8.7828023, 50.1421026], [8.7827621, 50.1421502], [8.7827424, 50.1421734], [8.7827065, 50.1422201], [8.7825978, 50.1423503], [8.782527, 50.1424334], [8.7825108, 50.1424524], [8.7824639, 50.1425075], [8.782435, 50.1428406], [8.7824285, 50.1429158], [8.7824257, 50.1429467], [8.7823886, 50.1433813], [8.782369, 50.1435943], [8.7823384, 50.143928], [8.7823335, 50.1439816], [8.7823304, 50.1440147], [8.7823294, 50.1440263], [8.7822548, 50.1446727], [8.7823489, 50.1467409], [8.7824135, 50.1483695], [8.7824145, 50.1483791], [8.782466, 50.1495588], [8.7825462, 50.1506619], [8.7826082, 50.1512017], [8.7826179, 50.1512295], [8.7826138, 50.1513131], [8.7826086, 50.1514206], [8.7826051, 50.1514646], [8.782617, 50.1515127], [8.7826147, 50.1515681], [8.7826204, 50.1516056], [8.7826224, 50.1516445], [8.7826246, 50.1516898], [8.7826272, 50.1517421], [8.7826311, 50.1518207], [8.7826405, 50.1519006], [8.782645, 50.1519716], [8.7826488, 50.1520331], [8.7826544, 50.1521225], [8.7826499, 50.1521661], [8.7826596, 50.1522021], [8.7826698, 50.1522973], [8.7826759, 50.1523299], [8.7826814, 50.1523798], [8.7826739, 50.1524129], [8.7826873, 50.152515], [8.7826933, 50.1525534], [8.7826962, 50.1525842], [8.7827187, 50.1527318], [8.7827254, 50.1527866], [8.7827303, 50.1528261], [8.7827331, 50.1528487], [8.7827343, 50.152918], [8.7826479, 50.1533638], [8.7826291, 50.1534231], [8.7825381, 50.153755], [8.7824152, 50.1541091], [8.782418, 50.1541368], [8.7824218, 50.1541747], [8.7824235, 50.1542211], [8.7824252, 50.1542639], [8.782428, 50.1543425], [8.7824387, 50.1545425], [8.7824345, 50.1545799], [8.7824246, 50.1546672], [8.7824004, 50.1548708], [8.7823799, 50.1550676], [8.7823293, 50.155309], [8.782274, 50.1554516], [8.7822401, 50.1555389], [8.7826081, 50.1556137], [8.7827006, 50.155631], [8.7829903, 50.155685], [8.783176, 50.1557124], [8.783386, 50.1557564], [8.7835228, 50.1557775], [8.7836028, 50.1557867], [8.7836949, 50.1557979], [8.7840801, 50.1558498], [8.783894, 50.1562953], [8.7836887, 50.1567723], [8.7836613, 50.1567667], [8.7835863, 50.1569302], [8.7835482, 50.1570134], [8.7834549, 50.1572167], [8.7834068, 50.1576401], [8.7833951, 50.1577429], [8.7834551, 50.1578176], [8.7834369, 50.1583308], [8.7834338, 50.1584185], [8.7834324, 50.1584591], [8.7837694, 50.1584904], [8.7837961, 50.1584981], [8.7840883, 50.1585819], [8.7844138, 50.1586234], [8.7845025, 50.1586494], [8.7848412, 50.1587173], [8.7850146, 50.1587522], [8.7850572, 50.1587605], [8.785242, 50.1587981], [8.7856728, 50.1588148], [8.785943, 50.1588259], [8.7860786, 50.1588506], [8.7863298, 50.1589592], [8.7865335, 50.1590636], [8.7866362, 50.1591197], [8.7867674, 50.1591856], [8.7868743, 50.1592365], [8.7869182, 50.1592618], [8.786937, 50.1592726], [8.7869724, 50.1592864], [8.787015, 50.1593371], [8.7871671, 50.1594329], [8.7874778, 50.1593737], [8.7880239, 50.1592326], [8.7882873, 50.159171], [8.7885704, 50.1591048], [8.7891311, 50.1589737], [8.7894478, 50.1588959], [8.7895523, 50.1588952], [8.7897557, 50.1589432], [8.7898505, 50.1589656], [8.7901469, 50.1589511], [8.7903942, 50.1589286], [8.7905249, 50.1589167], [8.7906288, 50.1589072], [8.79068, 50.1589466], [8.7906528, 50.1592794], [8.79063, 50.159557], [8.790578, 50.1598307], [8.7905797, 50.1599223], [8.7905959, 50.1599735], [8.7909604, 50.1611246], [8.7908321, 50.1611514], [8.7907387, 50.1611724], [8.7902912, 50.1612729], [8.7898302, 50.1613764], [8.7896454, 50.1614179], [8.7895264, 50.1614445], [8.7895442, 50.1614781], [8.7895684, 50.1615241], [8.7899558, 50.1622571], [8.7903221, 50.1629525], [8.7903605, 50.1630883], [8.7904452, 50.1633877], [8.7904539, 50.1634183], [8.7904678, 50.1634678], [8.7915368, 50.1634139], [8.7919055, 50.1633752], [8.7921142, 50.1633392], [8.7925917, 50.1632739], [8.7934603, 50.1631704], [8.7939862, 50.1630623], [8.7946015, 50.1638574], [8.7946479, 50.1639143], [8.7948979, 50.1638477], [8.7949848, 50.163863], [8.795038, 50.1639422], [8.7948235, 50.1644516], [8.7948491, 50.1646087], [8.7948041, 50.1648249], [8.7946119, 50.1657849], [8.7944796, 50.1664423], [8.7944106, 50.1667956], [8.7944019, 50.1668402], [8.7944471, 50.1668583], [8.7954489, 50.1672594], [8.7955303, 50.1672647], [8.7956022, 50.1672694], [8.7961821, 50.1673072], [8.7966457, 50.1673379], [8.7978185, 50.1674138], [8.7979796, 50.1680715], [8.7980982, 50.1685559], [8.7981785, 50.1694509], [8.7982344, 50.1694483], [8.8001381, 50.1693591], [8.8001698, 50.1696057], [8.8001489, 50.17019], [8.8001127, 50.1704942], [8.8000149, 50.1709968], [8.800006, 50.1710504], [8.7999956, 50.1711127], [8.8003729, 50.1712329], [8.8004049, 50.1712442], [8.7992741, 50.1727892], [8.7996457, 50.1731129], [8.7981683, 50.1737261], [8.7981219, 50.1737453], [8.7980311, 50.1737886], [8.7969497, 50.1743044], [8.7969034, 50.1743264], [8.7966409, 50.1744086], [8.7966099, 50.1744186], [8.7963858, 50.1744889], [8.7963181, 50.1745127], [8.7962826, 50.1744835], [8.7953144, 50.1736897], [8.7939846, 50.1725695], [8.7933776, 50.1731912], [8.7929974, 50.1735714], [8.7928787, 50.1736699], [8.7925623, 50.1739322], [8.7924426, 50.1740315], [8.792327, 50.1741274], [8.7922495, 50.1741045], [8.7914216, 50.174767], [8.7906844, 50.1753566], [8.7903768, 50.1756027], [8.7900713, 50.1760173], [8.790005, 50.1761074], [8.7899719, 50.1761798], [8.7894531, 50.1762119], [8.7876934, 50.1763235], [8.7876311, 50.1763275], [8.7874904, 50.1763364], [8.7871498, 50.1763579], [8.7852597, 50.1765419], [8.7851003, 50.1765574], [8.7850349, 50.1765638], [8.7848538, 50.1765814], [8.7833774, 50.1767037], [8.7833217, 50.1767084], [8.7832864, 50.1767114], [8.7829444, 50.1769049], [8.7829132, 50.1769225], [8.7826073, 50.1770957], [8.782551, 50.177096], [8.7825067, 50.1770961], [8.7808695, 50.1771028], [8.7808126, 50.1771024], [8.7791895, 50.1771097], [8.7791329, 50.17711], [8.779101, 50.1781259], [8.7790984, 50.1782068], [8.7777109, 50.1782266], [8.7776446, 50.1782743], [8.7776492, 50.1783675], [8.7776644, 50.1786755], [8.7777841, 50.1788081], [8.7779778, 50.1790833], [8.7780545, 50.1792401], [8.7781263, 50.1793868], [8.778309, 50.1797506], [8.7784153, 50.1799622], [8.7786309, 50.1803548], [8.7786883, 50.1803832], [8.7785629, 50.1803682], [8.7785059, 50.1803614], [8.7783752, 50.1803546], [8.7770388, 50.1801951], [8.7769818, 50.1801882], [8.7769608, 50.1801872], [8.7766362, 50.180171], [8.7764382, 50.1801611], [8.7762382, 50.1801512], [8.7760667, 50.1801426], [8.7757753, 50.1801281], [8.7755037, 50.1801145], [8.7753561, 50.1801072], [8.7732844, 50.1800045], [8.7731587, 50.1799983], [8.7730889, 50.1799948], [8.7711057, 50.1798957], [8.7710633, 50.1798936], [8.7709011, 50.1798982], [8.768856, 50.1797976], [8.7687862, 50.1797941], [8.7686644, 50.1797728], [8.7674699, 50.1795635], [8.7674023, 50.1795517], [8.7672648, 50.179535], [8.765121, 50.179275], [8.7649405, 50.1792531], [8.7644232, 50.1791904], [8.7626897, 50.1789797], [8.7626979, 50.1788768], [8.7627369, 50.1784528], [8.7628131, 50.1776255], [8.7628522, 50.1772001], [8.7628852, 50.1768417], [8.7628885, 50.1768056], [8.7628678, 50.1768061], [8.762696, 50.1768109], [8.7626686, 50.1761475], [8.7626677, 50.1761277], [8.7626666, 50.1760909], [8.7626662, 50.1760783], [8.7626659, 50.1760726], [8.7626369, 50.1754234], [8.76264, 50.1751908], [8.7626214, 50.1736714], [8.7629778, 50.1728932], [8.7629723, 50.1728362], [8.762969, 50.172802], [8.7624051, 50.172778], [8.7623643, 50.1727763], [8.7619881, 50.1727603], [8.7618805, 50.1727574], [8.7618252, 50.1727533], [8.7602215, 50.1726363], [8.7601378, 50.1726302], [8.7600962, 50.1726272], [8.7600751, 50.1726257], [8.7579414, 50.1719674], [8.7579809, 50.1718805], [8.7579392, 50.17185], [8.7576634, 50.1716487], [8.7566638, 50.1713228], [8.7566138, 50.1713065], [8.7564191, 50.1712431], [8.7553464, 50.170901], [8.7552747, 50.1708781], [8.7550855, 50.1708177], [8.7542635, 50.1705197], [8.7539267, 50.1703117], [8.7538716, 50.1702847], [8.7529007, 50.1698077], [8.7520099, 50.1694377], [8.7519557, 50.1694151], [8.7518962, 50.1693904], [8.7513184, 50.1690638], [8.7503009, 50.1686888], [8.7496053, 50.1684072], [8.7498774, 50.1681429], [8.7488151, 50.1673447], [8.7482268, 50.1670858], [8.7479237, 50.1669686], [8.7465847, 50.1664253], [8.7461848, 50.1662223], [8.7461628, 50.1662111], [8.7453674, 50.1658832], [8.7443458, 50.1653073], [8.7433322, 50.1644714], [8.7425621, 50.1640853], [8.7421097, 50.1639691], [8.7420215, 50.1639472], [8.7412744, 50.1637562], [8.7408112, 50.1636826], [8.7406146, 50.1636514], [8.7404774, 50.163609], [8.7402544, 50.16354], [8.7398695, 50.1634209], [8.7396361, 50.1631918], [8.7390432, 50.1630405], [8.7386707, 50.1629003], [8.7384771, 50.1627541], [8.7384432, 50.1627284], [8.7383716, 50.1626727], [8.7383154, 50.1626576], [8.7382774, 50.1626466], [8.7381378, 50.1626061], [8.7380713, 50.1625863], [8.7379905, 50.162576], [8.7377338, 50.1625396], [8.7375011, 50.1625083], [8.7372378, 50.1624719], [8.7369931, 50.1624385], [8.7367787, 50.1626964], [8.7366382, 50.1628654], [8.7365672, 50.1628454], [8.7364604, 50.1629884], [8.7364175, 50.1630457], [8.7360488, 50.1629755], [8.736002, 50.1629666], [8.7357947, 50.1629271], [8.735777, 50.162924], [8.7357259, 50.1629143], [8.7356591, 50.1629016], [8.7356147, 50.1628931], [8.7355483, 50.1628805], [8.7354347, 50.1628588], [8.7353871, 50.1628497], [8.7352763, 50.1628287], [8.7352066, 50.1628154], [8.7351671, 50.1628079], [8.7351392, 50.162796], [8.7350744, 50.1627682], [8.7350268, 50.1627479], [8.7349765, 50.1627264], [8.7349194, 50.162702], [8.7348559, 50.1626748], [8.73482, 50.1626632], [8.7347456, 50.1626391], [8.7343558, 50.1625133], [8.7342705, 50.1624857], [8.7341871, 50.1624588], [8.7340094, 50.1624015], [8.7339221, 50.1623733], [8.7338338, 50.1623447], [8.7336986, 50.1623011], [8.7333076, 50.1622437], [8.7330908, 50.162212], [8.7329928, 50.1621976], [8.7329784, 50.1621979], [8.7311952, 50.1622359], [8.731035, 50.1622393], [8.7308014, 50.1622443], [8.7307321, 50.1622458], [8.730719, 50.1622506], [8.7306333, 50.1622824], [8.7305883, 50.162299], [8.7305329, 50.1623196], [8.7304884, 50.1623361], [8.7304183, 50.1623621], [8.7303494, 50.1623876], [8.7302699, 50.162417], [8.730188, 50.1624474], [8.7301271, 50.16247], [8.7300616, 50.1624942], [8.7300048, 50.1625153], [8.7299537, 50.1625344], [8.7299038, 50.1625528], [8.7298563, 50.1625704], [8.7297904, 50.1625949], [8.7297144, 50.162623], [8.7296202, 50.1626579], [8.7295517, 50.1626834], [8.7295487, 50.1626844], [8.7294737, 50.1627122], [8.7293803, 50.1627468], [8.7293242, 50.1627676], [8.7292741, 50.1627862], [8.7292598, 50.1627915], [8.7291913, 50.1628448], [8.7290539, 50.1628326], [8.7287333, 50.1628689], [8.7277077, 50.1629851], [8.7274365, 50.1630158], [8.7273014, 50.1630311], [8.7271718, 50.1630483], [8.7271032, 50.1630574], [8.7269146, 50.1630824], [8.7267024, 50.1631106], [8.7264808, 50.16314], [8.7262627, 50.163169], [8.7260511, 50.1631971], [8.7260387, 50.1631987], [8.7260089, 50.1632027], [8.7258164, 50.1632068], [8.725604, 50.1632114], [8.7251731, 50.1632208], [8.7249948, 50.1632246], [8.7249657, 50.1632304], [8.7247641, 50.1632704], [8.724563, 50.1633103], [8.7245343, 50.1633159], [8.7243636, 50.1633337], [8.7241892, 50.1633519], [8.7240563, 50.1633658], [8.724033, 50.1633684], [8.7239626, 50.1633756], [8.7237988, 50.1633927], [8.7237874, 50.1633941], [8.7234408, 50.1634304], [8.7233277, 50.1634422], [8.7230075, 50.1634759], [8.7229799, 50.1635143], [8.7228465, 50.1637015], [8.7228369, 50.1637151], [8.7227631, 50.1638178], [8.7223226, 50.1644312], [8.7221834, 50.1645437], [8.7219134, 50.1647619], [8.7218451, 50.1648141], [8.721838, 50.1648227], [8.7214848, 50.165108], [8.7211472, 50.1653808], [8.7210614, 50.1654501], [8.7208734, 50.1656343], [8.7206079, 50.1658945], [8.720592, 50.16591], [8.7204745, 50.1660258], [8.7203586, 50.1661384], [8.7203067, 50.1661894], [8.7202405, 50.1662544], [8.7202277, 50.1662669], [8.7201832, 50.1663107], [8.719988, 50.1665023], [8.7199168, 50.1666113], [8.7198742, 50.1666765], [8.7196159, 50.1670719], [8.7195943, 50.167105], [8.7195288, 50.1672053], [8.719121, 50.1678298], [8.7190087, 50.1680018], [8.7188913, 50.1681815], [8.7187462, 50.1684037], [8.7187079, 50.1684623], [8.7186683, 50.168523], [8.717939, 50.1692063], [8.7178562, 50.169284], [8.7167315, 50.1696653], [8.7165508, 50.1697129], [8.7151173, 50.1700918], [8.7145867, 50.1702314], [8.7142718, 50.1707644], [8.714227, 50.1708402], [8.7142236, 50.170849], [8.7141095, 50.1711443], [8.7140442, 50.1713134], [8.7140199, 50.1713385], [8.7139717, 50.1713884], [8.713923, 50.1714388], [8.7138741, 50.1714893], [8.7138245, 50.1715406], [8.713775, 50.1715917], [8.7137267, 50.1716418], [8.713668, 50.1716618], [8.7135208, 50.171712], [8.7134321, 50.1717423], [8.7133425, 50.1717729], [8.7132515, 50.1718039], [8.7131599, 50.1718352], [8.7130702, 50.1718658], [8.7130534, 50.1718715], [8.7129943, 50.1719029], [8.7129214, 50.1719418], [8.7128472, 50.1719812], [8.7127749, 50.1720197], [8.7127009, 50.172059], [8.7125815, 50.1721226], [8.712463, 50.1721856], [8.7123891, 50.1722249], [8.7123171, 50.1722633], [8.7122446, 50.1723019], [8.7121608, 50.1723465], [8.7121493, 50.1723571], [8.71199, 50.1725049], [8.7118912, 50.1725965], [8.7118869, 50.1726039], [8.7116423, 50.1730227], [8.7115845, 50.1731221], [8.7115505, 50.1731802], [8.7115172, 50.1732376], [8.7115167, 50.1732382], [8.7114714, 50.1732922], [8.7114261, 50.1733462], [8.7113817, 50.1733993], [8.7113373, 50.1734522], [8.711259, 50.1735453], [8.7109508, 50.1739134], [8.7108347, 50.1740031], [8.7108053, 50.1740263], [8.7107614, 50.1740124], [8.7106899, 50.1741032], [8.7104629, 50.1743913], [8.7100716, 50.1748881], [8.7094934, 50.1756224], [8.7093984, 50.1757431], [8.7091934, 50.1760034], [8.7091431, 50.1760673], [8.7092792, 50.1761538], [8.7092121, 50.1763645], [8.7091983, 50.1764079], [8.7091807, 50.1764632], [8.7091643, 50.1765147], [8.7091473, 50.1765682], [8.7090925, 50.1767402], [8.709064, 50.1768296], [8.7090272, 50.1768317], [8.7090045, 50.1769951], [8.7089984, 50.1770394], [8.7089985, 50.1770687], [8.7089991, 50.1771591], [8.7089996, 50.1772498], [8.7090272, 50.1773136], [8.7091545, 50.1776084], [8.7091596, 50.1776203], [8.7093007, 50.1778487], [8.7088385, 50.1779865], [8.709258, 50.1784634], [8.7092374, 50.1784963], [8.7091913, 50.1785696], [8.7090289, 50.1788277], [8.7090122, 50.1788556], [8.7090075, 50.1788629], [8.7090045, 50.1788678], [8.708971, 50.1789217], [8.7089257, 50.1789239], [8.7087277, 50.1789336], [8.7082003, 50.1789836], [8.7080266, 50.1790001], [8.7073085, 50.1791053], [8.7061132, 50.1792193], [8.7058236, 50.1793109], [8.7053351, 50.1794559], [8.7045623, 50.1796846], [8.7037751, 50.1799046], [8.7034056, 50.1800178], [8.7032872, 50.1800499], [8.7028117, 50.1802185], [8.7025167, 50.1803561], [8.7022355, 50.1804397], [8.7019888, 50.1804801], [8.7020517, 50.1805868], [8.7020615, 50.1806035], [8.702063, 50.1806059], [8.7020893, 50.1806503], [8.7032356, 50.1825944], [8.7032604, 50.1826364], [8.704478, 50.1847013], [8.7044879, 50.1847181], [8.7046545, 50.1846599], [8.7067049, 50.1839437], [8.7074491, 50.1838218], [8.7075642, 50.183803], [8.7075914, 50.1837985], [8.7076022, 50.1838134], [8.7085722, 50.1851435], [8.7085964, 50.1851768], [8.7094577, 50.1863584], [8.7102993, 50.1875127], [8.7103337, 50.1875595], [8.7110149, 50.1884857], [8.7110276, 50.1885029], [8.7071289, 50.1907799], [8.7054704, 50.1917494], [8.7054515, 50.1917605], [8.7062073, 50.1920811], [8.7073388, 50.192561], [8.7082046, 50.1929281], [8.7091605, 50.1933335], [8.7114854, 50.1943189], [8.7127598, 50.19486], [8.7127957, 50.1948752], [8.7128461, 50.1948067], [8.713137, 50.1946418], [8.7135052, 50.1945759], [8.7137075, 50.194555], [8.7140226, 50.1944423], [8.7140751, 50.1944236], [8.7157024, 50.1952911], [8.7157403, 50.1953114], [8.7158507, 50.1952843], [8.7160398, 50.1952379], [8.7160632, 50.1952479], [8.7162902, 50.1953437], [8.7165672, 50.1954609], [8.7177106, 50.1959476], [8.7177517, 50.1959651], [8.7181074, 50.1960605], [8.7184886, 50.1961628], [8.7185343, 50.1961751], [8.7188811, 50.196424], [8.7189294, 50.1964588], [8.7190505, 50.1965457], [8.7190447, 50.1966185], [8.719039, 50.1966904], [8.7190491, 50.1967166], [8.7199185, 50.1989776], [8.7212523, 50.199466], [8.7212895, 50.1994796], [8.7217361, 50.1996429], [8.7236971, 50.2003598], [8.7237337, 50.2003732], [8.7261574, 50.2012592], [8.7289883, 50.2022938], [8.7289778, 50.2023078], [8.729617, 50.202588], [8.7292553, 50.2030075], [8.7292845, 50.2030191], [8.7296697, 50.2031723], [8.7306947, 50.2035802], [8.7306918, 50.2036016], [8.7305935, 50.2043387], [8.7305656, 50.2045478], [8.7304729, 50.2052422], [8.7304269, 50.2052569], [8.7304673, 50.2053104], [8.7305597, 50.20534], [8.7306486, 50.2053452], [8.7309255, 50.2054275], [8.7314584, 50.2060094], [8.7317423, 50.2063196], [8.7316061, 50.2065364], [8.7313678, 50.2069158], [8.7311067, 50.2073314], [8.7310841, 50.2073673], [8.7314919, 50.2074476], [8.7313791, 50.2079587], [8.7312467, 50.2085587], [8.7311858, 50.2088317], [8.7310792, 50.2093097], [8.7310056, 50.2096393], [8.730909, 50.2100734], [8.7307507, 50.2107854], [8.7307053, 50.2108041], [8.7307864, 50.2108182], [8.7308856, 50.2108126], [8.7328355, 50.2110434], [8.7329154, 50.2110527], [8.7334591, 50.2111227], [8.7349084, 50.2113084], [8.7349761, 50.2112725], [8.734977, 50.211363], [8.7349804, 50.2116319], [8.7349457, 50.2116289], [8.7345271, 50.212704], [8.7343075, 50.2132722], [8.7342663, 50.2133788], [8.734223, 50.2134907], [8.7340076, 50.2140478], [8.7344186, 50.2145054], [8.7345132, 50.2146908], [8.7346469, 50.2149528], [8.734717, 50.2150903], [8.7348633, 50.2154737], [8.7349493, 50.215515], [8.7349535, 50.2155599], [8.7346182, 50.2155726], [8.7321375, 50.2158518], [8.7321157, 50.2158687], [8.7320698, 50.2159046], [8.7320702, 50.2159261], [8.7320752, 50.2161843], [8.7319817, 50.2166121], [8.7318895, 50.2168199], [8.7317958, 50.2170309], [8.7315957, 50.2171947], [8.731387, 50.2175716], [8.7313261, 50.2176429], [8.7311719, 50.2176905], [8.7305981, 50.2178669], [8.7305165, 50.2178918], [8.7295166, 50.218199], [8.7288533, 50.2184028], [8.7285402, 50.2185191], [8.7275392, 50.2188905], [8.7272076, 50.2190137], [8.7269044, 50.2191257], [8.7268356, 50.2191511], [8.7243403, 50.2197545], [8.7236216, 50.2211495], [8.7235778, 50.2212346], [8.7222952, 50.2213288], [8.7221177, 50.2213417], [8.7218051, 50.2217507], [8.7215856, 50.2219367], [8.7215669, 50.2219526], [8.7215084, 50.2219263], [8.7212922, 50.2220749], [8.7209346, 50.2223325], [8.7207313, 50.222479], [8.720117, 50.2233964], [8.7195556, 50.2244757], [8.719518, 50.2246102], [8.719385, 50.2248606], [8.7192268, 50.2251586], [8.7186447, 50.2249809], [8.7164085, 50.2242982], [8.7163988, 50.22431], [8.7163602, 50.2242982], [8.715612, 50.2256945], [8.7154924, 50.2258091], [8.7154788, 50.2258224], [8.7129193, 50.2251158], [8.7128065, 50.2250796], [8.7127953, 50.2250759], [8.7127689, 50.2250673], [8.7123607, 50.2271118], [8.7123052, 50.2271123], [8.7093818, 50.2271414], [8.7092821, 50.2271424], [8.7093379, 50.2270538], [8.7096547, 50.2259972], [8.7096805, 50.2259378], [8.7098582, 50.2250581], [8.7099209, 50.2247471], [8.7100014, 50.2243487], [8.7103142, 50.2227994], [8.7103556, 50.2227987], [8.7111486, 50.2222158], [8.7097291, 50.2215018], [8.7095451, 50.2214025], [8.7095127, 50.2213848], [8.7085384, 50.2208593], [8.7075864, 50.2203363], [8.70567, 50.2193132], [8.705552, 50.2192502], [8.7055675, 50.2192376], [8.7057133, 50.2191193], [8.7057742, 50.2190697], [8.7046639, 50.2185239], [8.7039641, 50.2181788], [8.703931, 50.2181626], [8.7017501, 50.2170877], [8.7013957, 50.2172585], [8.7006008, 50.217959], [8.7005811, 50.2179477], [8.6994414, 50.2173353], [8.6990914, 50.2171469], [8.6990752, 50.2171382], [8.6989278, 50.2170589], [8.6988623, 50.2170237], [8.6986085, 50.2168889], [8.6983534, 50.2170798], [8.6978483, 50.2169394], [8.6977672, 50.2169168], [8.6976924, 50.216896], [8.6976683, 50.2168893], [8.6976501, 50.2168843], [8.6972521, 50.216774], [8.6951711, 50.2161966], [8.6947867, 50.2163855], [8.6940998, 50.2167517], [8.694088, 50.2167422], [8.6935956, 50.2163462], [8.6930564, 50.215912], [8.6930462, 50.2159038], [8.6929606, 50.2158353], [8.6929267, 50.215808], [8.6927178, 50.2159573], [8.6920315, 50.2163547], [8.6915538, 50.2165957], [8.6915084, 50.2166186], [8.691483, 50.2165897], [8.6905844, 50.2155659], [8.6905254, 50.2154988], [8.6904681, 50.2154729], [8.6870182, 50.2139098], [8.686961, 50.2138838], [8.6869259, 50.2138679], [8.6855538, 50.2151712], [8.6854663, 50.2151682], [8.6848795, 50.2147168], [8.684507, 50.2144303], [8.6840997, 50.214117], [8.6839781, 50.2140235], [8.6819555, 50.2124675], [8.6819195, 50.2124398], [8.6818823, 50.2124597], [8.6802547, 50.2133599], [8.6802072, 50.213386], [8.680059, 50.2134674], [8.6800036, 50.2134943], [8.6798458, 50.2135709], [8.6773624, 50.2147762], [8.6773212, 50.2147961], [8.6771125, 50.214915], [8.6754363, 50.2157025], [8.6744515, 50.2161647], [8.6730283, 50.2168873], [8.6724967, 50.2171572], [8.6724788, 50.2171434], [8.6711895, 50.2161489], [8.6691258, 50.2169527], [8.6690791, 50.2168994], [8.6678718, 50.21553], [8.6677975, 50.2154482], [8.6670857, 50.2146416], [8.666812, 50.2143315], [8.666747, 50.2142577], [8.6660905, 50.2135137], [8.6660484, 50.213466], [8.6652418, 50.2127489], [8.6652212, 50.2127306], [8.6646021, 50.2121805], [8.6645826, 50.2121635], [8.664648, 50.2121228], [8.6642722, 50.2118559], [8.6642427, 50.2118338], [8.6642251, 50.2118207], [8.6640162, 50.2116643], [8.6637978, 50.2117286], [8.6637075, 50.2116546], [8.6636855, 50.2116365], [8.6633858, 50.2113944], [8.6631714, 50.2112212], [8.6625652, 50.2107303], [8.6625472, 50.2107157], [8.6624792, 50.210661], [8.6620442, 50.210309], [8.6620164, 50.2102859], [8.6619682, 50.210247], [8.66117, 50.2096001], [8.6611175, 50.2095575], [8.661019, 50.2094778], [8.6609364, 50.2094103], [8.660245, 50.2088457], [8.6602103, 50.2088222], [8.6601751, 50.2087881], [8.6599464, 50.2086079], [8.6599229, 50.2085875], [8.6595948, 50.208303], [8.6595358, 50.2083855], [8.6594477, 50.2084881], [8.6593125, 50.2086103], [8.6590341, 50.2088619], [8.6589231, 50.2089621], [8.6588801, 50.2090009], [8.6588127, 50.2090619], [8.658757, 50.2091121], [8.6587441, 50.2091239], [8.6587001, 50.2091637], [8.6586593, 50.2092004], [8.6582733, 50.2095561], [8.6582649, 50.209549], [8.6581289, 50.2094345], [8.6581198, 50.2094269], [8.6580885, 50.2093935], [8.6578602, 50.2091511], [8.6578121, 50.2090986], [8.6572166, 50.2085607], [8.6571822, 50.2085297], [8.657148, 50.2084987], [8.6570286, 50.2083907], [8.6560123, 50.2076905], [8.6554914, 50.2072683], [8.6542466, 50.2065336], [8.6542053, 50.2065093], [8.6541403, 50.2065137], [8.6540674, 50.2065186], [8.6540067, 50.2065227], [8.6537726, 50.2065385], [8.6532772, 50.2065718], [8.652787, 50.2066049], [8.6522108, 50.206688], [8.6508163, 50.206889], [8.6507542, 50.206898], [8.6506707, 50.2068363], [8.648459, 50.205202], [8.647659, 50.2046118], [8.6475181, 50.2045079], [8.6458061, 50.2032448], [8.6457183, 50.2031801], [8.6456569, 50.2031586], [8.644366, 50.2027069], [8.6442868, 50.2026792], [8.6442613, 50.2026703], [8.6442253, 50.2026577], [8.6441999, 50.2026488], [8.6440697, 50.2026033], [8.6440446, 50.2025945], [8.6433603, 50.2023551], [8.6439728, 50.2020869], [8.6443428, 50.2019819], [8.6449037, 50.201539], [8.6452117, 50.2012207], [8.6455888, 50.2009328], [8.6451442, 50.2006928], [8.6444915, 50.2003427], [8.6443812, 50.2003686], [8.6432439, 50.2006447], [8.6425363, 50.2008168], [8.6424653, 50.2008337], [8.6424409, 50.2008399], [8.6420778, 50.2009278], [8.6417947, 50.2009965], [8.6416846, 50.2010232], [8.6405509, 50.2012986], [8.6405085, 50.2013089], [8.6404272, 50.2013286], [8.640331, 50.2013519], [8.6402342, 50.2013768], [8.6388168, 50.2017197], [8.6387373, 50.2017398], [8.6387049, 50.2016914], [8.6386854, 50.2016622], [8.6379389, 50.200549], [8.6379098, 50.2005063], [8.63786, 50.2004316], [8.6369808, 50.1991223], [8.6369547, 50.1990836], [8.6369031, 50.1990064], [8.6366778, 50.198671], [8.6358812, 50.1974844], [8.6358469, 50.1974337], [8.6357421, 50.1973464], [8.6350042, 50.1967332], [8.6348445, 50.1966014], [8.6344598, 50.1962809], [8.633877, 50.1957967], [8.6338181, 50.1957495], [8.633128, 50.1951767], [8.6330728, 50.1950317], [8.633491, 50.194667], [8.6335504, 50.1946152], [8.6336016, 50.1945854], [8.6336754, 50.1945425], [8.6335731, 50.1945108], [8.6331597, 50.1942095], [8.6326803, 50.1939944], [8.6319454, 50.1936005], [8.6314864, 50.1932988], [8.6310598, 50.1930698], [8.6306535, 50.1927698], [8.6300106, 50.1924479], [8.6297311, 50.192308], [8.6292074, 50.1920062], [8.6291773, 50.1919327], [8.6290636, 50.1918613], [8.6289461, 50.1918511], [8.6282591, 50.1914256], [8.6275843, 50.1910069], [8.6275444, 50.1909836], [8.6266384, 50.190456], [8.6257411, 50.1899334], [8.625691, 50.1899041], [8.6249453, 50.1894583], [8.6237682, 50.1889546], [8.6237316, 50.1889328], [8.6236598, 50.1888901], [8.6236249, 50.1888693], [8.6231236, 50.1885534], [8.6229345, 50.188421], [8.6226811, 50.1882437], [8.622249, 50.1879265], [8.6215679, 50.1873742], [8.6208744, 50.1867944], [8.6201214, 50.1861303], [8.6199248, 50.1859473], [8.6195969, 50.1856426], [8.6190933, 50.1851441], [8.6186173, 50.1846425], [8.6185267, 50.1846274], [8.6184648, 50.1846172], [8.6181394, 50.1845638], [8.6176582, 50.1844536], [8.6173186, 50.1843549], [8.6171965, 50.184312], [8.6170123, 50.1842474], [8.6169618, 50.1842296], [8.6163189, 50.18393], [8.6162943, 50.1839186], [8.6161305, 50.1838364], [8.6153048, 50.1834222], [8.6152492, 50.1833949], [8.6151938, 50.1833675], [8.6147901, 50.1831671], [8.6144826, 50.1830235], [8.6144615, 50.1830158], [8.614278, 50.1829486], [8.6139595, 50.1828762], [8.6139261, 50.1828715], [8.6135507, 50.182819], [8.6133732, 50.1827942], [8.6131803, 50.1827672], [8.6114885, 50.1825306], [8.6112447, 50.1824965], [8.6111839, 50.182488], [8.6101671, 50.182346], [8.6100026, 50.1823106], [8.6097288, 50.1822261], [8.6091946, 50.1820617], [8.6074124, 50.1815132], [8.6073574, 50.1814961], [8.6057991, 50.1810119], [8.605747, 50.1809958], [8.6056279, 50.1809587], [8.6055069, 50.1808353], [8.6053894, 50.1807815], [8.605341, 50.1807593], [8.605267, 50.1807039], [8.6053261, 50.1807043], [8.6053722, 50.1806939], [8.605407, 50.1806764], [8.6054371, 50.1806485], [8.6054598, 50.1806179], [8.6054768, 50.1805803], [8.6055277, 50.1804507], [8.6055371, 50.1804119], [8.6055623, 50.1803075], [8.6055775, 50.1802452], [8.6055938, 50.1802129], [8.6056194, 50.1801618], [8.605645, 50.180111], [8.6056682, 50.1800649], [8.6057874, 50.1798281], [8.6058197, 50.1797637], [8.6059112, 50.179636], [8.6061369, 50.1793212], [8.606166, 50.1792805], [8.606204, 50.1792276], [8.606278, 50.1791514], [8.6065563, 50.1788985], [8.6066486, 50.1788246], [8.6067166, 50.1787754], [8.6067387, 50.1787593], [8.6068289, 50.1786941], [8.6069041, 50.178647], [8.6070916, 50.1785271], [8.6072576, 50.1784109], [8.6072935, 50.1783858], [8.6074273, 50.1782973], [8.6075469, 50.1782099], [8.607647, 50.1781331], [8.6076825, 50.1781058], [8.6077407, 50.178067], [8.6079815, 50.177906], [8.6080007, 50.1778931], [8.6081091, 50.1778207], [8.6083608, 50.1776708], [8.6089431, 50.177302], [8.6093211, 50.1770445], [8.6095811, 50.1768216], [8.6100311, 50.1762539], [8.6099653, 50.1762287], [8.6097887, 50.1762561], [8.6097102, 50.1762684], [8.6094801, 50.1761214], [8.6092478, 50.1759721], [8.6092325, 50.1759623], [8.6089119, 50.1758012], [8.6088406, 50.1757655], [8.6087668, 50.1757285], [8.6084187, 50.1755413], [8.6083697, 50.175515], [8.6073211, 50.1749005], [8.607308, 50.174895], [8.6066143, 50.1746], [8.6061347, 50.1743961], [8.6060728, 50.1743698], [8.6060236, 50.1743488], [8.6059634, 50.1743232], [8.6047824, 50.1738211], [8.6046846, 50.1737795], [8.603559, 50.1727294], [8.6023773, 50.1716238], [8.6023535, 50.1715942], [8.602213, 50.1716362], [8.6020509, 50.1716847], [8.601892, 50.1717324], [8.6016917, 50.1717923], [8.6016071, 50.1718176], [8.601386, 50.1718839], [8.6012849, 50.1719141], [8.6011616, 50.1719511], [8.6010375, 50.1719881], [8.6008564, 50.1720425], [8.6006752, 50.1720967], [8.6005036, 50.172148], [8.6004242, 50.1721719], [8.6002493, 50.1722242], [8.6001253, 50.1722614], [8.6000426, 50.1722861], [8.5999409, 50.1723166], [8.5997356, 50.172378], [8.5996148, 50.1724141], [8.5994431, 50.1724656], [8.599316, 50.1725036], [8.5991889, 50.1725417], [8.5990522, 50.1725827], [8.5988552, 50.1726417], [8.5987152, 50.1726835], [8.5985753, 50.1727254], [8.5979753, 50.1729051], [8.5976065, 50.1730155], [8.5975175, 50.1730421], [8.5974095, 50.1730745], [8.597295, 50.1731087], [8.5971806, 50.173143], [8.596973, 50.1732042], [8.5968731, 50.1732351], [8.5961118, 50.1720744], [8.5960803, 50.172029], [8.5953195, 50.1708665], [8.5952917, 50.1708363], [8.5942906, 50.1697483], [8.5942582, 50.1697155], [8.5933039, 50.1686807], [8.5932678, 50.1686358], [8.5932393, 50.1686048], [8.5920854, 50.1673502], [8.5920583, 50.1673186], [8.5919096, 50.1673631], [8.5917608, 50.1674077], [8.5916533, 50.16744], [8.5915427, 50.1674731], [8.5913907, 50.1675186], [8.5912389, 50.1675641], [8.591069, 50.167615], [8.5909237, 50.1676586], [8.5908513, 50.1676803], [8.5907788, 50.167702], [8.5906883, 50.1677291], [8.5905979, 50.1677562], [8.5905074, 50.1677833], [8.5904217, 50.167809], [8.5903365, 50.1678345], [8.5902665, 50.1678556], [8.5901777, 50.1678821], [8.5900965, 50.1679064], [8.5899959, 50.1679366], [8.5898957, 50.1679666], [8.5897943, 50.167997], [8.5896325, 50.1680454], [8.5891549, 50.1681886], [8.5890737, 50.1682129], [8.5882941, 50.1684466], [8.5879417, 50.1681976], [8.5881001, 50.167471], [8.5881116, 50.1673747], [8.588177, 50.1668293], [8.5881829, 50.1667795], [8.5881871, 50.1667451], [8.5884143, 50.165576], [8.5884191, 50.165554], [8.5884431, 50.165441], [8.5884724, 50.1653033], [8.5885011, 50.1651687], [8.5885304, 50.1650315], [8.5886293, 50.1645671], [8.5886657, 50.1643962], [8.5886815, 50.164338], [8.5886997, 50.1642634], [8.5887498, 50.1640584], [8.5887969, 50.1638658], [8.5888055, 50.163825], [8.5888131, 50.1637894], [8.5888765, 50.1633866], [8.5888772, 50.1633822], [8.5888865, 50.1633232], [8.5889129, 50.1631555], [8.5890187, 50.1625513], [8.5891762, 50.1616466], [8.5893007, 50.1605794], [8.5894782, 50.1599229], [8.5895667, 50.1596406], [8.5897664, 50.1592081], [8.5898187, 50.1592187], [8.5897774, 50.1593134], [8.5897977, 50.1593914], [8.5908115, 50.1602139], [8.5909154, 50.1602287], [8.5940754, 50.159141], [8.5975995, 50.1579242], [8.597674, 50.1578985], [8.597748, 50.1578731], [8.5978289, 50.1578588], [8.5989526, 50.15766], [8.5994254, 50.1575764], [8.5996303, 50.1575401], [8.6004589, 50.1573951], [8.602487, 50.1570368], [8.6025544, 50.1570249], [8.6025993, 50.1570169], [8.602632, 50.1570112], [8.6026772, 50.1570032], [8.6026902, 50.1570009], [8.6027339, 50.1569932], [8.6025613, 50.1565996], [8.6022175, 50.1561584], [8.6020944, 50.1560915], [8.6020866, 50.1560725], [8.602077, 50.1560491], [8.6020699, 50.1560319], [8.6021409, 50.1559474], [8.6020046, 50.1556244], [8.6017709, 50.1550713], [8.6012492, 50.1542053], [8.6007879, 50.153338], [8.6002901, 50.1524634], [8.6002834, 50.1522651], [8.6001959, 50.152087], [8.6000746, 50.1519939], [8.5996141, 50.1511561], [8.5991497, 50.1503143], [8.5987179, 50.1495315], [8.5982211, 50.1486307], [8.5977297, 50.1477618], [8.5972755, 50.1469405], [8.5968166, 50.1460962], [8.5968056, 50.1460794], [8.5962934, 50.1452923], [8.5958916, 50.1446205], [8.5954777, 50.1439285], [8.5952101, 50.1434811], [8.5950809, 50.1432636], [8.5949932, 50.1432099], [8.5949447, 50.1430996], [8.5949245, 50.1430566], [8.5949282, 50.1429643], [8.5945687, 50.1423409], [8.5939894, 50.1412344], [8.5934739, 50.1402509], [8.5933329, 50.1397842], [8.5931471, 50.1397047], [8.5931319, 50.1396982], [8.5927029, 50.1395145], [8.5926676, 50.1394994], [8.5916638, 50.1390696], [8.5908041, 50.1387013], [8.5904936, 50.1385983], [8.5905013, 50.1385627], [8.5875186, 50.1374528], [8.5853512, 50.1366108], [8.5849866, 50.1364407], [8.5840392, 50.1359987], [8.5839905, 50.1359717], [8.5839413, 50.1359445], [8.5833899, 50.1356391], [8.5829704, 50.1354062], [8.5819127, 50.1349164], [8.5808148, 50.1344079], [8.5797824, 50.1339246], [8.57942, 50.1337549], [8.5788863, 50.1335337], [8.5785872, 50.1334098], [8.5782767, 50.133281], [8.5762378, 50.132435], [8.5760644, 50.1323636], [8.5730952, 50.1311102], [8.5721591, 50.1307122], [8.5719867, 50.1306388], [8.5693936, 50.1295425], [8.5693282, 50.1295151], [8.5683107, 50.1290868], [8.5683003, 50.1290833], [8.5671733, 50.1286006], [8.5653555, 50.1278395], [8.5653544, 50.127842], [8.565202, 50.1277774], [8.5641177, 50.1273175], [8.5640877, 50.1273481], [8.5640487, 50.127331], [8.564003, 50.127311], [8.5606366, 50.1259253], [8.56056, 50.1260065], [8.5604676, 50.1259662], [8.5554338, 50.1238064], [8.555377, 50.123782], [8.5532835, 50.122926], [8.55318, 50.1228836], [8.5531687, 50.122879], [8.5520446, 50.1224189], [8.5509033, 50.1219515], [8.549126, 50.1213649], [8.5489968, 50.1213223], [8.5489079, 50.121293], [8.5460033, 50.120123], [8.5450127, 50.1197805], [8.5429076, 50.1190461], [8.5423655, 50.118857], [8.5398522, 50.1179378], [8.5366627, 50.1167708], [8.5352762, 50.1162913], [8.534586, 50.1160508], [8.5342373, 50.1160476], [8.5337812, 50.1157824], [8.5334194, 50.1156366], [8.5335334, 50.1155089], [8.5334406, 50.1154729], [8.5330715, 50.1153374], [8.5330214, 50.1153178], [8.5329648, 50.1152988], [8.5328452, 50.1154321], [8.5325922, 50.115817], [8.5316063, 50.1159], [8.531482, 50.1159105], [8.5313684, 50.11592], [8.5313059, 50.1159253], [8.5309891, 50.115951], [8.5307276, 50.1162668], [8.5294706, 50.1156621], [8.5293984, 50.1156719], [8.5283023, 50.1164011], [8.5279007, 50.1167201], [8.5275702, 50.1169842], [8.5273711, 50.1171604], [8.5269068, 50.1175751], [8.5264441, 50.1180294], [8.5258417, 50.117804], [8.5250817, 50.118554], [8.5249544, 50.1184904], [8.5248054, 50.1186279], [8.5247206, 50.1187064], [8.5246365, 50.1187841], [8.5232321, 50.1199749], [8.5229949, 50.1198542], [8.5228534, 50.1200136], [8.5227432, 50.1201378], [8.522558, 50.1203465], [8.522413, 50.1205099], [8.5223131, 50.1206224], [8.5222167, 50.120731], [8.5221209, 50.1208389], [8.5220093, 50.1209647], [8.5214558, 50.1206721], [8.5206116, 50.1201375], [8.5206474, 50.1202231], [8.5205457, 50.120222], [8.5202776, 50.1203822], [8.5200516, 50.1205172], [8.5198958, 50.1206103], [8.519755, 50.1206944], [8.5195524, 50.1208155], [8.5187038, 50.1213225], [8.5186006, 50.1213839], [8.5184805, 50.1213026], [8.5180933, 50.1210404], [8.5135407, 50.1219196], [8.5134477, 50.1218034], [8.5132341, 50.1215365], [8.5128613, 50.1210705], [8.5127711, 50.1209578], [8.5128324, 50.1209361], [8.512744, 50.1209164], [8.5125036, 50.1205501], [8.5120283, 50.1198258], [8.5119256, 50.1196694], [8.5118585, 50.1195671], [8.511738, 50.1193835], [8.5128778, 50.119251], [8.5128679, 50.1192066], [8.5128195, 50.1189886], [8.512798, 50.1188889], [8.5127498, 50.1186709], [8.512699, 50.1184413], [8.5126469, 50.1182055], [8.5125826, 50.1179145], [8.5125548, 50.1178209], [8.5125446, 50.1177865], [8.5123937, 50.1175132], [8.5123321, 50.1175596], [8.5122789, 50.1175986], [8.5118786, 50.1176484], [8.5116759, 50.1176071], [8.5116048, 50.1175131], [8.5115343, 50.1174218], [8.5114956, 50.1173118], [8.5113124, 50.1172947], [8.5106884, 50.1174318], [8.5102334, 50.1173498], [8.509854, 50.1172671], [8.50984, 50.1172461], [8.5098229, 50.1172206], [8.5097958, 50.1171802], [8.509727, 50.1170777], [8.5096212, 50.11692], [8.5095329, 50.1168948], [8.5093907, 50.1168542], [8.5088013, 50.1166235], [8.5084302, 50.1165548], [8.5083484, 50.11654], [8.5082479, 50.1165211], [8.507873, 50.1165663], [8.5077964, 50.1164563], [8.5077677, 50.1164154], [8.5076899, 50.1163037], [8.5076677, 50.1162724], [8.5072793, 50.1157156], [8.50725, 50.1156739], [8.5072241, 50.1156372], [8.5073267, 50.1155256], [8.5073008, 50.1155021], [8.5066205, 50.1148856], [8.5066167, 50.1148821], [8.5065469, 50.1148197], [8.5065543, 50.1148184], [8.5065518, 50.1148102], [8.5064623, 50.1147342], [8.5055845, 50.1139905], [8.5051878, 50.1136544], [8.5050611, 50.1135471], [8.5045598, 50.1131224], [8.5041176, 50.1127474], [8.5039875, 50.1126372], [8.5038532, 50.1125233], [8.5037085, 50.1124006], [8.5030482, 50.1118414], [8.5029715, 50.1117765], [8.5025238, 50.1113974], [8.502419, 50.1113085], [8.5018015, 50.1107842], [8.5017086, 50.1107054], [8.5016944, 50.1106932], [8.5016581, 50.1106624], [8.5015676, 50.1105938], [8.5003108, 50.1096407], [8.49977, 50.1092305], [8.4996795, 50.109162], [8.4996363, 50.1091267], [8.499733, 50.1091331], [8.5022942, 50.1077468], [8.502287, 50.1076954], [8.5007204, 50.1071133], [8.500216, 50.1069258], [8.5000015, 50.1068461], [8.4996575, 50.1067182], [8.4995435, 50.1067248], [8.4983142, 50.1073904], [8.497985, 50.1075688], [8.4978749, 50.1076179], [8.4978174, 50.1076435], [8.4977896, 50.1076168], [8.4978476, 50.107591], [8.4977507, 50.1075801], [8.4964304, 50.1063203], [8.496221, 50.1061227], [8.496138, 50.1060443], [8.4960979, 50.1060065], [8.4941123, 50.1066241], [8.4940714, 50.1066528], [8.493576, 50.1070019], [8.4933296, 50.1071755], [8.4931487, 50.1072935], [8.4927651, 50.1075438], [8.4925534, 50.1076819], [8.4924937, 50.1077208], [8.4923448, 50.1078181], [8.4919351, 50.1080857], [8.4919062, 50.1080084], [8.4915618, 50.1070883], [8.4915151, 50.1069617], [8.4914578, 50.1068407], [8.491396, 50.1067097], [8.4913818, 50.1066798], [8.4901447, 50.1070461], [8.4898793, 50.1071123], [8.488811, 50.1073786], [8.4880678, 50.1073237], [8.4875056, 50.1075317], [8.4872568, 50.1076159], [8.485885, 50.1080811], [8.4855434, 50.1081965], [8.483066, 50.1092541], [8.4823951, 50.1095393], [8.4820776, 50.1092327], [8.4820211, 50.1092588], [8.4799543, 50.1102012], [8.4798725, 50.1103453], [8.4796221, 50.110741], [8.4795272, 50.110672], [8.4794807, 50.1106384], [8.479027, 50.1103066], [8.4790257, 50.1103056], [8.4789796, 50.1102719], [8.4789698, 50.1102648], [8.4789314, 50.1102367], [8.4786211, 50.1100107], [8.4785545, 50.1100349], [8.4778109, 50.1103057], [8.4774131, 50.1099795], [8.4770684, 50.1096963], [8.4770382, 50.1096715], [8.4767704, 50.1094514], [8.4758701, 50.1087105], [8.4760814, 50.1085818], [8.4762309, 50.1084907], [8.476437, 50.1083652], [8.4765992, 50.1082664], [8.4766019, 50.1082647], [8.476752, 50.1081683], [8.477056, 50.1079731], [8.4777004, 50.1075593], [8.4780421, 50.1073398], [8.4782852, 50.1071837], [8.4784555, 50.1070743], [8.4785938, 50.1069819], [8.4787561, 50.1068734], [8.4787748, 50.1068603], [8.4790977, 50.106635], [8.4793662, 50.1064477], [8.4797572, 50.1061749], [8.4799677, 50.106028], [8.4801497, 50.105901], [8.4801887, 50.1058709], [8.4805322, 50.1056061], [8.4809436, 50.1052889], [8.4809558, 50.1052796], [8.4792883, 50.104166], [8.4791124, 50.1040493], [8.4790784, 50.1040267], [8.4773001, 50.102846], [8.4774178, 50.1027988], [8.4775063, 50.1027634], [8.4775625, 50.1027409], [8.4775312, 50.1027161], [8.4775224, 50.1027091], [8.4755573, 50.1011471], [8.4747022, 50.1013374], [8.474636, 50.1013522], [8.4743583, 50.1013374], [8.4743212, 50.1012979], [8.4737029, 50.1006471], [8.4736634, 50.1006644], [8.4736362, 50.1006382], [8.4736342, 50.1006362], [8.4730941, 50.100128], [8.4727605, 50.0998225]]]}}, {"type": "Feature", "properties": {"slug": "dusseldorf", "name": "D\u00fcsseldorf", "osmType": "relation", "osmId": 62539, "source": "OpenStreetMap via Nominatim", "licence": "ODbL 1.0", "simplifiedDegrees": 0.001}, "geometry": {"type": "Polygon", "coordinates": [[[6.6888147, 51.2294946], [6.6892952, 51.2293737], [6.6897794, 51.2292519], [6.6898082, 51.229244], [6.6898435, 51.2292353], [6.6899345, 51.2292129], [6.6903134, 51.2291176], [6.6906522, 51.2290323], [6.6908235, 51.2289893], [6.6911584, 51.2289047], [6.6913727, 51.2285422], [6.6924424, 51.2267059], [6.6925617, 51.2265047], [6.6928913, 51.2266282], [6.6930097, 51.2266729], [6.6930401, 51.2266398], [6.6931234, 51.2265533], [6.6931453, 51.2265311], [6.6931159, 51.2265169], [6.6930958, 51.2265015], [6.6930823, 51.2264823], [6.6930749, 51.2264641], [6.6930749, 51.2264437], [6.6930809, 51.2264292], [6.6930904, 51.2264148], [6.6932693, 51.2262269], [6.6933347, 51.2261526], [6.6933798, 51.2260851], [6.6933925, 51.2260676], [6.6934303, 51.2260009], [6.6934395, 51.2259831], [6.6934465, 51.2259652], [6.6934554, 51.2259371], [6.6934638, 51.2259157], [6.693474, 51.2258765], [6.6934769, 51.2258599], [6.6934788, 51.2258395], [6.6934796, 51.2257338], [6.6934757, 51.2256693], [6.6934635, 51.225602], [6.6934392, 51.2255148], [6.6933668, 51.2252602], [6.6933386, 51.2251602], [6.6933118, 51.2250645], [6.6932985, 51.2250167], [6.6932823, 51.2249721], [6.6950852, 51.2249642], [6.6955207, 51.2249635], [6.6967873, 51.2249601], [6.6981525, 51.2249557], [6.6983793, 51.2249541], [6.698375, 51.2246803], [6.7005664, 51.2246619], [6.7007368, 51.2246603], [6.7009449, 51.2246633], [6.7011124, 51.2246585], [6.7011888, 51.2246585], [6.7012236, 51.2246577], [6.7015514, 51.2246564], [6.7018526, 51.2246543], [6.7024036, 51.2246501], [6.7028302, 51.2246476], [6.7034257, 51.2246432], [6.7035315, 51.2246421], [6.7037141, 51.2246415], [6.7051357, 51.2246325], [6.7056935, 51.2246283], [6.7068374, 51.2246206], [6.7076381, 51.2246156], [6.7078526, 51.2246139], [6.7078621, 51.2249608], [6.7078714, 51.2253137], [6.7093805, 51.2251498], [6.7093826, 51.2251591], [6.7111253, 51.22497], [6.7113842, 51.2252781], [6.7115376, 51.225462], [6.7126417, 51.225632], [6.7140637, 51.2253949], [6.7155182, 51.2251531], [6.7160761, 51.2250615], [6.716126, 51.2250525], [6.716215, 51.2250377], [6.7162322, 51.2249647], [6.7162733, 51.2249384], [6.7163076, 51.224926], [6.7164113, 51.2249121], [6.7164505, 51.2248836], [6.7163447, 51.2247987], [6.7172571, 51.2243295], [6.7172795, 51.2243183], [6.7178334, 51.2240337], [6.7211929, 51.2268516], [6.7211967, 51.2268515], [6.7212859, 51.2268165], [6.7215916, 51.226698], [6.7216688, 51.226668], [6.7216661, 51.2266674], [6.723056, 51.2261278], [6.7232263, 51.2260614], [6.723549, 51.225936], [6.7235221, 51.2259051], [6.7234959, 51.2258731], [6.7234656, 51.2258377], [6.7234404, 51.2258074], [6.7234167, 51.225779], [6.7233936, 51.2257507], [6.7233708, 51.225722], [6.7233487, 51.2256938], [6.7233045, 51.2256374], [6.7232462, 51.2255602], [6.7232252, 51.2255315], [6.7232072, 51.2255072], [6.7231663, 51.225451], [6.7230674, 51.2253051], [6.7230142, 51.2252238], [6.7229091, 51.225048], [6.7228453, 51.2249328], [6.7227791, 51.2248062], [6.7227056, 51.2246557], [6.7226722, 51.22458], [6.7226392, 51.2245053], [6.7226029, 51.2244175], [6.7225338, 51.2242302], [6.722515, 51.2241737], [6.7224625, 51.2240037], [6.7224183, 51.2238357], [6.7223627, 51.2235706], [6.7223475, 51.2234747], [6.7223253, 51.2232989], [6.7223126, 51.2231578], [6.7223048, 51.2229919], [6.7223085, 51.22267], [6.722327, 51.222438], [6.722338, 51.2223547], [6.722343, 51.222305], [6.7223572, 51.2222202], [6.7224066, 51.2219666], [6.7224734, 51.2217121], [6.7225634, 51.2214366], [6.7226768, 51.2211577], [6.7227602, 51.220985], [6.7228646, 51.2207849], [6.7229433, 51.2206453], [6.7229515, 51.2206344], [6.7231824, 51.2202662], [6.7236741, 51.2194884], [6.7242326, 51.2186068], [6.725286, 51.21694], [6.7253273, 51.2168778], [6.7253864, 51.216783], [6.7253895, 51.216775], [6.7256416, 51.2163771], [6.7259036, 51.2159644], [6.7264817, 51.2150497], [6.7265288, 51.2149774], [6.7280489, 51.2125731], [6.7295697, 51.2101699], [6.7297747, 51.209827], [6.7299704, 51.209485], [6.7301424, 51.2091621], [6.7302496, 51.2089516], [6.7304195, 51.2085978], [6.7305179, 51.2083804], [6.7307751, 51.2077617], [6.7309558, 51.207269], [6.7310314, 51.207039], [6.7311028, 51.2068091], [6.7311688, 51.2065828], [6.7312288, 51.206362], [6.7313394, 51.2059153], [6.7314893, 51.2052082], [6.7315279, 51.2050076], [6.7315621, 51.2048076], [6.7316282, 51.2044057], [6.7316753, 51.2040692], [6.7317041, 51.2038509], [6.7317289, 51.2036328], [6.7317403, 51.2035203], [6.7317533, 51.2033984], [6.7317668, 51.2032504], [6.73178, 51.2030653], [6.7317883, 51.2030098], [6.7318203, 51.2025006], [6.7318316, 51.2022466], [6.7318368, 51.2021067], [6.7318456, 51.2016296], [6.7318461, 51.2013828], [6.7318445, 51.2013279], [6.7318317, 51.2007647], [6.7318238, 51.2005727], [6.7318108, 51.2003377], [6.7317842, 51.1999569], [6.731743, 51.1995172], [6.7316737, 51.198975], [6.7316601, 51.1988321], [6.73162, 51.1985589], [6.7315504, 51.1981258], [6.731486, 51.1977893], [6.7313719, 51.1972379], [6.7313217, 51.197022], [6.7312784, 51.1968421], [6.7312335, 51.1966602], [6.7311412, 51.1962958], [6.73109, 51.1960936], [6.7310404, 51.1958945], [6.7307437, 51.1947244], [6.7306726, 51.1944404], [6.7304565, 51.1935865], [6.730385, 51.1932593], [6.7303415, 51.1930178], [6.7302975, 51.1926724], [6.7302887, 51.1925916], [6.7302632, 51.1921939], [6.7302574, 51.1919108], [6.730276, 51.1914874], [6.7303025, 51.1912026], [6.730345, 51.1908917], [6.7304017, 51.1905919], [6.730461, 51.1903294], [6.730531, 51.1900716], [6.7306532, 51.1896821], [6.7307999, 51.1892992], [6.730974, 51.188904], [6.7311292, 51.188597], [6.7311731, 51.1885157], [6.7311875, 51.1884919], [6.7312357, 51.1884017], [6.7312874, 51.1883128], [6.7313779, 51.1881613], [6.7316, 51.1878136], [6.7318511, 51.1874594], [6.732114, 51.1871187], [6.732417, 51.1867642], [6.732744, 51.1864129], [6.7328422, 51.1863135], [6.7329418, 51.1862155], [6.7331453, 51.1860203], [6.7332618, 51.1859124], [6.7333831, 51.1858049], [6.7335733, 51.1856387], [6.7337499, 51.1854915], [6.7339431, 51.1853357], [6.7342246, 51.1851189], [6.7343174, 51.1850507], [6.7344119, 51.1849813], [6.7345031, 51.1849158], [6.7345989, 51.1848486], [6.7347911, 51.1847155], [6.7349871, 51.1845851], [6.7351453, 51.1844831], [6.7353011, 51.1843858], [6.7354305, 51.1843063], [6.7355615, 51.184227], [6.7357841, 51.1840969], [6.7360252, 51.1839621], [6.7362604, 51.1838343], [6.7363783, 51.1837723], [6.7366394, 51.1836386], [6.736742, 51.1835876], [6.7369338, 51.1834944], [6.7372222, 51.1833591], [6.7373185, 51.1833155], [6.7374666, 51.1832495], [6.7376146, 51.1831848], [6.7377311, 51.183135], [6.7379835, 51.1830303], [6.738101, 51.1829831], [6.7382627, 51.182919], [6.7384066, 51.1828633], [6.7385058, 51.1828234], [6.7391333, 51.1826006], [6.7395028, 51.182479], [6.7396894, 51.1824193], [6.739876, 51.1823608], [6.7400066, 51.1823204], [6.7403379, 51.1822218], [6.7405779, 51.1821526], [6.7408044, 51.1820893], [6.7410603, 51.1820202], [6.7413158, 51.1819527], [6.7415665, 51.1818892], [6.7417701, 51.1818392], [6.7419743, 51.1817908], [6.7421688, 51.1817452], [6.7421806, 51.1817438], [6.7422207, 51.1817335], [6.742263, 51.181724], [6.7427308, 51.1816215], [6.7429679, 51.1815734], [6.7432016, 51.1815261], [6.7436019, 51.1814505], [6.743797, 51.1814153], [6.7440961, 51.1813636], [6.7442538, 51.1813368], [6.7443978, 51.1813139], [6.7446126, 51.18128], [6.7448706, 51.1812419], [6.7452912, 51.1811834], [6.7455942, 51.1811446], [6.745878, 51.1811108], [6.7463141, 51.1810623], [6.7468379, 51.1810117], [6.7471724, 51.1809838], [6.7474777, 51.1809606], [6.7477837, 51.1809404], [6.7479633, 51.1809295], [6.748305, 51.1809113], [6.7487197, 51.1808936], [6.7493593, 51.1808759], [6.7496512, 51.1808711], [6.750066, 51.1808684], [6.7504811, 51.180871], [6.7508019, 51.1808759], [6.7509461, 51.1808824], [6.7512136, 51.1808862], [6.7514055, 51.1808926], [6.7518623, 51.1809127], [6.7522205, 51.1809314], [6.7524618, 51.1809471], [6.7528814, 51.1809767], [6.7533203, 51.1810133], [6.753773, 51.1810559], [6.7540396, 51.1810843], [6.7541589, 51.1810967], [6.7543383, 51.1811151], [6.7548825, 51.1811759], [6.7554177, 51.1812383], [6.755711, 51.1812753], [6.7562502, 51.1813433], [6.7566531, 51.181397], [6.756964, 51.1814397], [6.757279, 51.1814844], [6.7576947, 51.1815442], [6.7580983, 51.181605], [6.7584058, 51.1816518], [6.7587051, 51.1816992], [6.758962, 51.1817404], [6.7592222, 51.1817826], [6.7602523, 51.1819603], [6.7606341, 51.1820293], [6.7609923, 51.1820947], [6.7613807, 51.182169], [6.7616868, 51.1822282], [6.7620947, 51.1823103], [6.7627348, 51.1824416], [6.763331, 51.1825691], [6.7638234, 51.1826769], [6.7647388, 51.1828877], [6.7651614, 51.1829891], [6.765435, 51.1830552], [6.7657983, 51.1831452], [6.7668797, 51.183425], [6.7675483, 51.1836002], [6.7706462, 51.1844127], [6.771631, 51.1846715], [6.772522, 51.184904], [6.7727841, 51.1849666], [6.7729731, 51.1850101], [6.7732842, 51.1850791], [6.7734302, 51.1851096], [6.7736297, 51.1851505], [6.7738311, 51.1851893], [6.7740149, 51.1852241], [6.7742591, 51.1852664], [6.7744355, 51.1852969], [6.77461, 51.1853242], [6.7747589, 51.1853473], [6.7750575, 51.1853913], [6.7753876, 51.1854343], [6.7755999, 51.1854598], [6.7758201, 51.1854852], [6.7760864, 51.1855124], [6.7763568, 51.1855374], [6.7767392, 51.1855688], [6.7771222, 51.1855938], [6.7773721, 51.1856071], [6.7777853, 51.1856244], [6.7782006, 51.1856346], [6.7784541, 51.1856374], [6.7787551, 51.1856382], [6.7790553, 51.1856357], [6.7793589, 51.1856291], [6.7796626, 51.1856192], [6.7800502, 51.1856025], [6.7802474, 51.1855912], [6.780438, 51.185579], [6.781198, 51.1855167], [6.7815853, 51.1854769], [6.7819802, 51.1854294], [6.7823705, 51.1853773], [6.7827592, 51.1853178], [6.7829606, 51.1852858], [6.7831631, 51.185251], [6.7833676, 51.1852144], [6.78357, 51.1851754], [6.7837751, 51.1851351], [6.7838777, 51.1851147], [6.7839792, 51.1850929], [6.784182, 51.1850497], [6.7843831, 51.1850047], [6.7847008, 51.1849298], [6.7847808, 51.1849104], [6.7848587, 51.1848905], [6.7850156, 51.1848501], [6.7851845, 51.1848063], [6.7853901, 51.1847498], [6.7856445, 51.1846785], [6.7859039, 51.1846018], [6.7861421, 51.1845293], [6.7862038, 51.1845091], [6.7862126, 51.1845055], [6.786413, 51.1844424], [6.7867802, 51.1843196], [6.7868038, 51.1843116], [6.7868048, 51.1843127], [6.7872401, 51.1841578], [6.787363, 51.1841131], [6.7874818, 51.1840693], [6.7874887, 51.1840674], [6.7874986, 51.1840628], [6.7875661, 51.184037], [6.7879277, 51.1838977], [6.7880127, 51.1838643], [6.7880825, 51.1838367], [6.7883126, 51.1837423], [6.7883626, 51.1837213], [6.788539, 51.1836473], [6.7886041, 51.1836201], [6.7886686, 51.1835923], [6.7887582, 51.183553], [6.788873, 51.1835035], [6.7890055, 51.1834439], [6.789134, 51.1833867], [6.7893113, 51.183304], [6.7894846, 51.1832222], [6.7896002, 51.1831673], [6.7897059, 51.1831155], [6.7898318, 51.1830535], [6.7899324, 51.1830035], [6.7900715, 51.1829329], [6.7907618, 51.1825662], [6.7914196, 51.1821845], [6.791724, 51.1819949], [6.7920231, 51.181802], [6.7923131, 51.1816091], [6.792458, 51.181509], [6.7926567, 51.1813694], [6.7930602, 51.1810695], [6.7933206, 51.1808697], [6.7935701, 51.1806696], [6.7938108, 51.1804657], [6.7940404, 51.1802681], [6.7941086, 51.1802065], [6.7942936, 51.1800388], [6.7945834, 51.1797634], [6.7948251, 51.1795205], [6.795094, 51.179238], [6.7952882, 51.1790236], [6.7953117, 51.1789958], [6.7954279, 51.1788626], [6.7957078, 51.1785258], [6.795968, 51.1781895], [6.796212, 51.1778494], [6.7964383, 51.1775094], [6.7966553, 51.1771556], [6.7967589, 51.1769786], [6.7968544, 51.1768027], [6.7970422, 51.1764424], [6.7972077, 51.1760867], [6.7973713, 51.175696], [6.7974465, 51.1754991], [6.7975136, 51.1753044], [6.7977626, 51.1745201], [6.7979021, 51.174003], [6.798071, 51.1732561], [6.7981459, 51.1728562], [6.7982093, 51.172458], [6.7982639, 51.1720311], [6.7983069, 51.171606], [6.7983374, 51.1711825], [6.7983567, 51.1707586], [6.7983618, 51.1702417], [6.79835, 51.1697237], [6.7983354, 51.1694424], [6.7983171, 51.1691717], [6.7982933, 51.1689062], [6.7982263, 51.1683195], [6.7981218, 51.1676628], [6.7980819, 51.16745], [6.798009, 51.1670999], [6.7979499, 51.1668415], [6.7978614, 51.1664857], [6.7978169, 51.1663239], [6.7977716, 51.1661586], [6.7976953, 51.1659002], [6.7976398, 51.1657208], [6.797525, 51.1653728], [6.797402, 51.1650272], [6.7973571, 51.1649049], [6.7972317, 51.164582], [6.7971051, 51.1642732], [6.7969456, 51.1639076], [6.7967123, 51.1634032], [6.7964848, 51.1629367], [6.7961157, 51.1622635], [6.7959798, 51.162033], [6.7958144, 51.1617636], [6.795658, 51.1615137], [6.7954952, 51.1612661], [6.7952847, 51.1609428], [6.7950889, 51.1606267], [6.7948766, 51.1602721], [6.7947228, 51.1599995], [6.7945725, 51.1597276], [6.7944237, 51.1594444], [6.7943132, 51.1592259], [6.7941183, 51.1588208], [6.7939997, 51.15856], [6.7939204, 51.158381], [6.7938453, 51.1582042], [6.7937087, 51.1578695], [6.7935855, 51.1575478], [6.7935009, 51.1573139], [6.7933901, 51.1569871], [6.7933124, 51.1567457], [6.7932911, 51.1566776], [6.7932403, 51.1565085], [6.7931921, 51.1563394], [6.7930802, 51.1559262], [6.7930321, 51.1557273], [6.7929919, 51.1555567], [6.7929582, 51.1554027], [6.7929021, 51.1551139], [6.7928781, 51.1549742], [6.7928566, 51.1548337], [6.7928129, 51.1544908], [6.7928081, 51.1544385], [6.7927768, 51.1540547], [6.7927689, 51.1538905], [6.7927621, 51.1536422], [6.7927611, 51.1534852], [6.792766, 51.1532307], [6.792772, 51.1530734], [6.7927913, 51.1527794], [6.7928526, 51.1522313], [6.7928689, 51.1521271], [6.792873, 51.1521006], [6.7928904, 51.1519902], [6.7929213, 51.1518214], [6.7929508, 51.1516685], [6.7929988, 51.1514508], [6.7930497, 51.15124], [6.7931678, 51.150818], [6.7932281, 51.1506255], [6.7933073, 51.1503939], [6.7934331, 51.1500541], [6.7935741, 51.1497133], [6.7937364, 51.149357], [6.7937966, 51.1492355], [6.7939161, 51.1490082], [6.7940165, 51.1488311], [6.7941228, 51.1486556], [6.7943519, 51.1483103], [6.7943802, 51.1482705], [6.7944443, 51.1481825], [6.7944618, 51.1481563], [6.7945303, 51.1480662], [6.7946, 51.1479761], [6.7946515, 51.1479101], [6.7946504, 51.1479092], [6.7946573, 51.1479019], [6.7947614, 51.147775], [6.7948147, 51.1477118], [6.7948671, 51.1476494], [6.7949488, 51.1475558], [6.7950431, 51.1474511], [6.7950459, 51.1474503], [6.7950646, 51.1474273], [6.795102, 51.1473876], [6.795147, 51.14734], [6.7952357, 51.1472468], [6.7952893, 51.1471912], [6.795327, 51.147154], [6.7953798, 51.1471008], [6.7954466, 51.1470356], [6.795484, 51.1469998], [6.7955592, 51.1469277], [6.7956514, 51.1468428], [6.7956596, 51.1468346], [6.7957503, 51.146753], [6.7958951, 51.1466252], [6.7959238, 51.1466014], [6.7959842, 51.1465503], [6.7960097, 51.1465282], [6.7960777, 51.1464721], [6.7961188, 51.1464379], [6.7961841, 51.1463851], [6.7962719, 51.1463153], [6.7963605, 51.146246], [6.7963919, 51.1462218], [6.7964353, 51.1461887], [6.7965636, 51.1460919], [6.7966372, 51.1460377], [6.7967004, 51.1459929], [6.7967333, 51.1459689], [6.7968353, 51.1458966], [6.7969445, 51.1458224], [6.7969873, 51.1457932], [6.7970417, 51.1457562], [6.79704, 51.1457554], [6.7970687, 51.1457378], [6.7971729, 51.1456688], [6.7972788, 51.1456016], [6.797361, 51.1455482], [6.7975959, 51.1454042], [6.7977319, 51.1453236], [6.7989588, 51.1444762], [6.801897, 51.1434102], [6.8055911, 51.1428761], [6.8081329, 51.1428158], [6.8089137, 51.1428421], [6.8117196, 51.1431664], [6.8144692, 51.143874], [6.8162857, 51.1447315], [6.8180854, 51.1456321], [6.8193629, 51.1461544], [6.8205606, 51.1470671], [6.8241467, 51.1509662], [6.8260247, 51.1529217], [6.8279379, 51.1550031], [6.8288326, 51.1558559], [6.8295884, 51.1566022], [6.8308423, 51.1575279], [6.8326108, 51.1587724], [6.8355306, 51.1604933], [6.837567, 51.1613871], [6.8386394, 51.1617703], [6.8413525, 51.1624134], [6.8439095, 51.1626049], [6.8465446, 51.1626153], [6.8489276, 51.1622432], [6.8508659, 51.1617153], [6.8517582, 51.1614588], [6.8522822, 51.161135], [6.8533775, 51.1607799], [6.8545173, 51.160084], [6.855646, 51.1592506], [6.8565909, 51.1581751], [6.8571772, 51.1570434], [6.8574673, 51.1558577], [6.8574412, 51.1549029], [6.8573849, 51.1544944], [6.8571693, 51.1538168], [6.8567187, 51.1529453], [6.8558185, 51.1517061], [6.854648, 51.15025], [6.8532225, 51.1486756], [6.8519638, 51.1472124], [6.8511912, 51.1461555], [6.8504959, 51.1450744], [6.8498415, 51.1438443], [6.8493012, 51.142638], [6.8487515, 51.1410688], [6.848436, 51.139777], [6.8482353, 51.1380638], [6.8483017, 51.1368597], [6.8485275, 51.1355507], [6.8487579, 51.1347348], [6.849089, 51.1338765], [6.8496271, 51.1327681], [6.8503529, 51.1315992], [6.85096, 51.1308265], [6.8515703, 51.1300993], [6.852344, 51.129315], [6.8532205, 51.1284949], [6.8543338, 51.1275804], [6.8561463, 51.1262371], [6.8578882, 51.1272587], [6.859236, 51.1280091], [6.8596724, 51.128151], [6.8585225, 51.1294157], [6.8586047, 51.1294524], [6.8579894, 51.1298949], [6.8575763, 51.1300178], [6.8570976, 51.1301766], [6.8568834, 51.1303602], [6.8569719, 51.1303856], [6.8570922, 51.1304293], [6.8575824, 51.1311028], [6.8581253, 51.130933], [6.8621435, 51.1297075], [6.8619276, 51.1292425], [6.8628304, 51.1292765], [6.8632014, 51.1292685], [6.8647408, 51.1291657], [6.8647624, 51.129025], [6.8663579, 51.1292195], [6.8677137, 51.1293335], [6.8690379, 51.129199], [6.8729127, 51.1314443], [6.8731002, 51.1312611], [6.8741096, 51.130631], [6.8747748, 51.1303075], [6.8749223, 51.1302125], [6.8750431, 51.1301173], [6.8751021, 51.1300459], [6.8751367, 51.1299476], [6.8751146, 51.1298176], [6.874454, 51.1285165], [6.8765672, 51.1282806], [6.8775416, 51.1283541], [6.8781608, 51.1283701], [6.8795814, 51.1281865], [6.8797543, 51.1281423], [6.8804695, 51.1280648], [6.8806801, 51.1280178], [6.8810266, 51.1279091], [6.8824704, 51.127735], [6.8829043, 51.1274475], [6.8840714, 51.1271154], [6.8841585, 51.1273559], [6.8841457, 51.1275417], [6.8841548, 51.1277029], [6.8842555, 51.1279166], [6.8843774, 51.1280595], [6.884393, 51.1281229], [6.8848154, 51.1280693], [6.8851175, 51.1281168], [6.8857372, 51.1282143], [6.8888024, 51.1288316], [6.8897267, 51.1291267], [6.8899745, 51.1291495], [6.89183, 51.1299097], [6.8920959, 51.1301059], [6.8921655, 51.1301786], [6.8923488, 51.1303651], [6.8925739, 51.1306611], [6.8926334, 51.1307474], [6.892703, 51.1308637], [6.8932836, 51.1295399], [6.8943834, 51.1290765], [6.8944012, 51.1292667], [6.8947537, 51.1293992], [6.8950229, 51.1294084], [6.8955413, 51.1294262], [6.8965657, 51.1289913], [6.8965985, 51.1288837], [6.8970168, 51.1289935], [6.8976215, 51.1291714], [6.8975727, 51.129108], [6.8982868, 51.1267337], [6.8986357, 51.1255652], [6.8989843, 51.124393], [6.899043, 51.1243747], [6.9006609, 51.1249758], [6.9070317, 51.1273515], [6.9085343, 51.1264985], [6.9117408, 51.127915], [6.9124372, 51.1282296], [6.9127426, 51.1283677], [6.9128052, 51.128387], [6.9131214, 51.1280678], [6.916373, 51.1294833], [6.9170394, 51.1289282], [6.9189398, 51.1297547], [6.9183511, 51.1303564], [6.9183149, 51.130524], [6.91828, 51.1316748], [6.9182256, 51.1323112], [6.9181614, 51.133066], [6.9181057, 51.1335904], [6.918108, 51.1336569], [6.9181881, 51.13365], [6.9192432, 51.1341067], [6.9186501, 51.1345856], [6.9206423, 51.1351781], [6.9211724, 51.1353632], [6.9223453, 51.1355083], [6.9223463, 51.1356478], [6.9223233, 51.1357992], [6.9222019, 51.1360971], [6.9241696, 51.1363857], [6.9244002, 51.1364381], [6.9251436, 51.1365263], [6.9247632, 51.1372904], [6.9247666, 51.1373422], [6.9250577, 51.1373975], [6.9248713, 51.1378211], [6.9246019, 51.1383949], [6.9239889, 51.1392567], [6.9234497, 51.139877], [6.9232267, 51.1402058], [6.923271, 51.1405004], [6.9232814, 51.140599], [6.9232762, 51.140898], [6.9234212, 51.1422473], [6.9210675, 51.1425052], [6.9208786, 51.1424043], [6.9207562, 51.142273], [6.9205895, 51.1420523], [6.9205266, 51.141928], [6.9203255, 51.1416243], [6.9202925, 51.1415293], [6.9202296, 51.1414229], [6.9200966, 51.1412616], [6.9198579, 51.1411146], [6.9197582, 51.1410734], [6.9194641, 51.1410115], [6.9193447, 51.1410212], [6.9192911, 51.1410224], [6.9191957, 51.1410165], [6.9189885, 51.1409872], [6.9188635, 51.1409836], [6.9187005, 51.1410108], [6.9185098, 51.1410058], [6.917792, 51.1409414], [6.9177049, 51.1409473], [6.917668, 51.1409567], [6.9176375, 51.140974], [6.9175998, 51.1410354], [6.9175665, 51.1412333], [6.917475, 51.1413484], [6.9174765, 51.1414931], [6.9173009, 51.1416811], [6.9171572, 51.1417668], [6.9170907, 51.1418082], [6.9168978, 51.1419221], [6.9165827, 51.1420199], [6.9163105, 51.1421052], [6.9160294, 51.1422288], [6.9159849, 51.142263], [6.9157984, 51.1423571], [6.915691, 51.1424359], [6.9156311, 51.1424765], [6.9154487, 51.142582], [6.9152152, 51.1428071], [6.9149983, 51.1431447], [6.9148703, 51.1433438], [6.9147701, 51.1435613], [6.9146567, 51.1436989], [6.9145942, 51.1438552], [6.9145132, 51.1440587], [6.9143414, 51.1442317], [6.9141923, 51.1444189], [6.9140142, 51.1446442], [6.9139486, 51.1447275], [6.9137122, 51.1449292], [6.9136604, 51.1449749], [6.9136307, 51.1449993], [6.9135529, 51.1450435], [6.9135285, 51.1450603], [6.9134975, 51.145087], [6.9131447, 51.1454266], [6.9128365, 51.145693], [6.912755, 51.1457641], [6.9127288, 51.1457843], [6.9126696, 51.145815], [6.9125824, 51.1458398], [6.9121299, 51.1461706], [6.9119168, 51.1462715], [6.9116922, 51.1464566], [6.9115625, 51.1465788], [6.9114642, 51.1465991], [6.9114035, 51.146609], [6.9111289, 51.1465252], [6.910902, 51.1464324], [6.9101482, 51.1460407], [6.9101146, 51.1460299], [6.9099031, 51.1460274], [6.9098404, 51.1460426], [6.9096852, 51.1460075], [6.9091274, 51.1460756], [6.9089219, 51.1461628], [6.9088742, 51.1461654], [6.9087603, 51.1462752], [6.9086629, 51.1464009], [6.9086024, 51.1464564], [6.9084881, 51.146534], [6.9084569, 51.1466499], [6.9083743, 51.1467229], [6.9083103, 51.1467411], [6.9082297, 51.146826], [6.9081118, 51.1469052], [6.9080714, 51.1469929], [6.9080685, 51.1470535], [6.9080431, 51.1470752], [6.907935, 51.1471492], [6.9077907, 51.1473344], [6.9077498, 51.1473648], [6.9076324, 51.1474124], [6.9076089, 51.1474358], [6.9076276, 51.1475115], [6.9076375, 51.1476508], [6.9076045, 51.1476792], [6.9074922, 51.147712], [6.9074697, 51.1477132], [6.9073854, 51.1477358], [6.9073137, 51.1477672], [6.9072778, 51.147847], [6.9070642, 51.1479966], [6.9066767, 51.1480042], [6.9066455, 51.148045], [6.9065761, 51.148289], [6.906538, 51.1485578], [6.9065308, 51.1486338], [6.9065165, 51.14892], [6.9064365, 51.1491005], [6.90586, 51.1504354], [6.9054915, 51.1505282], [6.904928, 51.1507146], [6.9047606, 51.1507296], [6.9041516, 51.1509289], [6.9035259, 51.1510513], [6.9033385, 51.1511135], [6.9026291, 51.1513431], [6.9024473, 51.1513567], [6.9019843, 51.1514646], [6.9015438, 51.1514924], [6.9011712, 51.1514776], [6.9006688, 51.151505], [6.9002422, 51.1515728], [6.8998143, 51.1516975], [6.8992926, 51.151885], [6.8991411, 51.1519686], [6.8988928, 51.152081], [6.8987279, 51.1522101], [6.8984988, 51.1523144], [6.8981239, 51.1525307], [6.8978477, 51.1526917], [6.8973437, 51.1529606], [6.8970531, 51.1530839], [6.8968752, 51.1532174], [6.8965173, 51.1534551], [6.8963302, 51.1536132], [6.895928, 51.1538346], [6.8957649, 51.1538812], [6.8953502, 51.1541602], [6.8952144, 51.1542866], [6.8950057, 51.1544501], [6.8945434, 51.1547126], [6.8943915, 51.1548114], [6.8940743, 51.1550551], [6.8938592, 51.1554726], [6.8937318, 51.155637], [6.893373, 51.1561531], [6.8931917, 51.1563292], [6.8927826, 51.1566338], [6.8928069, 51.1566427], [6.8921511, 51.1569586], [6.8914471, 51.1573103], [6.8913368, 51.1573912], [6.891264, 51.1578091], [6.8912487, 51.1583333], [6.8912444, 51.1584878], [6.8912467, 51.1586606], [6.8910628, 51.1586806], [6.8908381, 51.1588294], [6.8907598, 51.158926], [6.8910343, 51.1591099], [6.8912446, 51.1593057], [6.8912729, 51.1593487], [6.8913177, 51.1594227], [6.8913333, 51.1594211], [6.891403, 51.1593695], [6.8914966, 51.1593337], [6.8915796, 51.1593381], [6.8916749, 51.1593505], [6.8916749, 51.1593809], [6.8918197, 51.1593161], [6.8920969, 51.1592677], [6.8923549, 51.1592535], [6.8926894, 51.159282], [6.8929123, 51.1591542], [6.8930749, 51.1591013], [6.8932662, 51.1590977], [6.8934891, 51.1590735], [6.8936817, 51.1590928], [6.8937027, 51.1590465], [6.89376, 51.1590215], [6.8939027, 51.1589854], [6.8939645, 51.1589639], [6.8940123, 51.1589269], [6.8940735, 51.1588985], [6.8941238, 51.1588874], [6.8941791, 51.1588808], [6.8942473, 51.1588759], [6.8943703, 51.1588572], [6.8944045, 51.158849], [6.894454, 51.1588331], [6.8945994, 51.1587933], [6.8947524, 51.1587902], [6.8948321, 51.1587906], [6.8948552, 51.1587881], [6.8948788, 51.1587793], [6.8948991, 51.1587666], [6.8949585, 51.1587233], [6.8949989, 51.1586941], [6.895036, 51.1586713], [6.8950824, 51.1586482], [6.8951346, 51.1586271], [6.895202, 51.1586043], [6.8952556, 51.1585909], [6.895312, 51.1585826], [6.8954943, 51.1585862], [6.8955584, 51.158581], [6.8956258, 51.1585337], [6.8956573, 51.1585118], [6.8956868, 51.158495], [6.8957487, 51.1584744], [6.8958259, 51.1584615], [6.895984, 51.1584699], [6.896025, 51.158462], [6.8960737, 51.1584421], [6.8961463, 51.1583694], [6.8961991, 51.1583587], [6.8963349, 51.1583528], [6.8963787, 51.158348], [6.8964242, 51.1582712], [6.896624, 51.1582086], [6.8967, 51.1582158], [6.8968068, 51.1582436], [6.8971019, 51.158374], [6.8971665, 51.1584225], [6.8971938, 51.1584363], [6.8972349, 51.1584498], [6.8972636, 51.1584561], [6.8973075, 51.1584632], [6.8975749, 51.1583631], [6.8976389, 51.1583511], [6.8977536, 51.1583366], [6.8979718, 51.1583826], [6.898032, 51.1584207], [6.8980939, 51.1584696], [6.898136, 51.1585168], [6.8981685, 51.1585698], [6.8981875, 51.1586118], [6.8981797, 51.1586808], [6.8981917, 51.1587036], [6.898254, 51.158732], [6.8982638, 51.1595315], [6.8982689, 51.1599498], [6.8982821, 51.160984], [6.898212, 51.1609851], [6.8982073, 51.1610354], [6.898207, 51.1610385], [6.8982023, 51.1610926], [6.8982032, 51.1611256], [6.8982166, 51.1638893], [6.8976329, 51.1641111], [6.8969802, 51.1645032], [6.8968867, 51.1645324], [6.8973071, 51.1651665], [6.8977382, 51.1658344], [6.8977853, 51.16593], [6.8978435, 51.1660245], [6.8984803, 51.1670039], [6.9001973, 51.1671528], [6.9000262, 51.1678065], [6.8999182, 51.1682194], [6.8996743, 51.1691567], [6.8991713, 51.1710868], [6.8989555, 51.1719153], [6.8988087, 51.1724786], [6.8964126, 51.1732071], [6.8961842, 51.1732749], [6.8961027, 51.1732921], [6.8960205, 51.1733076], [6.8959495, 51.1733175], [6.895901, 51.173326], [6.8958266, 51.1733458], [6.8957407, 51.1733792], [6.8956441, 51.1734179], [6.8954911, 51.1734787], [6.8954341, 51.1735854], [6.895421, 51.1736455], [6.8955687, 51.1736594], [6.8964137, 51.1738227], [6.897304, 51.1740043], [6.8982631, 51.1742056], [6.8992455, 51.1744093], [6.8994622, 51.1744763], [6.8999367, 51.1746239], [6.9001503, 51.1746896], [6.9006619, 51.1748533], [6.9009764, 51.1750002], [6.9013162, 51.1751715], [6.9016279, 51.1753702], [6.9019715, 51.1755889], [6.9021953, 51.1757323], [6.9026954, 51.1759189], [6.9028044, 51.1759706], [6.9030718, 51.1760957], [6.9032023, 51.176139], [6.9035221, 51.1762462], [6.9037074, 51.1763557], [6.9037807, 51.1764081], [6.9038564, 51.1764616], [6.9040408, 51.1765927], [6.9041718, 51.1766851], [6.9046525, 51.1764326], [6.9047647, 51.176458], [6.9051359, 51.1765465], [6.9057778, 51.1766977], [6.9048552, 51.1772257], [6.906309, 51.1774605], [6.9073397, 51.1776259], [6.9076237, 51.177664], [6.9091363, 51.1778683], [6.9097708, 51.177953], [6.9106442, 51.178098], [6.9113579, 51.1782154], [6.912068, 51.1783304], [6.9132091, 51.1785183], [6.9141522, 51.1786745], [6.9145656, 51.1787407], [6.914475, 51.1795047], [6.9143609, 51.1802663], [6.914251, 51.1810251], [6.9142431, 51.1810476], [6.9142285, 51.1810707], [6.9142113, 51.1810839], [6.9141776, 51.1810962], [6.9141522, 51.1811034], [6.9141287, 51.1811074], [6.9141039, 51.1811105], [6.9140715, 51.1811101], [6.9140423, 51.1811068], [6.9136063, 51.1810269], [6.9133286, 51.1809994], [6.9127528, 51.180895], [6.9127305, 51.1809201], [6.9125756, 51.180872], [6.9125437, 51.1809305], [6.9125248, 51.1809767], [6.9125693, 51.1810124], [6.9122038, 51.1815857], [6.9120651, 51.1818037], [6.9119166, 51.1820386], [6.911579, 51.182569], [6.9114067, 51.1828387], [6.9112428, 51.1830957], [6.9110286, 51.1834339], [6.9108114, 51.1837747], [6.9107051, 51.1845337], [6.9106524, 51.1849137], [6.9106219, 51.1851332], [6.9105813, 51.1854215], [6.9104605, 51.1862709], [6.910337, 51.187164], [6.9102774, 51.1871895], [6.9102834, 51.1872543], [6.9104132, 51.1873064], [6.9103353, 51.1873404], [6.9102736, 51.1874201], [6.9106151, 51.1875144], [6.9114462, 51.1877443], [6.912198, 51.1879606], [6.9129386, 51.1881742], [6.9130509, 51.1882072], [6.9133829, 51.1882208], [6.9137181, 51.1882343], [6.914174, 51.188252], [6.914381, 51.1878176], [6.9144833, 51.1876033], [6.9146258, 51.1873019], [6.9155281, 51.1873428], [6.9159812, 51.1873639], [6.9165049, 51.1873887], [6.9205295, 51.1889597], [6.9202322, 51.1891881], [6.9203347, 51.1892337], [6.9197226, 51.1895903], [6.9190994, 51.1899568], [6.9184059, 51.1903507], [6.9180123, 51.1905704], [6.9176922, 51.1907379], [6.9175045, 51.190834], [6.9173957, 51.1908937], [6.9173445, 51.1909219], [6.9173085, 51.1909427], [6.9171737, 51.1910244], [6.916901, 51.1911933], [6.9166848, 51.1913303], [6.9168403, 51.191431], [6.9165733, 51.191595], [6.916342, 51.1917364], [6.9161577, 51.1918502], [6.9159086, 51.1920029], [6.9158134, 51.1919262], [6.9157411, 51.1920392], [6.915611, 51.1921061], [6.9161889, 51.1921374], [6.9166709, 51.1921631], [6.917105, 51.1921865], [6.9172412, 51.1921934], [6.9171438, 51.1924314], [6.9172892, 51.1924584], [6.917296, 51.1924604], [6.9176361, 51.1925233], [6.9178937, 51.1925241], [6.9179215, 51.1925044], [6.9179557, 51.1924727], [6.9179961, 51.1924359], [6.9197535, 51.192553], [6.9203397, 51.1925923], [6.9213127, 51.1926579], [6.9212663, 51.1928189], [6.9200561, 51.1927566], [6.9198858, 51.1927506], [6.9197908, 51.1927497], [6.9196576, 51.1927506], [6.9195642, 51.192755], [6.9194759, 51.1927614], [6.9193983, 51.1927682], [6.9192928, 51.1927805], [6.9191929, 51.1927954], [6.9190984, 51.1928116], [6.9190246, 51.1928271], [6.9189064, 51.1928538], [6.9187799, 51.1928883], [6.9186071, 51.1929394], [6.9184231, 51.1930172], [6.9183516, 51.1930505], [6.9182754, 51.1930884], [6.9181413, 51.1931585], [6.9178653, 51.1933026], [6.9175769, 51.1934532], [6.9174714, 51.1934906], [6.9171514, 51.1936036], [6.9168963, 51.1935866], [6.9167616, 51.1935759], [6.9157083, 51.1934893], [6.9153586, 51.1933422], [6.9149052, 51.1931493], [6.9148117, 51.1931245], [6.9147101, 51.1931581], [6.9146186, 51.1932142], [6.9140737, 51.1935247], [6.9135657, 51.1938146], [6.9134644, 51.1938], [6.9122394, 51.1943947], [6.9120875, 51.1944898], [6.9108163, 51.1950184], [6.9101896, 51.1952789], [6.9097556, 51.1954342], [6.9094072, 51.1955609], [6.909476, 51.1955655], [6.909496, 51.1955681], [6.9095119, 51.1955721], [6.909531, 51.1955785], [6.9095487, 51.1955876], [6.9095771, 51.1956071], [6.9096022, 51.1956315], [6.9096323, 51.1957254], [6.909647, 51.1957923], [6.9096552, 51.1958553], [6.9096554, 51.195928], [6.9096479, 51.1960017], [6.9096344, 51.196088], [6.9096166, 51.196175], [6.9096051, 51.1962326], [6.9095705, 51.1963492], [6.9095553, 51.1963885], [6.9095375, 51.1964299], [6.9095124, 51.1964799], [6.9094873, 51.1965243], [6.9094582, 51.1965664], [6.9094269, 51.1966079], [6.9093846, 51.1966591], [6.9093464, 51.1967], [6.9093293, 51.1967174], [6.9093169, 51.1967294], [6.9092585, 51.1967873], [6.9091967, 51.196843], [6.9089007, 51.1970947], [6.9084335, 51.1974407], [6.9080309, 51.1977492], [6.9069843, 51.1984532], [6.9067897, 51.1986449], [6.9067428, 51.1987658], [6.9067076, 51.1988381], [6.9065607, 51.199268], [6.9065017, 51.1994195], [6.9064809, 51.1997029], [6.9065513, 51.2000893], [6.906549, 51.2003683], [6.906541, 51.2004455], [6.9065206, 51.2005134], [6.9064911, 51.2005808], [6.906444, 51.2006629], [6.9063947, 51.200725], [6.9063501, 51.2007682], [6.906306, 51.2008054], [6.9062516, 51.2008452], [6.9062016, 51.2008753], [6.9061137, 51.2009239], [6.9060113, 51.2009702], [6.9058857, 51.2010172], [6.9057591, 51.2010696], [6.9057036, 51.2010909], [6.9053382, 51.2011782], [6.9053298, 51.2011827], [6.9052403, 51.2012312], [6.9051804, 51.2013504], [6.9051393, 51.2015106], [6.9051706, 51.2015981], [6.9051919, 51.2016783], [6.905222, 51.2017979], [6.9053427, 51.2023313], [6.905382, 51.2024967], [6.9053813, 51.2025925], [6.9054299, 51.2027563], [6.905487, 51.2028915], [6.9055716, 51.2030184], [6.9057591, 51.2033012], [6.9060493, 51.2036778], [6.9064567, 51.2040797], [6.9080918, 51.2055405], [6.9088126, 51.2061845], [6.9093044, 51.2066953], [6.9099573, 51.2074948], [6.9100465, 51.2075347], [6.9102657, 51.2078182], [6.9103833, 51.2079709], [6.910992, 51.2088069], [6.911057, 51.2089226], [6.9109267, 51.2089507], [6.9115913, 51.2101891], [6.9116708, 51.2103979], [6.9118105, 51.2107647], [6.9104325, 51.210933], [6.9105952, 51.2113922], [6.9101057, 51.2113883], [6.909808, 51.2114268], [6.9096951, 51.2114316], [6.9095548, 51.2114376], [6.9087624, 51.2116419], [6.9085285, 51.211566], [6.9072769, 51.210759], [6.9068817, 51.2107259], [6.9067621, 51.2107689], [6.9067484, 51.2108125], [6.9069494, 51.2110685], [6.9071745, 51.2112979], [6.90642, 51.2117783], [6.9063475, 51.2117628], [6.9061057, 51.2117094], [6.9058964, 51.2116447], [6.9057604, 51.2115988], [6.9056133, 51.2115], [6.9054636, 51.2113995], [6.9043332, 51.2113929], [6.904164, 51.211392], [6.9040655, 51.2113915], [6.903876, 51.211362], [6.903754, 51.211343], [6.9035597, 51.2112593], [6.9033844, 51.2111882], [6.9028176, 51.2112733], [6.9029561, 51.2109686], [6.9021767, 51.2111281], [6.9017716, 51.2112573], [6.9014668, 51.2113537], [6.901148, 51.2114195], [6.9008585, 51.211625], [6.9002933, 51.2118191], [6.8999285, 51.2119465], [6.8995353, 51.2120857], [6.8991507, 51.212221], [6.8991416, 51.2126167], [6.8992221, 51.212637], [6.8996419, 51.2127625], [6.8992598, 51.2128284], [6.8989729, 51.2128634], [6.8984019, 51.2129508], [6.8975826, 51.2130731], [6.8974797, 51.2130858], [6.8973532, 51.213095], [6.8971114, 51.2131104], [6.8964617, 51.2131223], [6.8962636, 51.2131183], [6.8958726, 51.2131369], [6.8954441, 51.2131714], [6.8949058, 51.2132], [6.8943983, 51.2129577], [6.893788, 51.2126658], [6.8910024, 51.2125582], [6.8909804, 51.2125596], [6.8907578, 51.2125531], [6.890741, 51.2126224], [6.8901094, 51.2138745], [6.8899865, 51.2139036], [6.8898005, 51.2139676], [6.8895908, 51.2140454], [6.8894794, 51.2140755], [6.8893574, 51.2140966], [6.8892081, 51.214106], [6.8890893, 51.2141044], [6.888924, 51.2140847], [6.888361, 51.2140224], [6.8881879, 51.2140031], [6.8880277, 51.213993], [6.8877587, 51.2139714], [6.8866218, 51.2138983], [6.8865305, 51.2138658], [6.8862574, 51.2137595], [6.8860058, 51.213663], [6.8856612, 51.2135001], [6.8854216, 51.2134032], [6.8850978, 51.2137463], [6.8846928, 51.2140361], [6.8842527, 51.2142315], [6.8833853, 51.2143805], [6.8829976, 51.2144305], [6.8827782, 51.2145401], [6.8824223, 51.2145568], [6.882089, 51.2145085], [6.8816944, 51.2149441], [6.8811812, 51.2156917], [6.8809962, 51.215677], [6.880946, 51.2154575], [6.8808226, 51.2149265], [6.8810118, 51.2145741], [6.8809283, 51.2142624], [6.8802806, 51.214219], [6.8798061, 51.2142291], [6.8796802, 51.2140989], [6.8796456, 51.2140703], [6.8796206, 51.2140517], [6.8795908, 51.2140409], [6.879561, 51.214036], [6.8795277, 51.2140322], [6.8791438, 51.2140319], [6.8787558, 51.2140306], [6.8787206, 51.214035], [6.8786986, 51.2140433], [6.8786728, 51.2140556], [6.8786548, 51.2140708], [6.8786438, 51.2140875], [6.8786336, 51.2141115], [6.8786346, 51.2141387], [6.878636, 51.2141979], [6.8786946, 51.214689], [6.8779153, 51.2150805], [6.8783069, 51.2153321], [6.8780383, 51.2155437], [6.8779169, 51.2156134], [6.8778018, 51.2157312], [6.8776922, 51.2158491], [6.8772493, 51.215817], [6.8772114, 51.2158556], [6.8768817, 51.2162043], [6.8764874, 51.2166207], [6.8760962, 51.2170348], [6.8755396, 51.2176216], [6.8752608, 51.2179154], [6.874858, 51.218353], [6.8748376, 51.2183743], [6.8745253, 51.2186945], [6.874223, 51.2190147], [6.8733288, 51.2199784], [6.8731335, 51.2199758], [6.8732367, 51.2201648], [6.8736206, 51.2203073], [6.8736933, 51.2204447], [6.8736229, 51.2204436], [6.8737076, 51.2205471], [6.8736853, 51.2206303], [6.8737594, 51.2206903], [6.8738311, 51.2207739], [6.8738564, 51.2208801], [6.8738493, 51.2210067], [6.8738068, 51.2211555], [6.8738036, 51.2212601], [6.8738473, 51.2213686], [6.8738374, 51.2214358], [6.8738048, 51.2214796], [6.8737452, 51.2215129], [6.8734463, 51.2216092], [6.8733116, 51.221676], [6.8732517, 51.2217329], [6.8732362, 51.221784], [6.8732337, 51.2218922], [6.8732824, 51.2220009], [6.8733489, 51.2221045], [6.8726396, 51.2225723], [6.8718896, 51.2226335], [6.8724337, 51.2232781], [6.8729167, 51.2238003], [6.8730174, 51.2239284], [6.8732951, 51.2242001], [6.8736207, 51.224254], [6.8737217, 51.2242877], [6.8738254, 51.2243448], [6.8740443, 51.2245096], [6.8741998, 51.224705], [6.8746094, 51.2250587], [6.8748825, 51.2252013], [6.8755198, 51.225456], [6.8757633, 51.2255317], [6.8753651, 51.2260688], [6.8756602, 51.2261833], [6.8766326, 51.2265723], [6.8774412, 51.2269136], [6.8778903, 51.2271363], [6.8783947, 51.2274019], [6.8790767, 51.2276614], [6.8800593, 51.2280256], [6.8797181, 51.2281959], [6.8798244, 51.2282619], [6.8788373, 51.228742], [6.8778862, 51.2292044], [6.8778041, 51.2292447], [6.8770946, 51.2295923], [6.8757918, 51.2302352], [6.8762044, 51.2306428], [6.876471, 51.2306861], [6.8771257, 51.2311888], [6.8771044, 51.2314979], [6.8769698, 51.2315866], [6.8769685, 51.2321755], [6.87486, 51.2322868], [6.8731853, 51.232347], [6.8731366, 51.2324929], [6.872914, 51.2327402], [6.8726873, 51.2331038], [6.872679, 51.2336054], [6.872668, 51.2354772], [6.8726788, 51.235628], [6.8726927, 51.2360098], [6.8726806, 51.2364477], [6.8726752, 51.2366336], [6.872677, 51.2368479], [6.8726788, 51.2369692], [6.8726702, 51.2370949], [6.872639, 51.2372594], [6.8725955, 51.2374408], [6.8725276, 51.238137], [6.8724288, 51.2383243], [6.8716367, 51.2391435], [6.8715095, 51.2397937], [6.8714517, 51.240063], [6.8713864, 51.240334], [6.8712277, 51.2408927], [6.8710696, 51.2414589], [6.8719513, 51.2417036], [6.8720612, 51.2415297], [6.8733147, 51.2412189], [6.8733962, 51.2406089], [6.8735566, 51.2406075], [6.873838, 51.2407027], [6.873999, 51.2408326], [6.8741891, 51.2410585], [6.8744266, 51.2412035], [6.8754845, 51.2413778], [6.8760206, 51.2413953], [6.8765947, 51.2416939], [6.8780539, 51.2422215], [6.8780506, 51.2423144], [6.8775707, 51.2422315], [6.8783426, 51.2425145], [6.8810409, 51.2421598], [6.881807, 51.2421962], [6.8823642, 51.2421151], [6.8826054, 51.242053], [6.8829881, 51.2419023], [6.8831725, 51.2417888], [6.8833002, 51.2415506], [6.8832411, 51.2413432], [6.8830463, 51.2411903], [6.8828391, 51.2409872], [6.8827919, 51.2407864], [6.8831809, 51.2407254], [6.8835904, 51.2407095], [6.8839074, 51.2401023], [6.8839606, 51.2395482], [6.8839172, 51.2392289], [6.883102, 51.2390393], [6.8827816, 51.238463], [6.8827607, 51.2382602], [6.8830154, 51.2382714], [6.8831788, 51.2383317], [6.8837234, 51.2385554], [6.884682, 51.238827], [6.8852661, 51.2388137], [6.8857272, 51.2389969], [6.886031, 51.2391187], [6.8863121, 51.2391751], [6.8864764, 51.2392897], [6.8866877, 51.2393262], [6.8870413, 51.2394179], [6.8871864, 51.239545], [6.887391, 51.2396931], [6.887535, 51.2397128], [6.8876975, 51.2396581], [6.8878206, 51.239507], [6.8878521, 51.2394508], [6.8879213, 51.2392988], [6.8881462, 51.2391832], [6.8882382, 51.2389623], [6.8889609, 51.2390635], [6.8897604, 51.2391764], [6.8901672, 51.2392336], [6.8902964, 51.2392517], [6.8904744, 51.2392883], [6.8903943, 51.2382537], [6.8909723, 51.2375195], [6.8915582, 51.237651], [6.8924976, 51.2374415], [6.8927659, 51.2374011], [6.8932154, 51.2374453], [6.8926227, 51.2385981], [6.8932831, 51.2386602], [6.8934615, 51.2387243], [6.8934726, 51.2391145], [6.893611, 51.2390364], [6.893832, 51.238973], [6.8939548, 51.2389737], [6.8942041, 51.2389303], [6.8945614, 51.2389343], [6.8948937, 51.2388146], [6.8955238, 51.2388232], [6.8957371, 51.2388459], [6.8965501, 51.2385694], [6.8970038, 51.2382921], [6.8972468, 51.2381549], [6.8971273, 51.2378654], [6.896989, 51.2376258], [6.8980697, 51.2373789], [6.8991354, 51.2371717], [6.9002868, 51.2371117], [6.9011928, 51.2370652], [6.9014038, 51.2370539], [6.901665, 51.2370856], [6.902192, 51.23715], [6.9026181, 51.237202], [6.902728, 51.2370988], [6.9027667, 51.2370975], [6.9029903, 51.237113], [6.9032168, 51.2371317], [6.9031275, 51.2374339], [6.9028921, 51.2377001], [6.9026436, 51.2380638], [6.9025254, 51.2382355], [6.9030529, 51.2383223], [6.9032882, 51.2383616], [6.9035387, 51.2383324], [6.9038708, 51.2382289], [6.9039568, 51.2385699], [6.9040005, 51.2387381], [6.9040442, 51.238906], [6.904034, 51.2390364], [6.9040208, 51.2395971], [6.9038284, 51.2397819], [6.903361, 51.2398827], [6.9029081, 51.2399799], [6.903034, 51.2402292], [6.9036245, 51.2404085], [6.9038549, 51.2404226], [6.9042204, 51.2403507], [6.9050749, 51.240066], [6.9061293, 51.2396679], [6.9063518, 51.2395845], [6.9065722, 51.2395038], [6.9067987, 51.239424], [6.9070354, 51.2393483], [6.9073748, 51.239248], [6.9084024, 51.2389612], [6.908736, 51.2393916], [6.9089989, 51.2397414], [6.9095867, 51.2405243], [6.9098445, 51.2408694], [6.9101181, 51.241243], [6.9102248, 51.2417655], [6.9104148, 51.2417901], [6.9108277, 51.2417663], [6.9112517, 51.2417334], [6.9125045, 51.2412662], [6.9125954, 51.2412419], [6.9126624, 51.2412255], [6.9127272, 51.2412132], [6.9128549, 51.2411952], [6.913111, 51.2411722], [6.9134555, 51.2411439], [6.9142333, 51.2410783], [6.9144119, 51.2410609], [6.9145575, 51.2410422], [6.9146747, 51.2410231], [6.9148786, 51.2409843], [6.9149857, 51.2409615], [6.9150542, 51.2409515], [6.915119, 51.2409451], [6.9152603, 51.2409364], [6.91585, 51.2409941], [6.9160335, 51.2410181], [6.9161714, 51.2410331], [6.9163732, 51.2410532], [6.916505, 51.2410628], [6.9167135, 51.2410763], [6.9170284, 51.241096], [6.917073, 51.2410992], [6.9168601, 51.24072], [6.917174, 51.2405845], [6.9174478, 51.2404655], [6.9174935, 51.2404137], [6.9180231, 51.2400321], [6.9181584, 51.2400264], [6.9196258, 51.240753], [6.9200398, 51.241143], [6.9208707, 51.2416349], [6.9210686, 51.2416609], [6.9219215, 51.2416269], [6.9233233, 51.2417909], [6.9246521, 51.2419739], [6.9264948, 51.2425308], [6.9267138, 51.2424508], [6.9267928, 51.2424248], [6.9298403, 51.241253], [6.9308822, 51.240872], [6.9307412, 51.240597], [6.9304312, 51.2401131], [6.9300323, 51.2394942], [6.9301359, 51.2388892], [6.9304942, 51.2380073], [6.9312417, 51.238043], [6.9312119, 51.2382895], [6.9311149, 51.2384676], [6.9311896, 51.2384846], [6.9311602, 51.2385943], [6.9311961, 51.2387104], [6.9310771, 51.2389365], [6.9310677, 51.2391215], [6.9312821, 51.2394448], [6.9312773, 51.2396669], [6.9313711, 51.2397691], [6.9315461, 51.2399101], [6.931935, 51.2400671], [6.9321753, 51.2402835], [6.9321715, 51.2403704], [6.9323375, 51.2405293], [6.9323695, 51.2407907], [6.9323122, 51.240894], [6.9323137, 51.2410451], [6.9323781, 51.2411396], [6.9322153, 51.2413932], [6.9320492, 51.2415494], [6.9318283, 51.2416388], [6.93158, 51.2420406], [6.9314603, 51.2424219], [6.931621, 51.2428801], [6.9316322, 51.2431395], [6.9316236, 51.2434114], [6.931478, 51.2441428], [6.9315181, 51.2445632], [6.9322373, 51.245229], [6.9326442, 51.2457319], [6.9330777, 51.2459125], [6.9330073, 51.2461659], [6.9328274, 51.2464878], [6.9327023, 51.2469582], [6.9342791, 51.2484509], [6.9340359, 51.2484336], [6.9332615, 51.2480473], [6.9331456, 51.2481539], [6.9335015, 51.2484048], [6.931687, 51.2497709], [6.9310291, 51.250218], [6.9293516, 51.2514038], [6.9292794, 51.2517102], [6.9291844, 51.2520883], [6.9287924, 51.2520423], [6.9284935, 51.2520614], [6.9284332, 51.2521536], [6.9282907, 51.2521053], [6.927249, 51.2531696], [6.9268938, 51.2534909], [6.9275049, 51.2543752], [6.9277851, 51.2539719], [6.9282079, 51.2540175], [6.9287273, 51.2547159], [6.9280698, 51.254952], [6.9284484, 51.2551588], [6.927977, 51.2552176], [6.9280127, 51.2553746], [6.9280848, 51.2557413], [6.9287485, 51.2562753], [6.9294754, 51.2566981], [6.9303162, 51.2571872], [6.9300033, 51.2573932], [6.9289544, 51.2616157], [6.9292544, 51.2616317], [6.9290779, 51.2618955], [6.928938, 51.2621045], [6.9288054, 51.2623026], [6.9291534, 51.2624976], [6.9288744, 51.2628745], [6.9285905, 51.2632565], [6.9284945, 51.2634775], [6.9284735, 51.2636375], [6.9284675, 51.2638214], [6.9285485, 51.2640764], [6.9287285, 51.2643394], [6.9283295, 51.2643784], [6.9277796, 51.2644084], [6.9278366, 51.2645534], [6.9277816, 51.2647173], [6.9276036, 51.2649043], [6.9276786, 51.2651443], [6.9276716, 51.2655722], [6.9292494, 51.2657242], [6.9292494, 51.2655872], [6.9310051, 51.2656482], [6.9325999, 51.2642904], [6.9340787, 51.2657742], [6.9324459, 51.2666189], [6.9326418, 51.2668778], [6.9328395, 51.2670605], [6.9327253, 51.2671703], [6.9338205, 51.2679095], [6.9340717, 51.2681794], [6.9346918, 51.2688368], [6.9352868, 51.2694724], [6.9357674, 51.2699821], [6.936683, 51.2697409], [6.9371253, 51.269666], [6.937389, 51.2699349], [6.9381201, 51.270563], [6.9384698, 51.2709687], [6.9388831, 51.2714656], [6.9391053, 51.2719118], [6.939325, 51.2723153], [6.9399324, 51.2725495], [6.9397785, 51.2728383], [6.9398012, 51.2728459], [6.9397911, 51.2728685], [6.9373412, 51.2736593], [6.9372392, 51.2738803], [6.9370185, 51.2739094], [6.9349575, 51.2741813], [6.9346925, 51.2743003], [6.9349275, 51.2748682], [6.9359384, 51.2753531], [6.9357964, 51.2755971], [6.9358804, 51.2758141], [6.9358154, 51.2760741], [6.9354044, 51.2759901], [6.9349175, 51.2757421], [6.9347735, 51.2757151], [6.9346795, 51.2756961], [6.9345555, 51.2758253], [6.9343686, 51.2760201], [6.9306012, 51.2753371], [6.9310781, 51.2746052], [6.9308131, 51.2745402], [6.9301132, 51.2732014], [6.9283975, 51.2728844], [6.9225194, 51.2735983], [6.9177451, 51.2726904], [6.9166522, 51.2729224], [6.9165073, 51.2729614], [6.9171522, 51.2732124], [6.9172531, 51.2732624], [6.9173231, 51.2733384], [6.9173851, 51.2734803], [6.9173751, 51.2741823], [6.9165572, 51.2745672], [6.9160833, 51.2747962], [6.9156804, 51.2748302], [6.9155354, 51.2748952], [6.9152954, 51.2751851], [6.9148835, 51.2753641], [6.9144108, 51.2759187], [6.9139856, 51.2759971], [6.9134311, 51.2760218], [6.9127822, 51.2761353], [6.9126307, 51.2760248], [6.9123913, 51.275751], [6.9123779, 51.2754274], [6.9122843, 51.2752998], [6.9122551, 51.2749808], [6.9122578, 51.2747878], [6.9122342, 51.2745747], [6.9120809, 51.2742115], [6.9113492, 51.2732428], [6.9112942, 51.273182], [6.9127417, 51.2725087], [6.911413, 51.2711154], [6.9112281, 51.2713279], [6.9111029, 51.2716637], [6.9099652, 51.271548], [6.909091, 51.2713643], [6.9089647, 51.2713322], [6.9088197, 51.2712065], [6.9084936, 51.2710818], [6.9084172, 51.2710262], [6.9085262, 51.2709099], [6.908631, 51.2708615], [6.9086678, 51.2706753], [6.9084035, 51.270354], [6.908355, 51.2703402], [6.9081618, 51.2702066], [6.9081242, 51.2701662], [6.9079777, 51.2699217], [6.9080195, 51.269663], [6.9080044, 51.2691412], [6.9080383, 51.2686309], [6.9078822, 51.2676678], [6.9078067, 51.2675272], [6.9075979, 51.2673626], [6.907281, 51.2673946], [6.9069238, 51.2674616], [6.9067618, 51.267477], [6.9064303, 51.2675471], [6.9036773, 51.2649396], [6.9017876, 51.2649683], [6.9005084, 51.2649342], [6.8995374, 51.2649612], [6.8995334, 51.2649489], [6.898114, 51.2647868], [6.897743, 51.2647379], [6.8975342, 51.2647], [6.8975298, 51.2647551], [6.8972515, 51.2647387], [6.8971221, 51.2647408], [6.8969311, 51.2647676], [6.8970036, 51.2650445], [6.8964414, 51.2651158], [6.8962066, 51.2649447], [6.8959825, 51.2645253], [6.8957468, 51.2646112], [6.8951969, 51.2647289], [6.8948143, 51.2647328], [6.8945894, 51.2647685], [6.8943876, 51.2648289], [6.8938267, 51.2649665], [6.8940689, 51.2652965], [6.8943725, 51.2657368], [6.8930119, 51.2662881], [6.8920537, 51.2667104], [6.8917215, 51.2661675], [6.8916223, 51.2662484], [6.890832, 51.2667265], [6.8899084, 51.2675074], [6.8896764, 51.267875], [6.8897729, 51.2680151], [6.8897542, 51.2681042], [6.8897706, 51.2682235], [6.8896922, 51.2686027], [6.8896263, 51.2687393], [6.8897619, 51.2689412], [6.889142, 51.2693674], [6.8885353, 51.2691828], [6.8885263, 51.2691985], [6.8862445, 51.2689837], [6.8856217, 51.2688252], [6.8851521, 51.2688295], [6.8838117, 51.2685718], [6.8824711, 51.2683317], [6.8823383, 51.2683187], [6.8821456, 51.2685076], [6.8820096, 51.2688907], [6.8818415, 51.2691497], [6.8818346, 51.2691603], [6.879929, 51.268727], [6.8797132, 51.2686818], [6.8771878, 51.2681775], [6.8761246, 51.2680026], [6.8760936, 51.2680338], [6.8758043, 51.2687568], [6.8751514, 51.2693108], [6.8748265, 51.2695778], [6.8745849, 51.269838], [6.8745362, 51.2698864], [6.8745258, 51.2700251], [6.8745434, 51.2702391], [6.874622, 51.2708764], [6.8757647, 51.2712411], [6.8758482, 51.2719079], [6.8759018, 51.2728158], [6.8758757, 51.2734063], [6.8759125, 51.2736019], [6.8758763, 51.2738129], [6.8758462, 51.2740281], [6.8758494, 51.2742573], [6.8757711, 51.2745437], [6.8757394, 51.2746985], [6.8753439, 51.2744694], [6.8751054, 51.2743498], [6.8749589, 51.2742428], [6.8749013, 51.2741464], [6.8748551, 51.274021], [6.8748558, 51.2737953], [6.8748168, 51.2737236], [6.8746868, 51.2736459], [6.8746456, 51.2736718], [6.8723544, 51.272818], [6.8725158, 51.2721766], [6.8719979, 51.2718316], [6.8715921, 51.2716015], [6.8714949, 51.2715874], [6.8713629, 51.2715536], [6.871147, 51.2716539], [6.8706071, 51.2717323], [6.8705253, 51.2719465], [6.8703483, 51.2722251], [6.8702625, 51.2724919], [6.8701201, 51.2728057], [6.8700816, 51.2731174], [6.8698172, 51.2734307], [6.8695612, 51.2736894], [6.8692757, 51.2738945], [6.8687859, 51.2736061], [6.8686451, 51.2735356], [6.8680658, 51.2730622], [6.8678545, 51.2729194], [6.8668768, 51.2722369], [6.8668601, 51.272257], [6.8665697, 51.2722345], [6.8663505, 51.2722855], [6.8660943, 51.2723622], [6.8645173, 51.2728707], [6.863117, 51.273449], [6.8626705, 51.2735398], [6.8623701, 51.2735524], [6.861524, 51.2736398], [6.8611677, 51.2737391], [6.8605932, 51.2740247], [6.8601955, 51.2742096], [6.8599448, 51.2743087], [6.8597129, 51.2743559], [6.8591437, 51.2742833], [6.8586257, 51.2742328], [6.8584783, 51.2742319], [6.8583266, 51.2742563], [6.8582489, 51.274284], [6.8580844, 51.2743716], [6.8579146, 51.2744921], [6.8574627, 51.274732], [6.8566536, 51.2750951], [6.8563526, 51.2752129], [6.8549368, 51.2754906], [6.8543227, 51.2755751], [6.8535402, 51.2756129], [6.8532476, 51.2756542], [6.8516818, 51.2760529], [6.8514454, 51.2760987], [6.8513946, 51.2761544], [6.8514766, 51.2764927], [6.8514601, 51.2765569], [6.8514267, 51.2765979], [6.8513569, 51.276639], [6.8512567, 51.2766637], [6.8507296, 51.2766916], [6.851071, 51.2778212], [6.8511096, 51.2780414], [6.8512055, 51.2781418], [6.8509116, 51.2785362], [6.8505874, 51.2784437], [6.8470616, 51.2778098], [6.8458557, 51.2774888], [6.844227, 51.2771269], [6.8412434, 51.276432], [6.8401826, 51.2768219], [6.8390118, 51.276345], [6.8365221, 51.276368], [6.8365261, 51.2769699], [6.8364141, 51.2769734], [6.8359854, 51.2769574], [6.8359758, 51.2770811], [6.8359154, 51.2772095], [6.835788, 51.2773563], [6.8357285, 51.2773751], [6.835443, 51.2772849], [6.8348657, 51.2770587], [6.8346184, 51.276964], [6.8344404, 51.2769549], [6.8342535, 51.2771569], [6.8339105, 51.2773479], [6.8329927, 51.2778708], [6.8328597, 51.2779468], [6.8327407, 51.2780158], [6.8319188, 51.2784807], [6.8313429, 51.2785157], [6.8322738, 51.2799496], [6.8319898, 51.2800635], [6.8314589, 51.2802735], [6.830692, 51.2805755], [6.8297621, 51.2803085], [6.8289983, 51.2799496], [6.8289033, 51.2798656], [6.8286373, 51.2796296], [6.8284273, 51.2793586], [6.8283314, 51.2792056], [6.8274905, 51.2778471], [6.8274362, 51.2777723], [6.8269916, 51.2770429], [6.8251588, 51.2740292], [6.8251138, 51.2739562], [6.8233787, 51.274134], [6.8216494, 51.2743112], [6.8209895, 51.2743992], [6.8188448, 51.2747811], [6.8185788, 51.2748556], [6.817282, 51.2752191], [6.8163251, 51.275578], [6.8153003, 51.27607], [6.8139115, 51.2767799], [6.8125737, 51.2775268], [6.8114699, 51.2783167], [6.810538, 51.2790077], [6.81047, 51.2790566], [6.8103, 51.2791906], [6.8098761, 51.2795296], [6.8097171, 51.2796866], [6.8094982, 51.2795946], [6.8091142, 51.2794346], [6.8089582, 51.2794916], [6.8087383, 51.2794806], [6.8084643, 51.2793696], [6.8080894, 51.2792746], [6.8076334, 51.2791866], [6.8072385, 51.2791486], [6.8063529, 51.2791175], [6.806157, 51.2791161], [6.803656, 51.2791486], [6.803786, 51.2793236], [6.8032344, 51.2795515], [6.8029448, 51.2796677], [6.8026872, 51.2797776], [6.8033221, 51.2805715], [6.8034251, 51.2807165], [6.803467, 51.2807775], [6.803756, 51.2811854], [6.80391, 51.2817693], [6.804009, 51.2823603], [6.804036, 51.2828032], [6.803924, 51.2852749], [6.803896, 51.2857899], [6.803869, 51.2862778], [6.8038013, 51.2866581], [6.803874, 51.2870617], [6.8037045, 51.2871466], [6.8036198, 51.2883487], [6.8036049, 51.2885812], [6.8035244, 51.2890936], [6.8035443, 51.2901026], [6.8031372, 51.290174], [6.8031523, 51.2905499], [6.8031853, 51.2909548], [6.803525, 51.2909813], [6.8036406, 51.2916347], [6.8040809, 51.2931101], [6.8044569, 51.293892], [6.8047688, 51.2945519], [6.8058557, 51.2967987], [6.8065726, 51.2983025], [6.8066745, 51.2986494], [6.8069465, 51.2995763], [6.8060016, 51.2996453], [6.8058087, 51.2999083], [6.8047738, 51.2999653], [6.8046278, 51.3000533], [6.8023522, 51.3006562], [6.8014443, 51.3009382], [6.8012365, 51.3010049], [6.8033485, 51.3048235], [6.8033731, 51.3049448], [6.8033749, 51.3050656], [6.8034251, 51.3052561], [6.8034101, 51.3057065], [6.8034491, 51.306309], [6.8035285, 51.3064789], [6.803542, 51.3065554], [6.8035365, 51.3066722], [6.8035284, 51.3068977], [6.8044005, 51.3072173], [6.8050241, 51.3074767], [6.8051487, 51.3074829], [6.8062156, 51.3074685], [6.8069295, 51.3074385], [6.8078754, 51.3074115], [6.8086652, 51.3074075], [6.8088102, 51.3074385], [6.8089662, 51.3075414], [6.8091122, 51.3075714], [6.8092951, 51.3075714], [6.8094071, 51.3075714], [6.8095161, 51.3076634], [6.8097051, 51.3080144], [6.8097461, 51.3081094], [6.809976, 51.3086513], [6.8107649, 51.3101202], [6.8110524, 51.3106423], [6.811438, 51.3111416], [6.8097468, 51.3138951], [6.8096802, 51.3139737], [6.8139796, 51.3150667], [6.8141197, 51.3151449], [6.8160601, 51.3184742], [6.8174571, 51.3209359], [6.8151721, 51.3209758], [6.8102724, 51.3219182], [6.8102798, 51.3219399], [6.8087219, 51.3226332], [6.8073531, 51.3232418], [6.8067392, 51.3261528], [6.8061061, 51.326502], [6.8025974, 51.328427], [6.8027437, 51.3296314], [6.8026032, 51.330539], [6.8043878, 51.3314878], [6.8043378, 51.3315197], [6.804294, 51.3316251], [6.8040283, 51.3319283], [6.8039327, 51.3321126], [6.8038398, 51.3322228], [6.8037582, 51.3323842], [6.803674, 51.3328356], [6.8036312, 51.3333404], [6.8035753, 51.3335013], [6.8034323, 51.3337284], [6.8033388, 51.3338299], [6.8032723, 51.3339311], [6.8032801, 51.3341019], [6.8034079, 51.334407], [6.8034459, 51.3345541], [6.8035556, 51.334818], [6.8035786, 51.3350427], [6.8034292, 51.3351084], [6.8032099, 51.3351902], [6.8030875, 51.3353395], [6.8030562, 51.3354715], [6.8032006, 51.3355824], [6.8033822, 51.3356869], [6.8036482, 51.3357697], [6.8039894, 51.3360314], [6.80419, 51.3361533], [6.8043428, 51.3363335], [6.8044339, 51.3365181], [6.8044868, 51.3367452], [6.8045565, 51.3368976], [6.8045815, 51.3369454], [6.8046429, 51.3370574], [6.8046923, 51.3371739], [6.8047357, 51.3372131], [6.8049067, 51.3370482], [6.8050896, 51.3370277], [6.8052898, 51.3370464], [6.8055915, 51.3371165], [6.8057382, 51.3371223], [6.8059142, 51.3371311], [6.8060358, 51.3371369], [6.8060745, 51.3371386], [6.8061047, 51.3371381], [6.8061655, 51.337135], [6.80679, 51.3371024], [6.8073323, 51.3370669], [6.8073861, 51.3370609], [6.8076907, 51.3370238], [6.8079941, 51.3370119], [6.8083838, 51.3370743], [6.8086029, 51.3371304], [6.8086424, 51.3371471], [6.8088679, 51.3372254], [6.8089374, 51.3372772], [6.809052, 51.337421], [6.8091253, 51.3374477], [6.8086498, 51.3386332], [6.8087736, 51.3393845], [6.8087501, 51.3395188], [6.8085676, 51.3405091], [6.8087538, 51.3406972], [6.8092101, 51.3418819], [6.8092579, 51.3422085], [6.8093649, 51.3423863], [6.8094324, 51.3425143], [6.8095249, 51.3429161], [6.8093978, 51.3431842], [6.8091476, 51.3431728], [6.8090174, 51.3431456], [6.8089387, 51.3431379], [6.808709, 51.3431327], [6.8084808, 51.3431045], [6.8078646, 51.3431003], [6.8077265, 51.3430761], [6.8074491, 51.3430812], [6.8072296, 51.343097], [6.8071903, 51.3430642], [6.8068271, 51.3430302], [6.8065472, 51.3430275], [6.8064747, 51.3430439], [6.806426, 51.343028], [6.8061609, 51.3430498], [6.8059756, 51.3430178], [6.8057647, 51.343025], [6.8055374, 51.343014], [6.8053215, 51.3430172], [6.8052253, 51.3430366], [6.8051151, 51.3430183], [6.8048261, 51.3430079], [6.8046251, 51.3429914], [6.804524, 51.3430007], [6.8045899, 51.3453211], [6.8045592, 51.3459074], [6.8045503, 51.3460782], [6.8045483, 51.3460797], [6.8044921, 51.3461229], [6.8044997, 51.3461403], [6.8045511, 51.3461884], [6.8045514, 51.3461896], [6.8045837, 51.3463248], [6.8049332, 51.3476448], [6.8051501, 51.3482898], [6.8053644, 51.3490974], [6.8054866, 51.3495204], [6.8058699, 51.3503892], [6.8058865, 51.350389], [6.8058745, 51.3504065], [6.793815, 51.35222], [6.7939002, 51.3515741], [6.7939945, 51.3509103], [6.794119, 51.3504921], [6.7942405, 51.3502933], [6.7943166, 51.3500848], [6.7943706, 51.349622], [6.7943153, 51.3488551], [6.794094, 51.3478386], [6.7939626, 51.3476728], [6.7938119, 51.3477333], [6.793652, 51.3477087], [6.7933973, 51.3477298], [6.792997, 51.3477415], [6.7924451, 51.3477304], [6.7923125, 51.3477235], [6.7921661, 51.3477105], [6.7920861, 51.3476834], [6.7920435, 51.3476529], [6.7920384, 51.3475221], [6.7919637, 51.3472394], [6.7917722, 51.3467915], [6.7916865, 51.3466542], [6.7919009, 51.346597], [6.791059, 51.3452082], [6.7907665, 51.3450285], [6.7921618, 51.3450068], [6.7926729, 51.3447031], [6.7927402, 51.3446101], [6.7928238, 51.3444555], [6.792867, 51.3442754], [6.792735, 51.3442414], [6.7926086, 51.3441327], [6.7925921, 51.3440211], [6.7925396, 51.3439143], [6.7924942, 51.3439021], [6.7924652, 51.3438659], [6.7922817, 51.3438237], [6.7922325, 51.3438001], [6.7918094, 51.3438187], [6.7918656, 51.343576], [6.7918147, 51.3432571], [6.7913932, 51.3433345], [6.7897639, 51.3436336], [6.7896676, 51.3435022], [6.7896009, 51.3433809], [6.7895678, 51.343389], [6.7892777, 51.3435311], [6.7894702, 51.3436515], [6.7872797, 51.3442932], [6.7874177, 51.3444746], [6.7861218, 51.3451476], [6.7857866, 51.3449018], [6.7834109, 51.3441563], [6.7826637, 51.3439873], [6.7822491, 51.3438608], [6.7824285, 51.343135], [6.7826909, 51.3426879], [6.781502, 51.3425529], [6.7814484, 51.3425649], [6.7813608, 51.3425823], [6.7812421, 51.342612], [6.7806242, 51.3427689], [6.7802514, 51.3428629], [6.7793337, 51.3430952], [6.777683, 51.3434196], [6.7764613, 51.3436515], [6.7764044, 51.3437165], [6.7763111, 51.3437374], [6.7761478, 51.3438385], [6.7760215, 51.3439275], [6.7758101, 51.3440279], [6.7752667, 51.3442633], [6.7750454, 51.3443772], [6.7742678, 51.3448471], [6.7739537, 51.3450042], [6.7731405, 51.3454331], [6.7726346, 51.3456888], [6.7722086, 51.3458169], [6.7715967, 51.3460286], [6.7705817, 51.3463387], [6.7694803, 51.3466633], [6.7668809, 51.347308], [6.7660734, 51.3474713], [6.7656161, 51.3475251], [6.7648166, 51.347551], [6.7645889, 51.3475681], [6.7640638, 51.3476764], [6.763752, 51.347748], [6.7629168, 51.3479888], [6.7625081, 51.3480831], [6.7622881, 51.3481425], [6.7622667, 51.3481878], [6.7621014, 51.3481538], [6.7608853, 51.3481058], [6.7603952, 51.3481928], [6.7601451, 51.3482217], [6.7600059, 51.3482437], [6.759856, 51.3482715], [6.7595374, 51.348365], [6.7587317, 51.3486087], [6.7584493, 51.3487048], [6.757937, 51.3488788], [6.7572595, 51.3491054], [6.7566937, 51.3492923], [6.7561962, 51.3494358], [6.7556547, 51.3496081], [6.7554123, 51.3497006], [6.7548115, 51.3499593], [6.754618, 51.350014], [6.7545323, 51.3500024], [6.7543309, 51.3499397], [6.7537232, 51.3494395], [6.7535022, 51.3492337], [6.7533817, 51.3491464], [6.7533007, 51.3490503], [6.7531435, 51.3490041], [6.7531747, 51.3493289], [6.753174, 51.3494337], [6.7531604, 51.3495396], [6.7531311, 51.349623], [6.7530667, 51.3497411], [6.7530218, 51.3498071], [6.7529279, 51.3498986], [6.7528526, 51.3499695], [6.7527587, 51.350032], [6.7491769, 51.3521502], [6.7488466, 51.3523332], [6.7487051, 51.3523902], [6.7485491, 51.3524356], [6.7483832, 51.3524668], [6.7482321, 51.3524808], [6.7480208, 51.3524872], [6.7478845, 51.3524802], [6.7472875, 51.3523955], [6.7469722, 51.3522117], [6.7465353, 51.3521044], [6.7459635, 51.3519929], [6.7456192, 51.3517689], [6.7455116, 51.351706], [6.7452774, 51.351577], [6.7442815, 51.3509987], [6.7442819, 51.3510252], [6.7441702, 51.3509613], [6.744086, 51.3509125], [6.7440075, 51.3506824], [6.7439914, 51.3506575], [6.7437956, 51.3505894], [6.7422349, 51.3488856], [6.7415978, 51.3487127], [6.739366, 51.3471017], [6.7383431, 51.3458713], [6.7383708, 51.3458643], [6.7382627, 51.3453879], [6.7366315, 51.3448142], [6.736506, 51.3447705], [6.7332586, 51.3436291], [6.7295972, 51.3423432], [6.7295825, 51.3423073], [6.7295198, 51.3422834], [6.7294575, 51.3422976], [6.727781, 51.3418887], [6.7262045, 51.3412284], [6.7250637, 51.340707], [6.7243503, 51.3402823], [6.7216745, 51.3377837], [6.7216575, 51.3377121], [6.7215746, 51.337676], [6.7215233, 51.3376762], [6.7200522, 51.3365405], [6.7198358, 51.3363259], [6.7196913, 51.3361826], [6.719397, 51.3358908], [6.7191027, 51.3355989], [6.7187582, 51.335154], [6.7186709, 51.3351247], [6.7183821, 51.3352719], [6.7178311, 51.3355392], [6.7171104, 51.3358766], [6.7160466, 51.3343694], [6.7144938, 51.3333827], [6.7176147, 51.3318707], [6.721676, 51.3298031], [6.724448, 51.3282858], [6.7271985, 51.3266074], [6.7301424, 51.3243515], [6.73155, 51.3228475], [6.7323307, 51.3217704], [6.7333013, 51.3202355], [6.734032, 51.318624], [6.7345369, 51.3170124], [6.7347519, 51.3152932], [6.734752, 51.3139434], [6.7345829, 51.3125751], [6.7338601, 51.3090946], [6.7328444, 51.3061994], [6.7324765, 51.305397], [6.7318488, 51.3041897], [6.730899, 51.3026259], [6.7297901, 51.301119], [6.7288405, 51.3000061], [6.7277449, 51.2988039], [6.7267051, 51.2977776], [6.7254521, 51.2966616], [6.7226259, 51.2942152], [6.7210492, 51.2928825], [6.7178334, 51.290122], [6.7175651, 51.2898916], [6.717156, 51.2895406], [6.7079462, 51.2816383], [6.7068207, 51.2805718], [6.7055966, 51.2792596], [6.7048117, 51.2782637], [6.7047682, 51.2781976], [6.7046897, 51.2780917], [6.7046277, 51.2780007], [6.7045298, 51.2778557], [6.7040978, 51.2772338], [6.7033649, 51.275918], [6.702956, 51.2750671], [6.702793, 51.2745021], [6.702695, 51.2741781], [6.7025461, 51.2732892], [6.7025371, 51.2731483], [6.7024931, 51.2723894], [6.7025871, 51.2711715], [6.702689, 51.2707215], [6.702797, 51.2704126], [6.703152, 51.2693827], [6.7033329, 51.2690247], [6.7033939, 51.2689327], [6.7039829, 51.2679598], [6.7046528, 51.2671019], [6.7052137, 51.266503], [6.7060485, 51.2656711], [6.7066275, 51.2651712], [6.7070884, 51.2648132], [6.7080143, 51.2640923], [6.7087611, 51.2635923], [6.7098, 51.2629474], [6.7108528, 51.2623525], [6.7125216, 51.2615476], [6.7147253, 51.2605977], [6.7156751, 51.2602237], [6.7168359, 51.2597618], [6.719518, 51.258848], [6.7236529, 51.257439], [6.7240279, 51.2573281], [6.7250785, 51.2570035], [6.7261396, 51.2567221], [6.7265499, 51.2566003], [6.7257483, 51.2553879], [6.7245984, 51.2542808], [6.7234411, 51.2531932], [6.7221134, 51.2520222], [6.7219991, 51.2520751], [6.7214765, 51.2516339], [6.7205417, 51.2508446], [6.720555, 51.2508034], [6.7202607, 51.2504974], [6.7210861, 51.2502523], [6.7213865, 51.2501157], [6.7213818, 51.2500648], [6.7194784, 51.248017], [6.7184602, 51.2470163], [6.7182773, 51.2468527], [6.7180081, 51.246612], [6.7178535, 51.2464737], [6.7172135, 51.2460576], [6.7167426, 51.2457257], [6.7164561, 51.2455237], [6.716155, 51.245241], [6.7161289, 51.2452165], [6.7167762, 51.2447718], [6.7165592, 51.2446445], [6.7152035, 51.2438493], [6.7135736, 51.2428716], [6.7133534, 51.2426489], [6.7119032, 51.2412198], [6.7112727, 51.2405985], [6.7112561, 51.2406101], [6.7110237, 51.2407719], [6.710946, 51.2404299], [6.7105048, 51.2399248], [6.7102288, 51.239678], [6.7091615, 51.239109], [6.7090741, 51.2389592], [6.7086261, 51.2387277], [6.7084245, 51.2385755], [6.7081882, 51.2384158], [6.7066301, 51.2377985], [6.7061344, 51.2375774], [6.7058532, 51.2378266], [6.7040974, 51.2372209], [6.7043376, 51.2369271], [6.7032141, 51.2364685], [6.7031181, 51.236431], [6.7031317, 51.2363925], [6.7029111, 51.2363622], [6.7029433, 51.2362413], [6.6989855, 51.2350751], [6.6989856, 51.2350106], [6.698942, 51.2349683], [6.6985847, 51.2346179], [6.6979879, 51.2344054], [6.6974308, 51.2342029], [6.6971106, 51.2340981], [6.6967261, 51.233992], [6.6963293, 51.2338984], [6.6960716, 51.233842], [6.6957634, 51.2336812], [6.6956098, 51.2336007], [6.6954956, 51.233541], [6.6948332, 51.2332339], [6.6949314, 51.2331201], [6.6950319, 51.233006], [6.694786, 51.2328642], [6.6946992, 51.2328097], [6.6946298, 51.2327654], [6.6941041, 51.232518], [6.6940545, 51.232494], [6.6939374, 51.2324378], [6.6935894, 51.2322697], [6.6935559, 51.232253], [6.6935264, 51.2322386], [6.6934679, 51.2322101], [6.693448, 51.2322009], [6.6934271, 51.2321904], [6.6934124, 51.2321842], [6.6933761, 51.2321666], [6.693294, 51.2321269], [6.6931717, 51.2320665], [6.6930248, 51.2319917], [6.6927649, 51.2318596], [6.692733, 51.2318439], [6.6927207, 51.231837], [6.6927081, 51.2318283], [6.6926879, 51.231814], [6.6925282, 51.2317259], [6.6925102, 51.2317155], [6.6924978, 51.2317092], [6.6924552, 51.2316853], [6.6924293, 51.2316715], [6.6923286, 51.2316153], [6.6922188, 51.2315546], [6.692212, 51.2315513], [6.6920526, 51.231463], [6.6920456, 51.2314598], [6.692038, 51.2314548], [6.6920219, 51.2314481], [6.6919745, 51.2314287], [6.6918973, 51.2313966], [6.6918786, 51.231389], [6.6918553, 51.2313791], [6.691834, 51.2313697], [6.691714, 51.2313106], [6.691466, 51.2311708], [6.6912518, 51.2310705], [6.6910223, 51.2309408], [6.6907981, 51.2308169], [6.6907137, 51.2307796], [6.6906938, 51.2307709], [6.690676, 51.2307596], [6.6906027, 51.230706], [6.6905949, 51.2307011], [6.6905891, 51.2306963], [6.6905731, 51.230684], [6.6905325, 51.2306528], [6.690494, 51.2306241], [6.6904318, 51.2305781], [6.6903988, 51.2305537], [6.6903732, 51.230535], [6.6903634, 51.2305272], [6.6901799, 51.2303998], [6.6899938, 51.2302699], [6.6899898, 51.2302673], [6.6899859, 51.2302657], [6.6899388, 51.2302329], [6.6898933, 51.230202], [6.6898263, 51.2301573], [6.6895803, 51.2299915], [6.6894238, 51.2299473], [6.6892695, 51.2298283], [6.6890911, 51.2296903], [6.6890778, 51.2296801], [6.6890712, 51.2296738], [6.6890634, 51.2296677], [6.6889652, 51.2295912], [6.6889329, 51.2295652], [6.6889057, 51.2295431], [6.6888967, 51.2295357], [6.6888902, 51.2295306], [6.688886, 51.2295289], [6.6888632, 51.2295179], [6.6888147, 51.2294946]]]}}]}